ISO-10303-21;
HEADER;
FILE_DESCRIPTION (( 'STEP AP214' ),
    '1' );
FILE_NAME ('Big_Drum_Hip.STEP',
    '2026-08-07T08:34:46',
    ( '' ),
    ( '' ),
    'SwSTEP 2.0',
    'SolidWorks 2026',
    '' );
FILE_SCHEMA (( 'AUTOMOTIVE_DESIGN' ));
ENDSEC;

DATA;
#1 = EDGE_CURVE ( 'NONE', #4353, #2713, #3884, .T. ) ;
#2 = DIRECTION ( 'NONE',  ( 0.000000000000000000, 1.000000000000000000, 0.000000000000000000 ) ) ;
#3 = AXIS2_PLACEMENT_3D ( 'NONE', #445, #1820, #3519 ) ;
#4 = ORIENTED_EDGE ( 'NONE', *, *, #1457, .F. ) ;
#5 = AXIS2_PLACEMENT_3D ( 'NONE', #189, #4175, #5131 ) ;
#6 = CARTESIAN_POINT ( 'NONE',  ( -7.389964834402039884, 4.974936046029879932, -68.74538027353109726 ) ) ;
#7 = CARTESIAN_POINT ( 'NONE',  ( -51.07001842572970673, 0.000000000000000000, -14.23063975460823904 ) ) ;
#8 = CARTESIAN_POINT ( 'NONE',  ( 59.99107097834908586, 12.57419494031943152, -28.94526211854402575 ) ) ;
#9 = EDGE_CURVE ( 'NONE', #2781, #1734, #3977, .T. ) ;
#10 = CARTESIAN_POINT ( 'NONE',  ( -65.02755405252126764, 2.261981351947173646, -24.07184531146449658 ) ) ;
#11 = DIRECTION ( 'NONE',  ( 0.9764420004556761956, 0.000000000000000000, -0.2157800262909368716 ) ) ;
#12 = DIRECTION ( 'NONE',  ( 0.4432630006548747836, 0.000000000000000000, -0.8963916065260966182 ) ) ;
#13 = DIRECTION ( 'NONE',  ( 0.6595755232801341350, 0.000000000000000000, -0.7516382967157388961 ) ) ;
#14 = ORIENTED_EDGE ( 'NONE', *, *, #2883, .F. ) ;
#15 = CARTESIAN_POINT ( 'NONE',  ( 0.000000000000000000, -5.498939439495067916, -67.55223700935736986 ) ) ;
#16 = CIRCLE ( 'NONE', #1332, 25.00000000000000000 ) ;
#17 = CARTESIAN_POINT ( 'NONE',  ( 0.000000000000000000, 5.453984711246990358, -68.74538027353109726 ) ) ;
#18 = DIRECTION ( 'NONE',  ( 0.000000000000000000, -1.000000000000000000, 0.000000000000000000 ) ) ;
#19 = ORIENTED_EDGE ( 'NONE', *, *, #2650, .T. ) ;
#20 = AXIS2_PLACEMENT_3D ( 'NONE', #4559, #4140, #4532 ) ;
#21 = ADVANCED_FACE ( 'NONE', ( #1187 ), #2985, .F. ) ;
#22 = FACE_OUTER_BOUND ( 'NONE', #5721, .T. ) ;
#23 = CIRCLE ( 'NONE', #1148, 4.000000000000000000 ) ;
#24 = ORIENTED_EDGE ( 'NONE', *, *, #3801, .T. ) ;
#25 = LINE ( 'NONE', #5417, #1344 ) ;
#26 = AXIS2_PLACEMENT_3D ( 'NONE', #3278, #2862, #1036 ) ;
#27 = CARTESIAN_POINT ( 'NONE',  ( 28.86079313361646115, -6.554466914725813886, -61.85683561713521073 ) ) ;
#28 = CARTESIAN_POINT ( 'NONE',  ( 60.03111892084841372, -0.7265584533505656806, -32.44212106439651677 ) ) ;
#29 = ORIENTED_EDGE ( 'NONE', *, *, #3074, .F. ) ;
#30 = DIRECTION ( 'NONE',  ( 0.6595755232801341350, 0.000000000000000000, 0.7516382967157391182 ) ) ;
#31 = VERTEX_POINT ( 'NONE', #4235 ) ;
#32 = EDGE_LOOP ( 'NONE', ( #4875, #2588 ) ) ;
#33 = EDGE_CURVE ( 'NONE', #3389, #1410, #3375, .T. ) ;
#34 = CARTESIAN_POINT ( 'NONE',  ( -65.33609903855729328, 2.752549028735510106, -18.84549182621540098 ) ) ;
#35 = CARTESIAN_POINT ( 'NONE',  ( 65.33668684489730083, 0.2497169939462325350, -18.84566137260309659 ) ) ;
#36 = CARTESIAN_POINT ( 'NONE',  ( 59.91326597149256372, 12.14115943924823071, -28.85659718061736712 ) ) ;
#37 = CARTESIAN_POINT ( 'NONE',  ( 26.17509153714900094, 16.10000000000000142, -55.32495366302847373 ) ) ;
#38 = CARTESIAN_POINT ( 'NONE',  ( -38.60100047522178812, -14.28670556295805660, -8.341031158813887458 ) ) ;
#39 = EDGE_CURVE ( 'NONE', #614, #2731, #480, .T. ) ;
#40 = CARTESIAN_POINT ( 'NONE',  ( -60.09442319551060052, 0.000000000000000000, -29.06304011625210038 ) ) ;
#41 = CARTESIAN_POINT ( 'NONE',  ( -67.56866419668098445, 10.09999999999999964, -26.96764061178844685 ) ) ;
#42 = EDGE_CURVE ( 'NONE', #3897, #3193, #130, .T. ) ;
#43 = VERTEX_POINT ( 'NONE', #158 ) ;
#44 = ORIENTED_EDGE ( 'NONE', *, *, #4312, .F. ) ;
#45 = CARTESIAN_POINT ( 'NONE',  ( -50.19705843163789893, 16.10000000000000142, -7.171326607412439103 ) ) ;
#46 = CIRCLE ( 'NONE', #2682, 1.999999999999997335 ) ;
#47 = CARTESIAN_POINT ( 'NONE',  ( 25.00000000000000000, 0.000000000000000000, -3.061616997868383043E-15 ) ) ;
#48 = CARTESIAN_POINT ( 'NONE',  ( 0.000000000000000000, -8.499753483101830653, -68.00010598041009757 ) ) ;
#49 = VERTEX_POINT ( 'NONE', #1949 ) ;
#50 = DIRECTION ( 'NONE',  ( 0.000000000000000000, -1.000000000000000000, 0.000000000000000000 ) ) ;
#51 = AXIS2_PLACEMENT_3D ( 'NONE', #4730, #2859, #689 ) ;
#52 = ORIENTED_EDGE ( 'NONE', *, *, #470, .T. ) ;
#53 = CARTESIAN_POINT ( 'NONE',  ( 57.47536296208700435, 16.10000000000000142, -20.77693915205080089 ) ) ;
#54 = CARTESIAN_POINT ( 'NONE',  ( 41.55722372181075031, 10.09999999999999964, -11.31700122038487955 ) ) ;
#55 = CARTESIAN_POINT ( 'NONE',  ( 59.91027858431303343, -0.7311480175810277649, -32.57470819917624283 ) ) ;
#56 = ORIENTED_EDGE ( 'NONE', *, *, #2562, .F. ) ;
#57 = DIRECTION ( 'NONE',  ( 0.000000000000000000, -1.000000000000000000, 0.000000000000000000 ) ) ;
#58 = EDGE_CURVE ( 'NONE', #3715, #1679, #1101, .T. ) ;
#59 = ORIENTED_EDGE ( 'NONE', *, *, #3894, .F. ) ;
#60 = ORIENTED_EDGE ( 'NONE', *, *, #133, .T. ) ;
#61 = AXIS2_PLACEMENT_3D ( 'NONE', #5758, #1241, #3850 ) ;
#62 = CARTESIAN_POINT ( 'NONE',  ( 0.000000000000000000, 5.453984711246990358, -68.74538027353109726 ) ) ;
#63 = CARTESIAN_POINT ( 'NONE',  ( -59.99334590042577986, -11.41197623829050123, -28.94785457156050512 ) ) ;
#64 = CARTESIAN_POINT ( 'NONE',  ( -61.05272666272339421, 3.451254806281640608, -31.48815487609708086 ) ) ;
#65 = DIRECTION ( 'NONE',  ( 0.000000000000000000, 1.000000000000000000, 0.000000000000000000 ) ) ;
#66 = CARTESIAN_POINT ( 'NONE',  ( 39.40525960507399361, 10.09999999999999964, 2.094525554754359753 ) ) ;
#67 = CIRCLE ( 'NONE', #4977, 2.000000000000002665 ) ;
#68 = VECTOR ( 'NONE', #1793, 1000.000000000000000 ) ;
#69 = DIRECTION ( 'NONE',  ( 0.000000000000000000, 1.000000000000000000, 0.000000000000000000 ) ) ;
#70 = DIRECTION ( 'NONE',  ( 0.6595755232801335799, 0.000000000000000000, -0.7516382967157394512 ) ) ;
#71 = ORIENTED_EDGE ( 'NONE', *, *, #2923, .T. ) ;
#72 = DIRECTION ( 'NONE',  ( -0.6595755232801341350, 0.000000000000000000, 0.7516382967157391182 ) ) ;
#73 = CARTESIAN_POINT ( 'NONE',  ( -59.47536296208700435, -10.09999999999999964, -20.77693915205080089 ) ) ;
#74 = EDGE_CURVE ( 'NONE', #2348, #790, #4530, .T. ) ;
#75 = CARTESIAN_POINT ( 'NONE',  ( -50.77869399619183355, 6.123233995736766282E-16, -7.834146177909005360 ) ) ;
#76 = ORIENTED_EDGE ( 'NONE', *, *, #3987, .T. ) ;
#77 = APPLICATION_PROTOCOL_DEFINITION ( 'draft international standard', 'automotive_design', 1998, #4589 ) ;
#78 = ORIENTED_EDGE ( 'NONE', *, *, #3477, .F. ) ;
#79 = CARTESIAN_POINT ( 'NONE',  ( -57.47536296208700435, 16.10000000000000142, -20.77693915205080089 ) ) ;
#80 = EDGE_CURVE ( 'NONE', #1672, #1316, #1541, .T. ) ;
#81 = CARTESIAN_POINT ( 'NONE',  ( 24.22220753623764722, 16.10000000000000142, -54.89339361044660137 ) ) ;
#82 = CARTESIAN_POINT ( 'NONE',  ( 64.47584323929444849, -2.866363998362211785, -20.77698526710514670 ) ) ;
#83 = EDGE_LOOP ( 'NONE', ( #5710, #2847, #5267, #4694 ) ) ;
#84 = CARTESIAN_POINT ( 'NONE',  ( 20.25284826038425123, 0.000000000000000000, -41.27323620909374569 ) ) ;
#85 = CARTESIAN_POINT ( 'NONE',  ( -43.67122707623509825, 10.09999999999999964, -5.046038264045169086 ) ) ;
#86 = VERTEX_POINT ( 'NONE', #3345 ) ;
#87 = VERTEX_POINT ( 'NONE', #3285 ) ;
#88 = CARTESIAN_POINT ( 'NONE',  ( 64.12348675552131283, -3.011726308515908723, -22.62479625095522096 ) ) ;
#89 = ADVANCED_FACE ( 'NONE', ( #4618 ), #3769, .T. ) ;
#90 = DIRECTION ( 'NONE',  ( -1.000000000000000000, 0.000000000000000000, 0.000000000000000000 ) ) ;
#91 = CARTESIAN_POINT ( 'NONE',  ( -59.35996870998013719, 0.7775097048331408578, -33.26035997619791829 ) ) ;
#92 = CARTESIAN_POINT ( 'NONE',  ( -54.39802043194809045, 16.10000000000000142, -22.57154017501994758 ) ) ;
#93 = DIRECTION ( 'NONE',  ( -0.5000000000000011102, 0.000000000000000000, -0.8660254037844379305 ) ) ;
#94 = AXIS2_PLACEMENT_3D ( 'NONE', #5072, #50, #5589 ) ;
#95 = DIRECTION ( 'NONE',  ( -0.7516382967157390071, 0.000000000000000000, 0.6595755232801340240 ) ) ;
#96 = DIRECTION ( 'NONE',  ( 0.6595755232801341350, 0.000000000000000000, 0.7516382967157391182 ) ) ;
#97 = ORIENTED_EDGE ( 'NONE', *, *, #613, .F. ) ;
#98 = VECTOR ( 'NONE', #699, 999.9999999999998863 ) ;
#99 = ORIENTED_EDGE ( 'NONE', *, *, #2358, .F. ) ;
#100 = LINE ( 'NONE', #3710, #776 ) ;
#101 = DIRECTION ( 'NONE',  ( -0.6595755232801341350, 0.000000000000000000, 0.7516382967157391182 ) ) ;
#102 = FACE_OUTER_BOUND ( 'NONE', #2524, .T. ) ;
#103 = ORIENTED_EDGE ( 'NONE', *, *, #2463, .F. ) ;
#104 = VECTOR ( 'NONE', #3505, 1000.000000000000000 ) ;
#105 = VERTEX_POINT ( 'NONE', #2422 ) ;
#106 = DIRECTION ( 'NONE',  ( 0.000000000000000000, 1.000000000000000000, 0.000000000000000000 ) ) ;
#107 = AXIS2_PLACEMENT_3D ( 'NONE', #3945, #5345, #5793 ) ;
#108 = CARTESIAN_POINT ( 'NONE',  ( 12.38597862740636835, -4.900000000000001243, 54.74476843225105682 ) ) ;
#109 = CARTESIAN_POINT ( 'NONE',  ( 64.47520068396822523, -2.861424675005326712, -20.73344739210125809 ) ) ;
#110 = VECTOR ( 'NONE', #548, 1000.000000000000000 ) ;
#111 = ADVANCED_FACE ( 'NONE', ( #2362 ), #665, .F. ) ;
#112 = ORIENTED_EDGE ( 'NONE', *, *, #1590, .F. ) ;
#113 = AXIS2_PLACEMENT_3D ( 'NONE', #1957, #3657, #5473 ) ;
#114 = DIRECTION ( 'NONE',  ( 0.000000000000000000, 1.000000000000000000, 0.000000000000000000 ) ) ;
#115 = CARTESIAN_POINT ( 'NONE',  ( -64.47535702428352522, 2.866627121996662364, -20.77687902599853587 ) ) ;
#116 = VERTEX_POINT ( 'NONE', #2485 ) ;
#117 = ORIENTED_EDGE ( 'NONE', *, *, #3040, .F. ) ;
#118 = AXIS2_PLACEMENT_3D ( 'NONE', #73, #4619, #1396 ) ;
#119 = AXIS2_PLACEMENT_3D ( 'NONE', #5090, #2832, #599 ) ;
#120 = CARTESIAN_POINT ( 'NONE',  ( 50.67122707623509825, 10.09999999999999964, -5.046038264045169086 ) ) ;
#121 = CARTESIAN_POINT ( 'NONE',  ( 21.78329761847430035, -4.061716742028854910, -65.18892916375899915 ) ) ;
#122 = CARTESIAN_POINT ( 'NONE',  ( -60.21234937514324770, 0.7223421599900616830, -32.24897833030853889 ) ) ;
#123 = CARTESIAN_POINT ( 'NONE',  ( 43.23218663921680616, 16.10000000000000142, -9.847192473877310448 ) ) ;
#124 = DIRECTION ( 'NONE',  ( 0.000000000000000000, -1.000000000000000000, 0.000000000000000000 ) ) ;
#125 = EDGE_CURVE ( 'NONE', #4453, #611, #4293, .T. ) ;
#126 = PLANE ( 'NONE',  #4798 ) ;
#127 = FACE_OUTER_BOUND ( 'NONE', #4277, .T. ) ;
#128 = ORIENTED_EDGE ( 'NONE', *, *, #5726, .F. ) ;
#129 = DIRECTION ( 'NONE',  ( -1.000000000000000000, 0.000000000000000000, 0.000000000000000000 ) ) ;
#130 = LINE ( 'NONE', #4201, #3782 ) ;
#131 = CARTESIAN_POINT ( 'NONE',  ( -14.45921831757123677, -4.900000000000001243, 40.49606160659098464 ) ) ;
#132 = CYLINDRICAL_SURFACE ( 'NONE', #1620, 2.000000000000002665 ) ;
#133 = EDGE_CURVE ( 'NONE', #856, #4768, #2896, .T. ) ;
#134 = VERTEX_POINT ( 'NONE', #4708 ) ;
#135 = CARTESIAN_POINT ( 'NONE',  ( 7.165552307841910107, -5.450403685978729484, -66.65702292682159680 ) ) ;
#136 = VECTOR ( 'NONE', #5213, 999.9999999999998863 ) ;
#137 = ORIENTED_EDGE ( 'NONE', *, *, #2895, .T. ) ;
#138 = DIRECTION ( 'NONE',  ( 0.9926956690917259074, 0.000000000000000000, 0.1206453835276376924 ) ) ;
#139 = CARTESIAN_POINT ( 'NONE',  ( 45.67122707623510536, -16.10000000000000142, -5.046038264045169086 ) ) ;
#140 = FACE_OUTER_BOUND ( 'NONE', #4689, .T. ) ;
#141 = VERTEX_POINT ( 'NONE', #1480 ) ;
#142 = CARTESIAN_POINT ( 'NONE',  ( -45.67122707623510536, 16.10000000000000142, -5.046038264045169086 ) ) ;
#143 = DIRECTION ( 'NONE',  ( 0.000000000000000000, 1.000000000000000000, 0.000000000000000000 ) ) ;
#144 = EDGE_CURVE ( 'NONE', #3086, #4068, #4717, .T. ) ;
#145 = ORIENTED_EDGE ( 'NONE', *, *, #1488, .T. ) ;
#146 = ORIENTED_EDGE ( 'NONE', *, *, #1343, .T. ) ;
#147 = DIRECTION ( 'NONE',  ( 0.2124328517103140634, 0.000000000000000000, 0.9771756666609252573 ) ) ;
#148 = CARTESIAN_POINT ( 'NONE',  ( 63.72791217427360522, -1.633652322420339864, -18.38162770130034929 ) ) ;
#149 = CARTESIAN_POINT ( 'NONE',  ( -61.25104957621335444, 0.8390007549678549781, -31.33471891722498270 ) ) ;
#150 = DIRECTION ( 'NONE',  ( 0.6595755232801340240, 0.000000000000000000, -0.7516382967157388961 ) ) ;
#151 = DIRECTION ( 'NONE',  ( 0.000000000000000000, 0.000000000000000000, 1.000000000000000000 ) ) ;
#152 = EDGE_CURVE ( 'NONE', #2731, #1897, #635, .T. ) ;
#153 = DIRECTION ( 'NONE',  ( 0.6595755232801341350, 0.000000000000000000, -0.7516382967157388961 ) ) ;
#154 = CYLINDRICAL_SURFACE ( 'NONE', #4485, 1.999999999999997780 ) ;
#155 = ORIENTED_EDGE ( 'NONE', *, *, #4083, .T. ) ;
#156 = CARTESIAN_POINT ( 'NONE',  ( -64.21863700522351337, 2.440265357260223755, -19.18224542682013123 ) ) ;
#157 = VECTOR ( 'NONE', #5011, 1000.000000000000000 ) ;
#158 = CARTESIAN_POINT ( 'NONE',  ( 12.38597862740636835, -4.900000000000001243, 54.74476843225105682 ) ) ;
#159 = DIRECTION ( 'NONE',  ( -0.7516382967157390071, 0.000000000000000000, -0.6595755232801340240 ) ) ;
#160 = CARTESIAN_POINT ( 'NONE',  ( 60.09442319551060052, 16.10000000000000142, -29.06304011625210038 ) ) ;
#161 = ORIENTED_EDGE ( 'NONE', *, *, #5025, .T. ) ;
#162 =( NAMED_UNIT ( * ) SI_UNIT ( $, .STERADIAN. ) SOLID_ANGLE_UNIT ( ) );
#163 = AXIS2_PLACEMENT_3D ( 'NONE', #446, #4541, #503 ) ;
#164 = EDGE_CURVE ( 'NONE', #3897, #3715, #2732, .T. ) ;
#165 = VERTEX_POINT ( 'NONE', #246 ) ;
#166 = CARTESIAN_POINT ( 'NONE',  ( 15.06415603428420447, -4.999772993034025781, 38.56990763519636545 ) ) ;
#167 = ORIENTED_EDGE ( 'NONE', *, *, #694, .T. ) ;
#168 = DIRECTION ( 'NONE',  ( -0.9975634259047179153, 0.000000000000000000, -0.06976540186397729715 ) ) ;
#169 = DIRECTION ( 'NONE',  ( 0.7516382967157391182, 0.000000000000000000, 0.6595755232801341350 ) ) ;
#170 = VECTOR ( 'NONE', #3075, 999.9999999999998863 ) ;
#171 = ORIENTED_EDGE ( 'NONE', *, *, #3350, .F. ) ;
#172 = CARTESIAN_POINT ( 'NONE',  ( 60.09442319551060052, 12.82667191048454036, -29.06304011625210038 ) ) ;
#173 = CARTESIAN_POINT ( 'NONE',  ( -64.33499175297083639, 2.970010740866323218, -22.02696994874892411 ) ) ;
#174 = ORIENTED_EDGE ( 'NONE', *, *, #2372, .T. ) ;
#175 = ORIENTED_EDGE ( 'NONE', *, *, #4181, .F. ) ;
#176 = ORIENTED_EDGE ( 'NONE', *, *, #4752, .F. ) ;
#177 = CARTESIAN_POINT ( 'NONE',  ( 27.13513293197329901, 10.09999999999999964, -46.49519250552879868 ) ) ;
#178 = CARTESIAN_POINT ( 'NONE',  ( 21.38780720613194930, -5.945090309374370108, -64.00538610905840642 ) ) ;
#179 = EDGE_CURVE ( 'NONE', #4998, #1918, #4679, .T. ) ;
#180 = CARTESIAN_POINT ( 'NONE',  ( 0.000000000000000000, 16.10000000000000142, 0.000000000000000000 ) ) ;
#181 = CARTESIAN_POINT ( 'NONE',  ( -60.28191570945779176, -13.13853696283251793, -29.29476384602413219 ) ) ;
#182 = CARTESIAN_POINT ( 'NONE',  ( 0.000000000000000000, 5.500000000000000000, -67.77560052471810081 ) ) ;
#183 = CARTESIAN_POINT ( 'NONE',  ( 55.92266776840388331, 9.777777238173298358, -39.13909814322686032 ) ) ;
#184 = CYLINDRICAL_SURFACE ( 'NONE', #1747, 12.38597862740635414 ) ;
#185 = AXIS2_PLACEMENT_3D ( 'NONE', #2128, #3109, #2547 ) ;
#186 = ORIENTED_EDGE ( 'NONE', *, *, #2047, .T. ) ;
#187 = ADVANCED_FACE ( 'NONE', ( #5526 ), #1453, .F. ) ;
#188 = CARTESIAN_POINT ( 'NONE',  ( -64.45785050404064975, -0.07986428483075494467, -20.35133979787968173 ) ) ;
#189 = CARTESIAN_POINT ( 'NONE',  ( -59.47536296208700435, 16.10000000000000142, -20.77693915205080089 ) ) ;
#190 = CARTESIAN_POINT ( 'NONE',  ( 65.11957717360112952, -1.978530829907484412, -24.17671291122482202 ) ) ;
#191 = CARTESIAN_POINT ( 'NONE',  ( 20.25284826038425123, 0.000000000000000000, -41.27323620909374569 ) ) ;
#192 = VECTOR ( 'NONE', #4658, 1000.000000000000000 ) ;
#193 = ORIENTED_EDGE ( 'NONE', *, *, #4425, .T. ) ;
#194 = EDGE_LOOP ( 'NONE', ( #919, #3842, #879, #4328 ) ) ;
#195 = CARTESIAN_POINT ( 'NONE',  ( 17.24629507352134894, 0.000000000000000000, -43.91153830221434617 ) ) ;
#196 = ADVANCED_FACE ( 'NONE', ( #1016 ), #2810, .F. ) ;
#197 = CARTESIAN_POINT ( 'NONE',  ( -12.38021549647000441, -6.311367228196553825, -67.14946938447391744 ) ) ;
#198 = CARTESIAN_POINT ( 'NONE',  ( -64.47563348477659417, -0.08834032575808710430, -20.77707026145147751 ) ) ;
#199 = EDGE_LOOP ( 'NONE', ( #2052, #2997, #1495, #249, #1383, #2377 ) ) ;
#200 = CARTESIAN_POINT ( 'NONE',  ( -38.18713561256070221, 16.10000000000000142, -4.557801678611490104 ) ) ;
#201 = AXIS2_PLACEMENT_3D ( 'NONE', #3018, #5795, #1279 ) ;
#202 = CARTESIAN_POINT ( 'NONE',  ( 64.01941482997588651, -3.031738831586232141, -22.92302193945379329 ) ) ;
#203 = ORIENTED_EDGE ( 'NONE', *, *, #3690, .T. ) ;
#204 = EDGE_LOOP ( 'NONE', ( #4094, #4536 ) ) ;
#205 = ORIENTED_EDGE ( 'NONE', *, *, #1209, .T. ) ;
#206 = CARTESIAN_POINT ( 'NONE',  ( -51.43826951947196591, -4.898587196589412829E-16, -8.585784474624745144 ) ) ;
#207 = CARTESIAN_POINT ( 'NONE',  ( -60.09442319551060052, -11.15852090583519995, -29.06304011625210038 ) ) ;
#208 = CARTESIAN_POINT ( 'NONE',  ( 62.61653700539640255, -3.276479971364770094, -25.58560479280900068 ) ) ;
#209 = DIRECTION ( 'NONE',  ( 0.000000000000000000, 1.000000000000000000, 0.000000000000000000 ) ) ;
#210 = FACE_OUTER_BOUND ( 'NONE', #1264, .T. ) ;
#211 = STYLED_ITEM ( 'NONE', ( #2619 ), #4027 ) ;
#212 = ADVANCED_FACE ( 'NONE', ( #4438 ), #4831, .F. ) ;
#213 = AXIS2_PLACEMENT_3D ( 'NONE', #3851, #5059, #567 ) ;
#214 = CARTESIAN_POINT ( 'NONE',  ( -61.26649768107499483, -13.50009284157565936, -29.50281786487060032 ) ) ;
#215 = CARTESIAN_POINT ( 'NONE',  ( -58.88972745734179881, 3.833333333333340143, -34.00000000000000000 ) ) ;
#216 = ORIENTED_EDGE ( 'NONE', *, *, #2028, .T. ) ;
#217 = CARTESIAN_POINT ( 'NONE',  ( -64.42699241158334189, 2.748549806852784272, -20.01934305736145348 ) ) ;
#218 = DIRECTION ( 'NONE',  ( 0.4663903252160479518, -0.7071067811865479058, -0.5314885366072051864 ) ) ;
#219 = CARTESIAN_POINT ( 'NONE',  ( 64.56600523628280541, -2.878443112154842165, -23.54587405594660865 ) ) ;
#220 = CARTESIAN_POINT ( 'NONE',  ( -57.47536296208700435, 10.09999999999999964, -20.77693915205080089 ) ) ;
#221 = ADVANCED_FACE ( 'NONE', ( #398 ), #4801, .T. ) ;
#222 = B_SPLINE_CURVE_WITH_KNOTS ( 'NONE', 3,
 ( #1980, #2988, #1573, #5281 ),
 .UNSPECIFIED., .F., .F.,
 ( 4, 4 ),
 ( 0.9949752492763788148, 1.000000000000000000 ),
 .UNSPECIFIED. ) ;
#223 = VERTEX_POINT ( 'NONE', #1691 ) ;
#224 = EDGE_CURVE ( 'NONE', #3390, #722, #4340, .T. ) ;
#225 = ORIENTED_EDGE ( 'NONE', *, *, #4387, .T. ) ;
#226 = CARTESIAN_POINT ( 'NONE',  ( 18.08308835879891419, -7.397750353162315662, 31.54796961805175926 ) ) ;
#227 = VERTEX_POINT ( 'NONE', #276 ) ;
#228 = CARTESIAN_POINT ( 'NONE',  ( -53.91252020907805331, -9.556836140982765571, -41.90180352993396440 ) ) ;
#229 = CARTESIAN_POINT ( 'NONE',  ( -58.59114660207919911, 0.000000000000000000, -30.38219116281240062 ) ) ;
#230 = ORIENTED_EDGE ( 'NONE', *, *, #4483, .T. ) ;
#231 = CARTESIAN_POINT ( 'NONE',  ( 6.232526257380140322, 8.486139354377289834, -66.65842761676741191 ) ) ;
#232 = CARTESIAN_POINT ( 'NONE',  ( -59.47536296208700435, -10.09999999999999964, -20.77693915205080089 ) ) ;
#233 = EDGE_LOOP ( 'NONE', ( #3681, #5228, #2927, #1927, #1127, #1090 ) ) ;
#234 = ORIENTED_EDGE ( 'NONE', *, *, #1625, .T. ) ;
#235 = DIRECTION ( 'NONE',  ( 0.8660254037844385966, 0.000000000000000000, -0.5000000000000003331 ) ) ;
#236 = CARTESIAN_POINT ( 'NONE',  ( 62.38073702901767348, -2.235244739707459516, -30.61225874150656878 ) ) ;
#237 = CARTESIAN_POINT ( 'NONE',  ( 7.129921387653830323, -6.903187639808590070, -66.32594535354279230 ) ) ;
#238 = EDGE_CURVE ( 'NONE', #2968, #4130, #5248, .T. ) ;
#239 = AXIS2_PLACEMENT_3D ( 'NONE', #778, #454, #90 ) ;
#240 = CARTESIAN_POINT ( 'NONE',  ( -51.43826951947196591, -4.898587196589412829E-16, -8.585784474624745144 ) ) ;
#241 = CARTESIAN_POINT ( 'NONE',  ( -67.56866419668098445, -16.10000000000000142, -26.96764061178844685 ) ) ;
#242 = CARTESIAN_POINT ( 'NONE',  ( -59.47536296208700435, -10.09999999999999964, -20.77693915205080089 ) ) ;
#243 = DIRECTION ( 'NONE',  ( 0.000000000000000000, 1.000000000000000000, 0.000000000000000000 ) ) ;
#244 = VERTEX_POINT ( 'NONE', #1660 ) ;
#245 = CARTESIAN_POINT ( 'NONE',  ( -64.41120170166087178, -0.04694655424861967491, -19.96638753530208632 ) ) ;
#246 = CARTESIAN_POINT ( 'NONE',  ( 58.88940059240169234, 13.16666609856367920, -33.99981111497897501 ) ) ;
#247 = DIRECTION ( 'NONE',  ( -1.000000000000000000, 0.000000000000000000, 0.000000000000000000 ) ) ;
#248 = LINE ( 'NONE', #2364, #4936 ) ;
#249 = ORIENTED_EDGE ( 'NONE', *, *, #1438, .F. ) ;
#250 = VECTOR ( 'NONE', #5728, 1000.000000000000000 ) ;
#251 = EDGE_CURVE ( 'NONE', #997, #4805, #306, .T. ) ;
#252 = APPLICATION_CONTEXT ( 'automotive_design' ) ;
#253 = CYLINDRICAL_SURFACE ( 'NONE', #406, 1.999999999999997335 ) ;
#254 = ORIENTED_EDGE ( 'NONE', *, *, #3112, .T. ) ;
#255 = AXIS2_PLACEMENT_3D ( 'NONE', #1059, #5569, #1906 ) ;
#256 = DIRECTION ( 'NONE',  ( 0.6595755232801341350, 0.000000000000000000, 0.7516382967157391182 ) ) ;
#257 = EDGE_LOOP ( 'NONE', ( #2368, #319, #2679, #4509 ) ) ;
#258 = EDGE_CURVE ( 'NONE', #4453, #4120, #4893, .T. ) ;
#259 = CARTESIAN_POINT ( 'NONE',  ( 18.69691768047210445, 9.319488161306569651, -64.89770640552799819 ) ) ;
#260 = PLANE ( 'NONE',  #4212 ) ;
#261 = EDGE_LOOP ( 'NONE', ( #5095, #793, #3832, #4842, #853, #2517, #1904 ) ) ;
#262 = ORIENTED_EDGE ( 'NONE', *, *, #3767, .F. ) ;
#263 = ORIENTED_EDGE ( 'NONE', *, *, #5487, .T. ) ;
#264 = CIRCLE ( 'NONE', #2233, 5.000000000000000888 ) ;
#265 = CARTESIAN_POINT ( 'NONE',  ( 60.09442319551060052, -10.09999999999999964, -29.06304011625210038 ) ) ;
#266 = CARTESIAN_POINT ( 'NONE',  ( 61.83884362659402711, -1.084987081973123546, -30.92691364514610086 ) ) ;
#267 = CARTESIAN_POINT ( 'NONE',  ( 0.000000000000000000, -5.930535049566939776, -66.65842761638509728 ) ) ;
#268 = VECTOR ( 'NONE', #2801, 999.9999999999998863 ) ;
#269 = CARTESIAN_POINT ( 'NONE',  ( -66.06866419668089918, 0.000000000000000000, -29.56571682314174865 ) ) ;
#270 = CARTESIAN_POINT ( 'NONE',  ( -9.417970242006729720, -16.10000000000000142, -24.37765887863679737 ) ) ;
#271 = EDGE_CURVE ( 'NONE', #2025, #1357, #2573, .T. ) ;
#272 = DIRECTION ( 'NONE',  ( 0.9926956690917259074, 0.000000000000000000, 0.1206453835276376924 ) ) ;
#273 = LINE ( 'NONE', #2062, #1083 ) ;
#274 = ORIENTED_EDGE ( 'NONE', *, *, #600, .T. ) ;
#275 = CARTESIAN_POINT ( 'NONE',  ( -64.47533172074889762, -0.08836743364519726585, -20.75779784257231597 ) ) ;
#276 = CARTESIAN_POINT ( 'NONE',  ( 5.910551017812800012, 16.10000000000000142, -32.46637316772275028 ) ) ;
#277 = DIRECTION ( 'NONE',  ( 0.000000000000000000, 1.000000000000000000, 0.000000000000000000 ) ) ;
#278 = CYLINDRICAL_SURFACE ( 'NONE', #5513, 2.000000000000000444 ) ;
#279 = ORIENTED_EDGE ( 'NONE', *, *, #2333, .T. ) ;
#280 = AXIS2_PLACEMENT_3D ( 'NONE', #876, #2190, #4868 ) ;
#281 = EDGE_CURVE ( 'NONE', #1932, #4380, #4817, .T. ) ;
#282 = VECTOR ( 'NONE', #1230, 1000.000000000000000 ) ;
#283 = CARTESIAN_POINT ( 'NONE',  ( -7.165563062102419778, 7.591473477713639895, -66.65552070304629240 ) ) ;
#284 = ORIENTED_EDGE ( 'NONE', *, *, #1447, .F. ) ;
#285 = ADVANCED_FACE ( 'NONE', ( #336 ), #782, .T. ) ;
#286 = ORIENTED_EDGE ( 'NONE', *, *, #2629, .F. ) ;
#287 = LINE ( 'NONE', #4329, #282 ) ;
#288 = VERTEX_POINT ( 'NONE', #3017 ) ;
#289 = CARTESIAN_POINT ( 'NONE',  ( 36.65721254318395239, 8.000046420787830570, -58.33827056113279497 ) ) ;
#290 = DIRECTION ( 'NONE',  ( -0.3289878516042711865, 0.000000000000000000, 0.9443341535160136857 ) ) ;
#291 = ORIENTED_EDGE ( 'NONE', *, *, #4449, .T. ) ;
#292 = ORIENTED_EDGE ( 'NONE', *, *, #238, .T. ) ;
#293 = ADVANCED_FACE ( 'NONE', ( #368 ), #2125, .T. ) ;
#294 = CARTESIAN_POINT ( 'NONE',  ( -43.88720501242449501, 2.388888888888888840, -52.27931722894590649 ) ) ;
#295 = CARTESIAN_POINT ( 'NONE',  ( 61.06132639074002810, -3.448250623533258175, -31.48131060497799538 ) ) ;
#296 = CARTESIAN_POINT ( 'NONE',  ( -6.201651667978559601, -7.799895567381499362, -66.32576825199220139 ) ) ;
#297 = PLANE ( 'NONE',  #5082 ) ;
#298 = CARTESIAN_POINT ( 'NONE',  ( -43.27650099504969461, 10.09999999999999964, -9.808305865032370008 ) ) ;
#299 = FACE_OUTER_BOUND ( 'NONE', #4899, .T. ) ;
#300 = CARTESIAN_POINT ( 'NONE',  ( -44.15194890769519986, 10.09999999999999964, -0.2824478275573424901 ) ) ;
#301 = AXIS2_PLACEMENT_3D ( 'NONE', #339, #1751, #4866 ) ;
#302 = EDGE_LOOP ( 'NONE', ( #4506, #3835, #3666, #286 ) ) ;
#303 = LINE ( 'NONE', #2095, #5501 ) ;
#304 = CIRCLE ( 'NONE', #1724, 4.999999999999998224 ) ;
#305 = ADVANCED_FACE ( 'NONE', ( #3498 ), #5794, .F. ) ;
#306 = LINE ( 'NONE', #3858, #5486 ) ;
#307 = DIRECTION ( 'NONE',  ( -0.7516382967157390071, 0.000000000000000000, -0.6595755232801340240 ) ) ;
#308 = DIRECTION ( 'NONE',  ( 0.000000000000000000, 1.000000000000000000, 0.000000000000000000 ) ) ;
#309 = EDGE_LOOP ( 'NONE', ( #1737, #145, #2064, #2483, #316, #2260, #4616, #1014 ) ) ;
#310 = DIRECTION ( 'NONE',  ( 0.6595755232801341350, 0.000000000000000000, -0.7516382967157391182 ) ) ;
#311 = ORIENTED_EDGE ( 'NONE', *, *, #3526, .T. ) ;
#312 = EDGE_CURVE ( 'NONE', #1680, #2879, #1249, .T. ) ;
#313 = CARTESIAN_POINT ( 'NONE',  ( -41.59731625246399744, 5.626841020038201080, -55.29143486931089768 ) ) ;
#314 = ORIENTED_EDGE ( 'NONE', *, *, #39, .F. ) ;
#315 = ORIENTED_EDGE ( 'NONE', *, *, #5546, .F. ) ;
#316 = ORIENTED_EDGE ( 'NONE', *, *, #5599, .F. ) ;
#317 = ORIENTED_EDGE ( 'NONE', *, *, #4215, .T. ) ;
#318 = LINE ( 'NONE', #2107, #1225 ) ;
#319 = ORIENTED_EDGE ( 'NONE', *, *, #4806, .T. ) ;
#320 = CARTESIAN_POINT ( 'NONE',  ( 59.75805186420260640, 11.61687167825724032, -28.77642735980409938 ) ) ;
#321 = DIRECTION ( 'NONE',  ( 0.9978788618232538044, 0.000000000000000000, -0.06509821139115595789 ) ) ;
#322 = VERTEX_POINT ( 'NONE', #3887 ) ;
#323 = ORIENTED_EDGE ( 'NONE', *, *, #5812, .T. ) ;
#324 = CARTESIAN_POINT ( 'NONE',  ( -64.00119431748970555, 3.031187353503340010, -22.90222749541804603 ) ) ;
#325 = CARTESIAN_POINT ( 'NONE',  ( 59.86655137295653617, -3.712838425571416412, -32.62707492801774833 ) ) ;
#326 = CARTESIAN_POINT ( 'NONE',  ( -58.59114660207919911, -16.10000000000000142, -30.38219116281240062 ) ) ;
#327 = AXIS2_PLACEMENT_3D ( 'NONE', #5448, #4457, #3661 ) ;
#328 = ADVANCED_FACE ( 'NONE', ( #2066, #3079 ), #2633, .F. ) ;
#329 = FACE_OUTER_BOUND ( 'NONE', #5541, .T. ) ;
#330 = DIRECTION ( 'NONE',  ( -0.9764420004556761956, 0.000000000000000000, -0.2157800262909368716 ) ) ;
#331 = CARTESIAN_POINT ( 'NONE',  ( 57.47536296208700435, 10.09999999999999964, -20.77693915205080089 ) ) ;
#332 = CYLINDRICAL_SURFACE ( 'NONE', #2212, 49.99999999999999289 ) ;
#333 = CIRCLE ( 'NONE', #1552, 4.999999999999998224 ) ;
#334 = ORIENTED_EDGE ( 'NONE', *, *, #3411, .T. ) ;
#335 = DIRECTION ( 'NONE',  ( 0.000000000000000000, 1.000000000000000000, 0.000000000000000000 ) ) ;
#336 = FACE_OUTER_BOUND ( 'NONE', #1824, .T. ) ;
#337 = EDGE_CURVE ( 'NONE', #3271, #5258, #5220, .T. ) ;
#338 = FACE_OUTER_BOUND ( 'NONE', #617, .T. ) ;
#339 = CARTESIAN_POINT ( 'NONE',  ( 0.000000000000000000, -4.900000000000001243, 0.000000000000000000 ) ) ;
#340 = DIRECTION ( 'NONE',  ( 0.6595755232801341350, 0.000000000000000000, -0.7516382967157391182 ) ) ;
#341 = CARTESIAN_POINT ( 'NONE',  ( 63.91548856379289134, -1.585874421880255847, -18.47785132676230546 ) ) ;
#342 = EDGE_LOOP ( 'NONE', ( #5586, #5163 ) ) ;
#343 = DIRECTION ( 'NONE',  ( 0.000000000000000000, 1.000000000000000000, 0.000000000000000000 ) ) ;
#344 = B_SPLINE_CURVE_WITH_KNOTS ( 'NONE', 3,
 ( #3585, #3158, #900, #36, #2750, #8, #2214, #2665 ),
 .UNSPECIFIED., .F., .F.,
 ( 4, 2, 2, 4 ),
 ( 0.000000000000000000, 0.5000000000000000000, 0.7500000000000000000, 1.000000000000000000 ),
 .UNSPECIFIED. ) ;
#345 = CARTESIAN_POINT ( 'NONE',  ( 0.000000000000000000, 8.501137262319769405, -68.44760351012909894 ) ) ;
#346 = VERTEX_POINT ( 'NONE', #4322 ) ;
#347 = CIRCLE ( 'NONE', #5743, 8.900000000000000355 ) ;
#348 = ORIENTED_EDGE ( 'NONE', *, *, #3630, .F. ) ;
#349 = ORIENTED_EDGE ( 'NONE', *, *, #400, .T. ) ;
#350 = EDGE_CURVE ( 'NONE', #1860, #3450, #3615, .T. ) ;
#351 = CARTESIAN_POINT ( 'NONE',  ( 66.05360265974969991, -2.800360905288630242, -19.05244799328749750 ) ) ;
#352 = ORIENTED_EDGE ( 'NONE', *, *, #1012, .T. ) ;
#353 = DIRECTION ( 'NONE',  ( 0.000000000000000000, -1.000000000000000000, 0.000000000000000000 ) ) ;
#354 = ORIENTED_EDGE ( 'NONE', *, *, #337, .T. ) ;
#355 = VERTEX_POINT ( 'NONE', #5850 ) ;
#356 = CARTESIAN_POINT ( 'NONE',  ( 36.35319515986304850, -10.09999999999999964, 8.604846768176949823 ) ) ;
#357 = CARTESIAN_POINT ( 'NONE',  ( 59.78053873612351055, -3.724034554691218801, -32.72784848513706635 ) ) ;
#358 = CARTESIAN_POINT ( 'NONE',  ( 0.000000000000000000, -5.500000000000000000, -67.55120104943621584 ) ) ;
#359 = AXIS2_PLACEMENT_3D ( 'NONE', #2466, #816, #3951 ) ;
#360 = DIRECTION ( 'NONE',  ( 0.000000000000000000, 0.000000000000000000, -1.000000000000000000 ) ) ;
#361 = CARTESIAN_POINT ( 'NONE',  ( -60.57653794026264649, 0.000000000000000000, -30.14090039575712865 ) ) ;
#362 = EDGE_CURVE ( 'NONE', #3409, #5184, #344, .T. ) ;
#363 = CARTESIAN_POINT ( 'NONE',  ( -21.92754075889600074, 7.063987015689529692, -65.62058108868249917 ) ) ;
#364 = CARTESIAN_POINT ( 'NONE',  ( 58.59114660207919911, 0.000000000000000000, -30.38219116281240062 ) ) ;
#365 = AXIS2_PLACEMENT_3D ( 'NONE', #2149, #807, #272 ) ;
#366 = ORIENTED_EDGE ( 'NONE', *, *, #4872, .T. ) ;
#367 = LINE ( 'NONE', #1690, #2175 ) ;
#368 = FACE_OUTER_BOUND ( 'NONE', #4093, .T. ) ;
#369 = CARTESIAN_POINT ( 'NONE',  ( -65.01294194050092301, 0.8659527207925047376, -24.05519365808635968 ) ) ;
#370 = CYLINDRICAL_SURFACE ( 'NONE', #4749, 23.00000000000000000 ) ;
#371 = B_SPLINE_CURVE_WITH_KNOTS ( 'NONE', 3,
 ( #2637, #3469, #5319, #1281 ),
 .UNSPECIFIED., .F., .F.,
 ( 4, 4 ),
 ( 1.047203379504408893, 1.226954313388518347 ),
 .UNSPECIFIED. ) ;
#372 = DIRECTION ( 'NONE',  ( 1.000000000000000000, 0.000000000000000000, 0.000000000000000000 ) ) ;
#373 = CARTESIAN_POINT ( 'NONE',  ( 64.27808306208491729, -0.07774940561229559677, -19.38593855425673951 ) ) ;
#374 = EDGE_CURVE ( 'NONE', #856, #1679, #1605, .T. ) ;
#375 = EDGE_LOOP ( 'NONE', ( #3647, #4272, #2641, #603, #1982, #1584 ) ) ;
#376 = CARTESIAN_POINT ( 'NONE',  ( -50.77869399619183355, 6.123233995736766282E-16, -7.834146177909005360 ) ) ;
#377 = CARTESIAN_POINT ( 'NONE',  ( -22.16798146577890094, 4.016838715595654641, -66.34016473230710176 ) ) ;
#378 = EDGE_LOOP ( 'NONE', ( #4862, #1867, #937, #4995, #757, #516, #1711, #5532, #5690, #4775, #3391, #1169, #4139, #3181, #5542, #3509, #2580 ) ) ;
#379 = EDGE_LOOP ( 'NONE', ( #3330, #3656, #2768, #60, #4725, #1907, #697 ) ) ;
#380 = FACE_OUTER_BOUND ( 'NONE', #2071, .T. ) ;
#381 = CIRCLE ( 'NONE', #4431, 2.000000000000001776 ) ;
#382 = ORIENTED_EDGE ( 'NONE', *, *, #4300, .T. ) ;
#383 = DIRECTION ( 'NONE',  ( 0.000000000000000000, 1.000000000000000000, 0.000000000000000000 ) ) ;
#384 = EDGE_CURVE ( 'NONE', #957, #3210, #2352, .T. ) ;
#385 = AXIS2_PLACEMENT_3D ( 'NONE', #2153, #3946, #5765 ) ;
#386 = ORIENTED_EDGE ( 'NONE', *, *, #2921, .T. ) ;
#387 = ORIENTED_EDGE ( 'NONE', *, *, #658, .F. ) ;
#388 = AXIS2_PLACEMENT_3D ( 'NONE', #3235, #1930, #2766 ) ;
#389 = DIRECTION ( 'NONE',  ( 0.000000000000000000, -1.000000000000000000, 0.000000000000000000 ) ) ;
#390 = CARTESIAN_POINT ( 'NONE',  ( 60.01978598969460421, -0.7269793429165344323, -32.45453449975573790 ) ) ;
#391 = LINE ( 'NONE', #5239, #4043 ) ;
#392 = DIRECTION ( 'NONE',  ( 1.000000000000000000, 0.000000000000000000, 0.000000000000000000 ) ) ;
#393 = CARTESIAN_POINT ( 'NONE',  ( 60.36663589305109667, 10.36820398397449949, -31.30286362229155017 ) ) ;
#394 = CARTESIAN_POINT ( 'NONE',  ( 36.35319515986304850, 10.09999999999999964, 8.604846768176949823 ) ) ;
#395 = VECTOR ( 'NONE', #3587, 1000.000000000000000 ) ;
#396 = CARTESIAN_POINT ( 'NONE',  ( 57.18966664191270155, 10.09999999999999964, -15.13995482246985169 ) ) ;
#397 = DIRECTION ( 'NONE',  ( 0.000000000000000000, -1.000000000000000000, 0.000000000000000000 ) ) ;
#398 = FACE_OUTER_BOUND ( 'NONE', #424, .T. ) ;
#399 = CARTESIAN_POINT ( 'NONE',  ( 45.60017485852989694, 16.10000000000000142, -12.54570169531719870 ) ) ;
#400 = EDGE_CURVE ( 'NONE', #223, #573, #4699, .T. ) ;
#401 = CARTESIAN_POINT ( 'NONE',  ( 61.47536296208700435, 16.10000000000000142, -20.77693915205080089 ) ) ;
#402 = AXIS2_PLACEMENT_3D ( 'NONE', #3048, #2571, #5824 ) ;
#403 = VECTOR ( 'NONE', #1951, 1000.000000000000000 ) ;
#404 = PLANE ( 'NONE',  #280 ) ;
#405 = CARTESIAN_POINT ( 'NONE',  ( 64.47523905352176143, 0.08847999634147052372, -20.73893258842340970 ) ) ;
#406 = AXIS2_PLACEMENT_3D ( 'NONE', #2549, #4841, #1608 ) ;
#407 = ORIENTED_EDGE ( 'NONE', *, *, #2183, .T. ) ;
#408 = CARTESIAN_POINT ( 'NONE',  ( 1.102182119232617911E-14, 16.10000000000000142, 92.04999999999999716 ) ) ;
#409 = CARTESIAN_POINT ( 'NONE',  ( -64.56089807522299395, 2.801012331415924983, -26.37999601870230038 ) ) ;
#410 = EDGE_CURVE ( 'NONE', #3686, #5806, #1034, .T. ) ;
#411 = EDGE_CURVE ( 'NONE', #5747, #1410, #3860, .T. ) ;
#412 = ORIENTED_EDGE ( 'NONE', *, *, #488, .T. ) ;
#413 = VECTOR ( 'NONE', #4534, 1000.000000000000000 ) ;
#414 = AXIS2_PLACEMENT_3D ( 'NONE', #4195, #1566, #659 ) ;
#415 = CARTESIAN_POINT ( 'NONE',  ( 22.16830510155540068, -7.111798892242649828, -66.34117979456860326 ) ) ;
#416 = ORIENTED_EDGE ( 'NONE', *, *, #885, .T. ) ;
#417 = CARTESIAN_POINT ( 'NONE',  ( -48.43171633260909914, -4.898587196589412829E-16, -11.22408656774520352 ) ) ;
#418 = ADVANCED_FACE ( 'NONE', ( #5545 ), #4227, .F. ) ;
#419 = DIRECTION ( 'NONE',  ( 0.000000000000000000, -1.000000000000000000, 0.000000000000000000 ) ) ;
#420 = DIRECTION ( 'NONE',  ( 0.000000000000000000, -1.000000000000000000, 0.000000000000000000 ) ) ;
#421 = CARTESIAN_POINT ( 'NONE',  ( -57.73305400834889411, -12.93512538746599994, -34.76464514083914992 ) ) ;
#422 = CARTESIAN_POINT ( 'NONE',  ( 0.000000000000000000, -14.90000000000000213, 33.00000000000000000 ) ) ;
#423 = CARTESIAN_POINT ( 'NONE',  ( -60.36663589305109667, 16.10000000000000142, -31.30286362229155017 ) ) ;
#424 = EDGE_LOOP ( 'NONE', ( #4361, #4331, #5382, #1704 ) ) ;
#425 = ORIENTED_EDGE ( 'NONE', *, *, #1861, .F. ) ;
#426 = CARTESIAN_POINT ( 'NONE',  ( -22.07196676213595055, 7.063991266668430136, -66.05281239137950422 ) ) ;
#427 = AXIS2_PLACEMENT_3D ( 'NONE', #1845, #4513, #3070 ) ;
#428 = EDGE_CURVE ( 'NONE', #3862, #5268, #1471, .T. ) ;
#429 = CARTESIAN_POINT ( 'NONE',  ( 7.454201535090350106, -5.450429191852170341, -69.34447929695400603 ) ) ;
#430 = DIRECTION ( 'NONE',  ( 0.000000000000000000, 0.000000000000000000, 1.000000000000000000 ) ) ;
#431 = DIRECTION ( 'NONE',  ( -0.7516382967157391182, 0.000000000000000000, 0.6595755232801341350 ) ) ;
#432 = CARTESIAN_POINT ( 'NONE',  ( -65.14472847932334787, 1.349732840615823992, -24.20537480652852125 ) ) ;
#433 = DIRECTION ( 'NONE',  ( 0.000000000000000000, -1.000000000000000000, 0.000000000000000000 ) ) ;
#434 = DIRECTION ( 'NONE',  ( 0.000000000000000000, -1.000000000000000000, 0.000000000000000000 ) ) ;
#435 = ORIENTED_EDGE ( 'NONE', *, *, #3085, .T. ) ;
#436 = CARTESIAN_POINT ( 'NONE',  ( -60.55890577993909574, -13.39270793469205501, -30.02424463422056533 ) ) ;
#437 = CARTESIAN_POINT ( 'NONE',  ( -64.00451514891510385, 0.1844493938587564996, -26.15264670656465285 ) ) ;
#438 = DIRECTION ( 'NONE',  ( 0.000000000000000000, 1.000000000000000000, 0.000000000000000000 ) ) ;
#439 = ORIENTED_EDGE ( 'NONE', *, *, #849, .T. ) ;
#440 = CARTESIAN_POINT ( 'NONE',  ( 22.07214962495424970, -4.061725243986680667, -66.05339176915269661 ) ) ;
#441 = ADVANCED_FACE ( 'NONE', ( #2324 ), #657, .F. ) ;
#442 = EDGE_LOOP ( 'NONE', ( #824, #314, #3921, #2168 ) ) ;
#443 = CARTESIAN_POINT ( 'NONE',  ( 42.72948716276229675, -10.09999999999999964, -9.095554177161560006 ) ) ;
#444 = B_SPLINE_SURFACE_WITH_KNOTS ( 'NONE', 3, 3, ( 
 ( #2936, #5255, #2459, #313, #2967, #704, #2103 ),
 ( #2583, #1639, #2014, #1195, #3924, #1986, #4326 ),
 ( #2491, #283, #4299, #5741, #2042, #1669, #3864 ),
 ( #3473, #4715, #5289, #5682, #1226, #3807, #5620 ),
 ( #1548, #3352, #5165, #1107, #2903, #4273, #3833 ),
 ( #17, #4873, #377, #5804, #1733, #437, #1256 ),
 ( #3115, #3986, #1314, #1756, #933, #820, #1812 ),
 ( #3623, #4930, #4038, #2728, #5410, #409, #881 ),
 ( #345, #2194, #3506, #4902, #2132, #4014, #5439 ),
 ( #4418, #3141, #2221, #907, #1369, #1782, #3594 ) ),
 .UNSPECIFIED., .T., .F., .F.,
 ( 4, 1, 1, 1, 1, 1, 1, 4 ),
 ( 4, 1, 1, 1, 4 ),
 ( -3.141592653589790007, -2.243994752564140160, -1.346396851538479877, -0.4487989505128279766, 0.4487989505128279766, 1.346396851538479877, 2.243994752564140160, 3.141592653589790007 ),
 ( 0.000000000000000000, 0.3224948072910169827, 0.6449896145820339655, 0.9674844218730509482, 1.289979229164070151 ),
 .UNSPECIFIED. ) ;
#445 = CARTESIAN_POINT ( 'NONE',  ( 59.47536296208700435, 16.10000000000000142, -20.77693915205080089 ) ) ;
#446 = CARTESIAN_POINT ( 'NONE',  ( -29.11385950181374938, -13.10000000000000142, -48.75010739567609619 ) ) ;
#447 = EDGE_CURVE ( 'NONE', #5344, #244, #4603, .T. ) ;
#448 = CYLINDRICAL_SURFACE ( 'NONE', #1380, 4.999999999999997335 ) ;
#449 = ORIENTED_EDGE ( 'NONE', *, *, #5711, .T. ) ;
#450 = ORIENTED_EDGE ( 'NONE', *, *, #4483, .F. ) ;
#452 = VECTOR ( 'NONE', #30, 999.9999999999998863 ) ;
#451 = CARTESIAN_POINT ( 'NONE',  ( -7.309881818806389653, 8.022084346123758536, -67.99969411510689099 ) ) ;
#453 = CIRCLE ( 'NONE', #2710, 1.999999999999997335 ) ;
#454 = DIRECTION ( 'NONE',  ( 0.000000000000000000, 1.000000000000000000, 0.000000000000000000 ) ) ;
#455 = DIRECTION ( 'NONE',  ( 0.7516382967157390071, 0.000000000000000000, -0.6595755232801340240 ) ) ;
#456 = CARTESIAN_POINT ( 'NONE',  ( -61.06128691848967804, 3.448264526833133115, -31.48134196253926831 ) ) ;
#457 = CARTESIAN_POINT ( 'NONE',  ( -64.01969771060350922, 3.032280414925240031, -22.92331357031414996 ) ) ;
#458 = CARTESIAN_POINT ( 'NONE',  ( 58.59114660207919911, -10.09999999999999964, -30.38219116281240062 ) ) ;
#459 = EDGE_CURVE ( 'NONE', #5257, #2764, #3279, .T. ) ;
#460 = AXIS2_PLACEMENT_3D ( 'NONE', #1568, #4675, #2032 ) ;
#461 = CARTESIAN_POINT ( 'NONE',  ( 58.88940059228569623, 10.16666609856367920, -33.99981111491181451 ) ) ;
#462 = CARTESIAN_POINT ( 'NONE',  ( 54.07657161259250245, 0.000000000000000000, -11.59233766148770073 ) ) ;
#463 = CARTESIAN_POINT ( 'NONE',  ( -60.56395560220836671, -13.39594786770293133, -30.05255575872960705 ) ) ;
#464 = CARTESIAN_POINT ( 'NONE',  ( -66.06866419668089918, -10.09999999999999964, -29.56571682314174865 ) ) ;
#465 = DIRECTION ( 'NONE',  ( 0.3289878516042700207, 0.000000000000000000, 0.9443341535160141298 ) ) ;
#466 = VERTEX_POINT ( 'NONE', #2447 ) ;
#467 = CARTESIAN_POINT ( 'NONE',  ( 65.76705131894800616, 0.2497127429673270116, -18.96979535515430015 ) ) ;
#468 = ORIENTED_EDGE ( 'NONE', *, *, #4674, .F. ) ;
#469 = CARTESIAN_POINT ( 'NONE',  ( 58.50793944047150319, 13.08341843811102123, -35.23132836936390078 ) ) ;
#470 = EDGE_CURVE ( 'NONE', #975, #1689, #1580, .T. ) ;
#472 = VECTOR ( 'NONE', #2916, 999.9999999999998863 ) ;
#471 = CARTESIAN_POINT ( 'NONE',  ( -57.37444922899317135, 0.000000000000000000, -15.35052914506639610 ) ) ;
#473 = FACE_OUTER_BOUND ( 'NONE', #3953, .T. ) ;
#474 = VERTEX_POINT ( 'NONE', #2001 ) ;
#475 = CARTESIAN_POINT ( 'NONE',  ( -12.06596609671983877, -16.10000000000000142, -38.00814511808529517 ) ) ;
#476 = AXIS2_PLACEMENT_3D ( 'NONE', #4122, #4598, #3717 ) ;
#477 = ORIENTED_EDGE ( 'NONE', *, *, #4712, .F. ) ;
#478 = EDGE_CURVE ( 'NONE', #1409, #4684, #744, .T. ) ;
#479 = ORIENTED_EDGE ( 'NONE', *, *, #4217, .T. ) ;
#480 = CIRCLE ( 'NONE', #948, 2.049999999999996270 ) ;
#481 = CARTESIAN_POINT ( 'NONE',  ( -21.38844146727965168, 5.181429132083369637, -64.00738511029908295 ) ) ;
#482 = CARTESIAN_POINT ( 'NONE',  ( 7.309882778386380231, -5.019818323442000185, -68.00030588489299532 ) ) ;
#483 = CARTESIAN_POINT ( 'NONE',  ( -61.84884025545139252, 3.031768509037723103, -30.92249870463495753 ) ) ;
#484 = CYLINDRICAL_SURFACE ( 'NONE', #1715, 2.049999999999996270 ) ;
#485 = CARTESIAN_POINT ( 'NONE',  ( 68.33318728519560636, -10.09999999999999964, -25.64344777892159755 ) ) ;
#486 = LINE ( 'NONE', #2085, #1315 ) ;
#487 = CARTESIAN_POINT ( 'NONE',  ( 0.000000000000000000, 8.500000000000000000, -68.00000000000000000 ) ) ;
#488 = EDGE_CURVE ( 'NONE', #5619, #5774, #3456, .T. ) ;
#489 = ORIENTED_EDGE ( 'NONE', *, *, #4040, .T. ) ;
#490 = CARTESIAN_POINT ( 'NONE',  ( -64.01873447576201670, 0.03276353160113559815, -22.92215429542961047 ) ) ;
#491 = AXIS2_PLACEMENT_3D ( 'NONE', #2067, #5736, #725 ) ;
#492 = CARTESIAN_POINT ( 'NONE',  ( 51.07001842572970673, 0.000000000000000000, -14.23063975460823904 ) ) ;
#493 = CARTESIAN_POINT ( 'NONE',  ( 43.67122707623509825, 16.10000000000000142, -5.046038264045169086 ) ) ;
#494 = ORIENTED_EDGE ( 'NONE', *, *, #1505, .T. ) ;
#495 = AXIS2_PLACEMENT_3D ( 'NONE', #4863, #811, #5764 ) ;
#496 = ADVANCED_FACE ( 'NONE', ( #5273 ), #2533, .T. ) ;
#497 = ORIENTED_EDGE ( 'NONE', *, *, #3744, .F. ) ;
#498 = CYLINDRICAL_SURFACE ( 'NONE', #3804, 1.999999999999997780 ) ;
#499 = VECTOR ( 'NONE', #3746, 1000.000000000000000 ) ;
#500 = AXIS2_PLACEMENT_3D ( 'NONE', #4612, #1006, #2382 ) ;
#501 = B_SPLINE_CURVE_WITH_KNOTS ( 'NONE', 3,
 ( #393, #805, #719, #2628, #5789, #3911 ),
 .UNSPECIFIED., .F., .F.,
 ( 4, 2, 4 ),
 ( 0.000000000000000000, 0.2285257596104308120, 0.4570515192208616240 ),
 .UNSPECIFIED. ) ;
#502 = CARTESIAN_POINT ( 'NONE',  ( -60.92440353277121545, 0.5673694681405920814, -30.46985823580139296 ) ) ;
#503 = DIRECTION ( 'NONE',  ( -0.8347722743006751323, -0.5505953596416139906, 0.000000000000000000 ) ) ;
#504 = ORIENTED_EDGE ( 'NONE', *, *, #2551, .T. ) ;
#505 = CARTESIAN_POINT ( 'NONE',  ( -56.71487370571303899, 0.000000000000000000, -14.59889084835065631 ) ) ;
#506 = ORIENTED_EDGE ( 'NONE', *, *, #4826, .T. ) ;
#507 = ORIENTED_EDGE ( 'NONE', *, *, #5577, .F. ) ;
#508 = CARTESIAN_POINT ( 'NONE',  ( -57.59792173531349846, 1.142546724292982097, -39.68521476254684899 ) ) ;
#509 = CARTESIAN_POINT ( 'NONE',  ( 21.92772362171429990, -4.061720993007779335, -65.62116046645590473 ) ) ;
#510 = EDGE_CURVE ( 'NONE', #4263, #5811, #4858, .T. ) ;
#511 = CARTESIAN_POINT ( 'NONE',  ( -62.38072463315057092, 2.235305065759176202, -30.61226540838984178 ) ) ;
#512 = CARTESIAN_POINT ( 'NONE',  ( -56.71487370571303899, 0.000000000000000000, -14.59889084835065631 ) ) ;
#513 = DIRECTION ( 'NONE',  ( 0.000000000000000000, 1.000000000000000000, 0.000000000000000000 ) ) ;
#514 = FACE_OUTER_BOUND ( 'NONE', #1757, .T. ) ;
#515 = CYLINDRICAL_SURFACE ( 'NONE', #2890, 4.999999999999997335 ) ;
#516 = ORIENTED_EDGE ( 'NONE', *, *, #4826, .F. ) ;
#517 = ADVANCED_FACE ( 'NONE', ( #804, #4794, #329 ), #297, .F. ) ;
#518 = DIRECTION ( 'NONE',  ( -0.000000000000000000, -1.000000000000000000, -0.000000000000000000 ) ) ;
#519 = VECTOR ( 'NONE', #3094, 1000.000000000000000 ) ;
#520 = LINE ( 'NONE', #4176, #3028 ) ;
#521 = LINE ( 'NONE', #75, #3216 ) ;
#522 = ORIENTED_EDGE ( 'NONE', *, *, #2490, .F. ) ;
#523 = APPLICATION_PROTOCOL_DEFINITION ( 'draft international standard', 'automotive_design', 1998, #252 ) ;
#524 = ORIENTED_EDGE ( 'NONE', *, *, #258, .T. ) ;
#525 = ORIENTED_EDGE ( 'NONE', *, *, #410, .F. ) ;
#526 = CARTESIAN_POINT ( 'NONE',  ( -12.38597862740635414, -4.900000000000001243, 54.74476843225105682 ) ) ;
#527 = EDGE_CURVE ( 'NONE', #1937, #4768, #1486, .T. ) ;
#528 = CARTESIAN_POINT ( 'NONE',  ( 50.96347658327250230, 1.650167208960350074, -8.044720500505608385 ) ) ;
#529 = CARTESIAN_POINT ( 'NONE',  ( 24.22220753623764722, -16.10000000000000142, -54.89339361044660137 ) ) ;
#530 = EDGE_LOOP ( 'NONE', ( #3518, #1098, #5064, #4024 ) ) ;
#531 = DIRECTION ( 'NONE',  ( 0.000000000000000000, -1.000000000000000000, 0.000000000000000000 ) ) ;
#532 = ORIENTED_EDGE ( 'NONE', *, *, #5120, .T. ) ;
#533 = ORIENTED_EDGE ( 'NONE', *, *, #2488, .F. ) ;
#534 = EDGE_CURVE ( 'NONE', #5445, #4464, #1678, .T. ) ;
#535 = DIRECTION ( 'NONE',  ( 0.000000000000000000, 1.000000000000000000, 0.000000000000000000 ) ) ;
#536 = DIRECTION ( 'NONE',  ( 0.6595755232801344681, 0.000000000000000000, -0.7516382967157386741 ) ) ;
#537 = CARTESIAN_POINT ( 'NONE',  ( -61.04237889782384485, 0.7854051556479434426, -31.49335470797633718 ) ) ;
#538 = CARTESIAN_POINT ( 'NONE',  ( 22.50776315053149901, 0.000000000000000000, -39.29450963925329887 ) ) ;
#539 = CARTESIAN_POINT ( 'NONE',  ( 67.56866419668098445, 10.09999999999999964, -26.96764061178844685 ) ) ;
#540 = AXIS2_PLACEMENT_3D ( 'NONE', #5539, #2435, #4573 ) ;
#541 = EDGE_CURVE ( 'NONE', #4778, #5779, #2424, .T. ) ;
#542 = CIRCLE ( 'NONE', #3849, 3.999999999999998668 ) ;
#543 = FACE_OUTER_BOUND ( 'NONE', #1839, .T. ) ;
#544 = CARTESIAN_POINT ( 'NONE',  ( 0.000000000000000000, 0.000000000000000000, 0.000000000000000000 ) ) ;
#545 = ORIENTED_EDGE ( 'NONE', *, *, #786, .T. ) ;
#546 = CARTESIAN_POINT ( 'NONE',  ( 62.38597862740637368, -4.900000000000001243, 54.74476843225104972 ) ) ;
#547 = CARTESIAN_POINT ( 'NONE',  ( -18.50686194250849326, -7.842499080146622781, 30.75716871560870302 ) ) ;
#548 = DIRECTION ( 'NONE',  ( 0.000000000000000000, 1.000000000000000000, 0.000000000000000000 ) ) ;
#549 = ORIENTED_EDGE ( 'NONE', *, *, #58, .F. ) ;
#550 = ADVANCED_FACE ( 'NONE', ( #1626 ), #4342, .F. ) ;
#551 = ORIENTED_EDGE ( 'NONE', *, *, #1064, .T. ) ;
#552 = PRODUCT_DEFINITION_CONTEXT ( 'detailed design', #252, 'design' ) ;
#553 = DIRECTION ( 'NONE',  ( 0.7516382967157390071, 0.000000000000000000, 0.6595755232801340240 ) ) ;
#554 = DIRECTION ( 'NONE',  ( 0.9764420004556761956, 0.000000000000000000, -0.2157800262909368716 ) ) ;
#555 = CARTESIAN_POINT ( 'NONE',  ( 45.67122707623510536, 16.10000000000000142, -5.046038264045169086 ) ) ;
#556 = EDGE_LOOP ( 'NONE', ( #2044, #5771 ) ) ;
#557 = EDGE_CURVE ( 'NONE', #2971, #1531, #1288, .T. ) ;
#558 = DIRECTION ( 'NONE',  ( 0.7516382967157391182, 0.000000000000000000, 0.6595755232801341350 ) ) ;
#559 = DIRECTION ( 'NONE',  ( -0.7516382967157391182, 0.000000000000000000, -0.6595755232801341350 ) ) ;
#560 = ORIENTED_EDGE ( 'NONE', *, *, #5635, .T. ) ;
#561 = ORIENTED_EDGE ( 'NONE', *, *, #3203, .F. ) ;
#562 = CARTESIAN_POINT ( 'NONE',  ( -60.57633468311950509, -10.48166220795918946, -30.13922695319075373 ) ) ;
#563 = CARTESIAN_POINT ( 'NONE',  ( 0.000000000000000000, -7.382236305025700496, -66.32594535354279230 ) ) ;
#564 = CIRCLE ( 'NONE', #4615, 2.000000000000001776 ) ;
#565 = CARTESIAN_POINT ( 'NONE',  ( -61.28398648026364270, 0.8480687996363849290, -31.31001153671036263 ) ) ;
#566 = CARTESIAN_POINT ( 'NONE',  ( 64.00089952766529677, -0.03081259715373425162, -22.90209257644234597 ) ) ;
#567 = DIRECTION ( 'NONE',  ( 0.9926956690917259074, 0.000000000000000000, 0.1206453835276376924 ) ) ;
#568 = AXIS2_PLACEMENT_3D ( 'NONE', #4348, #4382, #5707 ) ;
#569 = B_SPLINE_CURVE_WITH_KNOTS ( 'NONE', 3,
 ( #4915, #1744, #88, #3787 ),
 .UNSPECIFIED., .F., .F.,
 ( 4, 4 ),
 ( 0.000000000000000000, 0.02294995062558230839 ),
 .UNSPECIFIED. ) ;
#570 = AXIS2_PLACEMENT_3D ( 'NONE', #2494, #2465, #795 ) ;
#571 = CARTESIAN_POINT ( 'NONE',  ( 43.27650099504969461, 10.09999999999999964, -9.808305865032370008 ) ) ;
#572 = CARTESIAN_POINT ( 'NONE',  ( 64.47539875668518050, 0.08819001715003847719, -20.77695654278758397 ) ) ;
#573 = VERTEX_POINT ( 'NONE', #774 ) ;
#574 = CARTESIAN_POINT ( 'NONE',  ( 62.38597862740637368, 16.10000000000000142, 54.74476843225104972 ) ) ;
#575 = CARTESIAN_POINT ( 'NONE',  ( 1.102182119232617911E-14, -4.900000000000001243, 90.00000000000000000 ) ) ;
#576 = CARTESIAN_POINT ( 'NONE',  ( 60.09442319551060052, 0.000000000000000000, -29.06304011625210038 ) ) ;
#577 = LINE ( 'NONE', #4535, #110 ) ;
#578 = EDGE_LOOP ( 'NONE', ( #852, #2198 ) ) ;
#579 = LINE ( 'NONE', #1841, #2243 ) ;
#580 = ADVANCED_FACE ( 'NONE', ( #718 ), #2566, .F. ) ;
#581 = ORIENTED_EDGE ( 'NONE', *, *, #2256, .T. ) ;
#582 = ADVANCED_FACE ( 'NONE', ( #2506 ), #1153, .F. ) ;
#583 = PLANE ( 'NONE',  #3222 ) ;
#584 = VECTOR ( 'NONE', #5596, 999.9999999999998863 ) ;
#585 = LINE ( 'NONE', #108, #192 ) ;
#586 = DIRECTION ( 'NONE',  ( -0.4663903252160481183, 0.7071067811865471286, 0.5314885366072060746 ) ) ;
#587 = CIRCLE ( 'NONE', #3512, 1.999999999999997780 ) ;
#588 = EDGE_LOOP ( 'NONE', ( #5453, #291, #4851, #1227 ) ) ;
#589 = CIRCLE ( 'NONE', #3998, 5.000000000000000888 ) ;
#590 = EDGE_CURVE ( 'NONE', #2659, #769, #2118, .T. ) ;
#591 = DIRECTION ( 'NONE',  ( -0.7516382967157390071, 0.000000000000000000, -0.6595755232801340240 ) ) ;
#592 = LINE ( 'NONE', #4187, #1667 ) ;
#593 = ORIENTED_EDGE ( 'NONE', *, *, #1400, .F. ) ;
#594 = ORIENTED_EDGE ( 'NONE', *, *, #2852, .T. ) ;
#595 = DIRECTION ( 'NONE',  ( -0.7516382967157391182, 0.000000000000000000, -0.6595755232801341350 ) ) ;
#596 = CARTESIAN_POINT ( 'NONE',  ( 7.489820139318990044, -6.902376207048170009, -69.67194742310179834 ) ) ;
#597 = CARTESIAN_POINT ( 'NONE',  ( 58.69294323534410296, 16.10000000000000142, -13.82080377590956033 ) ) ;
#598 = CARTESIAN_POINT ( 'NONE',  ( -25.02961445411220254, -16.10000000000000142, -56.72317339746160059 ) ) ;
#599 = DIRECTION ( 'NONE',  ( 0.9978788618232535823, 0.000000000000000000, 0.06509821139115724853 ) ) ;
#600 = EDGE_CURVE ( 'NONE', #1814, #3015, #5551, .T. ) ;
#601 = CARTESIAN_POINT ( 'NONE',  ( 5.910551017812800012, -16.10000000000000142, -32.46637316772275028 ) ) ;
#602 = CARTESIAN_POINT ( 'NONE',  ( 59.47536296208700435, 16.10000000000000142, -20.77693915205080089 ) ) ;
#603 = ORIENTED_EDGE ( 'NONE', *, *, #3173, .F. ) ;
#604 = CARTESIAN_POINT ( 'NONE',  ( 58.59114660207919911, 10.09999999999999964, -30.38219116281240062 ) ) ;
#605 = DIRECTION ( 'NONE',  ( 0.000000000000000000, 1.000000000000000000, 0.000000000000000000 ) ) ;
#606 = CARTESIAN_POINT ( 'NONE',  ( -15.57242869935954133, -5.263343672316101340, 37.17386073988660655 ) ) ;
#607 = CARTESIAN_POINT ( 'NONE',  ( 50.84639213804667435, 1.121011088873773653, -7.901328175386813868 ) ) ;
#608 = ORIENTED_EDGE ( 'NONE', *, *, #1209, .F. ) ;
#609 = EDGE_CURVE ( 'NONE', #3206, #4937, #4764, .T. ) ;
#610 = CARTESIAN_POINT ( 'NONE',  ( 64.47584323929444849, -2.866363998362211785, -20.77698526710514670 ) ) ;
#611 = VERTEX_POINT ( 'NONE', #2478 ) ;
#612 = DIRECTION ( 'NONE',  ( 0.3289878516042700207, 0.000000000000000000, 0.9443341535160141298 ) ) ;
#613 = EDGE_CURVE ( 'NONE', #4970, #3086, #4286, .T. ) ;
#614 = VERTEX_POINT ( 'NONE', #2058 ) ;
#615 = DIRECTION ( 'NONE',  ( 0.000000000000000000, 1.000000000000000000, 0.000000000000000000 ) ) ;
#616 = CARTESIAN_POINT ( 'NONE',  ( 64.33286668822979948, -2.616363003706777324, -19.59164293270822199 ) ) ;
#617 = EDGE_LOOP ( 'NONE', ( #883, #3452, #993, #3351 ) ) ;
#618 = CARTESIAN_POINT ( 'NONE',  ( -62.38597862740635946, 16.10000000000000142, 54.74476843225106393 ) ) ;
#619 = CYLINDRICAL_SURFACE ( 'NONE', #4593, 67.99999999999995737 ) ;
#620 = ORIENTED_EDGE ( 'NONE', *, *, #374, .T. ) ;
#621 = VERTEX_POINT ( 'NONE', #3880 ) ;
#622 = VERTEX_POINT ( 'NONE', #5241 ) ;
#623 = DIRECTION ( 'NONE',  ( 0.000000000000000000, -1.000000000000000000, 0.000000000000000000 ) ) ;
#624 = CARTESIAN_POINT ( 'NONE',  ( 7.229799762790730000, -8.066966623535879677, -67.25461972646890274 ) ) ;
#625 = DIRECTION ( 'NONE',  ( -0.7516382967157390071, 0.000000000000000000, 0.6595755232801340240 ) ) ;
#626 = CARTESIAN_POINT ( 'NONE',  ( 60.09442319551060052, -16.10000000000000142, -29.06304011625210038 ) ) ;
#627 = CARTESIAN_POINT ( 'NONE',  ( 0.000000000000000000, 8.069464950912651702, -66.65842761676741191 ) ) ;
#628 = CIRCLE ( 'NONE', #3268, 7.500000000000000000 ) ;
#629 = DIRECTION ( 'NONE',  ( 0.000000000000000000, -1.000000000000000000, 0.000000000000000000 ) ) ;
#630 = CARTESIAN_POINT ( 'NONE',  ( -43.88726090026582938, 5.390002969814983835, -52.27927029500318667 ) ) ;
#631 = VERTEX_POINT ( 'NONE', #1183 ) ;
#632 = CARTESIAN_POINT ( 'NONE',  ( -64.16410891166491126, 0.2352621759709654647, -19.03743914030345508 ) ) ;
#633 = AXIS2_PLACEMENT_3D ( 'NONE', #2177, #4001, #5819 ) ;
#634 = EDGE_CURVE ( 'NONE', #3476, #1204, #3072, .T. ) ;
#635 = LINE ( 'NONE', #1510, #4526 ) ;
#636 = LINE ( 'NONE', #3406, #1047 ) ;
#637 = CARTESIAN_POINT ( 'NONE',  ( -50.67122707623509825, 10.09999999999999964, -5.046038264045169086 ) ) ;
#638 = VERTEX_POINT ( 'NONE', #2232 ) ;
#639 = CIRCLE ( 'NONE', #359, 2.000000000000001776 ) ;
#640 = ORIENTED_EDGE ( 'NONE', *, *, #5056, .F. ) ;
#641 = ORIENTED_EDGE ( 'NONE', *, *, #4407, .T. ) ;
#642 = CARTESIAN_POINT ( 'NONE',  ( -42.40681730675835581, 16.10000000000000142, 1.706267183499749818 ) ) ;
#643 = CARTESIAN_POINT ( 'NONE',  ( -64.39347478865310848, -0.04732572812536603446, -21.72679728033063995 ) ) ;
#644 = VECTOR ( 'NONE', #1069, 1000.000000000000000 ) ;
#645 = EDGE_CURVE ( 'NONE', #2958, #1578, #3664, .T. ) ;
#646 = VERTEX_POINT ( 'NONE', #422 ) ;
#647 = EDGE_CURVE ( 'NONE', #5175, #2011, #3152, .T. ) ;
#648 = FACE_OUTER_BOUND ( 'NONE', #3383, .T. ) ;
#649 = CARTESIAN_POINT ( 'NONE',  ( 50.96347658327250230, 16.10000000000000142, -8.044720500505590621 ) ) ;
#650 = ORIENTED_EDGE ( 'NONE', *, *, #1330, .T. ) ;
#651 = ORIENTED_EDGE ( 'NONE', *, *, #3358, .F. ) ;
#652 = VERTEX_POINT ( 'NONE', #944 ) ;
#653 = DIRECTION ( 'NONE',  ( -0.6595755232801344681, 0.000000000000000000, -0.7516382967157386741 ) ) ;
#654 = DIRECTION ( 'NONE',  ( 0.000000000000000000, 1.000000000000000000, 0.000000000000000000 ) ) ;
#655 = CARTESIAN_POINT ( 'NONE',  ( 41.14154111323579599, -5.671723297450330215, -54.68561546325259570 ) ) ;
#656 = EDGE_CURVE ( 'NONE', #5313, #975, #863, .T. ) ;
#657 = CYLINDRICAL_SURFACE ( 'NONE', #3663, 3.999999999999998668 ) ;
#658 = EDGE_CURVE ( 'NONE', #2821, #134, #2627, .T. ) ;
#659 = DIRECTION ( 'NONE',  ( -0.9764420004556761956, 0.000000000000000000, -0.2157800262909368716 ) ) ;
#660 = CARTESIAN_POINT ( 'NONE',  ( -6.337237736504819807, -8.916674403544838867, -67.77560052525430478 ) ) ;
#661 = LINE ( 'NONE', #4290, #992 ) ;
#662 = AXIS2_PLACEMENT_3D ( 'NONE', #1753, #4414, #3082 ) ;
#663 = ORIENTED_EDGE ( 'NONE', *, *, #2681, .F. ) ;
#664 = CARTESIAN_POINT ( 'NONE',  ( -64.47535205923831825, -0.08830722913558433640, -20.76613351024546716 ) ) ;
#665 = CYLINDRICAL_SURFACE ( 'NONE', #5, 2.000000000000001776 ) ;
#666 = DIRECTION ( 'NONE',  ( 1.000000000000000000, 0.000000000000000000, 0.000000000000000000 ) ) ;
#667 = CARTESIAN_POINT ( 'NONE',  ( 42.72948716276229675, 10.09999999999999964, -9.095554177161560006 ) ) ;
#668 = AXIS2_PLACEMENT_3D ( 'NONE', #995, #5139, #2818 ) ;
#669 = ORIENTED_EDGE ( 'NONE', *, *, #4181, .T. ) ;
#670 = ORIENTED_EDGE ( 'NONE', *, *, #478, .T. ) ;
#671 = CARTESIAN_POINT ( 'NONE',  ( 60.57667251127769958, 10.48090027504585819, -30.14093714526241286 ) ) ;
#672 = ORIENTED_EDGE ( 'NONE', *, *, #912, .F. ) ;
#673 = EDGE_LOOP ( 'NONE', ( #1990, #5190, #3709, #3335 ) ) ;
#674 = CIRCLE ( 'NONE', #1417, 2.000000000000000444 ) ;
#675 = EDGE_CURVE ( 'NONE', #2781, #5301, #1300, .T. ) ;
#676 = CARTESIAN_POINT ( 'NONE',  ( -42.72948716276229675, -10.09999999999999964, -9.095554177161560006 ) ) ;
#677 = CARTESIAN_POINT ( 'NONE',  ( 64.00229338296240655, -0.5787196771299500941, -18.65392722574861395 ) ) ;
#678 = ORIENTED_EDGE ( 'NONE', *, *, #3012, .T. ) ;
#679 = CARTESIAN_POINT ( 'NONE',  ( 35.75472309270364946, 9.116825257469411525, -56.90200004059980188 ) ) ;
#680 = CIRCLE ( 'NONE', #5696, 33.00000000000000000 ) ;
#681 = FACE_OUTER_BOUND ( 'NONE', #1961, .T. ) ;
#682 = ORIENTED_EDGE ( 'NONE', *, *, #1299, .T. ) ;
#683 = VERTEX_POINT ( 'NONE', #4943 ) ;
#684 = EDGE_LOOP ( 'NONE', ( #2611, #352, #4416, #234 ) ) ;
#685 = AXIS2_PLACEMENT_3D ( 'NONE', #4505, #1018, #1838 ) ;
#686 = LINE ( 'NONE', #1649, #1496 ) ;
#687 = CARTESIAN_POINT ( 'NONE',  ( 61.00086046325641576, -3.468986743721867327, -31.52970158875002937 ) ) ;
#688 = AXIS2_PLACEMENT_3D ( 'NONE', #4949, #842, #4028 ) ;
#689 = DIRECTION ( 'NONE',  ( 0.9440533803505859467, 0.000000000000000000, 0.3297926849531869764 ) ) ;
#690 = DIRECTION ( 'NONE',  ( -1.000000000000000000, 0.000000000000000000, 0.000000000000000000 ) ) ;
#691 = DIRECTION ( 'NONE',  ( 0.6595755232801356893, 0.000000000000000000, -0.7516382967157376749 ) ) ;
#692 = VECTOR ( 'NONE', #3573, 1000.000000000000000 ) ;
#693 = AXIS2_PLACEMENT_3D ( 'NONE', #3136, #2216, #926 ) ;
#694 = EDGE_CURVE ( 'NONE', #622, #2968, #347, .T. ) ;
#695 = CARTESIAN_POINT ( 'NONE',  ( 64.19562986383930081, 0.002296115599336180126, -22.42590257681814947 ) ) ;
#696 = DIRECTION ( 'NONE',  ( 1.000000000000000000, 0.000000000000000000, 0.000000000000000000 ) ) ;
#697 = ORIENTED_EDGE ( 'NONE', *, *, #2303, .F. ) ;
#698 = DIRECTION ( 'NONE',  ( 0.000000000000000000, 1.000000000000000000, 0.000000000000000000 ) ) ;
#699 = DIRECTION ( 'NONE',  ( -0.7516382967157391182, 0.000000000000000000, 0.6595755232801341350 ) ) ;
#700 = CARTESIAN_POINT ( 'NONE',  ( -60.58908470254942813, -13.41123816925644441, -30.24419226408676309 ) ) ;
#701 = DIRECTION ( 'NONE',  ( 0.000000000000000000, 0.000000000000000000, 1.000000000000000000 ) ) ;
#702 = ORIENTED_EDGE ( 'NONE', *, *, #4063, .F. ) ;
#703 = EDGE_CURVE ( 'NONE', #227, #4788, #3163, .T. ) ;
#704 = CARTESIAN_POINT ( 'NONE',  ( -63.31023230695500814, 3.231597693952644956, -25.86904051549669958 ) ) ;
#705 = ORIENTED_EDGE ( 'NONE', *, *, #9, .T. ) ;
#706 = VERTEX_POINT ( 'NONE', #4049 ) ;
#707 = FACE_BOUND ( 'NONE', #3529, .T. ) ;
#708 = ORIENTED_EDGE ( 'NONE', *, *, #3444, .F. ) ;
#709 = LINE ( 'NONE', #5263, #4270 ) ;
#710 = CARTESIAN_POINT ( 'NONE',  ( 45.67122707623510536, -10.09999999999999964, -5.046038264045169086 ) ) ;
#711 = EDGE_CURVE ( 'NONE', #3569, #5747, #628, .T. ) ;
#712 = EDGE_LOOP ( 'NONE', ( #670, #4566 ) ) ;
#713 = ORIENTED_EDGE ( 'NONE', *, *, #5253, .F. ) ;
#714 = CARTESIAN_POINT ( 'NONE',  ( -58.88972745734179881, 0.8333333333333350357, -34.00000000000000000 ) ) ;
#715 = CARTESIAN_POINT ( 'NONE',  ( 60.32635701605074274, -3.641672845236505918, -32.12865589202695560 ) ) ;
#716 = DIRECTION ( 'NONE',  ( 0.000000000000000000, 1.000000000000000000, 0.000000000000000000 ) ) ;
#717 = CIRCLE ( 'NONE', #4020, 3.999999999999998668 ) ;
#718 = FACE_OUTER_BOUND ( 'NONE', #3230, .T. ) ;
#719 = CARTESIAN_POINT ( 'NONE',  ( 60.56013056985639054, 10.40723465662208014, -30.78592617082443184 ) ) ;
#720 = CARTESIAN_POINT ( 'NONE',  ( -63.31023230695500814, 3.231597693952644956, -25.86904051549669958 ) ) ;
#721 = DIRECTION ( 'NONE',  ( 0.000000000000000000, -1.000000000000000000, 0.000000000000000000 ) ) ;
#722 = VERTEX_POINT ( 'NONE', #5843 ) ;
#723 = CARTESIAN_POINT ( 'NONE',  ( -64.43378397650386091, -0.06379847965557292055, -20.11412039268553187 ) ) ;
#724 = DIRECTION ( 'NONE',  ( -0.7516382967157391182, 0.000000000000000000, 0.6595755232801341350 ) ) ;
#725 = DIRECTION ( 'NONE',  ( 1.000000000000000000, 0.000000000000000000, 0.000000000000000000 ) ) ;
#726 = EDGE_CURVE ( 'NONE', #3272, #918, #2656, .T. ) ;
#727 = CARTESIAN_POINT ( 'NONE',  ( 57.18966664191270155, -10.09999999999999964, -15.13995482246985169 ) ) ;
#728 = ORIENTED_EDGE ( 'NONE', *, *, #5135, .F. ) ;
#729 = CARTESIAN_POINT ( 'NONE',  ( 22.71033321708026520, -12.58287826222159111, 24.30592795020714192 ) ) ;
#730 = ADVANCED_FACE ( 'NONE', ( #1743 ), #4996, .F. ) ;
#731 = ORIENTED_EDGE ( 'NONE', *, *, #3238, .F. ) ;
#732 = CIRCLE ( 'NONE', #4037, 4.000000000000000000 ) ;
#733 = DIRECTION ( 'NONE',  ( 0.000000000000000000, -1.000000000000000000, 0.000000000000000000 ) ) ;
#734 = VERTEX_POINT ( 'NONE', #4515 ) ;
#735 = CARTESIAN_POINT ( 'NONE',  ( 51.03395807964349729, 12.25006963134220150, -45.60521033587849615 ) ) ;
#736 = DIRECTION ( 'NONE',  ( 0.000000000000000000, -1.000000000000000000, 0.000000000000000000 ) ) ;
#737 = VERTEX_POINT ( 'NONE', #4913 ) ;
#738 = ORIENTED_EDGE ( 'NONE', *, *, #1064, .F. ) ;
#739 = VECTOR ( 'NONE', #1096, 999.9999999999998863 ) ;
#740 = CARTESIAN_POINT ( 'NONE',  ( -64.01969771060350922, 3.032280414925240031, -22.92331357031414996 ) ) ;
#741 = CARTESIAN_POINT ( 'NONE',  ( 60.85947916376061073, -3.513000668114516944, -31.64629428712621717 ) ) ;
#742 = EDGE_CURVE ( 'NONE', #5302, #621, #4886, .T. ) ;
#743 = CARTESIAN_POINT ( 'NONE',  ( -60.05777060222309416, -10.93062789114260092, -28.92075660454939978 ) ) ;
#744 = CIRCLE ( 'NONE', #3574, 4.999999999999998224 ) ;
#745 = CARTESIAN_POINT ( 'NONE',  ( 45.67122707623510536, 10.09999999999999964, -5.046038264045169086 ) ) ;
#746 = DIRECTION ( 'NONE',  ( 0.000000000000000000, 1.000000000000000000, 0.000000000000000000 ) ) ;
#747 = CARTESIAN_POINT ( 'NONE',  ( -28.09068004689710207, 16.10000000000000142, -45.65668348982450198 ) ) ;
#748 = EDGE_CURVE ( 'NONE', #2912, #3862, #2262, .T. ) ;
#749 = FACE_OUTER_BOUND ( 'NONE', #5360, .T. ) ;
#750 = ORIENTED_EDGE ( 'NONE', *, *, #4402, .F. ) ;
#751 = LINE ( 'NONE', #1571, #4356 ) ;
#752 = DIRECTION ( 'NONE',  ( 0.000000000000000000, 1.000000000000000000, 0.000000000000000000 ) ) ;
#753 = CARTESIAN_POINT ( 'NONE',  ( 54.07657161259250245, 0.000000000000000000, -11.59233766148770073 ) ) ;
#754 = CARTESIAN_POINT ( 'NONE',  ( 0.000000000000000000, -10.09999999999999964, 0.000000000000000000 ) ) ;
#755 = ORIENTED_EDGE ( 'NONE', *, *, #5667, .F. ) ;
#756 = CIRCLE ( 'NONE', #5001, 2.000000000000003997 ) ;
#757 = ORIENTED_EDGE ( 'NONE', *, *, #3547, .F. ) ;
#758 = AXIS2_PLACEMENT_3D ( 'NONE', #3176, #4073, #3575 ) ;
#759 = DIRECTION ( 'NONE',  ( -0.9440533803505859467, 0.000000000000000000, 0.3297926849531869764 ) ) ;
#760 = EDGE_LOOP ( 'NONE', ( #29, #1768, #3934, #3599, #450, #931, #1045, #4818, #4878, #2808, #479, #3891, #1013, #4514, #3241, #4274, #3537, #3964, #2163, #5358, #1467, #3785, #5738 ) ) ;
#761 = AXIS2_PLACEMENT_3D ( 'NONE', #5346, #752, #3437 ) ;
#762 = VERTEX_POINT ( 'NONE', #4545 ) ;
#763 = FACE_BOUND ( 'NONE', #3242, .T. ) ;
#764 = ADVANCED_FACE ( 'NONE', ( #5392 ), #448, .T. ) ;
#765 = VERTEX_POINT ( 'NONE', #4430 ) ;
#766 = DIRECTION ( 'NONE',  ( -0.6595755232801341350, 0.000000000000000000, -0.7516382967157388961 ) ) ;
#767 = CARTESIAN_POINT ( 'NONE',  ( 39.40525960507399361, 16.10000000000000142, 2.094525554754359753 ) ) ;
#768 = ORIENTED_EDGE ( 'NONE', *, *, #891, .F. ) ;
#769 = VERTEX_POINT ( 'NONE', #5477 ) ;
#770 = CARTESIAN_POINT ( 'NONE',  ( -64.00736211519441099, 3.031551707310640165, -22.90925618705001909 ) ) ;
#771 = CARTESIAN_POINT ( 'NONE',  ( 62.31914084281792299, -2.444460388800812733, -30.64562193716257710 ) ) ;
#772 = CARTESIAN_POINT ( 'NONE',  ( -64.00119431748970555, 10.09999999999999964, -22.90222749541804603 ) ) ;
#773 = EDGE_CURVE ( 'NONE', #5492, #3686, #5071, .T. ) ;
#774 = CARTESIAN_POINT ( 'NONE',  ( 58.88972745734182723, 16.10000000000000142, -34.00000000000002132 ) ) ;
#775 = CARTESIAN_POINT ( 'NONE',  ( 50.52359261963732706, -10.09999999999999964, -7.198990038057099028 ) ) ;
#776 = VECTOR ( 'NONE', #72, 999.9999999999998863 ) ;
#777 = DIRECTION ( 'NONE',  ( 0.000000000000000000, 1.000000000000000000, 0.000000000000000000 ) ) ;
#778 = CARTESIAN_POINT ( 'NONE',  ( -59.47536296208700435, 10.09999999999999964, -20.77693915205080089 ) ) ;
#779 = ORIENTED_EDGE ( 'NONE', *, *, #281, .F. ) ;
#780 = CARTESIAN_POINT ( 'NONE',  ( 40.72441065163404517, 16.10000000000000142, 0.5912489613228799623 ) ) ;
#781 = PRESENTATION_LAYER_ASSIGNMENT (  '', '', ( #211 ) ) ;
#782 = PLANE ( 'NONE',  #3492 ) ;
#783 = CARTESIAN_POINT ( 'NONE',  ( -64.82587892525248208, 2.621659447318523295, -23.84202060784847887 ) ) ;
#784 = VECTOR ( 'NONE', #5767, 999.9999999999998863 ) ;
#785 = LINE ( 'NONE', #5317, #4363 ) ;
#786 = EDGE_CURVE ( 'NONE', #1640, #4596, #4119, .T. ) ;
#787 = ORIENTED_EDGE ( 'NONE', *, *, #920, .T. ) ;
#788 = CARTESIAN_POINT ( 'NONE',  ( 36.35319515986304850, -10.09999999999999964, 8.604846768176949823 ) ) ;
#789 = CARTESIAN_POINT ( 'NONE',  ( 64.47536076941915439, 0.08826543443395012956, -20.77152267925807649 ) ) ;
#790 = VERTEX_POINT ( 'NONE', #1326 ) ;
#791 = LINE ( 'NONE', #2581, #4240 ) ;
#792 = CARTESIAN_POINT ( 'NONE',  ( 16.86843067714178446, -6.225399725119104666, 34.03068332162889931 ) ) ;
#793 = ORIENTED_EDGE ( 'NONE', *, *, #4904, .T. ) ;
#794 = VERTEX_POINT ( 'NONE', #1088 ) ;
#795 = DIRECTION ( 'NONE',  ( 0.000000000000000000, -0.000000000000000000, 1.000000000000000000 ) ) ;
#796 = ORIENTED_EDGE ( 'NONE', *, *, #144, .F. ) ;
#797 = CARTESIAN_POINT ( 'NONE',  ( 60.86213974190199849, 13.50009284173610169, -29.30809972227769933 ) ) ;
#798 = EDGE_CURVE ( 'NONE', #4788, #5080, #5083, .T. ) ;
#799 = VERTEX_POINT ( 'NONE', #4691 ) ;
#800 = CARTESIAN_POINT ( 'NONE',  ( 0.000000000000000000, 0.000000000000000000, 0.000000000000000000 ) ) ;
#801 = CARTESIAN_POINT ( 'NONE',  ( 61.21687783165244667, -0.8299139976744885905, -31.36052557146187780 ) ) ;
#802 = CARTESIAN_POINT ( 'NONE',  ( -51.37300889598859754, -9.250069631181748520, -45.90813173249730283 ) ) ;
#803 = CIRCLE ( 'NONE', #4867, 23.00000000000000000 ) ;
#804 = FACE_BOUND ( 'NONE', #3297, .T. ) ;
#805 = CARTESIAN_POINT ( 'NONE',  ( 60.50526607604324170, 10.38793965468574321, -31.03551946229907799 ) ) ;
#806 = EDGE_CURVE ( 'NONE', #2399, #4246, #2793, .T. ) ;
#807 = DIRECTION ( 'NONE',  ( 0.000000000000000000, 1.000000000000000000, 0.000000000000000000 ) ) ;
#808 = CARTESIAN_POINT ( 'NONE',  ( 59.40227599885844967, 13.23384517506478808, -33.11223988251992267 ) ) ;
#809 = VECTOR ( 'NONE', #721, 1000.000000000000000 ) ;
#810 = ORIENTED_EDGE ( 'NONE', *, *, #1514, .T. ) ;
#811 = DIRECTION ( 'NONE',  ( 0.000000000000000000, 1.000000000000000000, 0.000000000000000000 ) ) ;
#812 = DIRECTION ( 'NONE',  ( 0.000000000000000000, -1.000000000000000000, 0.000000000000000000 ) ) ;
#813 = CARTESIAN_POINT ( 'NONE',  ( -60.36663589305109667, -13.36820398397446041, -31.30286362229155017 ) ) ;
#814 = DIRECTION ( 'NONE',  ( 0.000000000000000000, -1.000000000000000000, 0.000000000000000000 ) ) ;
#815 = CARTESIAN_POINT ( 'NONE',  ( -67.56866419668098445, 0.000000000000000000, -26.96764061178844685 ) ) ;
#816 = DIRECTION ( 'NONE',  ( 0.000000000000000000, 1.000000000000000000, 0.000000000000000000 ) ) ;
#817 = EDGE_CURVE ( 'NONE', #4753, #5344, #4220, .T. ) ;
#818 = VERTEX_POINT ( 'NONE', #3299 ) ;
#819 = CARTESIAN_POINT ( 'NONE',  ( 44.15194890769519986, 16.10000000000000142, -0.2824478275573424901 ) ) ;
#820 = CARTESIAN_POINT ( 'NONE',  ( -64.86913232796148066, 1.348228377586059956, -26.50598636531774943 ) ) ;
#821 = EDGE_LOOP ( 'NONE', ( #1165, #1379, #750, #5835 ) ) ;
#822 = ORIENTED_EDGE ( 'NONE', *, *, #2995, .T. ) ;
#823 = CARTESIAN_POINT ( 'NONE',  ( 0.000000000000000000, -8.548944887893988209, -68.74644862732199613 ) ) ;
#824 = ORIENTED_EDGE ( 'NONE', *, *, #152, .F. ) ;
#825 = SURFACE_STYLE_USAGE ( .BOTH. , #3063 ) ;
#826 = AXIS2_PLACEMENT_3D ( 'NONE', #4333, #2051, #2110 ) ;
#827 = ORIENTED_EDGE ( 'NONE', *, *, #4063, .T. ) ;
#828 = EDGE_LOOP ( 'NONE', ( #2677, #2934 ) ) ;
#829 = PLANE ( 'NONE',  #5685 ) ;
#830 = CARTESIAN_POINT ( 'NONE',  ( 59.12856541562255330, -0.8020291343205750989, -33.58632052148153946 ) ) ;
#831 = DIRECTION ( 'NONE',  ( 0.000000000000000000, 1.000000000000000000, 0.000000000000000000 ) ) ;
#832 = ADVANCED_FACE ( 'NONE', ( #1028, #2824 ), #1876, .F. ) ;
#833 = DIRECTION ( 'NONE',  ( 0.000000000000000000, -1.000000000000000000, 0.000000000000000000 ) ) ;
#834 = CARTESIAN_POINT ( 'NONE',  ( 58.69294323534410296, 10.09999999999999964, -13.82080377590956033 ) ) ;
#835 = B_SPLINE_CURVE_WITH_KNOTS ( 'NONE', 3,
 ( #3826, #2006, #217, #2959, #156, #5643, #1632, #1099, #3374, #4678, #3436, #1600, #5582, #3404, #2894, #5185, #3768, #5675, #3857, #5613, #2421, #1948, #4769, #5130, #1509, #4234, #2065, #632, #2484, #4292, #245, #723, #188, #2035, #5218, #1161, #2511, #4321, #275, #664, #1978, #5247, #4707 ),
 .UNSPECIFIED., .F., .F.,
 ( 4, 2, 2, 2, 2, 2, 2, 2, 2, 2, 2, 2, 1, 2, 2, 2, 2, 2, 1, 1, 1, 1, 2, 4 ),
 ( 0.1295203709010686322, 0.2151422931975754960, 0.3007642154940823320, 0.3435751766423357778, 0.3649806572164627227, 0.3863861377905896122, 0.4291970989388433910, 0.4506025795129704470, 0.4720080600870975029, 0.5576299823836053937, 0.5629813525271365471, 0.5683327226706678115, 0.5790354629577302292, 0.6004409435318558419, 0.6432519046801087326, 0.7288738269766136257, 0.7716847881248659613, 0.7930902686989914629, 0.8037930089860542138, 0.8091443791295859223, 0.8118200642013522206, 0.8131579067372357583, 0.8138268280051775827, 0.8144957492731192961 ),
 .UNSPECIFIED. ) ;
#836 = CARTESIAN_POINT ( 'NONE',  ( -45.67122707623510536, -10.09999999999999964, -5.046038264045169086 ) ) ;
#837 = VECTOR ( 'NONE', #431, 999.9999999999998863 ) ;
#838 = CARTESIAN_POINT ( 'NONE',  ( -51.45340562870289602, 0.000000000000000000, -19.21591951131156861 ) ) ;
#839 = EDGE_CURVE ( 'NONE', #5570, #3129, #5508, .T. ) ;
#840 = ORIENTED_EDGE ( 'NONE', *, *, #2876, .T. ) ;
#841 = EDGE_CURVE ( 'NONE', #288, #652, #5154, .T. ) ;
#842 = DIRECTION ( 'NONE',  ( 0.000000000000000000, -1.000000000000000000, 0.000000000000000000 ) ) ;
#843 = CARTESIAN_POINT ( 'NONE',  ( -27.13513293197329901, 10.09999999999999964, -46.49519250552879868 ) ) ;
#844 = DIRECTION ( 'NONE',  ( 0.000000000000000000, -1.000000000000000000, 0.000000000000000000 ) ) ;
#845 = DIRECTION ( 'NONE',  ( 0.000000000000000000, 1.000000000000000000, 0.000000000000000000 ) ) ;
#846 = CARTESIAN_POINT ( 'NONE',  ( -66.59735355102320398, -10.09999999999999964, -38.44999999999999574 ) ) ;
#847 = CARTESIAN_POINT ( 'NONE',  ( -16.92484625416589950, -10.09999999999999964, -32.93233578868210287 ) ) ;
#848 = ORIENTED_EDGE ( 'NONE', *, *, #4377, .F. ) ;
#849 = EDGE_CURVE ( 'NONE', #4130, #31, #3738, .T. ) ;
#850 = CARTESIAN_POINT ( 'NONE',  ( 57.18966664191270155, 1.650167208960304999, -15.13995482246985169 ) ) ;
#851 = LINE ( 'NONE', #3955, #1896 ) ;
#852 = ORIENTED_EDGE ( 'NONE', *, *, #2789, .T. ) ;
#853 = ORIENTED_EDGE ( 'NONE', *, *, #2921, .F. ) ;
#854 = CARTESIAN_POINT ( 'NONE',  ( -54.07657161259250245, 0.000000000000000000, -11.59233766148770073 ) ) ;
#855 = CIRCLE ( 'NONE', #185, 4.999999999999997335 ) ;
#856 = VERTEX_POINT ( 'NONE', #4128 ) ;
#857 = CARTESIAN_POINT ( 'NONE',  ( 51.37300889639369927, 12.25006963118174141, -45.90813173285920357 ) ) ;
#858 = EDGE_CURVE ( 'NONE', #1672, #818, #592, .T. ) ;
#859 = CIRCLE ( 'NONE', #94, 25.00000000000000000 ) ;
#860 = CARTESIAN_POINT ( 'NONE',  ( 0.000000000000000000, -8.499753483101830653, -68.00010598041009757 ) ) ;
#861 = CARTESIAN_POINT ( 'NONE',  ( -26.17509153714900094, -16.10000000000000142, -55.32495366302847373 ) ) ;
#862 = CARTESIAN_POINT ( 'NONE',  ( -18.82062266509400317, -9.601730159748870008, -65.32701728300610000 ) ) ;
#863 = LINE ( 'NONE', #3607, #4206 ) ;
#864 = LINE ( 'NONE', #1302, #4763 ) ;
#865 = EDGE_LOOP ( 'NONE', ( #489, #137 ) ) ;
#866 = CARTESIAN_POINT ( 'NONE',  ( -62.05870771801350116, 2.800986825542500114, -25.35784948613260070 ) ) ;
#867 = CIRCLE ( 'NONE', #1610, 4.999999999999997335 ) ;
#868 = CARTESIAN_POINT ( 'NONE',  ( 0.000000000000000000, -5.498866988659109722, -68.00030588489299532 ) ) ;
#869 = DIRECTION ( 'NONE',  ( 0.000000000000000000, 1.000000000000000000, 0.000000000000000000 ) ) ;
#870 = CARTESIAN_POINT ( 'NONE',  ( -61.83891679059504298, 1.085034510598754665, -30.92686767825786731 ) ) ;
#871 = CARTESIAN_POINT ( 'NONE',  ( 58.59114660207919911, 0.000000000000000000, -30.38219116281240062 ) ) ;
#872 = CARTESIAN_POINT ( 'NONE',  ( -27.48230604060235294, 16.10000000000000142, -55.57627960461800143 ) ) ;
#873 = AXIS2_PLACEMENT_3D ( 'NONE', #4920, #869, #2663 ) ;
#874 = ADVANCED_FACE ( 'NONE', ( #2405 ), #619, .T. ) ;
#875 = VECTOR ( 'NONE', #18, 1000.000000000000000 ) ;
#876 = CARTESIAN_POINT ( 'NONE',  ( -67.56866419668098445, 0.000000000000000000, -26.96764061178844685 ) ) ;
#877 = CARTESIAN_POINT ( 'NONE',  ( -24.22220753623764722, 16.10000000000000142, -54.89339361044660137 ) ) ;
#878 = CIRCLE ( 'NONE', #113, 4.999999999999997335 ) ;
#879 = ORIENTED_EDGE ( 'NONE', *, *, #2681, .T. ) ;
#880 = CARTESIAN_POINT ( 'NONE',  ( 58.69294323534410296, -10.09999999999999964, -13.82080377590956033 ) ) ;
#881 = CARTESIAN_POINT ( 'NONE',  ( -66.62676467356429555, 2.321963666198805232, -19.21777038328919929 ) ) ;
#882 = CARTESIAN_POINT ( 'NONE',  ( 27.27794816855460169, 8.867795575098650573, -44.73051145468615175 ) ) ;
#883 = ORIENTED_EDGE ( 'NONE', *, *, #2763, .T. ) ;
#884 = VECTOR ( 'NONE', #4504, 1000.000000000000000 ) ;
#885 = EDGE_CURVE ( 'NONE', #116, #1932, #2512, .T. ) ;
#886 = AXIS2_PLACEMENT_3D ( 'NONE', #1280, #5250, #4440 ) ;
#887 = CARTESIAN_POINT ( 'NONE',  ( 65.33668684489730083, 0.2497169939462325350, -18.84566137260309659 ) ) ;
#888 = ORIENTED_EDGE ( 'NONE', *, *, #4070, .F. ) ;
#889 = DIRECTION ( 'NONE',  ( 0.3289878516042700207, 0.000000000000000000, 0.9443341535160141298 ) ) ;
#890 = FACE_OUTER_BOUND ( 'NONE', #2940, .T. ) ;
#891 = EDGE_CURVE ( 'NONE', #3129, #4233, #67, .T. ) ;
#892 = CARTESIAN_POINT ( 'NONE',  ( -43.67122707623509825, 16.10000000000000142, -5.046038264045169086 ) ) ;
#893 = ORIENTED_EDGE ( 'NONE', *, *, #3007, .T. ) ;
#894 = ORIENTED_EDGE ( 'NONE', *, *, #1974, .F. ) ;
#895 = CARTESIAN_POINT ( 'NONE',  ( 0.000000000000000000, 8.070547648804140550, -69.34297707317820425 ) ) ;
#896 = CIRCLE ( 'NONE', #1170, 4.999999999999998224 ) ;
#897 = CARTESIAN_POINT ( 'NONE',  ( 58.09985669543039677, -1.618039870115254963, -40.03101860053625671 ) ) ;
#898 = DIRECTION ( 'NONE',  ( 0.000000000000000000, -1.000000000000000000, 0.000000000000000000 ) ) ;
#899 = ORIENTED_EDGE ( 'NONE', *, *, #4017, .T. ) ;
#900 = CARTESIAN_POINT ( 'NONE',  ( 59.91274612429567981, 11.69319683161416279, -28.85600477376202022 ) ) ;
#901 = CARTESIAN_POINT ( 'NONE',  ( -65.10993256138013408, 1.972856148031716161, -24.16572211540766091 ) ) ;
#902 = CYLINDRICAL_SURFACE ( 'NONE', #693, 5.000000000000000888 ) ;
#903 = CARTESIAN_POINT ( 'NONE',  ( 6.926741934222100383, 16.10000000000000142, -32.54536384055282383 ) ) ;
#904 = CARTESIAN_POINT ( 'NONE',  ( 23.00000000000000000, 10.09999999999999964, 0.000000000000000000 ) ) ;
#905 = EDGE_CURVE ( 'NONE', #4567, #4448, #3534, .T. ) ;
#906 = LINE ( 'NONE', #4065, #104 ) ;
#907 = CARTESIAN_POINT ( 'NONE',  ( -41.59731625246399744, 5.626841020038201080, -55.29143486931089768 ) ) ;
#908 = DIRECTION ( 'NONE',  ( 0.000000000000000000, -1.000000000000000000, 0.000000000000000000 ) ) ;
#909 = ORIENTED_EDGE ( 'NONE', *, *, #4295, .T. ) ;
#910 = DIRECTION ( 'NONE',  ( -0.6595755232801338019, 0.000000000000000000, -0.7516382967157392292 ) ) ;
#911 = ORIENTED_EDGE ( 'NONE', *, *, #3030, .T. ) ;
#912 = EDGE_CURVE ( 'NONE', #3475, #3480, #2769, .T. ) ;
#913 = FACE_OUTER_BOUND ( 'NONE', #1428, .T. ) ;
#914 = CARTESIAN_POINT ( 'NONE',  ( 47.67122707623510536, 10.09999999999999964, -5.046038264045169086 ) ) ;
#915 = CARTESIAN_POINT ( 'NONE',  ( 46.17680144246183005, -4.898587196589412829E-16, -13.20281313758565567 ) ) ;
#916 = CIRCLE ( 'NONE', #5459, 7.500000000000000000 ) ;
#917 = DIRECTION ( 'NONE',  ( 0.2124328517103140634, 0.000000000000000000, 0.9771756666609252573 ) ) ;
#918 = VERTEX_POINT ( 'NONE', #85 ) ;
#919 = ORIENTED_EDGE ( 'NONE', *, *, #726, .F. ) ;
#920 = EDGE_CURVE ( 'NONE', #5830, #4653, #3170, .T. ) ;
#921 = CARTESIAN_POINT ( 'NONE',  ( -58.37601109145829525, 2.306325708020284804, -40.22133084084364896 ) ) ;
#922 = CIRCLE ( 'NONE', #2516, 25.00000000000000000 ) ;
#923 = CARTESIAN_POINT ( 'NONE',  ( 57.34894078371350190, -1.187433252684007901, -39.51366022354359586 ) ) ;
#924 = CARTESIAN_POINT ( 'NONE',  ( -62.16728468754264014, 1.385465249054237402, -30.73080238431214184 ) ) ;
#925 = DIRECTION ( 'NONE',  ( 0.9764420004556761956, 0.000000000000000000, -0.2157800262909368716 ) ) ;
#926 = DIRECTION ( 'NONE',  ( 0.6595755232801341350, 0.000000000000000000, -0.7516382967157388961 ) ) ;
#927 = EDGE_CURVE ( 'NONE', #5080, #2310, #4686, .T. ) ;
#928 = AXIS2_PLACEMENT_3D ( 'NONE', #1384, #3183, #4549 ) ;
#929 = CARTESIAN_POINT ( 'NONE',  ( 60.09442319551060052, 11.15852090583519995, -29.06304011625210038 ) ) ;
#930 = DIRECTION ( 'NONE',  ( 0.7516382967157390071, 0.000000000000000000, -0.6595755232801340240 ) ) ;
#931 = ORIENTED_EDGE ( 'NONE', *, *, #1259, .T. ) ;
#932 = CARTESIAN_POINT ( 'NONE',  ( -16.92484625416589950, 10.09999999999999964, -32.93233578868210287 ) ) ;
#933 = CARTESIAN_POINT ( 'NONE',  ( -58.37601109145829525, 2.306325708020284804, -40.22133084084364896 ) ) ;
#934 = CARTESIAN_POINT ( 'NONE',  ( -31.09258607165419974, 16.10000000000000142, -51.00502228582330133 ) ) ;
#935 = ORIENTED_EDGE ( 'NONE', *, *, #271, .T. ) ;
#936 = CARTESIAN_POINT ( 'NONE',  ( 63.72785157355779972, -0.2293359222497859951, -26.03956873930525262 ) ) ;
#937 = ORIENTED_EDGE ( 'NONE', *, *, #3246, .F. ) ;
#938 = DIRECTION ( 'NONE',  ( 0.000000000000000000, 1.000000000000000000, 0.000000000000000000 ) ) ;
#939 = ADVANCED_FACE ( 'NONE', ( #4757 ), #1586, .F. ) ;
#941 = AXIS2_PLACEMENT_3D ( 'NONE', #5379, #3981, #1729 ) ;
#940 = CARTESIAN_POINT ( 'NONE',  ( -64.15469988210517727, 0.006140914525327874872, -22.53893798587333208 ) ) ;
#942 = CARTESIAN_POINT ( 'NONE',  ( 1.102182119232617911E-14, -4.900000000000001243, 90.00000000000000000 ) ) ;
#943 = ORIENTED_EDGE ( 'NONE', *, *, #891, .T. ) ;
#944 = CARTESIAN_POINT ( 'NONE',  ( -64.47535702428352522, 2.866627121996662364, -20.77687902599853587 ) ) ;
#945 = AXIS2_PLACEMENT_3D ( 'NONE', #676, #1673, #2906 ) ;
#946 = ORIENTED_EDGE ( 'NONE', *, *, #656, .T. ) ;
#947 = ORIENTED_EDGE ( 'NONE', *, *, #4148, .F. ) ;
#948 = AXIS2_PLACEMENT_3D ( 'NONE', #575, #5614, #1979 ) ;
#949 = EDGE_CURVE ( 'NONE', #2402, #3580, #4724, .T. ) ;
#950 = CARTESIAN_POINT ( 'NONE',  ( -41.87128935457105428, 5.626845271017099748, -55.65560177467440184 ) ) ;
#951 = CARTESIAN_POINT ( 'NONE',  ( -59.93428619890902098, -11.70084196433793977, -28.88055138657897558 ) ) ;
#952 = CARTESIAN_POINT ( 'NONE',  ( -59.56922500443467783, 3.749821819644112431, -32.98777137839130802 ) ) ;
#953 = DIRECTION ( 'NONE',  ( -0.7516382967157390071, 0.000000000000000000, 0.6595755232801340240 ) ) ;
#954 = CARTESIAN_POINT ( 'NONE',  ( 12.38597862740636835, 16.10000000000000142, 54.74476843225105682 ) ) ;
#955 = CARTESIAN_POINT ( 'NONE',  ( 60.45772766928007513, 10.62079938734182782, -29.65422520269678230 ) ) ;
#956 = DIRECTION ( 'NONE',  ( 0.000000000000000000, -1.000000000000000000, 0.000000000000000000 ) ) ;
#957 = VERTEX_POINT ( 'NONE', #3362 ) ;
#958 = FACE_OUTER_BOUND ( 'NONE', #2585, .T. ) ;
#959 = CIRCLE ( 'NONE', #5498, 4.999999999999997335 ) ;
#960 = EDGE_CURVE ( 'NONE', #4778, #346, #3870, .T. ) ;
#961 = DIRECTION ( 'NONE',  ( 0.000000000000000000, 1.000000000000000000, 0.000000000000000000 ) ) ;
#962 = CARTESIAN_POINT ( 'NONE',  ( -61.47536296208700435, -10.09999999999999964, -20.77693915205080089 ) ) ;
#963 = VECTOR ( 'NONE', #4896, 999.9999999999998863 ) ;
#964 = VERTEX_POINT ( 'NONE', #2675 ) ;
#965 =( BOUNDED_CURVE ( )  B_SPLINE_CURVE ( 3, ( #1777, #38, #3588, #3763 ),
 .UNSPECIFIED., .F., .F. ) 
 B_SPLINE_CURVE_WITH_KNOTS ( ( 4, 4 ),
 ( 4.149852735840829254, 4.982321776218094023 ),
 .UNSPECIFIED. ) 
 CURVE ( )  GEOMETRIC_REPRESENTATION_ITEM ( )  RATIONAL_B_SPLINE_CURVE ( ( 1.000000000000000000, 0.9430785847835028157, 0.9430785847835028157, 1.000000000000000000 ) ) 
 REPRESENTATION_ITEM ( '' )  );
#966 = VECTOR ( 'NONE', #2390, 1000.000000000000000 ) ;
#967 = ORIENTED_EDGE ( 'NONE', *, *, #4441, .F. ) ;
#968 = AXIS2_PLACEMENT_3D ( 'NONE', #5718, #2021, #3961 ) ;
#969 = CIRCLE ( 'NONE', #4477, 1.999999999999997335 ) ;
#970 = CARTESIAN_POINT ( 'NONE',  ( 24.22220753623764722, 16.10000000000000142, -54.89339361044660137 ) ) ;
#971 = DIRECTION ( 'NONE',  ( 0.9764420004556761956, 0.000000000000000000, -0.2157800262909368716 ) ) ;
#972 = ORIENTED_EDGE ( 'NONE', *, *, #742, .T. ) ;
#973 = EDGE_CURVE ( 'NONE', #799, #3403, #916, .T. ) ;
#974 = CARTESIAN_POINT ( 'NONE',  ( 64.01969771060350922, -0.03228041492523635314, -22.92331357031414996 ) ) ;
#975 = VERTEX_POINT ( 'NONE', #5688 ) ;
#976 = ORIENTED_EDGE ( 'NONE', *, *, #1, .T. ) ;
#977 = CARTESIAN_POINT ( 'NONE',  ( -62.61551631841489041, 0.1815197947177610016, -25.58528853546104997 ) ) ;
#978 = CARTESIAN_POINT ( 'NONE',  ( 1.102182119232617911E-14, 16.10000000000000142, 90.00000000000000000 ) ) ;
#979 = CARTESIAN_POINT ( 'NONE',  ( -43.27650099504969461, -10.09999999999999964, -9.808305865032370008 ) ) ;
#980 = EDGE_CURVE ( 'NONE', #2133, #4592, #2411, .T. ) ;
#981 = CARTESIAN_POINT ( 'NONE',  ( 24.80406379161939867, 0.000000000000000000, 21.76599226824439981 ) ) ;
#982 = FACE_BOUND ( 'NONE', #712, .T. ) ;
#983 = CARTESIAN_POINT ( 'NONE',  ( 60.27670318085468892, 10.83870056353487676, -29.28728105044048391 ) ) ;
#984 = CARTESIAN_POINT ( 'NONE',  ( -45.67122707623510536, 16.10000000000000142, -5.046038264045169086 ) ) ;
#985 = ORIENTED_EDGE ( 'NONE', *, *, #645, .F. ) ;
#986 = ORIENTED_EDGE ( 'NONE', *, *, #3651, .T. ) ;
#987 = LINE ( 'NONE', #3737, #4934 ) ;
#988 = DIRECTION ( 'NONE',  ( 0.000000000000000000, -1.000000000000000000, 0.000000000000000000 ) ) ;
#989 = DIRECTION ( 'NONE',  ( -1.000000000000000000, 0.000000000000000000, 0.000000000000000000 ) ) ;
#990 = ORIENTED_EDGE ( 'NONE', *, *, #4994, .T. ) ;
#991 = ADVANCED_FACE ( 'NONE', ( #1234, #2498 ), #260, .F. ) ;
#992 = VECTOR ( 'NONE', #243, 1000.000000000000000 ) ;
#993 = ORIENTED_EDGE ( 'NONE', *, *, #1352, .T. ) ;
#994 = DIRECTION ( 'NONE',  ( -0.7516382967157391182, 0.000000000000000000, -0.6595755232801341350 ) ) ;
#995 = CARTESIAN_POINT ( 'NONE',  ( 59.47536296208700435, 10.09999999999999964, -20.77693915205080089 ) ) ;
#996 = DIRECTION ( 'NONE',  ( 0.6595755232801338019, 0.000000000000000000, -0.7516382967157392292 ) ) ;
#997 = VERTEX_POINT ( 'NONE', #3423 ) ;
#998 = CARTESIAN_POINT ( 'NONE',  ( -64.13904753653257274, 3.008865040768240018, -22.58787323232155941 ) ) ;
#999 = CARTESIAN_POINT ( 'NONE',  ( -5.910551017812779584, 16.10000000000000142, -32.46637316772275028 ) ) ;
#1000 = ORIENTED_EDGE ( 'NONE', *, *, #5689, .T. ) ;
#1001 = EDGE_LOOP ( 'NONE', ( #4881, #2900, #3301, #2436, #4997, #323 ) ) ;
#1002 = CARTESIAN_POINT ( 'NONE',  ( -50.67122707623509825, -10.09999999999999964, -5.046038264045169086 ) ) ;
#1003 = LINE ( 'NONE', #2918, #5444 ) ;
#1004 = CARTESIAN_POINT ( 'NONE',  ( -60.01993001615296919, 0.7269727490117995350, -32.45437649351882214 ) ) ;
#1005 = DIRECTION ( 'NONE',  ( 0.000000000000000000, -1.000000000000000000, 0.000000000000000000 ) ) ;
#1006 = DIRECTION ( 'NONE',  ( 0.000000000000000000, 1.000000000000000000, 0.000000000000000000 ) ) ;
#1007 = AXIS2_PLACEMENT_3D ( 'NONE', #4368, #438, #2527 ) ;
#1008 = VECTOR ( 'NONE', #2780, 999.9999999999998863 ) ;
#1009 = EDGE_CURVE ( 'NONE', #762, #4222, #5233, .T. ) ;
#1010 = LINE ( 'NONE', #2805, #2143 ) ;
#1011 = CARTESIAN_POINT ( 'NONE',  ( 45.67122707623510536, 10.09999999999999964, -5.046038264045169086 ) ) ;
#1012 = EDGE_CURVE ( 'NONE', #1539, #2310, #4785, .T. ) ;
#1013 = ORIENTED_EDGE ( 'NONE', *, *, #3723, .F. ) ;
#1014 = ORIENTED_EDGE ( 'NONE', *, *, #3979, .F. ) ;
#1015 = DIRECTION ( 'NONE',  ( 0.000000000000000000, 1.000000000000000000, 0.000000000000000000 ) ) ;
#1016 = FACE_OUTER_BOUND ( 'NONE', #1106, .T. ) ;
#1017 = DIRECTION ( 'NONE',  ( -0.7516382967157391182, 0.000000000000000000, -0.6595755232801341350 ) ) ;
#1018 = DIRECTION ( 'NONE',  ( 0.000000000000000000, 1.000000000000000000, 0.000000000000000000 ) ) ;
#1019 = ORIENTED_EDGE ( 'NONE', *, *, #5470, .T. ) ;
#1020 = AXIS2_PLACEMENT_3D ( 'NONE', #2758, #4114, #1395 ) ;
#1021 = EDGE_CURVE ( 'NONE', #3210, #799, #2579, .T. ) ;
#1022 = ORIENTED_EDGE ( 'NONE', *, *, #4330, .T. ) ;
#1023 = CARTESIAN_POINT ( 'NONE',  ( -42.40681730675835581, -16.10000000000000142, 1.706267183499749818 ) ) ;
#1024 = CARTESIAN_POINT ( 'NONE',  ( 60.09442319551060052, 0.000000000000000000, -29.06304011625210038 ) ) ;
#1025 = DIRECTION ( 'NONE',  ( 0.000000000000000000, -1.000000000000000000, 0.000000000000000000 ) ) ;
#1026 = ORIENTED_EDGE ( 'NONE', *, *, #3289, .T. ) ;
#1027 = CARTESIAN_POINT ( 'NONE',  ( 60.56962493010804849, 13.39948236039248641, -30.08891229011730317 ) ) ;
#1028 = FACE_BOUND ( 'NONE', #4557, .T. ) ;
#1029 = ADVANCED_FACE ( 'NONE', ( #3449 ), #4816, .T. ) ;
#1030 = EDGE_LOOP ( 'NONE', ( #254, #4916, #5284, #4113 ) ) ;
#1031 = VECTOR ( 'NONE', #4789, 1000.000000000000114 ) ;
#1032 = DIRECTION ( 'NONE',  ( 0.000000000000000000, 1.000000000000000000, 0.000000000000000000 ) ) ;
#1033 = DIRECTION ( 'NONE',  ( -0.3289878516042711865, 0.000000000000000000, 0.9443341535160136857 ) ) ;
#1034 = LINE ( 'NONE', #1941, #268 ) ;
#1035 = DIRECTION ( 'NONE',  ( 0.000000000000000000, -1.000000000000000000, 0.000000000000000000 ) ) ;
#1036 = DIRECTION ( 'NONE',  ( 1.000000000000000000, 0.000000000000000000, 0.000000000000000000 ) ) ;
#1037 = CARTESIAN_POINT ( 'NONE',  ( -12.38597862740635058, -4.900000000000001243, 90.00000000000000000 ) ) ;
#1038 = DIRECTION ( 'NONE',  ( 1.000000000000000000, 0.000000000000000000, 0.000000000000000000 ) ) ;
#1039 = EDGE_LOOP ( 'NONE', ( #5287, #1889, #4147, #810 ) ) ;
#1040 = DIRECTION ( 'NONE',  ( -1.000000000000000000, 0.000000000000000000, 0.000000000000000000 ) ) ;
#1041 = DIRECTION ( 'NONE',  ( 1.000000000000000000, 0.000000000000000000, 0.000000000000000000 ) ) ;
#1042 = DIRECTION ( 'NONE',  ( -0.7516382967157390071, 0.000000000000000000, -0.6595755232801340240 ) ) ;
#1043 = EDGE_CURVE ( 'NONE', #2397, #2807, #3932, .T. ) ;
#1044 = CARTESIAN_POINT ( 'NONE',  ( 52.46675317670389660, 16.10000000000000142, -6.725569453945319687 ) ) ;
#1045 = ORIENTED_EDGE ( 'NONE', *, *, #5155, .F. ) ;
#1046 = CARTESIAN_POINT ( 'NONE',  ( 21.92772362171429990, -4.061720993007779335, -65.62116046645590473 ) ) ;
#1047 = VECTOR ( 'NONE', #4771, 1000.000000000000114 ) ;
#1048 = EDGE_LOOP ( 'NONE', ( #4490, #2461 ) ) ;
#1049 = CARTESIAN_POINT ( 'NONE',  ( 67.56866419668098445, 0.000000000000000000, -26.96764061178844685 ) ) ;
#1050 = EDGE_CURVE ( 'NONE', #818, #2821, #5750, .T. ) ;
#1051 = AXIS2_PLACEMENT_3D ( 'NONE', #4632, #114, #2317 ) ;
#1052 = CARTESIAN_POINT ( 'NONE',  ( 22.50776315053149901, 0.000000000000000000, -39.29450963925329887 ) ) ;
#1053 = PRODUCT_RELATED_PRODUCT_CATEGORY ( 'part', '', ( #3603 ) ) ;
#1054 = CARTESIAN_POINT ( 'NONE',  ( 64.34054630554824428, -2.627703094527524375, -19.62356990866575757 ) ) ;
#1055 = ORIENTED_EDGE ( 'NONE', *, *, #1752, .T. ) ;
#1056 = AXIS2_PLACEMENT_3D ( 'NONE', #1818, #2734, #383 ) ;
#1057 = CARTESIAN_POINT ( 'NONE',  ( 52.46675317670389660, 10.09999999999999964, -6.725569453945319687 ) ) ;
#1058 = VECTOR ( 'NONE', #2189, 1000.000000000000000 ) ;
#1059 = CARTESIAN_POINT ( 'NONE',  ( 0.000000000000000000, -10.09999999999999964, 0.000000000000000000 ) ) ;
#1060 = EDGE_LOOP ( 'NONE', ( #3925, #4302, #193, #1328, #1637, #3691, #1026, #5141 ) ) ;
#1061 = VERTEX_POINT ( 'NONE', #4479 ) ;
#1062 = ORIENTED_EDGE ( 'NONE', *, *, #1400, .T. ) ;
#1063 = CARTESIAN_POINT ( 'NONE',  ( 59.31093716103454483, -3.780660240388995508, -33.33138020667027490 ) ) ;
#1064 = EDGE_CURVE ( 'NONE', #5811, #4768, #4311, .T. ) ;
#1065 = DIRECTION ( 'NONE',  ( 0.4663903252160480073, -0.7071067811865480168, 0.5314885366072049644 ) ) ;
#1066 = CARTESIAN_POINT ( 'NONE',  ( 0.000000000000000000, 16.10000000000000142, 0.000000000000000000 ) ) ;
#1067 = CARTESIAN_POINT ( 'NONE',  ( -60.51707033866630780, -13.36372578811122480, -29.83960541812129108 ) ) ;
#1068 = CARTESIAN_POINT ( 'NONE',  ( 0.000000000000000000, 6.616778836681590725, -66.32576825185499558 ) ) ;
#1069 = DIRECTION ( 'NONE',  ( 0.000000000000000000, 1.000000000000000000, 0.000000000000000000 ) ) ;
#1070 = DIRECTION ( 'NONE',  ( 0.000000000000000000, -1.000000000000000000, 0.000000000000000000 ) ) ;
#1071 = ORIENTED_EDGE ( 'NONE', *, *, #3388, .T. ) ;
#1072 = CYLINDRICAL_SURFACE ( 'NONE', #1519, 5.000000000000000888 ) ;
#1073 = DIRECTION ( 'NONE',  ( 0.6595755232801341350, 0.000000000000000000, -0.7516382967157391182 ) ) ;
#1074 = CARTESIAN_POINT ( 'NONE',  ( -16.11034922618341980, -5.619018426289655643, 35.80258085053996808 ) ) ;
#1075 = CYLINDRICAL_SURFACE ( 'NONE', #4164, 3.999999999999998668 ) ;
#1076 = ORIENTED_EDGE ( 'NONE', *, *, #748, .T. ) ;
#1077 = B_SPLINE_CURVE_WITH_KNOTS ( 'NONE', 3,
 ( #714, #2950, #3965, #294, #4372, #1118, #3005, #4398, #5693, #2502 ),
 .UNSPECIFIED., .F., .F.,
 ( 4, 2, 2, 2, 4 ),
 ( 0.000000000000000000, 0.2500000000000000000, 0.5000000000000000000, 0.7500000000000000000, 1.000000000000000000 ),
 .UNSPECIFIED. ) ;
#1078 = ADVANCED_FACE ( 'NONE', ( #681 ), #1939, .F. ) ;
#1079 = AXIS2_PLACEMENT_3D ( 'NONE', #4462, #3097, #5820 ) ;
#1080 = EDGE_LOOP ( 'NONE', ( #1205, #3989, #103, #5412, #5632, #2108, #3899, #5278, #5254, #2359 ) ) ;
#1081 = CARTESIAN_POINT ( 'NONE',  ( 58.59114660207919911, 0.000000000000000000, -30.38219116281240062 ) ) ;
#1082 = CARTESIAN_POINT ( 'NONE',  ( 52.27916054554724923, -1.609978099770232207, -43.88738840470598745 ) ) ;
#1083 = VECTOR ( 'NONE', #5702, 1000.000000000000000 ) ;
#1084 = CYLINDRICAL_SURFACE ( 'NONE', #2228, 7.499999999999996447 ) ;
#1085 = EDGE_CURVE ( 'NONE', #1236, #2013, #2036, .T. ) ;
#1086 = ORIENTED_EDGE ( 'NONE', *, *, #510, .F. ) ;
#1087 = CARTESIAN_POINT ( 'NONE',  ( 60.55890631886802566, 13.39270828236717747, -30.02424759626137174 ) ) ;
#1088 = CARTESIAN_POINT ( 'NONE',  ( 60.36663589305109667, -10.09999999999999964, -31.30286362229155017 ) ) ;
#1089 = VERTEX_POINT ( 'NONE', #4984 ) ;
#1090 = ORIENTED_EDGE ( 'NONE', *, *, #3554, .T. ) ;
#1091 = CARTESIAN_POINT ( 'NONE',  ( 60.52888005254948212, 10.54124855869933697, -29.88291285832708155 ) ) ;
#1092 = CARTESIAN_POINT ( 'NONE',  ( 39.40525960507399361, -16.10000000000000142, 2.094525554754359753 ) ) ;
#1093 = CARTESIAN_POINT ( 'NONE',  ( 40.57341596624299740, -4.507944313723010410, -53.93045966493330212 ) ) ;
#1094 = DIRECTION ( 'NONE',  ( -0.9440533803505859467, 0.000000000000000000, 0.3297926849531869764 ) ) ;
#1095 = CARTESIAN_POINT ( 'NONE',  ( -67.58318728519560636, -10.09999999999999964, -26.94248588459840121 ) ) ;
#1096 = DIRECTION ( 'NONE',  ( 0.7516382967157391182, 0.000000000000000000, 0.6595755232801341350 ) ) ;
#1097 = DIRECTION ( 'NONE',  ( -0.7516382967157391182, 0.000000000000000000, 0.6595755232801341350 ) ) ;
#1098 = ORIENTED_EDGE ( 'NONE', *, *, #1232, .T. ) ;
#1099 = CARTESIAN_POINT ( 'NONE',  ( -64.02737289725433811, 2.024428999918666428, -18.70795611168940908 ) ) ;
#1100 = AXIS2_PLACEMENT_3D ( 'NONE', #3552, #5367, #3096 ) ;
#1101 = LINE ( 'NONE', #3739, #1228 ) ;
#1102 = DIRECTION ( 'NONE',  ( -0.000000000000000000, 1.000000000000000000, 0.000000000000000000 ) ) ;
#1103 = DIRECTION ( 'NONE',  ( -0.9715802785332849911, 0.000000000000000000, -0.2367102920558898094 ) ) ;
#1104 = ADVANCED_FACE ( 'NONE', ( #3652 ), #4621, .F. ) ;
#1105 = ORIENTED_EDGE ( 'NONE', *, *, #4110, .F. ) ;
#1106 = EDGE_LOOP ( 'NONE', ( #3724, #5325, #2438, #4012 ) ) ;
#1107 = CARTESIAN_POINT ( 'NONE',  ( -41.14094550164419672, 2.576763120803330143, -54.68482377228590252 ) ) ;
#1108 = ORIENTED_EDGE ( 'NONE', *, *, #557, .T. ) ;
#1109 = ORIENTED_EDGE ( 'NONE', *, *, #1325, .T. ) ;
#1110 = DIRECTION ( 'NONE',  ( -0.6595755232801341350, 0.000000000000000000, 0.7516382967157391182 ) ) ;
#1111 = CARTESIAN_POINT ( 'NONE',  ( 64.24299700736538909, -0.1203645520742958330, -19.26917917537124936 ) ) ;
#1112 = AXIS2_PLACEMENT_3D ( 'NONE', #5544, #3274, #1033 ) ;
#1113 = ORIENTED_EDGE ( 'NONE', *, *, #2442, .T. ) ;
#1114 = CARTESIAN_POINT ( 'NONE',  ( 36.53630715951639729, 8.000046420787830570, -58.14585519467859598 ) ) ;
#1115 = DIRECTION ( 'NONE',  ( 0.000000000000000000, 1.000000000000000000, 0.000000000000000000 ) ) ;
#1116 = EDGE_CURVE ( 'NONE', #355, #1599, #3258, .T. ) ;
#1117 = EDGE_LOOP ( 'NONE', ( #4572, #4780 ) ) ;
#1118 = CARTESIAN_POINT ( 'NONE',  ( -28.86090180133631122, 3.555555555555556246, -61.85678718573217338 ) ) ;
#1119 = LINE ( 'NONE', #5543, #1271 ) ;
#1120 = CARTESIAN_POINT ( 'NONE',  ( 63.31081984735619983, -0.2293316712708809990, -25.86921098387690066 ) ) ;
#1121 = CARTESIAN_POINT ( 'NONE',  ( -61.62123266422133838, 0.9713830188823272538, -31.07058396597041749 ) ) ;
#1122 = CARTESIAN_POINT ( 'NONE',  ( 0.000000000000000000, 5.648293050966949558, -67.09936784091340201 ) ) ;
#1123 = EDGE_CURVE ( 'NONE', #3349, #1937, #2729, .T. ) ;
#1124 = LINE ( 'NONE', #4613, #739 ) ;
#1125 = CARTESIAN_POINT ( 'NONE',  ( -43.23218663921680616, 16.10000000000000142, -9.847192473877310448 ) ) ;
#1126 = AXIS2_PLACEMENT_3D ( 'NONE', #5828, #3501, #372 ) ;
#1127 = ORIENTED_EDGE ( 'NONE', *, *, #4118, .F. ) ;
#1128 = CARTESIAN_POINT ( 'NONE',  ( 54.07657161259250245, 0.000000000000000000, -11.59233766148770073 ) ) ;
#1129 = CARTESIAN_POINT ( 'NONE',  ( -48.51943944152220212, 10.09999999999999964, -15.87243378493570134 ) ) ;
#1130 = AXIS2_PLACEMENT_3D ( 'NONE', #5676, #1602, #3405 ) ;
#1131 = CARTESIAN_POINT ( 'NONE',  ( 64.01969771060350922, -0.03228041492523635314, -22.92331357031414996 ) ) ;
#1132 = CARTESIAN_POINT ( 'NONE',  ( 50.78857490530128871, 0.5605650028602150448, -7.825475510348782748 ) ) ;
#1133 = B_SPLINE_CURVE_WITH_KNOTS ( 'NONE', 3,
 ( #5181, #182, #1122, #1068, #627, #5548, #4673 ),
 .UNSPECIFIED., .F., .F.,
 ( 4, 1, 1, 1, 4 ),
 ( 0.000000000000000000, 0.1428571428571430713, 0.4285714285714299909, 0.7142857142857166330, 1.000000000000000000 ),
 .UNSPECIFIED. ) ;
#1134 = AXIS2_PLACEMENT_3D ( 'NONE', #1959, #1489, #3204 ) ;
#1135 = ORIENTED_EDGE ( 'NONE', *, *, #5229, .T. ) ;
#1136 = ADVANCED_FACE ( 'NONE', ( #3168 ), #2760, .F. ) ;
#1137 = CARTESIAN_POINT ( 'NONE',  ( 24.26584496380976219, -14.31715692229030523, 22.38701216391059390 ) ) ;
#1138 = EDGE_LOOP ( 'NONE', ( #5717, #5324, #702, #4965 ) ) ;
#1139 = ORIENTED_EDGE ( 'NONE', *, *, #849, .F. ) ;
#1140 = AXIS2_PLACEMENT_3D ( 'NONE', #5249, #277, #4709 ) ;
#1141 = DIRECTION ( 'NONE',  ( -0.6595755232801338019, 0.000000000000000000, -0.7516382967157392292 ) ) ;
#1142 = EDGE_LOOP ( 'NONE', ( #1022, #2590, #5012, #3259, #4985 ) ) ;
#1143 = FACE_OUTER_BOUND ( 'NONE', #1080, .T. ) ;
#1144 = CIRCLE ( 'NONE', #688, 25.00000000000000000 ) ;
#1145 = CARTESIAN_POINT ( 'NONE',  ( -6.268766231013559675, -16.10000000000000142, -34.43403214758485120 ) ) ;
#1146 = VERTEX_POINT ( 'NONE', #1455 ) ;
#1147 = EDGE_LOOP ( 'NONE', ( #943, #650, #2949, #1952, #4421, #3795, #5536 ) ) ;
#1148 = AXIS2_PLACEMENT_3D ( 'NONE', #191, #5678, #3861 ) ;
#1149 = DIRECTION ( 'NONE',  ( 0.8660254037844385966, 0.000000000000000000, -0.5000000000000003331 ) ) ;
#1150 = CARTESIAN_POINT ( 'NONE',  ( 61.04226230357116378, -0.7853828659896279207, -31.49344762264490072 ) ) ;
#1151 = AXIS2_PLACEMENT_3D ( 'NONE', #2519, #5713, #4358 ) ;
#1152 = CARTESIAN_POINT ( 'NONE',  ( -6.358103189336588912, -5.916674403464640797, -68.00000000000000000 ) ) ;
#1153 = CYLINDRICAL_SURFACE ( 'NONE', #4783, 8.899999999999995026 ) ;
#1154 = CARTESIAN_POINT ( 'NONE',  ( -54.07657161259250245, 0.000000000000000000, -11.59233766148770073 ) ) ;
#1155 = CIRCLE ( 'NONE', #2664, 4.999999999999998224 ) ;
#1156 = CIRCLE ( 'NONE', #3805, 1.999999999999997780 ) ;
#1157 = CARTESIAN_POINT ( 'NONE',  ( 0.000000000000000000, 8.501128760361970294, -67.55178472008491042 ) ) ;
#1158 = CARTESIAN_POINT ( 'NONE',  ( -52.27936394579963775, 4.612221670727788769, -43.88714934156269720 ) ) ;
#1159 = ORIENTED_EDGE ( 'NONE', *, *, #927, .T. ) ;
#1160 = EDGE_CURVE ( 'NONE', #2726, #1539, #5505, .T. ) ;
#1161 = CARTESIAN_POINT ( 'NONE',  ( -64.47333537766802181, -0.08824874256310340226, -20.62339717337345490 ) ) ;
#1162 = DIRECTION ( 'NONE',  ( 0.000000000000000000, -1.000000000000000000, 0.000000000000000000 ) ) ;
#1163 = CARTESIAN_POINT ( 'NONE',  ( 65.14522362034017533, -1.350098315156414319, -24.20593905874446961 ) ) ;
#1164 = DIRECTION ( 'NONE',  ( -0.7516382967157390071, 0.000000000000000000, -0.6595755232801340240 ) ) ;
#1165 = ORIENTED_EDGE ( 'NONE', *, *, #3488, .F. ) ;
#1166 = FACE_OUTER_BOUND ( 'NONE', #1561, .T. ) ;
#1167 = ORIENTED_EDGE ( 'NONE', *, *, #1050, .F. ) ;
#1168 = EDGE_CURVE ( 'NONE', #2426, #3015, #577, .T. ) ;
#1169 = ORIENTED_EDGE ( 'NONE', *, *, #1780, .F. ) ;
#1170 = AXIS2_PLACEMENT_3D ( 'NONE', #5759, #3431, #1653 ) ;
#1171 = CARTESIAN_POINT ( 'NONE',  ( 40.90853619850539502, 10.09999999999999964, 3.413676601314624914 ) ) ;
#1172 = EDGE_LOOP ( 'NONE', ( #4180, #3169, #1235, #2998 ) ) ;
#1173 = CARTESIAN_POINT ( 'NONE',  ( -54.07657161259250245, 0.000000000000000000, -11.59233766148770073 ) ) ;
#1174 = DIRECTION ( 'NONE',  ( 0.7516382967157391182, 0.000000000000000000, 0.6595755232801341350 ) ) ;
#1175 = ORIENTED_EDGE ( 'NONE', *, *, #3052, .F. ) ;
#1176 = ORIENTED_EDGE ( 'NONE', *, *, #1266, .T. ) ;
#1177 = VERTEX_POINT ( 'NONE', #4067 ) ;
#1178 = B_SPLINE_CURVE_WITH_KNOTS ( 'NONE', 3,
 ( #3771, #607, #1132, #4268 ),
 .UNSPECIFIED., .F., .F.,
 ( 4, 4 ),
 ( 0.000000000000000000, 1.000000000000000000 ),
 .UNSPECIFIED. ) ;
#1179 = DIRECTION ( 'NONE',  ( 0.7516382967157391182, 0.000000000000000000, 0.6595755232801341350 ) ) ;
#1180 = CARTESIAN_POINT ( 'NONE',  ( 62.12782439378476340, -1.340597421495304475, -30.75366598698598963 ) ) ;
#1181 = FACE_OUTER_BOUND ( 'NONE', #3111, .T. ) ;
#1182 = AXIS2_PLACEMENT_3D ( 'NONE', #5276, #1213, #4828 ) ;
#1183 = CARTESIAN_POINT ( 'NONE',  ( 13.94841745712061609, 6.123233995736766282E-16, -40.15334681863557620 ) ) ;
#1184 = LINE ( 'NONE', #298, #136 ) ;
#1185 = CARTESIAN_POINT ( 'NONE',  ( 0.000000000000000000, 8.070522142930748544, -66.65552070304629240 ) ) ;
#1186 = FACE_OUTER_BOUND ( 'NONE', #375, .T. ) ;
#1187 = FACE_OUTER_BOUND ( 'NONE', #1138, .T. ) ;
#1188 = FACE_OUTER_BOUND ( 'NONE', #3468, .T. ) ;
#1189 = CARTESIAN_POINT ( 'NONE',  ( 58.88972745734179881, 0.000000000000000000, -34.00000000000000000 ) ) ;
#1190 = FACE_OUTER_BOUND ( 'NONE', #1117, .T. ) ;
#1191 = LINE ( 'NONE', #401, #1058 ) ;
#1192 = EDGE_CURVE ( 'NONE', #2856, #1367, #1424, .T. ) ;
#1193 = ORIENTED_EDGE ( 'NONE', *, *, #1534, .T. ) ;
#1194 = VERTEX_POINT ( 'NONE', #1347 ) ;
#1195 = CARTESIAN_POINT ( 'NONE',  ( -41.32334315035719641, 5.626836769059300636, -54.92726796394740063 ) ) ;
#1196 = ORIENTED_EDGE ( 'NONE', *, *, #1534, .F. ) ;
#1197 = ORIENTED_EDGE ( 'NONE', *, *, #2551, .F. ) ;
#1198 = EDGE_CURVE ( 'NONE', #4464, #4596, #1813, .T. ) ;
#1199 = ORIENTED_EDGE ( 'NONE', *, *, #2028, .F. ) ;
#1200 = LINE ( 'NONE', #3029, #3114 ) ;
#1201 = ORIENTED_EDGE ( 'NONE', *, *, #4692, .F. ) ;
#1202 = CARTESIAN_POINT ( 'NONE',  ( 6.273827554516619109, 6.064967454431589466, -67.09936784091340201 ) ) ;
#1203 = DIRECTION ( 'NONE',  ( -0.7516382967157391182, 0.000000000000000000, -0.6595755232801341350 ) ) ;
#1204 = VERTEX_POINT ( 'NONE', #1783 ) ;
#1205 = ORIENTED_EDGE ( 'NONE', *, *, #3151, .F. ) ;
#1206 = LINE ( 'NONE', #2114, #1788 ) ;
#1207 = CARTESIAN_POINT ( 'NONE',  ( 62.34505726844356843, -2.375967003215727846, -30.63153275506954998 ) ) ;
#1208 = CARTESIAN_POINT ( 'NONE',  ( 25.00000000000000000, 10.09999999999999964, -3.061616997868383043E-15 ) ) ;
#1209 = EDGE_CURVE ( 'NONE', #3059, #5680, #2812, .T. ) ;
#1210 = CARTESIAN_POINT ( 'NONE',  ( 0.000000000000000000, 10.09999999999999964, 0.000000000000000000 ) ) ;
#1211 = CARTESIAN_POINT ( 'NONE',  ( -64.15469988210517727, 0.006140914525327874872, -22.53893798587333208 ) ) ;
#1212 = CARTESIAN_POINT ( 'NONE',  ( -43.67122707623509825, -10.09999999999999964, -5.046038264045169086 ) ) ;
#1213 = DIRECTION ( 'NONE',  ( 0.6595755232801341350, 0.000000000000000000, -0.7516382967157391182 ) ) ;
#1214 = VERTEX_POINT ( 'NONE', #5411 ) ;
#1215 = LINE ( 'NONE', #3016, #4076 ) ;
#1216 = CARTESIAN_POINT ( 'NONE',  ( -27.14424276192709939, 13.10000000000000142, -19.97335825683665078 ) ) ;
#1217 = FACE_OUTER_BOUND ( 'NONE', #1172, .T. ) ;
#1218 = CARTESIAN_POINT ( 'NONE',  ( -57.73549536239379876, 10.09999999999999964, -15.76196967183950193 ) ) ;
#1219 = ORIENTED_EDGE ( 'NONE', *, *, #3597, .T. ) ;
#1220 = CARTESIAN_POINT ( 'NONE',  ( 50.78857490530128871, -0.5605650028602346957, -7.825475510348786301 ) ) ;
#1221 = CARTESIAN_POINT ( 'NONE',  ( 63.98227339743342412, -0.6406970548322353798, -18.61176170014001485 ) ) ;
#1222 = ORIENTED_EDGE ( 'NONE', *, *, #4402, .T. ) ;
#1223 = ADVANCED_FACE ( 'NONE', ( #102 ), #3142, .T. ) ;
#1224 = CYLINDRICAL_SURFACE ( 'NONE', #4522, 1.999999999999997780 ) ;
#1225 = VECTOR ( 'NONE', #3384, 1000.000000000000000 ) ;
#1226 = CARTESIAN_POINT ( 'NONE',  ( -55.57256106949069618, 2.307137140780685325, -38.28970139913744930 ) ) ;
#1227 = ORIENTED_EDGE ( 'NONE', *, *, #4169, .F. ) ;
#1228 = VECTOR ( 'NONE', #605, 1000.000000000000000 ) ;
#1229 = ORIENTED_EDGE ( 'NONE', *, *, #2428, .T. ) ;
#1230 = DIRECTION ( 'NONE',  ( -0.4663903252160480073, 0.7071067811865480168, -0.5314885366072049644 ) ) ;
#1231 = ORIENTED_EDGE ( 'NONE', *, *, #541, .F. ) ;
#1232 = EDGE_CURVE ( 'NONE', #4746, #3572, #2701, .T. ) ;
#1233 = CARTESIAN_POINT ( 'NONE',  ( 58.12171517512079788, 13.08341843827146000, -34.99895325819680636 ) ) ;
#1234 = FACE_BOUND ( 'NONE', #5008, .T. ) ;
#1235 = ORIENTED_EDGE ( 'NONE', *, *, #3246, .T. ) ;
#1236 = VERTEX_POINT ( 'NONE', #962 ) ;
#1237 = LINE ( 'NONE', #4855, #2446 ) ;
#1238 = CARTESIAN_POINT ( 'NONE',  ( 59.82373057633537172, -3.718490727903266624, -32.67691353419141365 ) ) ;
#1239 = CARTESIAN_POINT ( 'NONE',  ( 0.000000000000000000, -5.500000000000000000, -68.00000000000000000 ) ) ;
#1240 = CIRCLE ( 'NONE', #4258, 4.000000000000002665 ) ;
#1241 = DIRECTION ( 'NONE',  ( 0.000000000000000000, 1.000000000000000000, 0.000000000000000000 ) ) ;
#1242 = DIRECTION ( 'NONE',  ( 0.000000000000000000, 1.000000000000000000, 0.000000000000000000 ) ) ;
#1243 = AXIS2_PLACEMENT_3D ( 'NONE', #546, #518, #4199 ) ;
#1244 = EDGE_CURVE ( 'NONE', #2399, #4684, #521, .T. ) ;
#1245 = CARTESIAN_POINT ( 'NONE',  ( 0.000000000000000000, 8.501133011340870738, -67.99969411510689099 ) ) ;
#1246 = DIRECTION ( 'NONE',  ( 0.000000000000000000, -1.000000000000000000, 0.000000000000000000 ) ) ;
#1247 = ORIENTED_EDGE ( 'NONE', *, *, #3669, .T. ) ;
#1248 = FACE_OUTER_BOUND ( 'NONE', #194, .T. ) ;
#1249 = LINE ( 'NONE', #3049, #2444 ) ;
#1250 = CARTESIAN_POINT ( 'NONE',  ( 66.06866419668089918, 0.000000000000000000, -29.56571682314174865 ) ) ;
#1251 = CARTESIAN_POINT ( 'NONE',  ( 45.67122707623510536, 10.09999999999999964, -5.046038264045169086 ) ) ;
#1252 = DIRECTION ( 'NONE',  ( 0.000000000000000000, 1.000000000000000000, 0.000000000000000000 ) ) ;
#1253 = CARTESIAN_POINT ( 'NONE',  ( 64.46474339460614544, 0.08458783881580685116, -20.44105015328025488 ) ) ;
#1254 = ORIENTED_EDGE ( 'NONE', *, *, #675, .F. ) ;
#1255 = LINE ( 'NONE', #819, #1871 ) ;
#1256 = CARTESIAN_POINT ( 'NONE',  ( -66.05257615411609606, -0.2945992713583559519, -19.05215190882870147 ) ) ;
#1258 = ADVANCED_FACE ( 'NONE', ( #1893, #3624 ), #4142, .T. ) ;
#1257 = ORIENTED_EDGE ( 'NONE', *, *, #80, .T. ) ;
#1259 = EDGE_CURVE ( 'NONE', #4786, #5622, #3679, .T. ) ;
#1260 = VERTEX_POINT ( 'NONE', #1864 ) ;
#1261 = CARTESIAN_POINT ( 'NONE',  ( -42.40681730675835581, -16.10000000000000142, 1.706267183499749818 ) ) ;
#1262 = VERTEX_POINT ( 'NONE', #48 ) ;
#1263 = SURFACE_STYLE_FILL_AREA ( #5333 ) ;
#1264 = EDGE_LOOP ( 'NONE', ( #5509, #3628, #1789, #4876 ) ) ;
#1265 = EDGE_LOOP ( 'NONE', ( #705, #5809 ) ) ;
#1266 = EDGE_CURVE ( 'NONE', #5385, #4281, #3229, .T. ) ;
#1267 = ADVANCED_FACE ( 'NONE', ( #3347 ), #1075, .F. ) ;
#1268 = CYLINDRICAL_SURFACE ( 'NONE', #758, 2.000000000000001776 ) ;
#1269 = CARTESIAN_POINT ( 'NONE',  ( 60.21221053605945883, -0.7223441434639942260, -32.24912120234686341 ) ) ;
#1270 = CARTESIAN_POINT ( 'NONE',  ( -38.60100047522179523, 14.28670556295805660, -8.341031158813887458 ) ) ;
#1271 = VECTOR ( 'NONE', #595, 999.9999999999998863 ) ;
#1272 = CARTESIAN_POINT ( 'NONE',  ( -42.72948716276229675, 10.09999999999999964, -9.095554177161560006 ) ) ;
#1273 = DIRECTION ( 'NONE',  ( -0.6595755232801338019, 0.000000000000000000, -0.7516382967157392292 ) ) ;
#1274 = CARTESIAN_POINT ( 'NONE',  ( -60.09442319551060052, -12.82667191048452082, -29.06304011625210038 ) ) ;
#1275 = CARTESIAN_POINT ( 'NONE',  ( 58.88940059240169234, 13.16666609856367920, -33.99981111497897501 ) ) ;
#1276 = VERTEX_POINT ( 'NONE', #2962 ) ;
#1277 = CARTESIAN_POINT ( 'NONE',  ( -54.39802043194809045, -10.09999999999999964, -22.57154017501994758 ) ) ;
#1278 = DIRECTION ( 'NONE',  ( 0.000000000000000000, 1.000000000000000000, 0.000000000000000000 ) ) ;
#1279 = DIRECTION ( 'NONE',  ( 0.9978788618232535823, 0.000000000000000000, 0.06509821139115724853 ) ) ;
#1280 = CARTESIAN_POINT ( 'NONE',  ( -45.67122707623510536, 10.09999999999999964, -5.046038264045169086 ) ) ;
#1281 = CARTESIAN_POINT ( 'NONE',  ( -64.01969771060350922, 3.032280414925240031, -22.92331357031414996 ) ) ;
#1282 = CARTESIAN_POINT ( 'NONE',  ( 64.26936120127427898, -0.08806080419141816551, -19.35620007786685903 ) ) ;
#1283 = ORIENTED_EDGE ( 'NONE', *, *, #42, .F. ) ;
#1284 = CARTESIAN_POINT ( 'NONE',  ( -45.67122707623510536, -10.09999999999999964, -5.046038264045169086 ) ) ;
#1285 = ADVANCED_FACE ( 'NONE', ( #5162 ), #5189, .T. ) ;
#1286 = DIRECTION ( 'NONE',  ( -0.7516382967157390071, 0.000000000000000000, 0.6595755232801340240 ) ) ;
#1287 = ORIENTED_EDGE ( 'NONE', *, *, #4215, .F. ) ;
#1288 = CIRCLE ( 'NONE', #4029, 49.99999999999998579 ) ;
#1289 = ORIENTED_EDGE ( 'NONE', *, *, #5768, .F. ) ;
#1290 = CYLINDRICAL_SURFACE ( 'NONE', #2161, 3.999999999999998668 ) ;
#1291 = ORIENTED_EDGE ( 'NONE', *, *, #374, .F. ) ;
#1292 = LINE ( 'NONE', #4991, #2367 ) ;
#1293 = AXIS2_PLACEMENT_3D ( 'NONE', #1145, #736, #290 ) ;
#1294 = VECTOR ( 'NONE', #2698, 1000.000000000000114 ) ;
#1295 = ORIENTED_EDGE ( 'NONE', *, *, #410, .T. ) ;
#1296 = DIRECTION ( 'NONE',  ( 0.5000000000000011102, 0.000000000000000000, -0.8660254037844379305 ) ) ;
#1297 = CARTESIAN_POINT ( 'NONE',  ( 45.67122707623510536, 16.10000000000000142, -5.046038264045169086 ) ) ;
#1298 = CARTESIAN_POINT ( 'NONE',  ( -57.06737245814519355, -11.96663960202790022, -34.36397850004065191 ) ) ;
#1299 = EDGE_CURVE ( 'NONE', #5570, #5334, #1178, .T. ) ;
#1300 = LINE ( 'NONE', #505, #2403 ) ;
#1301 = VECTOR ( 'NONE', #2537, 1000.000000000000000 ) ;
#1302 = CARTESIAN_POINT ( 'NONE',  ( -57.73549536239379876, 10.09999999999999964, -15.76196967183950193 ) ) ;
#1303 = EDGE_LOOP ( 'NONE', ( #4370, #3508, #3696, #663 ) ) ;
#1304 = CYLINDRICAL_SURFACE ( 'NONE', #3665, 23.00000000000000000 ) ;
#1305 = DIRECTION ( 'NONE',  ( 0.000000000000000000, 1.000000000000000000, 0.000000000000000000 ) ) ;
#1306 = DIRECTION ( 'NONE',  ( -0.6595755232801341350, 0.000000000000000000, -0.7516382967157391182 ) ) ;
#1307 = CARTESIAN_POINT ( 'NONE',  ( -62.26693386936559449, 1.525621794493204009, -30.67440334464580687 ) ) ;
#1308 = CARTESIAN_POINT ( 'NONE',  ( -22.50776315053149901, 0.000000000000000000, -39.29450963925329887 ) ) ;
#1309 = DIRECTION ( 'NONE',  ( 0.9926956690917259074, 0.000000000000000000, 0.1206453835276376924 ) ) ;
#1310 = CARTESIAN_POINT ( 'NONE',  ( 54.07657161259250245, 0.000000000000000000, -11.59233766148770073 ) ) ;
#1311 = CARTESIAN_POINT ( 'NONE',  ( 0.000000000000000000, 0.000000000000000000, 0.000000000000000000 ) ) ;
#1312 = VERTEX_POINT ( 'NONE', #220 ) ;
#1313 = CARTESIAN_POINT ( 'NONE',  ( 14.45921831757124920, -4.900000000000001243, 40.49606160659098464 ) ) ;
#1314 = CARTESIAN_POINT ( 'NONE',  ( -22.46745717447840107, 5.180617699322979774, -67.23635544608040959 ) ) ;
#1315 = VECTOR ( 'NONE', #4760, 999.9999999999998863 ) ;
#1316 = VERTEX_POINT ( 'NONE', #160 ) ;
#1317 = ADVANCED_FACE ( 'NONE', ( #1482 ), #132, .F. ) ;
#1318 = CARTESIAN_POINT ( 'NONE',  ( 7.357990982927789858, -5.019822574420899741, -68.44821527991489063 ) ) ;
#1319 = CIRCLE ( 'NONE', #662, 33.00000000000000000 ) ;
#1320 = VERTEX_POINT ( 'NONE', #5585 ) ;
#1321 = FACE_OUTER_BOUND ( 'NONE', #5863, .T. ) ;
#1322 = CIRCLE ( 'NONE', #476, 2.000000000000001776 ) ;
#1323 = CARTESIAN_POINT ( 'NONE',  ( 38.26431457799019853, 16.10000000000000142, -6.224022662643469594 ) ) ;
#1324 = CARTESIAN_POINT ( 'NONE',  ( 60.06758748927411062, -0.7253280268909858552, -32.40244781921293082 ) ) ;
#1325 = EDGE_CURVE ( 'NONE', #3128, #3302, #3700, .T. ) ;
#1326 = CARTESIAN_POINT ( 'NONE',  ( 58.91649172869909279, 10.09999999999999964, -15.80827102623565139 ) ) ;
#1327 = ORIENTED_EDGE ( 'NONE', *, *, #3690, .F. ) ;
#1328 = ORIENTED_EDGE ( 'NONE', *, *, #2235, .T. ) ;
#1329 = EDGE_CURVE ( 'NONE', #4852, #1897, #2937, .T. ) ;
#1330 = EDGE_CURVE ( 'NONE', #4233, #1932, #3800, .T. ) ;
#1331 = CARTESIAN_POINT ( 'NONE',  ( -22.16798146577890094, 4.016838715595654641, -66.34016473230710176 ) ) ;
#1332 = AXIS2_PLACEMENT_3D ( 'NONE', #2721, #4194, #2325 ) ;
#1333 = CARTESIAN_POINT ( 'NONE',  ( 63.31081984735619983, -0.2293316712708809990, -25.86921098387690066 ) ) ;
#1334 = B_SPLINE_SURFACE_WITH_KNOTS ( 'NONE', 3, 3, ( 
 ( #2138, #1708, #3001, #289, #4849, #4395, #2945 ),
 ( #3515, #3931, #4278, #1114, #5201, #3032, #2910 ),
 ( #1645, #1202, #1675, #5659, #2079, #5232, #3448 ),
 ( #2972, #2526, #1614, #679, #1585, #4367, #320 ),
 ( #2469, #231, #259, #2109, #4756, #5748, #4332 ),
 ( #3481, #3869, #3421, #5298, #735, #1233, #797 ),
 ( #3902, #2589, #4908, #4045, #857, #469, #4454 ) ),
 .UNSPECIFIED., .F., .F., .F.,
 ( 4, 1, 1, 1, 4 ),
 ( 4, 1, 1, 1, 4 ),
 ( -4.124509092368850106E-16, 0.4487989505638989574, 1.346396851691699981, 2.243994752819500338, 3.141592653947290259 ),
 ( 0.000000000000000000, 0.2805045524707320270, 0.5610091049414640541, 0.8415136574121960811, 1.122018209882929884 ),
 .UNSPECIFIED. ) ;
#1335 = CARTESIAN_POINT ( 'NONE',  ( 1.102182119232617911E-14, -4.900000000000001243, 102.3859786274063453 ) ) ;
#1336 = CARTESIAN_POINT ( 'NONE',  ( -60.62628237513671081, 3.575195267374791541, -31.84886329745716793 ) ) ;
#1337 = CARTESIAN_POINT ( 'NONE',  ( -65.14868166939780281, 1.667445661588077943, -24.20987977820998083 ) ) ;
#1338 = DIRECTION ( 'NONE',  ( 0.000000000000000000, 1.000000000000000000, 0.000000000000000000 ) ) ;
#1339 = VECTOR ( 'NONE', #1015, 1000.000000000000000 ) ;
#1340 = AXIS2_PLACEMENT_3D ( 'NONE', #3051, #3533, #4384 ) ;
#1341 = DIRECTION ( 'NONE',  ( 0.000000000000000000, -1.000000000000000000, 0.000000000000000000 ) ) ;
#1342 = DIRECTION ( 'NONE',  ( -1.000000000000000000, 0.000000000000000000, 0.000000000000000000 ) ) ;
#1343 = EDGE_CURVE ( 'NONE', #4184, #4448, #3211, .T. ) ;
#1344 = VECTOR ( 'NONE', #5446, 1000.000000000000000 ) ;
#1345 = CARTESIAN_POINT ( 'NONE',  ( 0.000000000000000000, -8.498570938983778689, -67.77512047964782482 ) ) ;
#1346 = CARTESIAN_POINT ( 'NONE',  ( -58.59114660207919911, -10.09999999999999964, -30.38219116281240062 ) ) ;
#1347 = CARTESIAN_POINT ( 'NONE',  ( -64.47536296208700435, -10.09999999999999964, -20.77693915205080089 ) ) ;
#1348 = ORIENTED_EDGE ( 'NONE', *, *, #4958, .T. ) ;
#1349 = CARTESIAN_POINT ( 'NONE',  ( 7.229799762790730000, -8.066966623535879677, -67.25461972646890274 ) ) ;
#1350 = ORIENTED_EDGE ( 'NONE', *, *, #2597, .F. ) ;
#1351 = CARTESIAN_POINT ( 'NONE',  ( 38.26431457799019853, 16.10000000000000142, -6.224022662643469594 ) ) ;
#1352 = EDGE_CURVE ( 'NONE', #1146, #4623, #3507, .T. ) ;
#1353 = CARTESIAN_POINT ( 'NONE',  ( 23.33152447572362576, -6.943355803614704058, -64.14712354038486808 ) ) ;
#1354 = DIRECTION ( 'NONE',  ( 1.000000000000000000, 0.000000000000000000, 0.000000000000000000 ) ) ;
#1355 = CARTESIAN_POINT ( 'NONE',  ( 0.000000000000000000, 16.10000000000000142, 0.000000000000000000 ) ) ;
#1356 = EDGE_CURVE ( 'NONE', #3638, #683, #23, .T. ) ;
#1357 = VERTEX_POINT ( 'NONE', #637 ) ;
#1358 = ORIENTED_EDGE ( 'NONE', *, *, #4271, .T. ) ;
#1359 = CARTESIAN_POINT ( 'NONE',  ( -7.229778767501529479, 4.972006446888880049, -67.25355137267800387 ) ) ;
#1360 = CIRCLE ( 'NONE', #2385, 25.00000000000000000 ) ;
#1361 = CARTESIAN_POINT ( 'NONE',  ( -59.97151465022478334, -12.57506092176515544, -28.92297614121084237 ) ) ;
#1362 = CARTESIAN_POINT ( 'NONE',  ( -62.12589214887729128, 2.772026890160020685, -30.75351345493268340 ) ) ;
#1363 = DIRECTION ( 'NONE',  ( 0.7516382967157391182, 0.000000000000000000, 0.6595755232801341350 ) ) ;
#1364 = CARTESIAN_POINT ( 'NONE',  ( 48.43171633260909914, -4.898587196589412829E-16, -11.22408656774520352 ) ) ;
#1365 = PLANE ( 'NONE',  #5778 ) ;
#1366 = DIRECTION ( 'NONE',  ( -1.000000000000000000, 0.000000000000000000, 0.000000000000000000 ) ) ;
#1367 = VERTEX_POINT ( 'NONE', #5617 ) ;
#1368 = CARTESIAN_POINT ( 'NONE',  ( 0.000000000000000000, -4.900000000000001243, 0.000000000000000000 ) ) ;
#1369 = CARTESIAN_POINT ( 'NONE',  ( -56.97316061862060366, 4.189695024386870692, -39.25476627461014800 ) ) ;
#1370 = EDGE_CURVE ( 'NONE', #4998, #86, #248, .T. ) ;
#1371 = DIRECTION ( 'NONE',  ( 0.000000000000000000, 1.000000000000000000, 0.000000000000000000 ) ) ;
#1372 = ORIENTED_EDGE ( 'NONE', *, *, #5034, .T. ) ;
#1373 = CARTESIAN_POINT ( 'NONE',  ( 0.000000000000000000, -5.498871239638010167, -68.44821527991489063 ) ) ;
#1374 = VERTEX_POINT ( 'NONE', #2487 ) ;
#1375 = CARTESIAN_POINT ( 'NONE',  ( 39.76488692008847892, 12.16599151826459035, -10.14115635160136364 ) ) ;
#1376 = ADVANCED_FACE ( 'NONE', ( #2899, #1604, #1981 ), #2425, .T. ) ;
#1377 = CARTESIAN_POINT ( 'NONE',  ( 52.27916303478457394, -4.610022470281369245, -43.88738549115340248 ) ) ;
#1378 = CARTESIAN_POINT ( 'NONE',  ( -58.59114660207919911, 16.10000000000000142, -30.38219116281240062 ) ) ;
#1379 = ORIENTED_EDGE ( 'NONE', *, *, #711, .F. ) ;
#1380 = AXIS2_PLACEMENT_3D ( 'NONE', #1823, #2289, #392 ) ;
#1381 = CARTESIAN_POINT ( 'NONE',  ( 28.09068004689710207, 16.10000000000000142, -45.65668348982450198 ) ) ;
#1382 = ORIENTED_EDGE ( 'NONE', *, *, #4511, .F. ) ;
#1383 = ORIENTED_EDGE ( 'NONE', *, *, #3791, .T. ) ;
#1384 = CARTESIAN_POINT ( 'NONE',  ( -45.67122707623510536, -16.10000000000000142, -5.046038264045169086 ) ) ;
#1385 = AXIS2_PLACEMENT_3D ( 'NONE', #3675, #2754, #2725 ) ;
#1386 = ADVANCED_FACE ( 'NONE', ( #3377, #3407 ), #5223, .F. ) ;
#1387 = CARTESIAN_POINT ( 'NONE',  ( -60.57653794026264649, -10.09999999999999964, -30.14090039575712865 ) ) ;
#1388 = CARTESIAN_POINT ( 'NONE',  ( -61.00082202872488324, 3.468999571616354416, -31.52973267320504647 ) ) ;
#1389 = DIRECTION ( 'NONE',  ( 0.000000000000000000, 1.000000000000000000, 0.000000000000000000 ) ) ;
#1390 = LINE ( 'NONE', #5432, #5808 ) ;
#1391 = AXIS2_PLACEMENT_3D ( 'NONE', #5520, #1448, #5609 ) ;
#1392 = CYLINDRICAL_SURFACE ( 'NONE', #4622, 4.999999999999997335 ) ;
#1393 = CARTESIAN_POINT ( 'NONE',  ( 64.47536246379682723, 0.08697623193469732061, -20.91901898811652671 ) ) ;
#1394 = ORIENTED_EDGE ( 'NONE', *, *, #5775, .F. ) ;
#1395 = DIRECTION ( 'NONE',  ( -1.000000000000000000, 0.000000000000000000, 0.000000000000000000 ) ) ;
#1396 = DIRECTION ( 'NONE',  ( -1.000000000000000000, 0.000000000000000000, 0.000000000000000000 ) ) ;
#1397 = CARTESIAN_POINT ( 'NONE',  ( -58.59114660207919911, 0.000000000000000000, -30.38219116281240062 ) ) ;
#1398 = ORIENTED_EDGE ( 'NONE', *, *, #1886, .F. ) ;
#1399 = CARTESIAN_POINT ( 'NONE',  ( 56.97366662301190132, -1.187429001705102127, -39.25510254380350261 ) ) ;
#1400 = EDGE_CURVE ( 'NONE', #794, #2968, #4452, .T. ) ;
#1401 = ORIENTED_EDGE ( 'NONE', *, *, #4814, .F. ) ;
#1402 = ORIENTED_EDGE ( 'NONE', *, *, #3567, .T. ) ;
#1403 = DIRECTION ( 'NONE',  ( 0.000000000000000000, 1.000000000000000000, 0.000000000000000000 ) ) ;
#1404 = DIRECTION ( 'NONE',  ( 0.000000000000000000, -1.000000000000000000, 0.000000000000000000 ) ) ;
#1405 = CARTESIAN_POINT ( 'NONE',  ( -64.47177833568284200, -0.07860269858285562350, -21.13174588389761865 ) ) ;
#1406 = EDGE_CURVE ( 'NONE', #2151, #4753, #2749, .T. ) ;
#1407 = ORIENTED_EDGE ( 'NONE', *, *, #428, .T. ) ;
#1408 = CARTESIAN_POINT ( 'NONE',  ( 64.00713028730612564, -0.03069634045970795130, -22.90899200089871712 ) ) ;
#1409 = VERTEX_POINT ( 'NONE', #3465 ) ;
#1410 = VERTEX_POINT ( 'NONE', #1636 ) ;
#1411 = CARTESIAN_POINT ( 'NONE',  ( -22.36068714455310058, 6.633401653152809274, -66.91685445515139463 ) ) ;
#1412 = CARTESIAN_POINT ( 'NONE',  ( 54.39802043194809045, 16.10000000000000142, -22.57154017501994758 ) ) ;
#1413 = CARTESIAN_POINT ( 'NONE',  ( -62.39227331091002071, 2.163493266792141156, -30.60606328851564584 ) ) ;
#1414 = DIRECTION ( 'NONE',  ( -0.7516382967157391182, 0.000000000000000000, 0.6595755232801341350 ) ) ;
#1415 = DIRECTION ( 'NONE',  ( -0.6595755232801341350, 0.000000000000000000, -0.7516382967157388961 ) ) ;
#1416 = EDGE_CURVE ( 'NONE', #3802, #5653, #1894, .T. ) ;
#1417 = AXIS2_PLACEMENT_3D ( 'NONE', #2831, #5058, #925 ) ;
#1418 = CARTESIAN_POINT ( 'NONE',  ( 60.56864740700883942, 10.49269686256987200, -30.08220882295256260 ) ) ;
#1419 = FACE_OUTER_BOUND ( 'NONE', #1997, .T. ) ;
#1420 = ORIENTED_EDGE ( 'NONE', *, *, #4051, .F. ) ;
#1421 = CARTESIAN_POINT ( 'NONE',  ( -60.57653794026264649, 0.000000000000000000, -30.14090039575712865 ) ) ;
#1422 = AXIS2_PLACEMENT_3D ( 'NONE', #3462, #898, #4347 ) ;
#1423 = LINE ( 'NONE', #5039, #2833 ) ;
#1424 = LINE ( 'NONE', #3595, #1425 ) ;
#1425 = VECTOR ( 'NONE', #2334, 1000.000000000000000 ) ;
#1426 = ORIENTED_EDGE ( 'NONE', *, *, #1830, .F. ) ;
#1427 = AXIS2_PLACEMENT_3D ( 'NONE', #1658, #397, #5849 ) ;
#1428 = EDGE_LOOP ( 'NONE', ( #755, #354, #5571, #112, #1062, #5686, #4932, #640, #5801, #1382, #4052, #2251, #5297, #779, #1441, #967, #3719, #5041, #5567, #2813, #3116, #2005, #3209 ) ) ;
#1429 = CARTESIAN_POINT ( 'NONE',  ( 16.29757265040000291, -5.760724259248795498, 35.35175531302877516 ) ) ;
#1430 = AXIS2_PLACEMENT_3D ( 'NONE', #4484, #4510, #4095 ) ;
#1431 = EDGE_CURVE ( 'NONE', #3960, #706, #5703, .T. ) ;
#1432 = AXIS2_PLACEMENT_3D ( 'NONE', #3340, #124, #3308 ) ;
#1433 = CYLINDRICAL_SURFACE ( 'NONE', #388, 1.999999999999997335 ) ;
#1434 = CARTESIAN_POINT ( 'NONE',  ( 64.46164985292045913, -2.814202659968718656, -20.39543221126611527 ) ) ;
#1435 = ORIENTED_EDGE ( 'NONE', *, *, #4806, .F. ) ;
#1436 = FACE_OUTER_BOUND ( 'NONE', #4388, .T. ) ;
#1437 = CARTESIAN_POINT ( 'NONE',  ( 52.46675317670389660, -10.09999999999999964, -6.725569453945319687 ) ) ;
#1438 = EDGE_CURVE ( 'NONE', #1061, #1672, #3081, .T. ) ;
#1439 = ORIENTED_EDGE ( 'NONE', *, *, #5726, .T. ) ;
#1440 = EDGE_CURVE ( 'NONE', #3333, #3283, #587, .T. ) ;
#1441 = ORIENTED_EDGE ( 'NONE', *, *, #885, .F. ) ;
#1442 = DIRECTION ( 'NONE',  ( 0.000000000000000000, 1.000000000000000000, 0.000000000000000000 ) ) ;
#1443 = CARTESIAN_POINT ( 'NONE',  ( 22.07214962495424970, -4.061725243986680667, -66.05339176915269661 ) ) ;
#1444 = CARTESIAN_POINT ( 'NONE',  ( -60.04343141497234626, 0.7261207383363807999, -32.42868040276745489 ) ) ;
#1445 = DIRECTION ( 'NONE',  ( 0.7516382967157390071, 0.000000000000000000, -0.6595755232801340240 ) ) ;
#1446 = DIRECTION ( 'NONE',  ( 0.000000000000000000, 1.000000000000000000, 0.000000000000000000 ) ) ;
#1447 = EDGE_CURVE ( 'NONE', #2075, #2105, #1805, .T. ) ;
#1448 = DIRECTION ( 'NONE',  ( -0.7516382967157390071, 0.000000000000000000, 0.6595755232801340240 ) ) ;
#1449 = DIRECTION ( 'NONE',  ( 0.7516382967157390071, 0.000000000000000000, 0.6595755232801340240 ) ) ;
#1450 = CARTESIAN_POINT ( 'NONE',  ( 64.47069444042956832, 0.07919450792175745935, -21.13063531154037022 ) ) ;
#1451 = VERTEX_POINT ( 'NONE', #3439 ) ;
#1452 = DIRECTION ( 'NONE',  ( 0.000000000000000000, -1.000000000000000000, 0.000000000000000000 ) ) ;
#1453 = CYLINDRICAL_SURFACE ( 'NONE', #5196, 62.00000000000002842 ) ;
#1454 = CARTESIAN_POINT ( 'NONE',  ( 16.92484625416589950, 10.09999999999999964, -32.93233578868210287 ) ) ;
#1455 = CARTESIAN_POINT ( 'NONE',  ( 60.57698501432591343, 13.40300853207810761, -30.14102661574323605 ) ) ;
#1456 = EDGE_LOOP ( 'NONE', ( #1555, #1466 ) ) ;
#1457 = EDGE_CURVE ( 'NONE', #5236, #1061, #2545, .T. ) ;
#1458 = CIRCLE ( 'NONE', #2778, 1.999999999999997780 ) ;
#1459 = ORIENTED_EDGE ( 'NONE', *, *, #3577, .F. ) ;
#1460 = CARTESIAN_POINT ( 'NONE',  ( 58.88972745734179881, -3.833333333333340143, -34.00000000000000000 ) ) ;
#1461 = DIRECTION ( 'NONE',  ( 0.000000000000000000, -1.000000000000000000, 0.000000000000000000 ) ) ;
#1462 = CARTESIAN_POINT ( 'NONE',  ( 14.94611968432550064, 13.10000000000000142, -30.67742089853485155 ) ) ;
#1463 = EDGE_LOOP ( 'NONE', ( #5691, #1879, #1705, #1197, #2591, #525 ) ) ;
#1464 = CARTESIAN_POINT ( 'NONE',  ( 60.57698501432591343, 13.40300853207810761, -30.14102661574323605 ) ) ;
#1465 = CARTESIAN_POINT ( 'NONE',  ( -64.47536298732211435, 2.866848565567407636, -20.77927511463441235 ) ) ;
#1466 = ORIENTED_EDGE ( 'NONE', *, *, #1954, .T. ) ;
#1467 = ORIENTED_EDGE ( 'NONE', *, *, #1370, .F. ) ;
#1468 = CARTESIAN_POINT ( 'NONE',  ( 50.77869399619183355, 6.123233995736766282E-16, -7.834146177909005360 ) ) ;
#1469 = CARTESIAN_POINT ( 'NONE',  ( 66.94284902722290553, -1.632840889659939787, -19.30894149988359842 ) ) ;
#1470 = EDGE_CURVE ( 'NONE', #1089, #1316, #4641, .T. ) ;
#1471 = LINE ( 'NONE', #2860, #2139 ) ;
#1472 = DIRECTION ( 'NONE',  ( 0.9978788618232535823, 0.000000000000000000, 0.06509821139115724853 ) ) ;
#1473 = CARTESIAN_POINT ( 'NONE',  ( 16.95497064398360365, 6.123233995736766282E-16, -37.51504472551501124 ) ) ;
#1474 = CIRCLE ( 'NONE', #3466, 68.00000000000001421 ) ;
#1475 = CARTESIAN_POINT ( 'NONE',  ( 19.86946105741096247, -4.898587196589412829E-16, -36.28795645239034684 ) ) ;
#1476 = CYLINDRICAL_SURFACE ( 'NONE', #3637, 2.000000000000001776 ) ;
#1477 = ORIENTED_EDGE ( 'NONE', *, *, #4544, .T. ) ;
#1478 = EDGE_CURVE ( 'NONE', #2072, #5257, #4413, .T. ) ;
#1479 = CARTESIAN_POINT ( 'NONE',  ( -43.23218663921680616, -10.09999999999999964, -9.847192473877310448 ) ) ;
#1480 = CARTESIAN_POINT ( 'NONE',  ( -50.19705843163789893, -10.09999999999999964, -7.171326607412439103 ) ) ;
#1481 = CARTESIAN_POINT ( 'NONE',  ( 20.25284826038430097, 0.000000000000000000, -41.27323620909374569 ) ) ;
#1482 = FACE_OUTER_BOUND ( 'NONE', #1147, .T. ) ;
#1483 = ORIENTED_EDGE ( 'NONE', *, *, #5775, .T. ) ;
#1484 = CIRCLE ( 'NONE', #3760, 23.00000000000000000 ) ;
#1485 = CARTESIAN_POINT ( 'NONE',  ( 64.04602120989039804, -0.1808683685904845240, -18.47338281552940131 ) ) ;
#1486 = CIRCLE ( 'NONE', #4225, 68.00000000000001421 ) ;
#1487 = EDGE_LOOP ( 'NONE', ( #230, #4117, #2510, #2873 ) ) ;
#1488 = EDGE_CURVE ( 'NONE', #2971, #1850, #2561, .T. ) ;
#1489 = DIRECTION ( 'NONE',  ( 0.000000000000000000, -1.000000000000000000, 0.000000000000000000 ) ) ;
#1490 = CARTESIAN_POINT ( 'NONE',  ( 64.35198814855246496, -2.644495380753377756, -19.67217543556700576 ) ) ;
#1491 = ORIENTED_EDGE ( 'NONE', *, *, #2909, .T. ) ;
#1492 = CARTESIAN_POINT ( 'NONE',  ( 50.96347658327250230, -1.650167208960350074, -8.044720500505608385 ) ) ;
#1493 = DIRECTION ( 'NONE',  ( 0.000000000000000000, 1.000000000000000000, 0.000000000000000000 ) ) ;
#1494 = VERTEX_POINT ( 'NONE', #2607 ) ;
#1495 = ORIENTED_EDGE ( 'NONE', *, *, #80, .F. ) ;
#1496 = VECTOR ( 'NONE', #1179, 999.9999999999998863 ) ;
#1497 = ADVANCED_FACE ( 'NONE', ( #1662 ), #370, .F. ) ;
#1498 = CARTESIAN_POINT ( 'NONE',  ( 45.60017485852989694, -16.10000000000000142, -12.54570169531719870 ) ) ;
#1499 = CARTESIAN_POINT ( 'NONE',  ( 7.309882778386380231, -5.019818323442000185, -68.00030588489299532 ) ) ;
#1500 = VECTOR ( 'NONE', #5735, 999.9999999999998863 ) ;
#1501 = DIRECTION ( 'NONE',  ( 0.000000000000000000, 1.000000000000000000, 0.000000000000000000 ) ) ;
#1502 = CARTESIAN_POINT ( 'NONE',  ( -60.55002446533431026, -13.38687361256953423, -29.97838836003958463 ) ) ;
#1503 = DIRECTION ( 'NONE',  ( -0.3609320017625394228, 0.000000000000000000, -0.9325921349141254035 ) ) ;
#1504 = VECTOR ( 'NONE', #2037, 999.9999999999998863 ) ;
#1505 = EDGE_CURVE ( 'NONE', #737, #1451, #5827, .T. ) ;
#1506 = CARTESIAN_POINT ( 'NONE',  ( 0.000000000000000000, 5.500000000000000000, -68.00000000000000000 ) ) ;
#1507 = DIRECTION ( 'NONE',  ( -0.6595755232801335799, 0.000000000000000000, -0.7516382967157394512 ) ) ;
#1508 = VERTEX_POINT ( 'NONE', #4833 ) ;
#1509 = CARTESIAN_POINT ( 'NONE',  ( -64.06206990193076933, 0.4259091568384646975, -18.78587482604271131 ) ) ;
#1510 = CARTESIAN_POINT ( 'NONE',  ( 1.127287378615138490E-14, -4.900000000000001243, 87.95000000000000284 ) ) ;
#1511 = FACE_OUTER_BOUND ( 'NONE', #3610, .T. ) ;
#1512 = CARTESIAN_POINT ( 'NONE',  ( 64.01969771060350922, -0.03228041492523635314, -22.92331357031414996 ) ) ;
#1513 = EDGE_LOOP ( 'NONE', ( #5491, #3047 ) ) ;
#1514 = EDGE_CURVE ( 'NONE', #734, #5291, #785, .T. ) ;
#1515 = SHAPE_DEFINITION_REPRESENTATION ( #1800, #3398 ) ;
#1516 = AXIS2_PLACEMENT_3D ( 'NONE', #753, #307, #2897 ) ;
#1517 = ORIENTED_EDGE ( 'NONE', *, *, #5102, .T. ) ;
#1518 = CARTESIAN_POINT ( 'NONE',  ( 12.96739311448505916, 16.10000000000000142, -28.42250600838765351 ) ) ;
#1519 = AXIS2_PLACEMENT_3D ( 'NONE', #1128, #4264, #4741 ) ;
#1520 = VERTEX_POINT ( 'NONE', #5348 ) ;
#1521 = LINE ( 'NONE', #1024, #4919 ) ;
#1522 = CARTESIAN_POINT ( 'NONE',  ( 64.28748704801036240, -2.547961721201896346, -19.41755369418946131 ) ) ;
#1523 = ORIENTED_EDGE ( 'NONE', *, *, #1116, .F. ) ;
#1524 = MECHANICAL_DESIGN_GEOMETRIC_PRESENTATION_REPRESENTATION (  '', ( #211 ), #2939 ) ;
#1525 = EDGE_CURVE ( 'NONE', #1357, #737, #1727, .T. ) ;
#1526 = CARTESIAN_POINT ( 'NONE',  ( 60.57468538421902338, 13.40257173825458992, -30.12608918366455768 ) ) ;
#1527 = AXIS2_PLACEMENT_3D ( 'NONE', #4923, #2752, #3643 ) ;
#1528 = CARTESIAN_POINT ( 'NONE',  ( -64.47536262582863742, 2.866824243977505571, -20.77906906725534952 ) ) ;
#1529 = ORIENTED_EDGE ( 'NONE', *, *, #4491, .F. ) ;
#1530 = ORIENTED_EDGE ( 'NONE', *, *, #4387, .F. ) ;
#1531 = VERTEX_POINT ( 'NONE', #2575 ) ;
#1532 = CARTESIAN_POINT ( 'NONE',  ( -60.51242889641751788, -10.55969162033430564, -29.82345189378662909 ) ) ;
#1533 = CARTESIAN_POINT ( 'NONE',  ( 0.000000000000000000, -5.498866988659109722, -68.00030588489299532 ) ) ;
#1534 = EDGE_CURVE ( 'NONE', #3128, #1320, #1191, .T. ) ;
#1535 = CARTESIAN_POINT ( 'NONE',  ( -60.11616656801077596, 0.7239845800475457338, -32.35023939942082194 ) ) ;
#1536 = DIRECTION ( 'NONE',  ( 0.000000000000000000, -1.000000000000000000, 0.000000000000000000 ) ) ;
#1537 = DIRECTION ( 'NONE',  ( -0.4663903252160477853, -0.7071067811865475727, -0.5314885366072057415 ) ) ;
#1538 = CARTESIAN_POINT ( 'NONE',  ( -11.86784860484405257, 7.723346867076565481, -67.21880645621806138 ) ) ;
#1539 = VERTEX_POINT ( 'NONE', #3560 ) ;
#1540 = CYLINDRICAL_SURFACE ( 'NONE', #2361, 2.000000000000001776 ) ;
#1541 = LINE ( 'NONE', #2007, #5307 ) ;
#1542 = CARTESIAN_POINT ( 'NONE',  ( 64.96857720531325242, -0.7477039218508260143, -24.00463654549856685 ) ) ;
#1543 = CARTESIAN_POINT ( 'NONE',  ( 50.52359261963732706, 16.10000000000000142, -7.198990038057099916 ) ) ;
#1544 = VERTEX_POINT ( 'NONE', #727 ) ;
#1545 = AXIS2_PLACEMENT_3D ( 'NONE', #1999, #623, #147 ) ;
#1546 = ADVANCED_FACE ( 'NONE', ( #2515 ), #278, .F. ) ;
#1547 = VERTEX_POINT ( 'NONE', #2668 ) ;
#1548 = CARTESIAN_POINT ( 'NONE',  ( 0.000000000000000000, 5.451055112106000244, -67.25355137267800387 ) ) ;
#1549 = ORIENTED_EDGE ( 'NONE', *, *, #3327, .F. ) ;
#1550 = ORIENTED_EDGE ( 'NONE', *, *, #3669, .F. ) ;
#1551 = CARTESIAN_POINT ( 'NONE',  ( -45.45990213424234128, -8.745468912786215299, -50.94819204152925352 ) ) ;
#1552 = AXIS2_PLACEMENT_3D ( 'NONE', #2719, #2323, #536 ) ;
#1553 = CARTESIAN_POINT ( 'NONE',  ( -64.00119431748970555, 3.031187353503340010, -22.90222749541804603 ) ) ;
#1554 = B_SPLINE_CURVE_WITH_KNOTS ( 'NONE', 3,
 ( #3159, #4975, #1855, #566 ),
 .UNSPECIFIED., .F., .F.,
 ( 4, 4 ),
 ( 0.000000000000000000, 1.000000000000000000 ),
 .UNSPECIFIED. ) ;
#1555 = ORIENTED_EDGE ( 'NONE', *, *, #4312, .T. ) ;
#1556 = EDGE_CURVE ( 'NONE', #2851, #1544, #1390, .T. ) ;
#1557 = FACE_OUTER_BOUND ( 'NONE', #5845, .T. ) ;
#1558 = CARTESIAN_POINT ( 'NONE',  ( 38.18950138194972510, 16.10000000000000142, -5.569278778024998822 ) ) ;
#1559 = ORIENTED_EDGE ( 'NONE', *, *, #3137, .F. ) ;
#1560 = VERTEX_POINT ( 'NONE', #2326 ) ;
#1561 = EDGE_LOOP ( 'NONE', ( #1618, #4159, #1229, #2254 ) ) ;
#1562 = DIRECTION ( 'NONE',  ( 0.000000000000000000, -1.000000000000000000, 0.000000000000000000 ) ) ;
#1563 = CARTESIAN_POINT ( 'NONE',  ( -60.54983412225268324, -10.51657498093564769, -29.97652407514890527 ) ) ;
#1564 = CARTESIAN_POINT ( 'NONE',  ( 55.84821173122029592, -1.618014364241824987, -38.47967252209564748 ) ) ;
#1565 = CARTESIAN_POINT ( 'NONE',  ( -61.42213239766248023, 0.8917933079667046403, -31.20917381824940051 ) ) ;
#1566 = DIRECTION ( 'NONE',  ( 0.000000000000000000, 1.000000000000000000, 0.000000000000000000 ) ) ;
#1567 = ADVANCED_FACE ( 'NONE', ( #1856 ), #1829, .F. ) ;
#1568 = CARTESIAN_POINT ( 'NONE',  ( -58.59114660207919911, 16.10000000000000142, -30.38219116281240062 ) ) ;
#1569 = CARTESIAN_POINT ( 'NONE',  ( 51.43826951947196591, -4.898587196589412829E-16, -8.585784474624745144 ) ) ;
#1570 = ORIENTED_EDGE ( 'NONE', *, *, #5085, .T. ) ;
#1571 = CARTESIAN_POINT ( 'NONE',  ( 54.17728560843379881, -9.765338061036020534, -22.31999544524150281 ) ) ;
#1572 = DIRECTION ( 'NONE',  ( 0.9440533803505859467, 0.000000000000000000, 0.3297926849531869764 ) ) ;
#1573 = CARTESIAN_POINT ( 'NONE',  ( 64.00728543247042523, -3.031613301036493180, -22.90916880104202846 ) ) ;
#1574 = DIRECTION ( 'NONE',  ( 1.000000000000000000, 0.000000000000000000, 0.000000000000000000 ) ) ;
#1575 = ORIENTED_EDGE ( 'NONE', *, *, #4070, .T. ) ;
#1576 = ORIENTED_EDGE ( 'NONE', *, *, #5339, .T. ) ;
#1577 = CARTESIAN_POINT ( 'NONE',  ( 22.21143751901841412, -12.01332737329130573, 24.96715818186867608 ) ) ;
#1578 = VERTEX_POINT ( 'NONE', #539 ) ;
#1579 = ADVANCED_FACE ( 'NONE', ( #4554 ), #902, .F. ) ;
#1580 = CIRCLE ( 'NONE', #4900, 25.00000000000000000 ) ;
#1581 = ORIENTED_EDGE ( 'NONE', *, *, #590, .F. ) ;
#1582 = DIRECTION ( 'NONE',  ( 0.7516382967157391182, 0.000000000000000000, -0.6595755232801341350 ) ) ;
#1583 = CARTESIAN_POINT ( 'NONE',  ( 63.90064872169080701, -1.042219831655213591, -18.44950308952814311 ) ) ;
#1584 = ORIENTED_EDGE ( 'NONE', *, *, #634, .F. ) ;
#1585 = CARTESIAN_POINT ( 'NONE',  ( 50.10815681518420206, 10.36684846786331882, -44.77786421254180738 ) ) ;
#1586 = CYLINDRICAL_SURFACE ( 'NONE', #826, 2.000000000000000444 ) ;
#1587 = EDGE_LOOP ( 'NONE', ( #3237, #4648, #4129, #4516 ) ) ;
#1588 = EDGE_LOOP ( 'NONE', ( #2330, #581, #263, #2489 ) ) ;
#1589 = ORIENTED_EDGE ( 'NONE', *, *, #447, .F. ) ;
#1590 = EDGE_CURVE ( 'NONE', #794, #322, #1156, .T. ) ;
#1591 = CARTESIAN_POINT ( 'NONE',  ( -53.70832051885016512, 0.000000000000000000, -17.23719294147111469 ) ) ;
#1592 = CARTESIAN_POINT ( 'NONE',  ( 62.22020862847742251, -2.644959889105272577, -30.70040091202011467 ) ) ;
#1593 = CARTESIAN_POINT ( 'NONE',  ( -18.69691768036485158, -7.180558259960849732, -64.89770640515590117 ) ) ;
#1594 = DIRECTION ( 'NONE',  ( -0.7516382967157391182, 0.000000000000000000, 0.6595755232801341350 ) ) ;
#1595 = CARTESIAN_POINT ( 'NONE',  ( 64.17168373373671386, -3.001903173259108382, -22.49327912790033324 ) ) ;
#1596 = CARTESIAN_POINT ( 'NONE',  ( -56.97316061862060366, 4.189695024386870692, -39.25476627461014800 ) ) ;
#1597 = DIRECTION ( 'NONE',  ( -0.6595755232801343571, 0.000000000000000000, -0.7516382967157388961 ) ) ;
#1598 = VECTOR ( 'NONE', #4555, 999.9999999999998863 ) ;
#1599 = VERTEX_POINT ( 'NONE', #4952 ) ;
#1600 = CARTESIAN_POINT ( 'NONE',  ( -63.93194868640613038, 1.684202849742764352, -18.50940816500700947 ) ) ;
#1601 = EDGE_CURVE ( 'NONE', #611, #3450, #3187, .T. ) ;
#1602 = DIRECTION ( 'NONE',  ( 0.7516382967157375639, 0.000000000000000000, 0.6595755232801356893 ) ) ;
#1603 = CARTESIAN_POINT ( 'NONE',  ( 64.31604142817462844, -0.04656953453126485426, -23.26102059438595049 ) ) ;
#1604 = FACE_BOUND ( 'NONE', #5834, .T. ) ;
#1605 = B_SPLINE_CURVE_WITH_KNOTS ( 'NONE', 3,
 ( #5031, #4107, #1775, #952, #2775, #4974, #2186, #4007, #2694, #3558, #4496, #5825, #5430, #4579, #1854, #3671, #2720, #1336, #5456, #2296, #4551, #1388, #3134, #64, #456, #5483, #4084, #1801, #1827, #483, #3217, #2268, #4468, #1362, #5402, #4030, #5002, #3641, #511, #1413, #4950, #1749, #2239, #5375, #1307, #3105, #924, #4056, #3185, #4523, #4921, #870, #1121, #2888, #1565, #5088, #565, #149, #4165, #5516, #537, #4610, #3701, #2380, #3761, #122, #1535, #3305, #1444, #4193, #4642, #5152, #1004, #2922, #1912, #91, #3789, #4133 ),
 .UNSPECIFIED., .F., .F.,
 ( 4, 2, 2, 2, 1, 1, 1, 1, 2, 2, 2, 2, 1, 1, 2, 2, 2, 2, 2, 2, 2, 2, 2, 2, 2, 2, 1, 2, 2, 2, 2, 1, 1, 2, 2, 2, 2, 1, 1, 1, 1, 1, 2, 2, 2, 4 ),
 ( 0.000000000000000000, 0.06249999999996987132, 0.09374999999995481392, 0.1093749999999474171, 0.1171874999999437117, 0.1210937499999410055, 0.1230468749999385769, 0.1240234374999364120, 0.1245117187499363010, 0.1249999999999361899, 0.1874999999999306943, 0.2187499999999285016, 0.2343749999999273637, 0.2421874999999262534, 0.2460937499999249489, 0.2499999999999236722, 0.3124999999999188427, 0.3437499999999164557, 0.3593749999999162337, 0.3749999999999160116, 0.4374999999999201195, 0.4687499999999223399, 0.4843749999999235056, 0.4999999999999246159, 0.5624999999999289457, 0.5937499999999303890, 0.6093749999999301670, 0.6171874999999298339, 0.6249999999999295008, 0.6874999999999225064, 0.7187499999999183986, 0.7343749999999162892, 0.7421874999999152900, 0.7460937499999155120, 0.7499999999999157341, 0.8124999999999216183, 0.8437499999999251710, 0.8593749999999270583, 0.8671874999999279465, 0.8710937499999279465, 0.8730468749999278355, 0.8740234374999273914, 0.8745117187499276135, 0.8749999999999278355, 0.9374999999999638067, 1.000000000000000000 ),
 .UNSPECIFIED. ) ;
#1606 = VECTOR ( 'NONE', #5534, 1000.000000000000000 ) ;
#1607 = VERTEX_POINT ( 'NONE', #954 ) ;
#1608 = DIRECTION ( 'NONE',  ( -0.9926956690917261295, 0.000000000000000000, 0.1206453835276359854 ) ) ;
#1609 = EDGE_LOOP ( 'NONE', ( #97, #4423, #3146, #796 ) ) ;
#1610 = AXIS2_PLACEMENT_3D ( 'NONE', #1284, #5354, #3538 ) ;
#1611 = FACE_OUTER_BOUND ( 'NONE', #378, .T. ) ;
#1612 = AXIS2_PLACEMENT_3D ( 'NONE', #2741, #1849, #2685 ) ;
#1613 = ORIENTED_EDGE ( 'NONE', *, *, #5362, .T. ) ;
#1614 = CARTESIAN_POINT ( 'NONE',  ( 18.60369249806545255, 7.866802047075511339, -64.57388890479910515 ) ) ;
#1615 = AXIS2_PLACEMENT_3D ( 'NONE', #3226, #5096, #1040 ) ;
#1616 = CARTESIAN_POINT ( 'NONE',  ( 16.92484625416589950, 16.10000000000000142, -32.93233578868210287 ) ) ;
#1617 = EDGE_LOOP ( 'NONE', ( #5052, #2716, #1698, #2938 ) ) ;
#1618 = ORIENTED_EDGE ( 'NONE', *, *, #1920, .T. ) ;
#1619 = VERTEX_POINT ( 'NONE', #1364 ) ;
#1620 = AXIS2_PLACEMENT_3D ( 'NONE', #1044, #2010, #1103 ) ;
#1621 = CARTESIAN_POINT ( 'NONE',  ( -25.02961445411220254, 16.10000000000000142, -56.72317339746160059 ) ) ;
#1622 = CARTESIAN_POINT ( 'NONE',  ( 62.16723915369879450, -1.385408401837533221, -30.73082849803434513 ) ) ;
#1623 = AXIS2_PLACEMENT_3D ( 'NONE', #3540, #2673, #3568 ) ;
#1624 = FACE_BOUND ( 'NONE', #5674, .T. ) ;
#1625 = EDGE_CURVE ( 'NONE', #621, #2726, #4032, .T. ) ;
#1626 = FACE_OUTER_BOUND ( 'NONE', #5194, .T. ) ;
#1627 = EDGE_CURVE ( 'NONE', #5774, #3447, #2757, .T. ) ;
#1628 = DIRECTION ( 'NONE',  ( 1.000000000000000000, 0.000000000000000000, 0.000000000000000000 ) ) ;
#1629 = CARTESIAN_POINT ( 'NONE',  ( -60.36663589305109667, -13.36820398397446041, -31.30286362229155017 ) ) ;
#1630 = FACE_OUTER_BOUND ( 'NONE', #3484, .T. ) ;
#1631 = DIRECTION ( 'NONE',  ( -0.7516382967157390071, 0.000000000000000000, 0.6595755232801340240 ) ) ;
#1632 = CARTESIAN_POINT ( 'NONE',  ( -64.07440097748755647, 2.149228689707268547, -18.81357713307361834 ) ) ;
#1633 = DIRECTION ( 'NONE',  ( 0.000000000000000000, 0.000000000000000000, 1.000000000000000000 ) ) ;
#1634 = ADVANCED_FACE ( 'NONE', ( #5404 ), #4058, .F. ) ;
#1635 = CARTESIAN_POINT ( 'NONE',  ( 64.57222381584982429, -0.1924766948581315973, -23.55296061751348446 ) ) ;
#1636 = CARTESIAN_POINT ( 'NONE',  ( -41.55722372181075031, 10.09999999999999964, -11.31700122038487955 ) ) ;
#1637 = ORIENTED_EDGE ( 'NONE', *, *, #5056, .T. ) ;
#1638 = EDGE_LOOP ( 'NONE', ( #3036, #5714, #4537, #2825 ) ) ;
#1639 = CARTESIAN_POINT ( 'NONE',  ( -7.261773614264970256, 8.022080095144859868, -67.55178472008491042 ) ) ;
#1640 = VERTEX_POINT ( 'NONE', #3219 ) ;
#1641 = AXIS2_PLACEMENT_3D ( 'NONE', #5842, #5365, #4428 ) ;
#1642 = EDGE_CURVE ( 'NONE', #1547, #4626, #4498, .T. ) ;
#1643 = DIRECTION ( 'NONE',  ( -0.000000000000000000, 1.000000000000000000, 0.000000000000000000 ) ) ;
#1644 = VERTEX_POINT ( 'NONE', #5033 ) ;
#1645 = CARTESIAN_POINT ( 'NONE',  ( 0.000000000000000000, 5.648293050966949558, -67.09936784091340201 ) ) ;
#1646 = DIRECTION ( 'NONE',  ( 0.000000000000000000, -1.000000000000000000, 0.000000000000000000 ) ) ;
#1647 = ORIENTED_EDGE ( 'NONE', *, *, #4228, .T. ) ;
#1648 = ORIENTED_EDGE ( 'NONE', *, *, #5102, .F. ) ;
#1649 = CARTESIAN_POINT ( 'NONE',  ( 25.16551619208669877, 16.10000000000000142, -17.71844336668939945 ) ) ;
#1650 = CARTESIAN_POINT ( 'NONE',  ( 62.20238709522974574, -1.431539384024109740, -30.71082178263271345 ) ) ;
#1651 = CARTESIAN_POINT ( 'NONE',  ( -6.316307526780660098, -5.916674403464640797, -67.55120104943621584 ) ) ;
#1652 = DIRECTION ( 'NONE',  ( 0.000000000000000000, 1.000000000000000000, 0.000000000000000000 ) ) ;
#1653 = DIRECTION ( 'NONE',  ( 0.6595755232801344681, 0.000000000000000000, -0.7516382967157386741 ) ) ;
#1654 = EDGE_CURVE ( 'NONE', #165, #573, #5518, .T. ) ;
#1655 = CARTESIAN_POINT ( 'NONE',  ( 57.38927059265727593, 1.048990684667788966E-14, -15.33752314372615011 ) ) ;
#1656 = CARTESIAN_POINT ( 'NONE',  ( -45.60017485852989694, -16.10000000000000142, -12.54570169531719870 ) ) ;
#1657 = ORIENTED_EDGE ( 'NONE', *, *, #841, .T. ) ;
#1658 = CARTESIAN_POINT ( 'NONE',  ( 45.67122707623510536, 16.10000000000000142, -5.046038264045169086 ) ) ;
#1659 = VECTOR ( 'NONE', #833, 1000.000000000000000 ) ;
#1660 = CARTESIAN_POINT ( 'NONE',  ( 25.02961445411220254, 16.10000000000000142, -56.72317339746160059 ) ) ;
#1661 = PLANE ( 'NONE',  #3693 ) ;
#1662 = FACE_OUTER_BOUND ( 'NONE', #1707, .T. ) ;
#1663 = ORIENTED_EDGE ( 'NONE', *, *, #1762, .T. ) ;
#1664 = CARTESIAN_POINT ( 'NONE',  ( -5.910551017812779584, -16.10000000000000142, -32.46637316772275028 ) ) ;
#1665 = VECTOR ( 'NONE', #4488, 1000.000000000000000 ) ;
#1666 = ADVANCED_FACE ( 'NONE', ( #982, #3160 ), #4976, .T. ) ;
#1667 = VECTOR ( 'NONE', #559, 999.9999999999998863 ) ;
#1668 = ORIENTED_EDGE ( 'NONE', *, *, #4854, .T. ) ;
#1669 = CARTESIAN_POINT ( 'NONE',  ( -62.05870771801350116, 2.800986825542500114, -25.35784948613260070 ) ) ;
#1670 = ORIENTED_EDGE ( 'NONE', *, *, #3547, .T. ) ;
#1672 = VERTEX_POINT ( 'NONE', #2722 ) ;
#1671 = VECTOR ( 'NONE', #586, 1000.000000000000000 ) ;
#1673 = DIRECTION ( 'NONE',  ( 0.000000000000000000, -1.000000000000000000, 0.000000000000000000 ) ) ;
#1674 = ORIENTED_EDGE ( 'NONE', *, *, #1406, .T. ) ;
#1675 = CARTESIAN_POINT ( 'NONE',  ( 18.82062266495849912, 6.898316261360859514, -65.32701728253570650 ) ) ;
#1676 = DIRECTION ( 'NONE',  ( -0.4663903252160480073, -0.7071067811865480168, 0.5314885366072049644 ) ) ;
#1677 = EDGE_CURVE ( 'NONE', #2958, #622, #4525, .T. ) ;
#1678 = CIRCLE ( 'NONE', #4988, 2.000000000000001776 ) ;
#1679 = VERTEX_POINT ( 'NONE', #2271 ) ;
#1680 = VERTEX_POINT ( 'NONE', #4470 ) ;
#1681 = CIRCLE ( 'NONE', #365, 1.999999999999997780 ) ;
#1682 = LINE ( 'NONE', #4728, #5580 ) ;
#1683 = CARTESIAN_POINT ( 'NONE',  ( 62.12592666201301483, -2.771985347373849162, -30.75349344294318854 ) ) ;
#1684 = CARTESIAN_POINT ( 'NONE',  ( -41.55722372181075031, 10.09999999999999964, -11.31700122038487955 ) ) ;
#1685 = CARTESIAN_POINT ( 'NONE',  ( 36.35319515986304850, 10.09999999999999964, 8.604846768176949823 ) ) ;
#1686 = CARTESIAN_POINT ( 'NONE',  ( -60.56015239970329134, -10.40724171663351605, -30.78581918974186493 ) ) ;
#1687 = CARTESIAN_POINT ( 'NONE',  ( -64.47536296208700435, 16.10000000000000142, -20.77693915205080089 ) ) ;
#1688 = CARTESIAN_POINT ( 'NONE',  ( 29.11385950181374938, 13.10000000000000142, -48.75010739567609619 ) ) ;
#1689 = VERTEX_POINT ( 'NONE', #1884 ) ;
#1690 = CARTESIAN_POINT ( 'NONE',  ( -48.51943944152220212, -10.09999999999999964, -15.87243378493570134 ) ) ;
#1691 = CARTESIAN_POINT ( 'NONE',  ( 60.36663589305109667, 16.10000000000000142, -31.30286362229155017 ) ) ;
#1692 = DIRECTION ( 'NONE',  ( -0.7516382967157391182, 0.000000000000000000, -0.6595755232801341350 ) ) ;
#1693 = EDGE_CURVE ( 'NONE', #722, #1860, #965, .T. ) ;
#1694 = DIRECTION ( 'NONE',  ( 0.4663903252160480073, 0.7071067811865480168, -0.5314885366072049644 ) ) ;
#1695 = AXIS2_PLACEMENT_3D ( 'NONE', #1310, #5739, #4953 ) ;
#1696 = FACE_OUTER_BOUND ( 'NONE', #4575, .T. ) ;
#1697 = CARTESIAN_POINT ( 'NONE',  ( 64.06563161906694859, -0.3996353047506597256, -18.79016567841970442 ) ) ;
#1698 = ORIENTED_EDGE ( 'NONE', *, *, #478, .F. ) ;
#1699 = FACE_BOUND ( 'NONE', #1265, .T. ) ;
#1700 = AXIS2_PLACEMENT_3D ( 'NONE', #139, #1404, #168 ) ;
#1701 = CARTESIAN_POINT ( 'NONE',  ( -21.23777977831739250, -10.89866685890633491, 26.32777426695329126 ) ) ;
#1702 = EDGE_CURVE ( 'NONE', #3206, #3621, #3225, .T. ) ;
#1703 = ADVANCED_FACE ( 'NONE', ( #2002 ), #1944, .T. ) ;
#1704 = ORIENTED_EDGE ( 'NONE', *, *, #4793, .T. ) ;
#1705 = ORIENTED_EDGE ( 'NONE', *, *, #5005, .T. ) ;
#1706 = CARTESIAN_POINT ( 'NONE',  ( 41.14154111323579599, -5.671723297450330215, -54.68561546325259570 ) ) ;
#1707 = EDGE_LOOP ( 'NONE', ( #2430, #3026, #4755, #4927 ) ) ;
#1708 = CARTESIAN_POINT ( 'NONE',  ( 6.358103189336588912, 5.916674403464640797, -68.00000000000000000 ) ) ;
#1709 = ORIENTED_EDGE ( 'NONE', *, *, #2442, .F. ) ;
#1710 = ORIENTED_EDGE ( 'NONE', *, *, #703, .T. ) ;
#1711 = ORIENTED_EDGE ( 'NONE', *, *, #4994, .F. ) ;
#1712 = DIRECTION ( 'NONE',  ( 0.000000000000000000, -1.000000000000000000, 0.000000000000000000 ) ) ;
#1713 = CARTESIAN_POINT ( 'NONE',  ( 60.45338283352225517, -0.7257922442449250555, -32.00918528516172756 ) ) ;
#1714 = CARTESIAN_POINT ( 'NONE',  ( -58.12171517465920090, -10.08341843811099992, -34.99895325791869993 ) ) ;
#1715 = AXIS2_PLACEMENT_3D ( 'NONE', #5547, #65, #5431 ) ;
#1716 = CARTESIAN_POINT ( 'NONE',  ( 24.80406379161939867, 0.000000000000000000, 21.76599226824439981 ) ) ;
#1717 = DIRECTION ( 'NONE',  ( 0.000000000000000000, -1.000000000000000000, 0.000000000000000000 ) ) ;
#1718 = AXIS2_PLACEMENT_3D ( 'NONE', #4437, #335, #430 ) ;
#1719 = CARTESIAN_POINT ( 'NONE',  ( 54.07657161259250245, 0.000000000000000000, -11.59233766148770073 ) ) ;
#1720 = ADVANCED_FACE ( 'NONE', ( #3790 ), #5607, .F. ) ;
#1721 = DIRECTION ( 'NONE',  ( 0.000000000000000000, 1.000000000000000000, 0.000000000000000000 ) ) ;
#1722 = ORIENTED_EDGE ( 'NONE', *, *, #609, .T. ) ;
#1723 = CARTESIAN_POINT ( 'NONE',  ( -12.96739311448505916, -16.10000000000000142, -28.42250600838765351 ) ) ;
#1724 = AXIS2_PLACEMENT_3D ( 'NONE', #195, #553, #1928 ) ;
#1725 = CARTESIAN_POINT ( 'NONE',  ( -6.268766231013559675, 16.10000000000000142, -34.43403214758485120 ) ) ;
#1726 = PLANE ( 'NONE',  #1797 ) ;
#1727 = CIRCLE ( 'NONE', #886, 4.999999999999997335 ) ;
#1728 = DIRECTION ( 'NONE',  ( 1.000000000000000000, 0.000000000000000000, 0.000000000000000000 ) ) ;
#1729 = DIRECTION ( 'NONE',  ( 0.9926956690917259074, 0.000000000000000000, 0.1206453835276376924 ) ) ;
#1730 = CARTESIAN_POINT ( 'NONE',  ( 63.99546712603665100, -0.5990744581094894494, -18.63944215379740754 ) ) ;
#1731 = ORIENTED_EDGE ( 'NONE', *, *, #1874, .T. ) ;
#1732 = CARTESIAN_POINT ( 'NONE',  ( -60.55362129313994046, -13.38926171764357420, -29.99632203172149758 ) ) ;
#1733 = CARTESIAN_POINT ( 'NONE',  ( -57.59792173531349846, 1.142546724292982097, -39.68521476254684899 ) ) ;
#1734 = VERTEX_POINT ( 'NONE', #2415 ) ;
#1735 = DIRECTION ( 'NONE',  ( 0.000000000000000000, -1.000000000000000000, 0.000000000000000000 ) ) ;
#1736 = EDGE_CURVE ( 'NONE', #5302, #2151, #1993, .T. ) ;
#1737 = ORIENTED_EDGE ( 'NONE', *, *, #557, .F. ) ;
#1738 = VERTEX_POINT ( 'NONE', #1473 ) ;
#1739 = DIRECTION ( 'NONE',  ( 0.000000000000000000, 1.000000000000000000, 0.000000000000000000 ) ) ;
#1740 = CARTESIAN_POINT ( 'NONE',  ( 44.15194890769519986, -10.09999999999999964, -0.2824478275573424901 ) ) ;
#1741 = CARTESIAN_POINT ( 'NONE',  ( -60.45504800329559458, -13.35179979093062030, -29.11206512142745240 ) ) ;
#1742 = ADVANCED_FACE ( 'NONE', ( #210 ), #5576, .T. ) ;
#1743 = FACE_OUTER_BOUND ( 'NONE', #5618, .T. ) ;
#1744 = CARTESIAN_POINT ( 'NONE',  ( 64.06724209162031514, -3.021288905670871383, -22.76157783343349550 ) ) ;
#1745 = FACE_OUTER_BOUND ( 'NONE', #2816, .T. ) ;
#1746 = DIRECTION ( 'NONE',  ( 0.000000000000000000, 1.000000000000000000, 0.000000000000000000 ) ) ;
#1747 = AXIS2_PLACEMENT_3D ( 'NONE', #3735, #3402, #2033 ) ;
#1748 = DIRECTION ( 'NONE',  ( 0.000000000000000000, -1.000000000000000000, 0.000000000000000000 ) ) ;
#1749 = CARTESIAN_POINT ( 'NONE',  ( -62.40746101627510001, 1.936914252020602412, -30.59793620125076075 ) ) ;
#1750 = CARTESIAN_POINT ( 'NONE',  ( -64.97251413639129680, 2.392842614549107072, -24.00912298877193862 ) ) ;
#1751 = DIRECTION ( 'NONE',  ( 0.000000000000000000, 1.000000000000000000, 0.000000000000000000 ) ) ;
#1752 = EDGE_CURVE ( 'NONE', #2807, #5385, #2470, .T. ) ;
#1753 = CARTESIAN_POINT ( 'NONE',  ( 0.000000000000000000, -14.90000000000000213, 0.000000000000000000 ) ) ;
#1754 = CYLINDRICAL_SURFACE ( 'NONE', #2417, 1.999999999999997335 ) ;
#1755 = DIRECTION ( 'NONE',  ( 0.000000000000000000, -1.000000000000000000, 0.000000000000000000 ) ) ;
#1756 = CARTESIAN_POINT ( 'NONE',  ( -42.62155077418159266, 3.743471703671615192, -56.65285434177719992 ) ) ;
#1757 = EDGE_LOOP ( 'NONE', ( #827, #1426, #5224, #2905, #1394, #1222, #2826, #2407, #1670 ) ) ;
#1758 = CARTESIAN_POINT ( 'NONE',  ( 0.000000000000000000, -5.498866988659109722, -68.00030588489299532 ) ) ;
#1759 = B_SPLINE_CURVE_WITH_KNOTS ( 'NONE', 3,
 ( #1826, #5000, #63, #5397, #951, #4973, #3215, #4521, #1361, #4132 ),
 .UNSPECIFIED., .F., .F.,
 ( 4, 2, 2, 2, 4 ),
 ( 0.000000000000000000, 0.2500000000000024425, 0.3750000000000024980, 0.5000000000000025535, 1.000000000000000000 ),
 .UNSPECIFIED. ) ;
#1760 = ORIENTED_EDGE ( 'NONE', *, *, #1457, .T. ) ;
#1761 = FACE_BOUND ( 'NONE', #2621, .T. ) ;
#1762 = EDGE_CURVE ( 'NONE', #1451, #3066, #3822, .T. ) ;
#1763 = AXIS2_PLACEMENT_3D ( 'NONE', #4599, #169, #2791 ) ;
#1764 = DIRECTION ( 'NONE',  ( 0.000000000000000000, -1.000000000000000000, 0.000000000000000000 ) ) ;
#1765 = FACE_OUTER_BOUND ( 'NONE', #3443, .T. ) ;
#1766 = DIRECTION ( 'NONE',  ( 0.6595755232801356893, 0.000000000000000000, 0.7516382967157376749 ) ) ;
#1767 = CIRCLE ( 'NONE', #2994, 2.000000000000001776 ) ;
#1768 = ORIENTED_EDGE ( 'NONE', *, *, #459, .T. ) ;
#1769 = ADVANCED_FACE ( 'NONE', ( #4644 ), #5153, .F. ) ;
#1770 = ORIENTED_EDGE ( 'NONE', *, *, #2123, .F. ) ;
#1771 = CARTESIAN_POINT ( 'NONE',  ( -22.46745717447840107, 5.180617699322979774, -67.23635544608040959 ) ) ;
#1772 = CARTESIAN_POINT ( 'NONE',  ( 57.18966664191270155, 1.650167208960304999, -15.13995482246985169 ) ) ;
#1773 = B_SPLINE_CURVE_WITH_KNOTS ( 'NONE', 3,
 ( #860, #3093, #2257, #1353, #27, #4540, #3632, #1377, #4456, #4941 ),
 .UNSPECIFIED., .F., .F.,
 ( 4, 2, 2, 2, 4 ),
 ( 0.000000000000000000, 0.2500000000000001665, 0.5000000000000003331, 0.7500000000000001110, 1.000000000000000000 ),
 .UNSPECIFIED. ) ;
#1774 = FACE_OUTER_BOUND ( 'NONE', #1785, .T. ) ;
#1775 = CARTESIAN_POINT ( 'NONE',  ( -59.31092939487250248, 3.780661202779334928, -33.33139154212413757 ) ) ;
#1776 = DIRECTION ( 'NONE',  ( 0.7516382967157390071, 0.000000000000000000, -0.6595755232801340240 ) ) ;
#1777 = CARTESIAN_POINT ( 'NONE',  ( -38.26431457799019853, -16.10000000000000142, -6.224022662643469594 ) ) ;
#1778 = DIRECTION ( 'NONE',  ( 0.7516382967157391182, 0.000000000000000000, 0.6595755232801341350 ) ) ;
#1779 = CARTESIAN_POINT ( 'NONE',  ( 43.88720505067814059, 11.61111071867147793, -52.27931719753184581 ) ) ;
#1780 = EDGE_CURVE ( 'NONE', #4263, #2912, #5124, .T. ) ;
#1781 = FACE_OUTER_BOUND ( 'NONE', #3983, .T. ) ;
#1782 = CARTESIAN_POINT ( 'NONE',  ( -63.31023230695500814, 3.231597693952644956, -25.86904051549669958 ) ) ;
#1783 = CARTESIAN_POINT ( 'NONE',  ( -60.09442319551060052, -10.09999999999999964, -29.06304011625210038 ) ) ;
#1784 = AXIS2_PLACEMENT_3D ( 'NONE', #3535, #3138, #3021 ) ;
#1785 = EDGE_LOOP ( 'NONE', ( #3676, #4636, #4677, #4683 ) ) ;
#1786 = CARTESIAN_POINT ( 'NONE',  ( 21.92772362171429990, -4.061720993007779335, -65.62116046645590473 ) ) ;
#1787 = ADVANCED_FACE ( 'NONE', ( #2889 ), #3731, .F. ) ;
#1788 = VECTOR ( 'NONE', #3935, 1000.000000000000000 ) ;
#1789 = ORIENTED_EDGE ( 'NONE', *, *, #4441, .T. ) ;
#1790 = DIRECTION ( 'NONE',  ( 1.000000000000000000, 0.000000000000000000, 0.000000000000000000 ) ) ;
#1791 = FACE_OUTER_BOUND ( 'NONE', #4960, .T. ) ;
#1792 = CARTESIAN_POINT ( 'NONE',  ( 59.75064820022733869, -0.7420763368519794900, -32.75485241756318544 ) ) ;
#1793 = DIRECTION ( 'NONE',  ( 0.000000000000000000, 1.000000000000000000, 0.000000000000000000 ) ) ;
#1794 = EDGE_LOOP ( 'NONE', ( #4758, #1113 ) ) ;
#1795 = EDGE_LOOP ( 'NONE', ( #76, #1176, #4606, #1576 ) ) ;
#1796 = CARTESIAN_POINT ( 'NONE',  ( -21.92754075889600074, 7.063987015689529692, -65.62058108868249917 ) ) ;
#1797 = AXIS2_PLACEMENT_3D ( 'NONE', #399, #1692, #5376 ) ;
#1798 = CARTESIAN_POINT ( 'NONE',  ( 66.62820805419519843, -0.1808938744639159990, -19.21818671083675056 ) ) ;
#1799 = EDGE_CURVE ( 'NONE', #1177, #466, #2946, .T. ) ;
#1800 = PRODUCT_DEFINITION_SHAPE ( 'NONE', 'NONE',  #2989 ) ;
#1801 = CARTESIAN_POINT ( 'NONE',  ( -61.67236287527232719, 3.158912327607074744, -31.03626906277224151 ) ) ;
#1802 = CARTESIAN_POINT ( 'NONE',  ( -64.58147862274228146, 2.921062720582038974, -23.56350719943393202 ) ) ;
#1803 = DIRECTION ( 'NONE',  ( 0.9978788618232538044, 0.000000000000000000, -0.06509821139115595789 ) ) ;
#1804 = CIRCLE ( 'NONE', #495, 1.999999999999999556 ) ;
#1805 = CIRCLE ( 'NONE', #3896, 4.999999999999997335 ) ;
#1806 = CARTESIAN_POINT ( 'NONE',  ( 60.55937974986093764, 10.50495364843096624, -30.02443403884679185 ) ) ;
#1807 = CARTESIAN_POINT ( 'NONE',  ( 28.86090182961263295, 10.44444419916967703, -61.85678717312987374 ) ) ;
#1808 = ORIENTED_EDGE ( 'NONE', *, *, #3767, .T. ) ;
#1809 = EDGE_CURVE ( 'NONE', #3003, #1924, #1133, .T. ) ;
#1810 = AXIS2_PLACEMENT_3D ( 'NONE', #66, #2696, #1803 ) ;
#1811 = LINE ( 'NONE', #3622, #4838 ) ;
#1812 = CARTESIAN_POINT ( 'NONE',  ( -66.94487370918119495, 0.8691797123689479765, -19.30952549751825131 ) ) ;
#1813 = LINE ( 'NONE', #493, #3608 ) ;
#1814 = VERTEX_POINT ( 'NONE', #2924 ) ;
#1815 = ORIENTED_EDGE ( 'NONE', *, *, #1123, .T. ) ;
#1816 = CARTESIAN_POINT ( 'NONE',  ( 42.05402123878040044, -5.674652896591321216, -55.89849023442479847 ) ) ;
#1817 = ORIENTED_EDGE ( 'NONE', *, *, #3803, .F. ) ;
#1818 = CARTESIAN_POINT ( 'NONE',  ( -16.92484625416589950, 16.10000000000000142, -32.93233578868210287 ) ) ;
#1819 = EDGE_CURVE ( 'NONE', #2522, #1680, #3248, .T. ) ;
#1820 = DIRECTION ( 'NONE',  ( 0.000000000000000000, -1.000000000000000000, 0.000000000000000000 ) ) ;
#1821 = CARTESIAN_POINT ( 'NONE',  ( 60.04328806595707135, -0.7261267798372468274, -32.42883643352797662 ) ) ;
#1822 = VERTEX_POINT ( 'NONE', #2803 ) ;
#1823 = CARTESIAN_POINT ( 'NONE',  ( 59.47536296208700435, 16.10000000000000142, -20.77693915205080089 ) ) ;
#1824 = EDGE_LOOP ( 'NONE', ( #4666, #3773, #1402, #4360 ) ) ;
#1825 = CARTESIAN_POINT ( 'NONE',  ( -42.05342562718880117, 2.579692719944324697, -55.89769854345779976 ) ) ;
#1826 = CARTESIAN_POINT ( 'NONE',  ( -60.09442319551060052, -11.15852090583519995, -29.06304011625210038 ) ) ;
#1827 = CARTESIAN_POINT ( 'NONE',  ( -61.74593859123040573, 3.109887629058747383, -30.98807062699752279 ) ) ;
#1828 = CARTESIAN_POINT ( 'NONE',  ( 60.36663589305109667, 13.36820398397446041, -31.30286362229155017 ) ) ;
#1829 = CYLINDRICAL_SURFACE ( 'NONE', #1527, 25.00000000000000000 ) ;
#1830 = EDGE_CURVE ( 'NONE', #3814, #5814, #2479, .T. ) ;
#1831 = VECTOR ( 'NONE', #1976, 1000.000000000000000 ) ;
#1832 = CARTESIAN_POINT ( 'NONE',  ( 59.89474663122129527, 10.30102427212235838, -32.21288794665736788 ) ) ;
#1833 = DIRECTION ( 'NONE',  ( 0.000000000000000000, 1.000000000000000000, 0.000000000000000000 ) ) ;
#1834 = ORIENTED_EDGE ( 'NONE', *, *, #5657, .T. ) ;
#1835 = ORIENTED_EDGE ( 'NONE', *, *, #4259, .T. ) ;
#1836 = CARTESIAN_POINT ( 'NONE',  ( 38.18950138194972510, -16.10000000000000142, -5.569278778024998822 ) ) ;
#1837 = DIRECTION ( 'NONE',  ( 0.6595755232801343571, 0.000000000000000000, -0.7516382967157388961 ) ) ;
#1838 = DIRECTION ( 'NONE',  ( -0.3289878516042711865, 0.000000000000000000, 0.9443341535160136857 ) ) ;
#1839 = EDGE_LOOP ( 'NONE', ( #2908, #3755, #2396, #5395 ) ) ;
#1840 = EDGE_CURVE ( 'NONE', #322, #5258, #5327, .T. ) ;
#1841 = CARTESIAN_POINT ( 'NONE',  ( -9.417970242006729720, 16.10000000000000142, -24.37765887863679737 ) ) ;
#1842 = VERTEX_POINT ( 'NONE', #2354 ) ;
#1843 = FILL_AREA_STYLE_COLOUR ( '', #3321 ) ;
#1844 = DIRECTION ( 'NONE',  ( 0.7516382967157391182, 0.000000000000000000, 0.6595755232801341350 ) ) ;
#1845 = CARTESIAN_POINT ( 'NONE',  ( -45.67122707623510536, -10.09999999999999964, -5.046038264045169086 ) ) ;
#1846 = VERTEX_POINT ( 'NONE', #5698 ) ;
#1847 = VECTOR ( 'NONE', #1493, 1000.000000000000000 ) ;
#1848 = EDGE_CURVE ( 'NONE', #2613, #1918, #969, .T. ) ;
#1849 = DIRECTION ( 'NONE',  ( 0.000000000000000000, -1.000000000000000000, 0.000000000000000000 ) ) ;
#1850 = VERTEX_POINT ( 'NONE', #3044 ) ;
#1851 = ORIENTED_EDGE ( 'NONE', *, *, #1780, .T. ) ;
#1852 = CARTESIAN_POINT ( 'NONE',  ( -55.84697054620250611, 3.759084155976725405, -38.47885021787769944 ) ) ;
#1853 = CARTESIAN_POINT ( 'NONE',  ( 57.23069503695314353, 1.472249207207857014, -15.18670991248860602 ) ) ;
#1854 = CARTESIAN_POINT ( 'NONE',  ( -59.88579776270501753, 3.710216098423915643, -32.60491437744195764 ) ) ;
#1855 = CARTESIAN_POINT ( 'NONE',  ( 64.07410960527926136, -0.01917178817880185737, -22.74695373708637902 ) ) ;
#1856 = FACE_OUTER_BOUND ( 'NONE', #4143, .T. ) ;
#1857 = AXIS2_PLACEMENT_3D ( 'NONE', #836, #2600, #3432 ) ;
#1858 = CARTESIAN_POINT ( 'NONE',  ( 60.57278318412694773, 10.48689002950835913, -30.11155640332244943 ) ) ;
#1859 = DIRECTION ( 'NONE',  ( 1.000000000000000000, 0.000000000000000000, 0.000000000000000000 ) ) ;
#1860 = VERTEX_POINT ( 'NONE', #2599 ) ;
#1861 = EDGE_CURVE ( 'NONE', #611, #1410, #1184, .T. ) ;
#1862 = DIRECTION ( 'NONE',  ( -0.000000000000000000, -1.000000000000000000, -0.000000000000000000 ) ) ;
#1863 = CARTESIAN_POINT ( 'NONE',  ( -18.08308979349794043, -7.397751824052175351, 31.54796686707195263 ) ) ;
#1864 = CARTESIAN_POINT ( 'NONE',  ( 0.000000000000000000, -5.499752826484129997, -68.00006673070399188 ) ) ;
#1865 = EDGE_LOOP ( 'NONE', ( #4480, #3461, #3745, #1175 ) ) ;
#1866 = EDGE_CURVE ( 'NONE', #3580, #86, #3010, .T. ) ;
#1867 = ORIENTED_EDGE ( 'NONE', *, *, #350, .F. ) ;
#1868 = EDGE_CURVE ( 'NONE', #2613, #2023, #3881, .T. ) ;
#1869 = CARTESIAN_POINT ( 'NONE',  ( 14.74916050171129100, -4.900000000000001243, 39.52081594163247047 ) ) ;
#1871 = VECTOR ( 'NONE', #4871, 1000.000000000000000 ) ;
#1870 = CARTESIAN_POINT ( 'NONE',  ( 58.88972745734179881, -0.8333333333333350357, -34.00000000000000000 ) ) ;
#1872 = CARTESIAN_POINT ( 'NONE',  ( 64.47536296723424698, -2.866434070436884252, -20.77572366211398958 ) ) ;
#1873 = ORIENTED_EDGE ( 'NONE', *, *, #5399, .T. ) ;
#1874 = EDGE_CURVE ( 'NONE', #5344, #1177, #4569, .T. ) ;
#1875 = DIRECTION ( 'NONE',  ( 0.000000000000000000, -1.000000000000000000, 0.000000000000000000 ) ) ;
#1876 = PLANE ( 'NONE',  #255 ) ;
#1877 = AXIS2_PLACEMENT_3D ( 'NONE', #1052, #2849, #4570 ) ;
#1878 = EDGE_LOOP ( 'NONE', ( #669, #3579, #4562, #4335 ) ) ;
#1879 = ORIENTED_EDGE ( 'NONE', *, *, #4731, .T. ) ;
#1880 = FACE_OUTER_BOUND ( 'NONE', #1142, .T. ) ;
#1881 = LINE ( 'NONE', #4082, #5251 ) ;
#1882 = DIRECTION ( 'NONE',  ( 0.4432630006548747836, 0.000000000000000000, -0.8963916065260966182 ) ) ;
#1883 = CARTESIAN_POINT ( 'NONE',  ( 64.00119431748970555, -10.09999999999999964, -22.90222749541804603 ) ) ;
#1884 = CARTESIAN_POINT ( 'NONE',  ( 25.00000000000000000, -16.10000000000000142, -3.061616997868383043E-15 ) ) ;
#1885 = AXIS2_PLACEMENT_3D ( 'NONE', #871, #3947, #5766 ) ;
#1886 = EDGE_CURVE ( 'NONE', #1494, #2786, #2772, .T. ) ;
#1887 = CARTESIAN_POINT ( 'NONE',  ( 59.40227599885848520, 10.23384517506479696, -33.11223988251986583 ) ) ;
#1888 = CARTESIAN_POINT ( 'NONE',  ( 7.772042824445040132, -16.10000000000000142, -33.11488110102455096 ) ) ;
#1889 = ORIENTED_EDGE ( 'NONE', *, *, #3952, .T. ) ;
#1890 = DIRECTION ( 'NONE',  ( 0.000000000000000000, 0.000000000000000000, 1.000000000000000000 ) ) ;
#1891 = AXIS2_PLACEMENT_3D ( 'NONE', #84, #591, #2434 ) ;
#1892 = CARTESIAN_POINT ( 'NONE',  ( -15.74782415311723049, -5.370419109017092296, 36.71360390822754027 ) ) ;
#1893 = FACE_BOUND ( 'NONE', #1048, .T. ) ;
#1894 = CIRCLE ( 'NONE', #1340, 7.500000000000000000 ) ;
#1895 = EDGE_LOOP ( 'NONE', ( #4693, #1559 ) ) ;
#1896 = VECTOR ( 'NONE', #5384, 1000.000000000000000 ) ;
#1897 = VERTEX_POINT ( 'NONE', #2148 ) ;
#1898 = DIRECTION ( 'NONE',  ( 0.000000000000000000, -1.000000000000000000, 0.000000000000000000 ) ) ;
#1899 = VECTOR ( 'NONE', #101, 999.9999999999998863 ) ;
#1900 = AXIS2_PLACEMENT_3D ( 'NONE', #4167, #4702, #3370 ) ;
#1901 = ADVANCED_FACE ( 'NONE', ( #4859 ), #2954, .F. ) ;
#1902 = CARTESIAN_POINT ( 'NONE',  ( 25.00000000000000000, -10.09999999999999964, -3.061616997868383043E-15 ) ) ;
#1903 = CARTESIAN_POINT ( 'NONE',  ( 64.47282142288864293, -2.845190868177855936, -20.60520302330279918 ) ) ;
#1904 = ORIENTED_EDGE ( 'NONE', *, *, #1556, .T. ) ;
#1905 = LINE ( 'NONE', #5111, #584 ) ;
#1906 = DIRECTION ( 'NONE',  ( 1.000000000000000000, 0.000000000000000000, 0.000000000000000000 ) ) ;
#1907 = ORIENTED_EDGE ( 'NONE', *, *, #1123, .F. ) ;
#1908 = EDGE_LOOP ( 'NONE', ( #1517, #2049, #5651, #4269 ) ) ;
#1909 = EDGE_CURVE ( 'NONE', #1520, #5861, #2384, .T. ) ;
#1910 = DIRECTION ( 'NONE',  ( 0.9978788618232538044, 0.000000000000000000, -0.06509821139115595789 ) ) ;
#1911 = CARTESIAN_POINT ( 'NONE',  ( -14.45921831757123677, -4.900000000000001243, 40.49606160659098464 ) ) ;
#1912 = CARTESIAN_POINT ( 'NONE',  ( -59.75076901654189498, 0.7420669427072469349, -32.75470517653303659 ) ) ;
#1913 = CARTESIAN_POINT ( 'NONE',  ( -17.24629507352134894, 0.000000000000000000, -43.91153830221434617 ) ) ;
#1914 = DIRECTION ( 'NONE',  ( -0.5000000000000011102, 0.000000000000000000, 0.8660254037844379305 ) ) ;
#1915 = CIRCLE ( 'NONE', #5240, 12.38597862740635414 ) ;
#1916 = CARTESIAN_POINT ( 'NONE',  ( 43.88720505067815481, 8.611110718671490361, -52.27931719753187423 ) ) ;
#1917 = DIRECTION ( 'NONE',  ( -0.7516382967157391182, 0.000000000000000000, -0.6595755232801341350 ) ) ;
#1918 = VERTEX_POINT ( 'NONE', #2507 ) ;
#1919 = CARTESIAN_POINT ( 'NONE',  ( -60.57653794026264649, 10.09999999999999964, -30.14090039575712865 ) ) ;
#1920 = EDGE_CURVE ( 'NONE', #3193, #3182, #3539, .T. ) ;
#1921 = DIRECTION ( 'NONE',  ( 0.4432630006548747836, 0.000000000000000000, -0.8963916065260966182 ) ) ;
#1922 = CARTESIAN_POINT ( 'NONE',  ( 36.35319515986304850, 10.09999999999999964, 8.604846768176949823 ) ) ;
#1923 = CARTESIAN_POINT ( 'NONE',  ( 60.58908486542664917, 13.41123819376067772, -30.24419440784259194 ) ) ;
#1924 = VERTEX_POINT ( 'NONE', #3491 ) ;
#1925 = CARTESIAN_POINT ( 'NONE',  ( 21.49457723605729953, -4.492306355544505081, -64.32488709998729348 ) ) ;
#1926 = CIRCLE ( 'NONE', #2872, 12.38597862740635414 ) ;
#1927 = ORIENTED_EDGE ( 'NONE', *, *, #3350, .T. ) ;
#1928 = DIRECTION ( 'NONE',  ( 0.6595755232801344681, 0.000000000000000000, -0.7516382967157386741 ) ) ;
#1929 = EDGE_CURVE ( 'NONE', #5291, #4178, #501, .T. ) ;
#1930 = DIRECTION ( 'NONE',  ( 0.000000000000000000, -1.000000000000000000, 0.000000000000000000 ) ) ;
#1931 = CARTESIAN_POINT ( 'NONE',  ( 64.47536009936511903, -2.865852997970313787, -20.77074677550267978 ) ) ;
#1932 = VERTEX_POINT ( 'NONE', #775 ) ;
#1933 = EDGE_CURVE ( 'NONE', #87, #3843, #1360, .T. ) ;
#1934 = DIRECTION ( 'NONE',  ( 0.000000000000000000, 1.000000000000000000, 0.000000000000000000 ) ) ;
#1935 = CARTESIAN_POINT ( 'NONE',  ( -64.47534308633858302, 2.868335625953191137, -20.79220577091714972 ) ) ;
#1936 = ORIENTED_EDGE ( 'NONE', *, *, #1470, .F. ) ;
#1937 = VERTEX_POINT ( 'NONE', #2179 ) ;
#1938 = CARTESIAN_POINT ( 'NONE',  ( -60.36663589305109667, -13.36820398397446041, -31.30286362229155017 ) ) ;
#1939 = TOROIDAL_SURFACE ( 'NONE', #5264, 43.00000000000000000, 10.00000000000000000 ) ;
#1940 = CARTESIAN_POINT ( 'NONE',  ( 40.77597038154279829, -3.055160359893169808, -54.19969636744250607 ) ) ;
#1941 = CARTESIAN_POINT ( 'NONE',  ( 57.37444922899317135, 0.000000000000000000, -15.35052914506639610 ) ) ;
#1942 = ADVANCED_FACE ( 'NONE', ( #2567 ), #4376, .T. ) ;
#1943 = DIRECTION ( 'NONE',  ( -0.6595755232801344681, 0.000000000000000000, -0.7516382967157386741 ) ) ;
#1944 = CYLINDRICAL_SURFACE ( 'NONE', #500, 2.000000000000003997 ) ;
#1945 = CARTESIAN_POINT ( 'NONE',  ( -51.20348546661170275, -12.25006963126194037, -45.75668484978179862 ) ) ;
#1946 = DIRECTION ( 'NONE',  ( 0.000000000000000000, -1.000000000000000000, 0.000000000000000000 ) ) ;
#1947 = ORIENTED_EDGE ( 'NONE', *, *, #3188, .T. ) ;
#1948 = CARTESIAN_POINT ( 'NONE',  ( -64.02709657903865548, 0.5111685826940467470, -18.70768264270641623 ) ) ;
#1949 = CARTESIAN_POINT ( 'NONE',  ( -12.96739311448505916, 16.10000000000000142, -28.42250600838765351 ) ) ;
#1950 = DIRECTION ( 'NONE',  ( 0.000000000000000000, -1.000000000000000000, 0.000000000000000000 ) ) ;
#1951 = DIRECTION ( 'NONE',  ( 0.000000000000000000, -1.000000000000000000, 0.000000000000000000 ) ) ;
#1952 = ORIENTED_EDGE ( 'NONE', *, *, #5043, .T. ) ;
#1953 = AXIS2_PLACEMENT_3D ( 'NONE', #1719, #4860, #4405 ) ;
#1954 = EDGE_CURVE ( 'NONE', #1738, #4222, #896, .T. ) ;
#1955 = PRODUCT_CONTEXT ( 'NONE', #4589, 'mechanical' ) ;
#1956 = EDGE_LOOP ( 'NONE', ( #2843, #5781, #678, #5424 ) ) ;
#1957 = CARTESIAN_POINT ( 'NONE',  ( -45.67122707623510536, 10.09999999999999964, -5.046038264045169086 ) ) ;
#1958 = EDGE_CURVE ( 'NONE', #5394, #5268, #2963, .T. ) ;
#1959 = CARTESIAN_POINT ( 'NONE',  ( 39.40525960507399361, 16.10000000000000142, 2.094525554754359753 ) ) ;
#1960 = CARTESIAN_POINT ( 'NONE',  ( 64.39936582703727197, -2.712977570961899509, -19.89693220647354011 ) ) ;
#1961 = EDGE_LOOP ( 'NONE', ( #5084, #5506, #2320, #2164 ) ) ;
#1962 = CARTESIAN_POINT ( 'NONE',  ( -6.268766231013559675, -16.10000000000000142, -34.43403214758485120 ) ) ;
#1963 = DIRECTION ( 'NONE',  ( 0.000000000000000000, -1.000000000000000000, 0.000000000000000000 ) ) ;
#1964 = ORIENTED_EDGE ( 'NONE', *, *, #3203, .T. ) ;
#1965 = VERTEX_POINT ( 'NONE', #3457 ) ;
#1966 = CIRCLE ( 'NONE', #5390, 1.999999999999999778 ) ;
#1967 = CARTESIAN_POINT ( 'NONE',  ( -60.57444734365402894, -10.48446929281040241, -30.12424464299750326 ) ) ;
#1968 = CARTESIAN_POINT ( 'NONE',  ( 64.00553583589679363, -3.279409570505739779, -26.15296296391255026 ) ) ;
#1969 = AXIS2_PLACEMENT_3D ( 'NONE', #3463, #5280, #2604 ) ;
#1970 = VECTOR ( 'NONE', #256, 999.9999999999998863 ) ;
#1971 = DIRECTION ( 'NONE',  ( 0.000000000000000000, -1.000000000000000000, 0.000000000000000000 ) ) ;
#1972 = DIRECTION ( 'NONE',  ( 0.000000000000000000, 1.000000000000000000, 0.000000000000000000 ) ) ;
#1973 = AXIS2_PLACEMENT_3D ( 'NONE', #2839, #4266, #1041 ) ;
#1974 = EDGE_CURVE ( 'NONE', #3015, #2548, #864, .T. ) ;
#1975 = DIRECTION ( 'NONE',  ( 0.000000000000000000, -1.000000000000000000, 0.000000000000000000 ) ) ;
#1976 = DIRECTION ( 'NONE',  ( -0.6595755232801356893, 0.000000000000000000, -0.7516382967157376749 ) ) ;
#1977 = ORIENTED_EDGE ( 'NONE', *, *, #3820, .F. ) ;
#1978 = CARTESIAN_POINT ( 'NONE',  ( -64.47536098569011642, -0.08826409407092625226, -20.77169534695887165 ) ) ;
#1979 = DIRECTION ( 'NONE',  ( 0.000000000000000000, 0.000000000000000000, 1.000000000000000000 ) ) ;
#1980 = CARTESIAN_POINT ( 'NONE',  ( 64.01941482997588651, -3.031738831586232141, -22.92302193945379329 ) ) ;
#1981 = FACE_OUTER_BOUND ( 'NONE', #3483, .T. ) ;
#1982 = ORIENTED_EDGE ( 'NONE', *, *, #3612, .T. ) ;
#1983 = ADVANCED_FACE ( 'NONE', ( #2206 ), #2658, .F. ) ;
#1984 = CIRCLE ( 'NONE', #2457, 4.999999999999999112 ) ;
#1985 = ORIENTED_EDGE ( 'NONE', *, *, #5290, .T. ) ;
#1986 = CARTESIAN_POINT ( 'NONE',  ( -62.89320058075340114, 3.231593442973719643, -25.69868276006840091 ) ) ;
#1987 = VECTOR ( 'NONE', #3284, 1000.000000000000000 ) ;
#1988 = CARTESIAN_POINT ( 'NONE',  ( -24.30214479137287498, -7.122734456393104985, -63.81008331678138035 ) ) ;
#1989 = CARTESIAN_POINT ( 'NONE',  ( 7.772042824445040132, 16.10000000000000142, -33.11488110102455096 ) ) ;
#1990 = ORIENTED_EDGE ( 'NONE', *, *, #2804, .T. ) ;
#1991 = VECTOR ( 'NONE', #4657, 999.9999999999998863 ) ;
#1992 = CARTESIAN_POINT ( 'NONE',  ( -64.00119431748970555, 3.031187353503340010, -22.90222749541804603 ) ) ;
#1993 = CIRCLE ( 'NONE', #1432, 2.000000000000000444 ) ;
#1994 = DIRECTION ( 'NONE',  ( -0.9715802785332849911, 0.000000000000000000, -0.2367102920558898094 ) ) ;
#1995 = EDGE_CURVE ( 'NONE', #1842, #1520, #569, .T. ) ;
#1996 = VERTEX_POINT ( 'NONE', #5117 ) ;
#1997 = EDGE_LOOP ( 'NONE', ( #3545, #506, #4304, #2602 ) ) ;
#1998 = CARTESIAN_POINT ( 'NONE',  ( 59.47536296208700435, 16.10000000000000142, -20.77693915205080089 ) ) ;
#1999 = CARTESIAN_POINT ( 'NONE',  ( 0.000000000000000000, -16.10000000000000142, 0.000000000000000000 ) ) ;
#2000 = CARTESIAN_POINT ( 'NONE',  ( 22.46682291333064896, -5.944278876613950047, -67.23435644483939200 ) ) ;
#2001 = CARTESIAN_POINT ( 'NONE',  ( -24.80406379161941288, 16.10000000000000142, 21.76599226824438560 ) ) ;
#2002 = FACE_OUTER_BOUND ( 'NONE', #5166, .T. ) ;
#2003 = CARTESIAN_POINT ( 'NONE',  ( 50.96347658327250230, 10.09999999999999964, -8.044720500505590621 ) ) ;
#2004 = DIRECTION ( 'NONE',  ( 0.000000000000000000, 1.000000000000000000, 0.000000000000000000 ) ) ;
#2005 = ORIENTED_EDGE ( 'NONE', *, *, #5858, .T. ) ;
#2006 = CARTESIAN_POINT ( 'NONE',  ( -64.47535864290261998, 2.819492238456661415, -20.37252439836802864 ) ) ;
#2007 = CARTESIAN_POINT ( 'NONE',  ( 36.90930473671429723, 16.10000000000000142, -2.641770174552080075 ) ) ;
#2008 = CARTESIAN_POINT ( 'NONE',  ( 64.98972419729550154, -2.351606828313890674, -24.02873520967452947 ) ) ;
#2009 = EDGE_CURVE ( 'NONE', #799, #5510, #1119, .T. ) ;
#2010 = DIRECTION ( 'NONE',  ( 0.000000000000000000, -1.000000000000000000, 0.000000000000000000 ) ) ;
#2011 = VERTEX_POINT ( 'NONE', #4668 ) ;
#2012 = CIRCLE ( 'NONE', #1545, 32.99999999999999289 ) ;
#2013 = VERTEX_POINT ( 'NONE', #5054 ) ;
#2014 = CARTESIAN_POINT ( 'NONE',  ( -21.78311475565610422, 7.063982764710631024, -65.18834978598579255 ) ) ;
#2015 = EDGE_CURVE ( 'NONE', #5080, #3178, #2012, .T. ) ;
#2016 = ORIENTED_EDGE ( 'NONE', *, *, #4944, .T. ) ;
#2017 = CARTESIAN_POINT ( 'NONE',  ( -57.51697342518244227, -9.962519755081043371, -36.79835244086738300 ) ) ;
#2018 = AXIS2_PLACEMENT_3D ( 'NONE', #2182, #2569, #2093 ) ;
#2019 = CARTESIAN_POINT ( 'NONE',  ( 64.47533195410569817, 0.08836778485959714824, -20.75791827314174753 ) ) ;
#2020 = ORIENTED_EDGE ( 'NONE', *, *, #5787, .F. ) ;
#2021 = DIRECTION ( 'NONE',  ( 0.000000000000000000, 1.000000000000000000, 0.000000000000000000 ) ) ;
#2022 = CARTESIAN_POINT ( 'NONE',  ( 0.000000000000000000, -14.90000000000000213, 0.000000000000000000 ) ) ;
#2023 = VERTEX_POINT ( 'NONE', #2349 ) ;
#2024 = ORIENTED_EDGE ( 'NONE', *, *, #4628, .F. ) ;
#2025 = VERTEX_POINT ( 'NONE', #1002 ) ;
#2026 = DIRECTION ( 'NONE',  ( 0.000000000000000000, 1.000000000000000000, 0.000000000000000000 ) ) ;
#2027 = CARTESIAN_POINT ( 'NONE',  ( 59.56923800462349305, -3.749820176958960527, -32.98775458573171449 ) ) ;
#2028 = EDGE_CURVE ( 'NONE', #3447, #4252, #2799, .T. ) ;
#2029 = CARTESIAN_POINT ( 'NONE',  ( 58.37426617214200064, -3.069986885311280389, -40.22016741927620131 ) ) ;
#2030 = DIRECTION ( 'NONE',  ( -0.6595755232801344681, 0.000000000000000000, -0.7516382967157386741 ) ) ;
#2031 = DIRECTION ( 'NONE',  ( -0.6595755232801341350, 0.000000000000000000, -0.7516382967157391182 ) ) ;
#2032 = DIRECTION ( 'NONE',  ( -0.9926956690917261295, 0.000000000000000000, 0.1206453835276359854 ) ) ;
#2033 = DIRECTION ( 'NONE',  ( 0.000000000000000000, 0.000000000000000000, 1.000000000000000000 ) ) ;
#2034 = ORIENTED_EDGE ( 'NONE', *, *, #5155, .T. ) ;
#2035 = CARTESIAN_POINT ( 'NONE',  ( -64.46423266060860158, -0.08368420606661022831, -20.43300999608588242 ) ) ;
#2036 = CIRCLE ( 'NONE', #2705, 2.000000000000001776 ) ;
#2037 = DIRECTION ( 'NONE',  ( -0.6595755232801341350, 0.000000000000000000, -0.7516382967157391182 ) ) ;
#2038 = CARTESIAN_POINT ( 'NONE',  ( 64.81691904112719271, -0.5076484095619363535, -23.83181011366714230 ) ) ;
#2039 = CARTESIAN_POINT ( 'NONE',  ( 60.55842535201897903, 13.40021744510204371, -30.79415518212634240 ) ) ;
#2040 = CIRCLE ( 'NONE', #3949, 4.999999999999997335 ) ;
#2041 = ORIENTED_EDGE ( 'NONE', *, *, #3007, .F. ) ;
#2042 = CARTESIAN_POINT ( 'NONE',  ( -55.84697054620250611, 3.759084155976725405, -38.47885021787769944 ) ) ;
#2043 = AXIS2_PLACEMENT_3D ( 'NONE', #3194, #1452, #129 ) ;
#2044 = ORIENTED_EDGE ( 'NONE', *, *, #786, .F. ) ;
#2045 = VECTOR ( 'NONE', #5340, 1000.000000000000000 ) ;
#2046 = FACE_BOUND ( 'NONE', #204, .T. ) ;
#2047 = EDGE_CURVE ( 'NONE', #631, #1738, #5514, .T. ) ;
#2048 = ADVANCED_FACE ( 'NONE', ( #4608 ), #2410, .T. ) ;
#2049 = ORIENTED_EDGE ( 'NONE', *, *, #647, .T. ) ;
#2050 = CYLINDRICAL_SURFACE ( 'NONE', #968, 67.99999999999995737 ) ;
#2051 = DIRECTION ( 'NONE',  ( 0.000000000000000000, -1.000000000000000000, 0.000000000000000000 ) ) ;
#2052 = ORIENTED_EDGE ( 'NONE', *, *, #362, .T. ) ;
#2053 = ORIENTED_EDGE ( 'NONE', *, *, #5311, .F. ) ;
#2054 = CARTESIAN_POINT ( 'NONE',  ( -57.37444922899317135, 0.000000000000000000, -15.35052914506639610 ) ) ;
#2055 = CARTESIAN_POINT ( 'NONE',  ( 62.38435722048885879, -1.792713285360896691, -30.61006641100094328 ) ) ;
#2056 = DIRECTION ( 'NONE',  ( 0.000000000000000000, -1.000000000000000000, 0.000000000000000000 ) ) ;
#2057 = ADVANCED_FACE ( 'NONE', ( #3273 ), #4223, .T. ) ;
#2058 = CARTESIAN_POINT ( 'NONE',  ( 1.102182119232617911E-14, -4.900000000000001243, 92.04999999999999716 ) ) ;
#2059 = AXIS2_PLACEMENT_3D ( 'NONE', #846, #433, #5854 ) ;
#2060 = DIRECTION ( 'NONE',  ( -1.000000000000000000, 0.000000000000000000, 0.000000000000000000 ) ) ;
#2061 = CARTESIAN_POINT ( 'NONE',  ( -56.59788645791889650, 4.189690773407970248, -38.99620859487004765 ) ) ;
#2062 = CARTESIAN_POINT ( 'NONE',  ( 60.36663589305109667, 0.000000000000000000, -31.30286362229155017 ) ) ;
#2063 = CIRCLE ( 'NONE', #3879, 2.000000000000000444 ) ;
#2064 = ORIENTED_EDGE ( 'NONE', *, *, #3514, .T. ) ;
#2065 = CARTESIAN_POINT ( 'NONE',  ( -64.13121930868618392, 0.2889624331189085127, -18.95220050996261563 ) ) ;
#2066 = FACE_BOUND ( 'NONE', #3055, .T. ) ;
#2067 = CARTESIAN_POINT ( 'NONE',  ( 45.67122707623510536, -10.09999999999999964, -5.046038264045169086 ) ) ;
#2068 = DIRECTION ( 'NONE',  ( 0.000000000000000000, 1.000000000000000000, 0.000000000000000000 ) ) ;
#2069 = EDGE_CURVE ( 'NONE', #3621, #3865, #1915, .T. ) ;
#2070 = VECTOR ( 'NONE', #3900, 1000.000000000000000 ) ;
#2071 = EDGE_LOOP ( 'NONE', ( #1770, #439, #4810, #2743 ) ) ;
#2072 = VERTEX_POINT ( 'NONE', #1938 ) ;
#2073 = CARTESIAN_POINT ( 'NONE',  ( 17.26387455255399317, -6.589300426459154814, 33.18477573195309560 ) ) ;
#2074 = ORIENTED_EDGE ( 'NONE', *, *, #3886, .T. ) ;
#2075 = VERTEX_POINT ( 'NONE', #2378 ) ;
#2076 = VECTOR ( 'NONE', #1414, 999.9999999999998863 ) ;
#2077 = FACE_OUTER_BOUND ( 'NONE', #760, .T. ) ;
#2078 = EDGE_LOOP ( 'NONE', ( #1289, #2304, #5328, #3873 ) ) ;
#2079 = CARTESIAN_POINT ( 'NONE',  ( 50.69259044466360109, 9.398362682148698966, -45.30006952024540112 ) ) ;
#2080 = VECTOR ( 'NONE', #5159, 1000.000000000000000 ) ;
#2081 = DIRECTION ( 'NONE',  ( 0.4663903252160488400, -0.7071067811865467956, 0.5314885366072058526 ) ) ;
#2082 = EDGE_CURVE ( 'NONE', #2821, #1061, #5634, .T. ) ;
#2083 = ORIENTED_EDGE ( 'NONE', *, *, #2650, .F. ) ;
#2084 = ORIENTED_EDGE ( 'NONE', *, *, #5699, .T. ) ;
#2085 = CARTESIAN_POINT ( 'NONE',  ( 24.80406379161939867, 16.10000000000000142, 21.76599226824439981 ) ) ;
#2086 = CARTESIAN_POINT ( 'NONE',  ( 60.92625790991105106, -3.493200113740940083, -31.59040108386710344 ) ) ;
#2087 = AXIS2_PLACEMENT_3D ( 'NONE', #1962, #3331, #3812 ) ;
#2088 = CARTESIAN_POINT ( 'NONE',  ( -60.86213974141890048, -10.50009284157563982, -29.30809972204500014 ) ) ;
#2089 = DIRECTION ( 'NONE',  ( -0.6595755232801341350, 0.000000000000000000, 0.7516382967157391182 ) ) ;
#2090 = CARTESIAN_POINT ( 'NONE',  ( -60.58840413975274686, -10.46336100464036534, -30.23859403546862623 ) ) ;
#2091 = EDGE_CURVE ( 'NONE', #3182, #3476, #4447, .T. ) ;
#2092 = CARTESIAN_POINT ( 'NONE',  ( -21.78311475565610422, 7.063982764710631024, -65.18834978598579255 ) ) ;
#2093 = DIRECTION ( 'NONE',  ( 1.000000000000000000, 0.000000000000000000, 0.000000000000000000 ) ) ;
#2094 = ORIENTED_EDGE ( 'NONE', *, *, #3988, .F. ) ;
#2095 = CARTESIAN_POINT ( 'NONE',  ( -26.17509153714900094, 16.10000000000000142, -55.32495366302847373 ) ) ;
#2096 = CARTESIAN_POINT ( 'NONE',  ( 45.67122707623510536, -16.10000000000000142, -5.046038264045169086 ) ) ;
#2097 = DIRECTION ( 'NONE',  ( 0.000000000000000000, -1.000000000000000000, 0.000000000000000000 ) ) ;
#2098 = DIRECTION ( 'NONE',  ( -0.9440533803505859467, 0.000000000000000000, 0.3297926849531869764 ) ) ;
#2099 = ORIENTED_EDGE ( 'NONE', *, *, #4972, .T. ) ;
#2100 = CARTESIAN_POINT ( 'NONE',  ( -61.47536296208700435, 16.10000000000000142, -20.77693915205080089 ) ) ;
#2101 = EDGE_CURVE ( 'NONE', #3865, #5321, #4131, .T. ) ;
#2102 = ORIENTED_EDGE ( 'NONE', *, *, #4674, .T. ) ;
#2103 = CARTESIAN_POINT ( 'NONE',  ( -65.33609903855729328, 2.752549028735510106, -18.84549182621540098 ) ) ;
#2104 = ORIENTED_EDGE ( 'NONE', *, *, #4594, .F. ) ;
#2105 = VERTEX_POINT ( 'NONE', #120 ) ;
#2106 = VECTOR ( 'NONE', #1032, 1000.000000000000000 ) ;
#2107 = CARTESIAN_POINT ( 'NONE',  ( 12.38597862740636835, -4.900000000000001243, 54.74476843225105682 ) ) ;
#2108 = ORIENTED_EDGE ( 'NONE', *, *, #3759, .F. ) ;
#2109 = CARTESIAN_POINT ( 'NONE',  ( 35.93392730187490258, 10.56951137170045918, -57.18719531091679897 ) ) ;
#2110 = DIRECTION ( 'NONE',  ( -0.3289878516042711865, 0.000000000000000000, 0.9443341535160136857 ) ) ;
#2111 = EDGE_LOOP ( 'NONE', ( #5292, #3262, #5134, #5591, #1283, #4695, #3198, #3020, #3364 ) ) ;
#2112 = ORIENTED_EDGE ( 'NONE', *, *, #534, .F. ) ;
#2113 = AXIS2_PLACEMENT_3D ( 'NONE', #4054, #2267, #3156 ) ;
#2114 = CARTESIAN_POINT ( 'NONE',  ( -25.00000000000000000, 0.000000000000000000, 0.000000000000000000 ) ) ;
#2115 = CARTESIAN_POINT ( 'NONE',  ( 59.88242263832401591, -3.710679544147356346, -32.60879193154718081 ) ) ;
#2116 = CARTESIAN_POINT ( 'NONE',  ( 24.22220753623764722, 16.10000000000000142, -54.89339361044660137 ) ) ;
#2117 = ADVANCED_FACE ( 'NONE', ( #1880 ), #4191, .T. ) ;
#2118 = LINE ( 'NONE', #1716, #250 ) ;
#2119 = CARTESIAN_POINT ( 'NONE',  ( 64.47536239345710385, -2.882347989598846638, -20.91238797686174422 ) ) ;
#2120 = PLANE ( 'NONE',  #5566 ) ;
#2121 = CARTESIAN_POINT ( 'NONE',  ( 60.36663589305109667, 13.36820398397446041, -31.30286362229155017 ) ) ;
#2122 = ORIENTED_EDGE ( 'NONE', *, *, #3636, .T. ) ;
#2123 = EDGE_CURVE ( 'NONE', #4130, #4184, #3602, .T. ) ;
#2124 = CARTESIAN_POINT ( 'NONE',  ( 26.17509153714900094, -16.10000000000000142, -55.32495366302847373 ) ) ;
#2125 = CYLINDRICAL_SURFACE ( 'NONE', #385, 1.999999999999997780 ) ;
#2126 = CARTESIAN_POINT ( 'NONE',  ( -60.60104282830083378, -13.41204942846841952, -30.39693283991950423 ) ) ;
#2127 = DIRECTION ( 'NONE',  ( 0.000000000000000000, -1.000000000000000000, 0.000000000000000000 ) ) ;
#2128 = CARTESIAN_POINT ( 'NONE',  ( -45.67122707623510536, -10.09999999999999964, -5.046038264045169086 ) ) ;
#2129 = CARTESIAN_POINT ( 'NONE',  ( 64.45868954146021679, 0.08133997162250974911, -20.36176513761144946 ) ) ;
#2130 = ORIENTED_EDGE ( 'NONE', *, *, #5399, .F. ) ;
#2131 = DIRECTION ( 'NONE',  ( 0.9926956690917259074, 0.000000000000000000, 0.1206453835276376924 ) ) ;
#2132 = CARTESIAN_POINT ( 'NONE',  ( -57.34843477932220424, 4.189699275365770248, -39.51332395435025546 ) ) ;
#2133 = VERTEX_POINT ( 'NONE', #1740 ) ;
#2135 = ORIENTED_EDGE ( 'NONE', *, *, #3526, .F. ) ;
#2134 = AXIS2_PLACEMENT_3D ( 'NONE', #529, #1025, #971 ) ;
#2136 = CARTESIAN_POINT ( 'NONE',  ( 7.129921387653830323, -6.903187639808590070, -66.32594535354279230 ) ) ;
#2137 = ORIENTED_EDGE ( 'NONE', *, *, #2165, .F. ) ;
#2138 = CARTESIAN_POINT ( 'NONE',  ( 0.000000000000000000, 5.500000000000000000, -68.00000000000000000 ) ) ;
#2139 = VECTOR ( 'NONE', #3276, 1000.000000000000000 ) ;
#2140 = EDGE_LOOP ( 'NONE', ( #2618, #2687, #494, #1663 ) ) ;
#2141 = EDGE_CURVE ( 'NONE', #765, #964, #2964, .T. ) ;
#2142 = ORIENTED_EDGE ( 'NONE', *, *, #3411, .F. ) ;
#2143 = VECTOR ( 'NONE', #1537, 1000.000000000000114 ) ;
#2144 = CARTESIAN_POINT ( 'NONE',  ( -64.00119431748970555, 0.03158843698610735301, -22.90222749541804603 ) ) ;
#2145 = CARTESIAN_POINT ( 'NONE',  ( 60.85736463259112128, -0.7560701342213935749, -31.64303772956429839 ) ) ;
#2146 = CARTESIAN_POINT ( 'NONE',  ( -61.26649768059219525, -10.50009284157563982, -29.50281786463795086 ) ) ;
#2147 = CARTESIAN_POINT ( 'NONE',  ( 66.59735355102320398, 0.000000000000000000, -38.44999999999999574 ) ) ;
#2148 = CARTESIAN_POINT ( 'NONE',  ( 1.127287378615138490E-14, 16.10000000000000142, 87.95000000000000284 ) ) ;
#2149 = CARTESIAN_POINT ( 'NONE',  ( 58.59114660207919911, 10.09999999999999964, -30.38219116281240062 ) ) ;
#2150 = CARTESIAN_POINT ( 'NONE',  ( 64.00119431748970555, 10.09999999999999964, -22.90222749541804603 ) ) ;
#2151 = VERTEX_POINT ( 'NONE', #861 ) ;
#2152 = DIRECTION ( 'NONE',  ( -0.6595755232801341350, 0.000000000000000000, -0.7516382967157391182 ) ) ;
#2153 = CARTESIAN_POINT ( 'NONE',  ( 58.59114660207919911, 0.000000000000000000, -30.38219116281240062 ) ) ;
#2154 = CARTESIAN_POINT ( 'NONE',  ( 57.47536296208700435, -10.09999999999999964, -20.77693915205080089 ) ) ;
#2155 = DIRECTION ( 'NONE',  ( 0.000000000000000000, -1.000000000000000000, 0.000000000000000000 ) ) ;
#2156 = ADVANCED_FACE ( 'NONE', ( #473 ), #5422, .F. ) ;
#2157 = CARTESIAN_POINT ( 'NONE',  ( -17.61454616726370404, -4.898587196589412829E-16, -38.26668302223077234 ) ) ;
#2158 = CARTESIAN_POINT ( 'NONE',  ( 63.89432954407352128, -1.373301032512838082, -18.43744037355140719 ) ) ;
#2159 = ORIENTED_EDGE ( 'NONE', *, *, #3121, .T. ) ;
#2160 = DIRECTION ( 'NONE',  ( 0.000000000000000000, 1.000000000000000000, 0.000000000000000000 ) ) ;
#2161 = AXIS2_PLACEMENT_3D ( 'NONE', #854, #3990, #910 ) ;
#2162 = CARTESIAN_POINT ( 'NONE',  ( 23.55072587678494500, 0.000000000000000000, -45.03142769267240197 ) ) ;
#2163 = ORIENTED_EDGE ( 'NONE', *, *, #4089, .F. ) ;
#2164 = ORIENTED_EDGE ( 'NONE', *, *, #2350, .F. ) ;
#2165 = EDGE_CURVE ( 'NONE', #1547, #5649, #803, .T. ) ;
#2166 = ORIENTED_EDGE ( 'NONE', *, *, #4639, .F. ) ;
#2167 = CARTESIAN_POINT ( 'NONE',  ( 58.37426617214200064, -3.069986885311280389, -40.22016741927620131 ) ) ;
#2168 = ORIENTED_EDGE ( 'NONE', *, *, #1329, .T. ) ;
#2169 = DIRECTION ( 'NONE',  ( 0.000000000000000000, -1.000000000000000000, 0.000000000000000000 ) ) ;
#2170 = VERTEX_POINT ( 'NONE', #5475 ) ;
#2171 = CARTESIAN_POINT ( 'NONE',  ( -29.12296933176754976, -10.09999999999999964, -22.22827314698385237 ) ) ;
#2172 = FACE_OUTER_BOUND ( 'NONE', #1878, .T. ) ;
#2173 = VECTOR ( 'NONE', #1766, 1000.000000000000000 ) ;
#2174 = FACE_OUTER_BOUND ( 'NONE', #4251, .T. ) ;
#2175 = VECTOR ( 'NONE', #1306, 999.9999999999998863 ) ;
#2176 = EDGE_CURVE ( 'NONE', #1320, #4531, #5438, .T. ) ;
#2177 = CARTESIAN_POINT ( 'NONE',  ( 51.07001842572970673, 0.000000000000000000, -14.23063975460823904 ) ) ;
#2178 = AXIS2_PLACEMENT_3D ( 'NONE', #3287, #2455, #4710 ) ;
#2179 = CARTESIAN_POINT ( 'NONE',  ( -60.36663589305109667, 10.09999999999999964, -31.30286362229155017 ) ) ;
#2180 = CIRCLE ( 'NONE', #2844, 68.00000000000001421 ) ;
#2181 = CARTESIAN_POINT ( 'NONE',  ( -66.62676467356429555, 2.321963666198805232, -19.21777038328919929 ) ) ;
#2182 = CARTESIAN_POINT ( 'NONE',  ( 0.000000000000000000, 10.09999999999999964, 0.000000000000000000 ) ) ;
#2183 = EDGE_CURVE ( 'NONE', #3475, #3349, #46, .T. ) ;
#2184 = CARTESIAN_POINT ( 'NONE',  ( 40.90853619850539502, 16.10000000000000142, 3.413676601314624914 ) ) ;
#2185 = AXIS2_PLACEMENT_3D ( 'NONE', #2823, #558, #1875 ) ;
#2186 = CARTESIAN_POINT ( 'NONE',  ( -59.78052130576789835, 3.724036853464053998, -32.72786925615088904 ) ) ;
#2187 = CYLINDRICAL_SURFACE ( 'NONE', #1885, 1.999999999999997780 ) ;
#2188 = VECTOR ( 'NONE', #1338, 1000.000000000000000 ) ;
#2189 = DIRECTION ( 'NONE',  ( 0.000000000000000000, -1.000000000000000000, 0.000000000000000000 ) ) ;
#2190 = DIRECTION ( 'NONE',  ( -0.7516382967157391182, 0.000000000000000000, 0.6595755232801341350 ) ) ;
#2191 = DIRECTION ( 'NONE',  ( 0.000000000000000000, 1.000000000000000000, 0.000000000000000000 ) ) ;
#2192 = VERTEX_POINT ( 'NONE', #915 ) ;
#2193 = CARTESIAN_POINT ( 'NONE',  ( 0.000000000000000000, -8.499753483101830653, -68.00010598041009757 ) ) ;
#2194 = CARTESIAN_POINT ( 'NONE',  ( -7.357990023347800168, 8.022088597102660756, -68.44760351012909894 ) ) ;
#2195 = ORIENTED_EDGE ( 'NONE', *, *, #905, .F. ) ;
#2196 = ORIENTED_EDGE ( 'NONE', *, *, #1431, .T. ) ;
#2197 = CARTESIAN_POINT ( 'NONE',  ( 0.000000000000000000, -8.546015288752988326, -67.25461972646890274 ) ) ;
#2198 = ORIENTED_EDGE ( 'NONE', *, *, #4125, .T. ) ;
#2199 = EDGE_CURVE ( 'NONE', #2397, #5436, #3060, .T. ) ;
#2200 = FACE_BOUND ( 'NONE', #556, .T. ) ;
#2201 = B_SPLINE_CURVE_WITH_KNOTS ( 'NONE', 3,
 ( #3069, #502, #4992, #4882 ),
 .UNSPECIFIED., .F., .F.,
 ( 4, 4 ),
 ( 1.047203403445566394, 1.226965173350739402 ),
 .UNSPECIFIED. ) ;
#2202 = DIRECTION ( 'NONE',  ( -1.000000000000000000, 0.000000000000000000, 0.000000000000000000 ) ) ;
#2203 = CARTESIAN_POINT ( 'NONE',  ( 58.88972745734179881, -0.8333333333333350357, -34.00000000000000000 ) ) ;
#2204 = CARTESIAN_POINT ( 'NONE',  ( -59.75805186432600635, -12.38331400549254013, -28.77642735986355405 ) ) ;
#2205 = CARTESIAN_POINT ( 'NONE',  ( 67.56866419668098445, 0.000000000000000000, -26.96764061178844685 ) ) ;
#2206 = FACE_OUTER_BOUND ( 'NONE', #1908, .T. ) ;
#2207 = ORIENTED_EDGE ( 'NONE', *, *, #2676, .T. ) ;
#2208 = ORIENTED_EDGE ( 'NONE', *, *, #4154, .F. ) ;
#2209 = ADVANCED_FACE ( 'NONE', ( #3150 ), #2712, .T. ) ;
#2210 = CARTESIAN_POINT ( 'NONE',  ( -64.04457782925970832, 2.321938160325375478, -18.47296648798189977 ) ) ;
#2211 = CARTESIAN_POINT ( 'NONE',  ( 22.36113325549700193, -4.492331861417924621, -66.91827491616849954 ) ) ;
#2212 = AXIS2_PLACEMENT_3D ( 'NONE', #3433, #1746, #4435 ) ;
#2213 = DIRECTION ( 'NONE',  ( 0.000000000000000000, -1.000000000000000000, 0.000000000000000000 ) ) ;
#2214 = CARTESIAN_POINT ( 'NONE',  ( 60.03579461610664225, 12.70604592821563905, -28.99622822889915597 ) ) ;
#2215 = CARTESIAN_POINT ( 'NONE',  ( 40.90853619850539502, 16.10000000000000142, 3.413676601314624914 ) ) ;
#2216 = DIRECTION ( 'NONE',  ( 0.7516382967157390071, 0.000000000000000000, 0.6595755232801340240 ) ) ;
#2217 = CARTESIAN_POINT ( 'NONE',  ( -58.35547357162869986, -16.10000000000000142, -27.08136995531435076 ) ) ;
#2218 = CARTESIAN_POINT ( 'NONE',  ( 64.13605212434009673, -0.2696663084066350247, -18.95302047186120475 ) ) ;
#2219 = ORIENTED_EDGE ( 'NONE', *, *, #4655, .F. ) ;
#2220 = PLANE ( 'NONE',  #3009 ) ;
#2221 = CARTESIAN_POINT ( 'NONE',  ( -21.92754075889600074, 7.063987015689529692, -65.62058108868249917 ) ) ;
#2222 = B_SPLINE_SURFACE_WITH_KNOTS ( 'NONE', 3, 3, ( 
 ( #1245, #3045, #363, #3853, #1596, #720, #5214 ),
 ( #1157, #2956, #2092, #2508, #2061, #3882, #5244 ),
 ( #1185, #2983, #3912, #5730, #1852, #866, #2210 ),
 ( #4971, #4105, #481, #4520, #4025, #5396, #3581 ),
 ( #3613, #1359, #3668, #3155, #4053, #977, #4946 ),
 ( #62, #6, #1331, #1825, #508, #4999, #4465 ),
 ( #3131, #5847, #1771, #5480, #921, #4577, #5427 ),
 ( #895, #3213, #1411, #3639, #2718, #2689, #2181 ),
 ( #5029, #4492, #426, #950, #2265, #2746, #2293 ),
 ( #2771, #451, #1796, #4081, #2236, #5454, #34 ) ),
 .UNSPECIFIED., .T., .F., .F.,
 ( 4, 1, 1, 1, 1, 1, 1, 4 ),
 ( 4, 1, 1, 1, 4 ),
 ( -3.141592653589790007, -2.243994752564140160, -1.346396851538479877, -0.4487989505128279766, 0.4487989505128279766, 1.346396851538479877, 2.243994752564140160, 3.141592653589790007 ),
 ( 0.000000000000000000, 0.3224948072910169827, 0.6449896145820339655, 0.9674844218730509482, 1.289979229164070151 ),
 .UNSPECIFIED. ) ;
#2223 = ORIENTED_EDGE ( 'NONE', *, *, #1266, .F. ) ;
#2224 = AXIS2_PLACEMENT_3D ( 'NONE', #3910, #5669, #5788 ) ;
#2225 = CARTESIAN_POINT ( 'NONE',  ( 0.000000000000000000, -7.381424872265280435, -69.67194742310179834 ) ) ;
#2226 = ORIENTED_EDGE ( 'NONE', *, *, #1958, .F. ) ;
#2227 = CARTESIAN_POINT ( 'NONE',  ( 57.97107923181902578, -10.09999999999999964, -15.68598804573781003 ) ) ;
#2228 = AXIS2_PLACEMENT_3D ( 'NONE', #555, #2314, #4245 ) ;
#2229 = ADVANCED_FACE ( 'NONE', ( #2172 ), #4487, .T. ) ;
#2230 = LINE ( 'NONE', #3149, #1606 ) ;
#2231 = DIRECTION ( 'NONE',  ( 0.000000000000000000, 1.000000000000000000, 0.000000000000000000 ) ) ;
#2232 = CARTESIAN_POINT ( 'NONE',  ( 40.72441065163404517, -10.09999999999999964, 0.5912489613228799623 ) ) ;
#2233 = AXIS2_PLACEMENT_3D ( 'NONE', #3734, #5549, #153 ) ;
#2234 = ORIENTED_EDGE ( 'NONE', *, *, #4552, .T. ) ;
#2235 = EDGE_CURVE ( 'NONE', #1842, #4653, #2258, .T. ) ;
#2236 = CARTESIAN_POINT ( 'NONE',  ( -56.97316061862060366, 4.189695024386870692, -39.25476627461014800 ) ) ;
#2237 = AXIS2_PLACEMENT_3D ( 'NONE', #3339, #5574, #3729 ) ;
#2238 = DIRECTION ( 'NONE',  ( 0.000000000000000000, 1.000000000000000000, 0.000000000000000000 ) ) ;
#2239 = CARTESIAN_POINT ( 'NONE',  ( -62.38437307322735137, 1.792777703111233079, -30.61005798024308433 ) ) ;
#2240 = DIRECTION ( 'NONE',  ( -0.6595755232801340240, 0.000000000000000000, -0.7516382967157388961 ) ) ;
#2241 = DIRECTION ( 'NONE',  ( 0.000000000000000000, -1.000000000000000000, 0.000000000000000000 ) ) ;
#2242 = CARTESIAN_POINT ( 'NONE',  ( 0.000000000000000000, -16.10000000000000142, 0.000000000000000000 ) ) ;
#2243 = VECTOR ( 'NONE', #2845, 999.9999999999998863 ) ;
#2244 = CARTESIAN_POINT ( 'NONE',  ( 48.81510353558239501, 0.000000000000000000, -16.20936632444865211 ) ) ;
#2245 = CARTESIAN_POINT ( 'NONE',  ( 0.000000000000000000, -5.929538608863314408, -66.65700326940512355 ) ) ;
#2246 = ADVANCED_FACE ( 'NONE', ( #890 ), #4910, .T. ) ;
#2247 = CARTESIAN_POINT ( 'NONE',  ( -24.26584915980114587, -14.31716151572405948, 22.38700721893110313 ) ) ;
#2248 = B_SPLINE_CURVE_WITH_KNOTS ( 'NONE', 3,
 ( #198, #2850, #1405, #643, #4659, #3718 ),
 .UNSPECIFIED., .F., .F.,
 ( 4, 2, 4 ),
 ( 0.8144957492731192961, 0.8962043122606710988, 0.9779128752482229014 ),
 .UNSPECIFIED. ) ;
#2249 = DIRECTION ( 'NONE',  ( 0.000000000000000000, 1.000000000000000000, 0.000000000000000000 ) ) ;
#2250 = VECTOR ( 'NONE', #1252, 1000.000000000000000 ) ;
#2251 = ORIENTED_EDGE ( 'NONE', *, *, #4911, .F. ) ;
#2252 = CARTESIAN_POINT ( 'NONE',  ( 7.454201535090350106, -5.450429191852170341, -69.34447929695400603 ) ) ;
#2253 = CIRCLE ( 'NONE', #2819, 1.999999999999999556 ) ;
#2254 = ORIENTED_EDGE ( 'NONE', *, *, #42, .T. ) ;
#2255 = FACE_OUTER_BOUND ( 'NONE', #5496, .T. ) ;
#2256 = EDGE_CURVE ( 'NONE', #87, #3035, #4942, .T. ) ;
#2257 = CARTESIAN_POINT ( 'NONE',  ( 11.86772850671598789, -7.721133581392481737, -67.21882558448612599 ) ) ;
#2258 = LINE ( 'NONE', #4993, #519 ) ;
#2259 = B_SPLINE_CURVE_WITH_KNOTS ( 'NONE', 3,
 ( #740, #5722, #770, #324 ),
 .UNSPECIFIED., .F., .F.,
 ( 4, 4 ),
 ( 0.000000000000000000, 1.000000000000000000 ),
 .UNSPECIFIED. ) ;
#2260 = ORIENTED_EDGE ( 'NONE', *, *, #2069, .F. ) ;
#2261 = ADVANCED_FACE ( 'NONE', ( #1765 ), #2739, .T. ) ;
#2262 = LINE ( 'NONE', #4077, #452 ) ;
#2263 = ORIENTED_EDGE ( 'NONE', *, *, #656, .F. ) ;
#2264 = ORIENTED_EDGE ( 'NONE', *, *, #312, .F. ) ;
#2265 = CARTESIAN_POINT ( 'NONE',  ( -57.34843477932220424, 4.189699275365770248, -39.51332395435025546 ) ) ;
#2266 = AXIS2_PLACEMENT_3D ( 'NONE', #2776, #2751, #3730 ) ;
#2267 = DIRECTION ( 'NONE',  ( 0.000000000000000000, 1.000000000000000000, 0.000000000000000000 ) ) ;
#2268 = CARTESIAN_POINT ( 'NONE',  ( -61.94545474889277870, 2.949830995517922716, -30.86242896685987702 ) ) ;
#2269 = ADVANCED_FACE ( 'NONE', ( #4048 ), #2287, .F. ) ;
#2270 = FACE_OUTER_BOUND ( 'NONE', #4357, .T. ) ;
#2271 = CARTESIAN_POINT ( 'NONE',  ( -58.88972745734179881, 0.8333333333333350357, -34.00000000000000000 ) ) ;
#2272 = CIRCLE ( 'NONE', #1243, 49.99999999999997868 ) ;
#2273 = CARTESIAN_POINT ( 'NONE',  ( 60.57444562905963181, 10.48447029245392947, -30.12423146633184601 ) ) ;
#2274 = CARTESIAN_POINT ( 'NONE',  ( -5.934193236995492171, 8.112237516620163902, -67.99999354802909579 ) ) ;
#2275 = VECTOR ( 'NONE', #2169, 1000.000000000000000 ) ;
#2276 = ORIENTED_EDGE ( 'NONE', *, *, #1995, .T. ) ;
#2277 = VECTOR ( 'NONE', #691, 1000.000000000000000 ) ;
#2278 = CARTESIAN_POINT ( 'NONE',  ( 32.04813318657799925, -16.10000000000000142, -50.16651327011899753 ) ) ;
#2279 = FACE_OUTER_BOUND ( 'NONE', #1303, .T. ) ;
#2280 = DIRECTION ( 'NONE',  ( -0.6595755232801341350, 0.000000000000000000, 0.7516382967157391182 ) ) ;
#2281 = VERTEX_POINT ( 'NONE', #1989 ) ;
#2282 = ADVANCED_FACE ( 'NONE', ( #4214 ), #1084, .F. ) ;
#2283 = CARTESIAN_POINT ( 'NONE',  ( 45.67122707623510536, -10.09999999999999964, -5.046038264045169086 ) ) ;
#2284 = ORIENTED_EDGE ( 'NONE', *, *, #251, .T. ) ;
#2285 = CYLINDRICAL_SURFACE ( 'NONE', #1430, 3.999999999999998668 ) ;
#2286 = LINE ( 'NONE', #4047, #2539 ) ;
#2287 = CYLINDRICAL_SURFACE ( 'NONE', #3175, 5.000000000000000888 ) ;
#2288 = ORIENTED_EDGE ( 'NONE', *, *, #4169, .T. ) ;
#2289 = DIRECTION ( 'NONE',  ( 0.000000000000000000, -1.000000000000000000, 0.000000000000000000 ) ) ;
#2290 = ORIENTED_EDGE ( 'NONE', *, *, #2493, .T. ) ;
#2291 = ORIENTED_EDGE ( 'NONE', *, *, #2358, .T. ) ;
#2292 = EDGE_CURVE ( 'NONE', #3517, #5394, #2248, .T. ) ;
#2293 = CARTESIAN_POINT ( 'NONE',  ( -65.76646351260799861, 2.752553279714434975, -18.96962580876665072 ) ) ;
#2294 = AXIS2_PLACEMENT_3D ( 'NONE', #5391, #3997, #5817 ) ;
#2295 = CARTESIAN_POINT ( 'NONE',  ( 57.38927059265726172, 0.1819847521174872973, -15.33752314372614656 ) ) ;
#2296 = CARTESIAN_POINT ( 'NONE',  ( -60.85944296186032432, 3.513011351134488258, -31.64632482421562187 ) ) ;
#2297 = FACE_OUTER_BOUND ( 'NONE', #442, .T. ) ;
#2298 = DIRECTION ( 'NONE',  ( 0.000000000000000000, -1.000000000000000000, 0.000000000000000000 ) ) ;
#2300 = ADVANCED_FACE ( 'NONE', ( #3236, #140 ), #4630, .F. ) ;
#2299 = AXIS2_PLACEMENT_3D ( 'NONE', #4705, #3372, #1507 ) ;
#2301 = DIRECTION ( 'NONE',  ( -0.7516382967157391182, 0.000000000000000000, 0.6595755232801341350 ) ) ;
#2302 = CARTESIAN_POINT ( 'NONE',  ( 64.39994722843589159, 0.05055348953284013319, -21.68628361669910731 ) ) ;
#2303 = EDGE_CURVE ( 'NONE', #573, #3349, #1474, .T. ) ;
#2304 = ORIENTED_EDGE ( 'NONE', *, *, #5433, .F. ) ;
#2305 = CARTESIAN_POINT ( 'NONE',  ( 41.40101732872049922, 10.09999999999999964, 1.964329131972048170 ) ) ;
#2306 = DIRECTION ( 'NONE',  ( 0.000000000000000000, -1.000000000000000000, 0.000000000000000000 ) ) ;
#2307 = DIRECTION ( 'NONE',  ( -0.7516382967157391182, 0.000000000000000000, 0.6595755232801341350 ) ) ;
#2308 = ORIENTED_EDGE ( 'NONE', *, *, #1356, .T. ) ;
#2309 = CARTESIAN_POINT ( 'NONE',  ( 7.309882778386380231, -5.019818323442000185, -68.00030588489299532 ) ) ;
#2310 = VERTEX_POINT ( 'NONE', #5535 ) ;
#2311 = UNCERTAINTY_MEASURE_WITH_UNIT (LENGTH_MEASURE( 1.000000000000000082E-05 ), #5014, 'distance_accuracy_value', 'NONE');
#2312 = DIRECTION ( 'NONE',  ( -1.000000000000000000, 0.000000000000000000, 1.476141326126229271E-16 ) ) ;
#2313 = CARTESIAN_POINT ( 'NONE',  ( 58.35547357162869986, -16.10000000000000142, -27.08136995531435076 ) ) ;
#2314 = DIRECTION ( 'NONE',  ( 0.000000000000000000, -1.000000000000000000, 0.000000000000000000 ) ) ;
#2315 = ORIENTED_EDGE ( 'NONE', *, *, #4519, .T. ) ;
#2316 = VECTOR ( 'NONE', #3841, 1000.000000000000000 ) ;
#2317 = DIRECTION ( 'NONE',  ( 0.9978788618232538044, 0.000000000000000000, -0.06509821139115595789 ) ) ;
#2318 = CARTESIAN_POINT ( 'NONE',  ( -64.47535807916563044, 2.867452219658686907, -20.78449957291692130 ) ) ;
#2319 = EDGE_CURVE ( 'NONE', #4281, #4138, #4123, .T. ) ;
#2320 = ORIENTED_EDGE ( 'NONE', *, *, #4271, .F. ) ;
#2321 = ORIENTED_EDGE ( 'NONE', *, *, #3894, .T. ) ;
#2322 = CARTESIAN_POINT ( 'NONE',  ( -60.45772074933753260, -10.62083538504869118, -29.65420637317441788 ) ) ;
#2323 = DIRECTION ( 'NONE',  ( 0.7516382967157390071, 0.000000000000000000, 0.6595755232801340240 ) ) ;
#2324 = FACE_OUTER_BOUND ( 'NONE', #1609, .T. ) ;
#2325 = DIRECTION ( 'NONE',  ( -1.000000000000000000, 0.000000000000000000, 0.000000000000000000 ) ) ;
#2326 = CARTESIAN_POINT ( 'NONE',  ( 1.102182119232617911E-14, 16.10000000000000142, 102.3859786274063453 ) ) ;
#2327 = VECTOR ( 'NONE', #2089, 999.9999999999998863 ) ;
#2328 = CARTESIAN_POINT ( 'NONE',  ( 60.57667251127769958, 10.48090027504585819, -30.14093714526241286 ) ) ;
#2329 = DIRECTION ( 'NONE',  ( 0.000000000000000000, 1.000000000000000000, 0.000000000000000000 ) ) ;
#2330 = ORIENTED_EDGE ( 'NONE', *, *, #1933, .F. ) ;
#2331 = CYLINDRICAL_SURFACE ( 'NONE', #20, 49.99999999999997868 ) ;
#2332 = LINE ( 'NONE', #576, #413 ) ;
#2333 = EDGE_CURVE ( 'NONE', #5626, #5313, #922, .T. ) ;
#2334 = DIRECTION ( 'NONE',  ( 0.000000000000000000, -1.000000000000000000, 0.000000000000000000 ) ) ;
#2335 = VERTEX_POINT ( 'NONE', #2342 ) ;
#2336 = CARTESIAN_POINT ( 'NONE',  ( 0.000000000000000000, -5.498862737680219936, -67.55239648987081580 ) ) ;
#2337 = EDGE_LOOP ( 'NONE', ( #728, #5623 ) ) ;
#2338 = CARTESIAN_POINT ( 'NONE',  ( 58.91649172869909279, 16.10000000000000142, -15.80827102623565139 ) ) ;
#2339 = ADVANCED_FACE ( 'NONE', ( #5047 ), #5140, .F. ) ;
#2341 = AXIS2_PLACEMENT_3D ( 'NONE', #2697, #1449, #3251 ) ;
#2340 = DIRECTION ( 'NONE',  ( 0.000000000000000000, -1.000000000000000000, 0.000000000000000000 ) ) ;
#2342 = CARTESIAN_POINT ( 'NONE',  ( -47.67122707623510536, -10.09999999999999964, -5.046038264045169086 ) ) ;
#2343 = ORIENTED_EDGE ( 'NONE', *, *, #2082, .T. ) ;
#2344 = AXIS2_PLACEMENT_3D ( 'NONE', #2096, #812, #4770 ) ;
#2345 = CARTESIAN_POINT ( 'NONE',  ( 60.55362186772766364, 13.38926209613234874, -29.99632495339498561 ) ) ;
#2346 = DIRECTION ( 'NONE',  ( 0.8660254037844385966, 0.000000000000000000, -0.5000000000000003331 ) ) ;
#2347 = ORIENTED_EDGE ( 'NONE', *, *, #4972, .F. ) ;
#2348 = VERTEX_POINT ( 'NONE', #4152 ) ;
#2349 = CARTESIAN_POINT ( 'NONE',  ( -60.57672057976967750, -13.40414935442423072, -30.14097160404348941 ) ) ;
#2350 = EDGE_CURVE ( 'NONE', #646, #3838, #4982, .T. ) ;
#2351 = CARTESIAN_POINT ( 'NONE',  ( 47.67122707623510536, 16.10000000000000142, -5.046038264045169086 ) ) ;
#2352 = LINE ( 'NONE', #4671, #4046 ) ;
#2353 = PLANE ( 'NONE',  #3214 ) ;
#2354 = CARTESIAN_POINT ( 'NONE',  ( 64.00119431748970555, -3.031187353503340010, -22.90222749541804603 ) ) ;
#2355 = CIRCLE ( 'NONE', #2747, 2.049999999999996270 ) ;
#2356 = DIRECTION ( 'NONE',  ( 0.7516382967157391182, 0.000000000000000000, 0.6595755232801341350 ) ) ;
#2357 = CARTESIAN_POINT ( 'NONE',  ( -28.86096835104048708, 6.556674918445774658, -61.85675612046141936 ) ) ;
#2358 = EDGE_CURVE ( 'NONE', #2648, #3572, #4314, .T. ) ;
#2359 = ORIENTED_EDGE ( 'NONE', *, *, #5142, .F. ) ;
#2360 = CARTESIAN_POINT ( 'NONE',  ( -60.57653794026264649, 16.10000000000000142, -30.14090039575712865 ) ) ;
#2361 = AXIS2_PLACEMENT_3D ( 'NONE', #2928, #698, #2868 ) ;
#2362 = FACE_OUTER_BOUND ( 'NONE', #1956, .T. ) ;
#2363 = CARTESIAN_POINT ( 'NONE',  ( -29.11385950181374938, 13.10000000000000142, -48.75010739567609619 ) ) ;
#2364 = CARTESIAN_POINT ( 'NONE',  ( -31.09258607165419974, -16.10000000000000142, -51.00502228582330133 ) ) ;
#2365 = AXIS2_PLACEMENT_3D ( 'NONE', #754, #308, #2098 ) ;
#2366 = VERTEX_POINT ( 'NONE', #2767 ) ;
#2367 = VECTOR ( 'NONE', #3119, 1000.000000000000000 ) ;
#2368 = ORIENTED_EDGE ( 'NONE', *, *, #3866, .F. ) ;
#2369 = CARTESIAN_POINT ( 'NONE',  ( 56.71487370571303899, 0.000000000000000000, -14.59889084835065631 ) ) ;
#2370 = CARTESIAN_POINT ( 'NONE',  ( 0.000000000000000000, -5.499752826484129997, -68.00006673070399188 ) ) ;
#2371 = DIRECTION ( 'NONE',  ( -0.6595755232801341350, 0.000000000000000000, -0.7516382967157388961 ) ) ;
#2372 = EDGE_CURVE ( 'NONE', #5861, #2555, #4948, .T. ) ;
#2373 = ORIENTED_EDGE ( 'NONE', *, *, #3886, .F. ) ;
#2374 = CARTESIAN_POINT ( 'NONE',  ( 60.18026993145272741, 13.00247077710021593, -29.16086923832322597 ) ) ;
#2375 = CARTESIAN_POINT ( 'NONE',  ( -64.47528111742991541, 2.870117404451122844, -20.80798337998977487 ) ) ;
#2376 = ORIENTED_EDGE ( 'NONE', *, *, #1021, .F. ) ;
#2377 = ORIENTED_EDGE ( 'NONE', *, *, #4352, .F. ) ;
#2378 = CARTESIAN_POINT ( 'NONE',  ( 50.52517429085570200, 10.09999999999999964, -6.245703399688129487 ) ) ;
#2379 = CARTESIAN_POINT ( 'NONE',  ( 66.05360265974969991, -2.800360905288630242, -19.05244799328749750 ) ) ;
#2380 = CARTESIAN_POINT ( 'NONE',  ( -60.45351502140709243, 0.7257964837242957268, -32.00905936188572554 ) ) ;
#2381 = DIRECTION ( 'NONE',  ( 0.000000000000000000, -1.000000000000000000, 0.000000000000000000 ) ) ;
#2382 = DIRECTION ( 'NONE',  ( 0.9978788618232538044, 0.000000000000000000, -0.06509821139115595789 ) ) ;
#2383 = EDGE_CURVE ( 'NONE', #3302, #3128, #639, .T. ) ;
#2384 = B_SPLINE_CURVE_WITH_KNOTS ( 'NONE', 3,
 ( #1595, #4825, #4404, #4795, #2119, #4343 ),
 .UNSPECIFIED., .F., .F.,
 ( 4, 2, 4 ),
 ( 0.02294995062558230839, 0.09641875594211150868, 0.1698875612586407124 ),
 .UNSPECIFIED. ) ;
#2385 = AXIS2_PLACEMENT_3D ( 'NONE', #5729, #1717, #2060 ) ;
#2386 = CARTESIAN_POINT ( 'NONE',  ( 41.55722372181075031, -10.09999999999999964, -11.31700122038487955 ) ) ;
#2387 = B_SPLINE_CURVE_WITH_KNOTS ( 'NONE', 3,
 ( #2121, #3046, #808, #1275 ),
 .UNSPECIFIED., .F., .F.,
 ( 4, 4 ),
 ( 0.000000000000000000, 0.04139870007251778700 ),
 .UNSPECIFIED. ) ;
#2388 = CARTESIAN_POINT ( 'NONE',  ( -54.39802043194809045, -10.09999999999999964, -22.57154017501994758 ) ) ;
#2389 = ORIENTED_EDGE ( 'NONE', *, *, #1819, .T. ) ;
#2390 = DIRECTION ( 'NONE',  ( 0.000000000000000000, -1.000000000000000000, 0.000000000000000000 ) ) ;
#2391 = DIRECTION ( 'NONE',  ( 0.000000000000000000, 1.000000000000000000, 0.000000000000000000 ) ) ;
#2392 = CARTESIAN_POINT ( 'NONE',  ( -16.86843161169272065, -6.225400544146053150, 34.03068125445169301 ) ) ;
#2393 = DIRECTION ( 'NONE',  ( 0.7516382967157391182, 0.000000000000000000, -0.6595755232801341350 ) ) ;
#2394 = ADVANCED_FACE ( 'NONE', ( #4386 ), #3054, .T. ) ;
#2395 = B_SPLINE_CURVE_WITH_KNOTS ( 'NONE', 3,
 ( #3106, #3616, #2634, #4031, #2606, #5826, #4412, #5403, #369, #4439, #3532, #432, #1337, #4951, #901, #4008, #4383, #10, #1750, #4922, #2695, #783, #1802, #4497, #457 ),
 .UNSPECIFIED., .F., .F.,
 ( 4, 2, 2, 1, 2, 2, 2, 1, 2, 2, 1, 2, 2, 4 ),
 ( 0.004919928279170290679, 0.1293049372442790501, 0.2536899462093878399, 0.3158824506919442054, 0.3469787029332207506, 0.3780749551744972958, 0.5024599641396012562, 0.5646524686221534584, 0.5957487208634301146, 0.6268449731047067708, 0.6890374775872591950, 0.7201337298285335198, 0.7512299820698079555, 1.000000000000000000 ),
 .UNSPECIFIED. ) ;
#2396 = ORIENTED_EDGE ( 'NONE', *, *, #1009, .T. ) ;
#2397 = VERTEX_POINT ( 'NONE', #3022 ) ;
#2398 = DIRECTION ( 'NONE',  ( 0.000000000000000000, 1.000000000000000000, 0.000000000000000000 ) ) ;
#2399 = VERTEX_POINT ( 'NONE', #4415 ) ;
#2400 = DIRECTION ( 'NONE',  ( 0.9764420004556761956, 0.000000000000000000, -0.2157800262909368716 ) ) ;
#2401 = CARTESIAN_POINT ( 'NONE',  ( 0.000000000000000000, -14.90000000000000213, 0.000000000000000000 ) ) ;
#2402 = VERTEX_POINT ( 'NONE', #847 ) ;
#2403 = VECTOR ( 'NONE', #4968, 999.9999999999998863 ) ;
#2404 = DIRECTION ( 'NONE',  ( -0.000000000000000000, -1.000000000000000000, 0.000000000000000000 ) ) ;
#2405 = FACE_OUTER_BOUND ( 'NONE', #379, .T. ) ;
#2406 = ADVANCED_FACE ( 'NONE', ( #5829 ), #1754, .T. ) ;
#2407 = ORIENTED_EDGE ( 'NONE', *, *, #1192, .T. ) ;
#2408 = ORIENTED_EDGE ( 'NONE', *, *, #3400, .F. ) ;
#2409 = VERTEX_POINT ( 'NONE', #4721 ) ;
#2410 = CYLINDRICAL_SURFACE ( 'NONE', #2586, 2.000000000000003997 ) ;
#2411 = CIRCLE ( 'NONE', #4499, 4.999999999999997335 ) ;
#2412 = CARTESIAN_POINT ( 'NONE',  ( 55.57081615017410314, -3.070798318071675137, -38.28853797757025035 ) ) ;
#2413 = DIRECTION ( 'NONE',  ( -0.6595755232801338019, 0.000000000000000000, -0.7516382967157392292 ) ) ;
#2414 = CARTESIAN_POINT ( 'NONE',  ( -60.18026972336360814, -13.00247035097069315, -29.16086900118926906 ) ) ;
#2415 = CARTESIAN_POINT ( 'NONE',  ( -46.17680144246183005, -4.898587196589412829E-16, -13.20281313758565567 ) ) ;
#2416 = ADVANCED_FACE ( 'NONE', ( #2670 ), #4925, .F. ) ;
#2417 = AXIS2_PLACEMENT_3D ( 'NONE', #229, #3562, #3110 ) ;
#2418 = CARTESIAN_POINT ( 'NONE',  ( 0.000000000000000000, -8.500000000000000000, -68.00000000053620397 ) ) ;
#2419 = CARTESIAN_POINT ( 'NONE',  ( -23.33168346857935305, 6.945565567989369526, -64.14706788644372182 ) ) ;
#2420 = ORIENTED_EDGE ( 'NONE', *, *, #74, .T. ) ;
#2421 = CARTESIAN_POINT ( 'NONE',  ( -64.01872404854255194, 0.5331696180791833939, -18.68936365419848045 ) ) ;
#2422 = CARTESIAN_POINT ( 'NONE',  ( -22.89115035350478067, 0.000000000000000000, -44.27978939595668351 ) ) ;
#2423 = CARTESIAN_POINT ( 'NONE',  ( 43.67122707623509825, 10.09999999999999964, -5.046038264045169086 ) ) ;
#2424 = CIRCLE ( 'NONE', #61, 8.900000000000000355 ) ;
#2425 = PLANE ( 'NONE',  #3319 ) ;
#2426 = VERTEX_POINT ( 'NONE', #1553 ) ;
#2427 = AXIS2_PLACEMENT_3D ( 'NONE', #2504, #4429, #3522 ) ;
#2428 = EDGE_CURVE ( 'NONE', #2902, #3897, #453, .T. ) ;
#2429 = ORIENTED_EDGE ( 'NONE', *, *, #2525, .T. ) ;
#2430 = ORIENTED_EDGE ( 'NONE', *, *, #1642, .F. ) ;
#2431 = FACE_OUTER_BOUND ( 'NONE', #4661, .T. ) ;
#2432 = DIRECTION ( 'NONE',  ( -0.7516382967157390071, 0.000000000000000000, -0.6595755232801340240 ) ) ;
#2433 = EDGE_LOOP ( 'NONE', ( #4751, #4716, #5745, #3067, #3172, #4601 ) ) ;
#2434 = DIRECTION ( 'NONE',  ( 0.6595755232801335799, 0.000000000000000000, -0.7516382967157394512 ) ) ;
#2435 = DIRECTION ( 'NONE',  ( -0.7516382967157390071, 0.000000000000000000, 0.6595755232801340240 ) ) ;
#2436 = ORIENTED_EDGE ( 'NONE', *, *, #1861, .T. ) ;
#2437 = ORIENTED_EDGE ( 'NONE', *, *, #1525, .F. ) ;
#2438 = ORIENTED_EDGE ( 'NONE', *, *, #3630, .T. ) ;
#2439 = CIRCLE ( 'NONE', #5482, 1.999999999999999556 ) ;
#2440 = CARTESIAN_POINT ( 'NONE',  ( -67.56866419668098445, 0.000000000000000000, -26.96764061178844685 ) ) ;
#2441 = CARTESIAN_POINT ( 'NONE',  ( -60.56864887384921303, -10.49270006028849522, -30.08221835132788158 ) ) ;
#2442 = EDGE_CURVE ( 'NONE', #2192, #4805, #5757, .T. ) ;
#2443 = CARTESIAN_POINT ( 'NONE',  ( 65.33668684489730083, 0.2497169939462325350, -18.84566137260309659 ) ) ;
#2444 = VECTOR ( 'NONE', #1278, 1000.000000000000000 ) ;
#2445 = ADVANCED_FACE ( 'NONE', ( #4614 ), #5522, .T. ) ;
#2446 = VECTOR ( 'NONE', #2026, 1000.000000000000000 ) ;
#2447 = CARTESIAN_POINT ( 'NONE',  ( -25.72548412966900244, 16.10000000000000142, -53.57424256388659956 ) ) ;
#2448 = CARTESIAN_POINT ( 'NONE',  ( -57.95608479354699938, 16.10000000000000142, -16.01334871556300143 ) ) ;
#2449 = CARTESIAN_POINT ( 'NONE',  ( -19.07326355445295007, -9.750023210393900186, -66.20387616788660523 ) ) ;
#2450 = CARTESIAN_POINT ( 'NONE',  ( -39.13915811097847097, 5.778893619358580480, -55.92262578125094308 ) ) ;
#2451 = EDGE_LOOP ( 'NONE', ( #3923, #5176, #2943, #3000, #1550, #1648, #1710, #2041, #3291, #4759, #5712, #5116 ) ) ;
#2452 = CARTESIAN_POINT ( 'NONE',  ( -42.40681730675835581, 10.09999999999999964, 1.706267183499749818 ) ) ;
#2453 = CARTESIAN_POINT ( 'NONE',  ( -29.12296933176754976, 10.09999999999999964, -22.22827314698385237 ) ) ;
#2454 = CARTESIAN_POINT ( 'NONE',  ( 59.47536296208700435, -10.09999999999999964, -20.77693915205080089 ) ) ;
#2455 = DIRECTION ( 'NONE',  ( 0.000000000000000000, 1.000000000000000000, 0.000000000000000000 ) ) ;
#2456 = ORIENTED_EDGE ( 'NONE', *, *, #4872, .F. ) ;
#2457 = AXIS2_PLACEMENT_3D ( 'NONE', #492, #159, #1837 ) ;
#2458 = ORIENTED_EDGE ( 'NONE', *, *, #3358, .T. ) ;
#2459 = CARTESIAN_POINT ( 'NONE',  ( -21.92754075889600074, 7.063987015689529692, -65.62058108868249917 ) ) ;
#2460 = AXIS2_PLACEMENT_3D ( 'NONE', #5069, #4116, #465 ) ;
#2461 = ORIENTED_EDGE ( 'NONE', *, *, #3866, .T. ) ;
#2462 = CIRCLE ( 'NONE', #402, 1.999999999999999778 ) ;
#2463 = EDGE_CURVE ( 'NONE', #165, #1924, #4158, .T. ) ;
#2464 = ORIENTED_EDGE ( 'NONE', *, *, #3791, .F. ) ;
#2465 = DIRECTION ( 'NONE',  ( 0.000000000000000000, 1.000000000000000000, 0.000000000000000000 ) ) ;
#2466 = CARTESIAN_POINT ( 'NONE',  ( 59.47536296208700435, 10.09999999999999964, -20.77693915205080089 ) ) ;
#2467 = EDGE_LOOP ( 'NONE', ( #3091, #3648, #3232, #2159 ) ) ;
#2468 = VECTOR ( 'NONE', #106, 1000.000000000000000 ) ;
#2469 = CARTESIAN_POINT ( 'NONE',  ( 0.000000000000000000, 8.069464950912651702, -66.65842761676741191 ) ) ;
#2470 = CIRCLE ( 'NONE', #4000, 7.500000000000000000 ) ;
#2471 = DIRECTION ( 'NONE',  ( 0.000000000000000000, -1.000000000000000000, 0.000000000000000000 ) ) ;
#2472 = EDGE_LOOP ( 'NONE', ( #5387, #3930, #5037, #972, #5792, #3736, #3695, #3062, #1105, #2389, #176, #99 ) ) ;
#2473 = ORIENTED_EDGE ( 'NONE', *, *, #2176, .T. ) ;
#2474 = B_SPLINE_CURVE_WITH_KNOTS ( 'NONE', 3,
 ( #4672, #2414, #181, #4229, #3762, #1067, #5575, #1502, #1732, #436, #463, #3087, #3140, #4417, #4901, #4389, #4956 ),
 .UNSPECIFIED., .F., .F.,
 ( 4, 2, 2, 2, 2, 1, 1, 1, 2, 4 ),
 ( 0.000000000000000000, 0.2760463721662606007, 0.4140695582493925664, 0.4830811512909592431, 0.5003340495513534103, 0.5175869478117475220, 0.5348398460721416336, 0.5434662952023365801, 0.5477795197674361072, 0.5520927443325355233 ),
 .UNSPECIFIED. ) ;
#2475 = CARTESIAN_POINT ( 'NONE',  ( 21.96836520614964883, -0.8177955750986470873, -38.67982316612455662 ) ) ;
#2476 = CARTESIAN_POINT ( 'NONE',  ( 61.26285471939547023, -3.376526512916504963, -31.32177127479305412 ) ) ;
#2477 = CARTESIAN_POINT ( 'NONE',  ( 40.90853619850539502, -10.09999999999999964, 3.413676601314624914 ) ) ;
#2478 = CARTESIAN_POINT ( 'NONE',  ( -43.23218663921680616, 10.09999999999999964, -9.847192473877310448 ) ) ;
#2479 = LINE ( 'NONE', #241, #5608 ) ;
#2480 = ADVANCED_FACE ( 'NONE', ( #1419 ), #515, .T. ) ;
#2481 = CARTESIAN_POINT ( 'NONE',  ( 61.47536296208700435, 10.09999999999999964, -20.77693915205080089 ) ) ;
#2482 = CARTESIAN_POINT ( 'NONE',  ( 24.80406379161939867, -16.10000000000000142, 21.76599226824439981 ) ) ;
#2483 = ORIENTED_EDGE ( 'NONE', *, *, #3388, .F. ) ;
#2484 = CARTESIAN_POINT ( 'NONE',  ( -64.26373257778952564, 0.09258557039763078145, -19.32355967454836687 ) ) ;
#2485 = CARTESIAN_POINT ( 'NONE',  ( 50.52517429085570200, -10.09999999999999964, -6.245703399688129487 ) ) ;
#2486 = CARTESIAN_POINT ( 'NONE',  ( 1.102182119232617911E-14, -4.900000000000001243, 90.00000000000000000 ) ) ;
#2487 = CARTESIAN_POINT ( 'NONE',  ( -47.67122707623510536, 10.09999999999999964, -5.046038264045169086 ) ) ;
#2488 = EDGE_CURVE ( 'NONE', #2105, #5619, #2040, .T. ) ;
#2489 = ORIENTED_EDGE ( 'NONE', *, *, #5362, .F. ) ;
#2490 = EDGE_CURVE ( 'NONE', #2555, #3118, #5815, .T. ) ;
#2491 = CARTESIAN_POINT ( 'NONE',  ( 0.000000000000000000, 8.070522142930748544, -66.65552070304629240 ) ) ;
#2492 = EDGE_LOOP ( 'NONE', ( #3414, #713, #387, #1167, #5294, #4482, #19, #4945 ) ) ;
#2493 = EDGE_CURVE ( 'NONE', #4380, #1544, #4112, .T. ) ;
#2494 = CARTESIAN_POINT ( 'NONE',  ( 62.38597862740637368, -4.900000000000001243, 54.74476843225104972 ) ) ;
#2495 = AXIS2_PLACEMENT_3D ( 'NONE', #1656, #3076, #1246 ) ;
#2496 = ORIENTED_EDGE ( 'NONE', *, *, #3112, .F. ) ;
#2497 = CARTESIAN_POINT ( 'NONE',  ( 12.38597862740637012, -4.900000000000001243, 90.00000000000000000 ) ) ;
#2498 = FACE_OUTER_BOUND ( 'NONE', #2492, .T. ) ;
#2499 = VERTEX_POINT ( 'NONE', #904 ) ;
#2500 = ORIENTED_EDGE ( 'NONE', *, *, #1525, .T. ) ;
#2501 = ORIENTED_EDGE ( 'NONE', *, *, #798, .F. ) ;
#2502 = CARTESIAN_POINT ( 'NONE',  ( 0.000000000000000000, 5.500000000000000000, -68.00000000000000000 ) ) ;
#2503 = CARTESIAN_POINT ( 'NONE',  ( 61.05276589664596543, -3.451241091440427677, -31.48812362890599559 ) ) ;
#2504 = CARTESIAN_POINT ( 'NONE',  ( -59.47536296208700435, 10.09999999999999964, -20.77693915205080089 ) ) ;
#2505 = ADVANCED_FACE ( 'NONE', ( #4529 ), #4584, .T. ) ;
#2506 = FACE_OUTER_BOUND ( 'NONE', #3825, .T. ) ;
#2507 = CARTESIAN_POINT ( 'NONE',  ( -60.09442319551060052, -16.10000000000000142, -29.06304011625210038 ) ) ;
#2508 = CARTESIAN_POINT ( 'NONE',  ( -41.32334315035719641, 5.626836769059300636, -54.92726796394740063 ) ) ;
#2509 = DIRECTION ( 'NONE',  ( -0.7516382967157391182, 0.000000000000000000, 0.6595755232801341350 ) ) ;
#2510 = ORIENTED_EDGE ( 'NONE', *, *, #1840, .T. ) ;
#2511 = CARTESIAN_POINT ( 'NONE',  ( -64.47485257471566911, -0.08856845893134776548, -20.69979664805077135 ) ) ;
#2512 = CIRCLE ( 'NONE', #3084, 2.000000000000002665 ) ;
#2513 = DIRECTION ( 'NONE',  ( 0.6595755232801341350, 0.000000000000000000, -0.7516382967157391182 ) ) ;
#2514 = CARTESIAN_POINT ( 'NONE',  ( 65.09867228005906270, -1.053130771636368701, -24.15289013730373213 ) ) ;
#2515 = FACE_OUTER_BOUND ( 'NONE', #530, .T. ) ;
#2516 = AXIS2_PLACEMENT_3D ( 'NONE', #4183, #3329, #5565 ) ;
#2517 = ORIENTED_EDGE ( 'NONE', *, *, #3227, .F. ) ;
#2518 = EDGE_CURVE ( 'NONE', #3066, #141, #5007, .T. ) ;
#2519 = CARTESIAN_POINT ( 'NONE',  ( 48.81510353558239501, 0.000000000000000000, -16.20936632444865211 ) ) ;
#2520 = CIRCLE ( 'NONE', #460, 1.999999999999997335 ) ;
#2521 = ORIENTED_EDGE ( 'NONE', *, *, #5846, .F. ) ;
#2522 = VERTEX_POINT ( 'NONE', #1888 ) ;
#2523 = CARTESIAN_POINT ( 'NONE',  ( 66.06866419668089918, 10.09999999999999964, -29.56571682314174865 ) ) ;
#2524 = EDGE_LOOP ( 'NONE', ( #3662, #5146, #2315, #4706 ) ) ;
#2525 = EDGE_CURVE ( 'NONE', #1619, #997, #542, .T. ) ;
#2526 = CARTESIAN_POINT ( 'NONE',  ( 6.201651667965809800, 7.033453240146230634, -66.32576825185499558 ) ) ;
#2527 = DIRECTION ( 'NONE',  ( 1.000000000000000000, 0.000000000000000000, 0.000000000000000000 ) ) ;
#2528 = VERTEX_POINT ( 'NONE', #4035 ) ;
#2529 = ORIENTED_EDGE ( 'NONE', *, *, #5711, .F. ) ;
#2530 = DIRECTION ( 'NONE',  ( 1.000000000000000000, 0.000000000000000000, 0.000000000000000000 ) ) ;
#2531 = CARTESIAN_POINT ( 'NONE',  ( 59.64718520884600395, -3.740502906513195391, -32.88972696976077970 ) ) ;
#2532 = CARTESIAN_POINT ( 'NONE',  ( 60.09442319551060052, 10.09999999999999964, -29.06304011625210038 ) ) ;
#2533 = PLANE ( 'NONE',  #5668 ) ;
#2534 = AXIS2_PLACEMENT_3D ( 'NONE', #3037, #2594, #1149 ) ;
#2535 = DIRECTION ( 'NONE',  ( -0.7516382967157390071, 0.000000000000000000, 0.6595755232801340240 ) ) ;
#2536 = EDGE_CURVE ( 'NONE', #5779, #1578, #4088, .T. ) ;
#2537 = DIRECTION ( 'NONE',  ( 0.000000000000000000, 1.000000000000000000, 0.000000000000000000 ) ) ;
#2538 = DIRECTION ( 'NONE',  ( 0.7516382967157391182, 0.000000000000000000, 0.6595755232801341350 ) ) ;
#2539 = VECTOR ( 'NONE', #1739, 1000.000000000000000 ) ;
#2540 = ORIENTED_EDGE ( 'NONE', *, *, #858, .F. ) ;
#2541 = DIRECTION ( 'NONE',  ( 0.6595755232801341350, 0.000000000000000000, 0.7516382967157391182 ) ) ;
#2542 = DIRECTION ( 'NONE',  ( 0.000000000000000000, 1.000000000000000000, 0.000000000000000000 ) ) ;
#2543 = AXIS2_PLACEMENT_3D ( 'NONE', #3531, #2987, #1633 ) ;
#2544 = CARTESIAN_POINT ( 'NONE',  ( 57.18966664191270155, 16.10000000000000142, -15.13995482246985169 ) ) ;
#2545 = LINE ( 'NONE', #3500, #963 ) ;
#2546 = ORIENTED_EDGE ( 'NONE', *, *, #5212, .F. ) ;
#2547 = DIRECTION ( 'NONE',  ( -1.000000000000000000, 0.000000000000000000, 0.000000000000000000 ) ) ;
#2548 = VERTEX_POINT ( 'NONE', #41 ) ;
#2549 = CARTESIAN_POINT ( 'NONE',  ( -58.59114660207919911, 0.000000000000000000, -30.38219116281240062 ) ) ;
#2550 = EDGE_LOOP ( 'NONE', ( #1657, #5172, #274, #5015, #5557 ) ) ;
#2551 = EDGE_CURVE ( 'NONE', #2851, #3781, #4595, .T. ) ;
#2552 = ORIENTED_EDGE ( 'NONE', *, *, #2582, .T. ) ;
#2553 = AXIS2_PLACEMENT_3D ( 'NONE', #4085, #1445, #3702 ) ;
#2554 = PLANE ( 'NONE',  #3589 ) ;
#2555 = VERTEX_POINT ( 'NONE', #3619 ) ;
#2556 = FACE_OUTER_BOUND ( 'NONE', #4969, .T. ) ;
#2557 = CIRCLE ( 'NONE', #873, 2.000000000000003997 ) ;
#2558 = DIRECTION ( 'NONE',  ( 0.000000000000000000, 1.000000000000000000, 0.000000000000000000 ) ) ;
#2559 = ORIENTED_EDGE ( 'NONE', *, *, #634, .T. ) ;
#2560 = ORIENTED_EDGE ( 'NONE', *, *, #3994, .T. ) ;
#2561 = CIRCLE ( 'NONE', #301, 43.00000000000000000 ) ;
#2562 = EDGE_CURVE ( 'NONE', #4970, #105, #732, .T. ) ;
#2563 = LINE ( 'NONE', #356, #472 ) ;
#2564 = CARTESIAN_POINT ( 'NONE',  ( 62.39615475642279563, -2.128752594604102821, -30.60398602738337814 ) ) ;
#2565 = CARTESIAN_POINT ( 'NONE',  ( -38.26431457799019853, 16.10000000000000142, -6.224022662643469594 ) ) ;
#2566 = PLANE ( 'NONE',  #2224 ) ;
#2567 = FACE_OUTER_BOUND ( 'NONE', #3856, .T. ) ;
#2568 = CARTESIAN_POINT ( 'NONE',  ( 54.39802043194809045, -10.09999999999999964, -22.57154017501994758 ) ) ;
#2569 = DIRECTION ( 'NONE',  ( 0.000000000000000000, -1.000000000000000000, 0.000000000000000000 ) ) ;
#2570 = ORIENTED_EDGE ( 'NONE', *, *, #251, .F. ) ;
#2571 = DIRECTION ( 'NONE',  ( 0.000000000000000000, 1.000000000000000000, 0.000000000000000000 ) ) ;
#2572 = EDGE_CURVE ( 'NONE', #1924, #856, #5590, .T. ) ;
#2573 = LINE ( 'NONE', #3976, #2919 ) ;
#2574 = CYLINDRICAL_SURFACE ( 'NONE', #201, 7.500000000000000888 ) ;
#2575 = CARTESIAN_POINT ( 'NONE',  ( -12.38597862740636835, -4.900000000000001243, 54.74476843225106393 ) ) ;
#2576 = ORIENTED_EDGE ( 'NONE', *, *, #2490, .T. ) ;
#2577 = CARTESIAN_POINT ( 'NONE',  ( 50.84639213804667435, -1.121011088873790973, -7.901328175386817421 ) ) ;
#2578 = CARTESIAN_POINT ( 'NONE',  ( 64.41487169027443827, 0.05306596695976389250, -19.99020467916759713 ) ) ;
#2579 =( BOUNDED_CURVE ( )  B_SPLINE_CURVE ( 3, ( #5299, #5265, #4850, #3002 ),
 .UNSPECIFIED., .F., .F. ) 
 B_SPLINE_CURVE_WITH_KNOTS ( ( 4, 4 ),
 ( 1.300863530961491987, 2.133332571338756978 ),
 .UNSPECIFIED. ) 
 CURVE ( )  GEOMETRIC_REPRESENTATION_ITEM ( )  RATIONAL_B_SPLINE_CURVE ( ( 1.000000000000000000, 0.9430785847835028157, 0.9430785847835028157, 1.000000000000000000 ) ) 
 REPRESENTATION_ITEM ( '' )  );
#2580 = ORIENTED_EDGE ( 'NONE', *, *, #3612, .F. ) ;
#2581 = CARTESIAN_POINT ( 'NONE',  ( -24.80406379161939867, 0.000000000000000000, 21.76599226824439981 ) ) ;
#2582 = EDGE_CURVE ( 'NONE', #5861, #5830, #3794, .T. ) ;
#2583 = CARTESIAN_POINT ( 'NONE',  ( 0.000000000000000000, 8.501128760361970294, -67.55178472008491042 ) ) ;
#2584 = VERTEX_POINT ( 'NONE', #5157 ) ;
#2585 = EDGE_LOOP ( 'NONE', ( #5028, #128, #1071, #2288, #317 ) ) ;
#2586 = AXIS2_PLACEMENT_3D ( 'NONE', #1092, #654, #1910 ) ;
#2587 = CARTESIAN_POINT ( 'NONE',  ( -6.190393715704960442, -5.905683614098276024, -67.99999999999997158 ) ) ;
#2588 = ORIENTED_EDGE ( 'NONE', *, *, #2923, .F. ) ;
#2589 = CARTESIAN_POINT ( 'NONE',  ( 6.358103189386730136, 8.916674403464650567, -68.00000000053620397 ) ) ;
#2590 = ORIENTED_EDGE ( 'NONE', *, *, #3260, .T. ) ;
#2591 = ORIENTED_EDGE ( 'NONE', *, *, #3227, .T. ) ;
#2592 = CIRCLE ( 'NONE', #3348, 4.999999999999997335 ) ;
#2593 = ORIENTED_EDGE ( 'NONE', *, *, #4259, .F. ) ;
#2594 = DIRECTION ( 'NONE',  ( 0.000000000000000000, 1.000000000000000000, 0.000000000000000000 ) ) ;
#2595 = CARTESIAN_POINT ( 'NONE',  ( 60.11060422981024232, -3.679214118995976168, -32.34693981996560552 ) ) ;
#2596 = FACE_BOUND ( 'NONE', #2451, .T. ) ;
#2597 = EDGE_CURVE ( 'NONE', #4464, #5445, #3753, .T. ) ;
#2598 = DIRECTION ( 'NONE',  ( -0.000000000000000000, -1.000000000000000000, 0.000000000000000000 ) ) ;
#2599 = CARTESIAN_POINT ( 'NONE',  ( -41.55722372181075031, -10.09999999999999964, -11.31700122038487955 ) ) ;
#2600 = DIRECTION ( 'NONE',  ( 0.000000000000000000, 1.000000000000000000, 0.000000000000000000 ) ) ;
#2601 = PLANE ( 'NONE',  #5356 ) ;
#2602 = ORIENTED_EDGE ( 'NONE', *, *, #4051, .T. ) ;
#2603 = LINE ( 'NONE', #4381, #3125 ) ;
#2604 = DIRECTION ( 'NONE',  ( -0.9715802785332849911, 0.000000000000000000, -0.2367102920558898094 ) ) ;
#2605 = ADVANCED_FACE ( 'NONE', ( #3824 ), #5579, .T. ) ;
#2606 = CARTESIAN_POINT ( 'NONE',  ( -64.67755473773951280, 0.3283666197017460209, -23.67299350522110757 ) ) ;
#2607 = CARTESIAN_POINT ( 'NONE',  ( 57.97107923181902578, 10.09999999999999964, -15.68598804573781003 ) ) ;
#2608 = CARTESIAN_POINT ( 'NONE',  ( 50.96347658327250230, -1.650167208960350074, -8.044720500505608385 ) ) ;
#2609 = DIRECTION ( 'NONE',  ( 0.8660254037844385966, 0.000000000000000000, -0.5000000000000003331 ) ) ;
#2610 = VECTOR ( 'NONE', #1676, 1000.000000000000000 ) ;
#2611 = ORIENTED_EDGE ( 'NONE', *, *, #1160, .T. ) ;
#2612 = CARTESIAN_POINT ( 'NONE',  ( -20.76301872386632397, -10.35351416315641870, 27.02713429779792165 ) ) ;
#2613 = VERTEX_POINT ( 'NONE', #4261 ) ;
#2614 = ORIENTED_EDGE ( 'NONE', *, *, #4682, .T. ) ;
#2615 = ORIENTED_EDGE ( 'NONE', *, *, #2303, .T. ) ;
#2616 = EDGE_CURVE ( 'NONE', #3333, #322, #5183, .T. ) ;
#2617 = CARTESIAN_POINT ( 'NONE',  ( 21.68728291483139969, -7.108869293101660602, -64.90157682283160057 ) ) ;
#2618 = ORIENTED_EDGE ( 'NONE', *, *, #2518, .T. ) ;
#2619 = PRESENTATION_STYLE_ASSIGNMENT (( #825 ) ) ;
#2620 = AXIS2_PLACEMENT_3D ( 'NONE', #180, #1971, #1882 ) ;
#2621 = EDGE_LOOP ( 'NONE', ( #2904, #3774 ) ) ;
#2622 = ORIENTED_EDGE ( 'NONE', *, *, #600, .F. ) ;
#2623 = CARTESIAN_POINT ( 'NONE',  ( -20.25284826038430097, 0.000000000000000000, -41.27323620909374569 ) ) ;
#2624 = DIRECTION ( 'NONE',  ( 0.000000000000000000, -1.000000000000000000, 0.000000000000000000 ) ) ;
#2625 = B_SPLINE_CURVE_WITH_KNOTS ( 'NONE', 3,
 ( #5715, #2587, #197, #1988, #3809, #5624, #1551, #228, #2017, #3836 ),
 .UNSPECIFIED., .F., .F.,
 ( 4, 2, 2, 2, 4 ),
 ( 0.000000000000000000, 0.2499999999999998890, 0.4999999999999997780, 0.7499999999999998890, 1.000000000000000000 ),
 .UNSPECIFIED. ) ;
#2626 = CARTESIAN_POINT ( 'NONE',  ( -19.86946105741096247, -4.898587196589412829E-16, -36.28795645239034684 ) ) ;
#2627 = LINE ( 'NONE', #1381, #1659 ) ;
#2628 = CARTESIAN_POINT ( 'NONE',  ( 60.60108680313586405, 10.44494332294494221, -30.38853231683586031 ) ) ;
#2629 = EDGE_CURVE ( 'NONE', #2726, #466, #4171, .T. ) ;
#2630 = DIRECTION ( 'NONE',  ( -1.000000000000000000, 0.000000000000000000, 0.000000000000000000 ) ) ;
#2631 = DIRECTION ( 'NONE',  ( 0.000000000000000000, 1.000000000000000000, 0.000000000000000000 ) ) ;
#2632 = CARTESIAN_POINT ( 'NONE',  ( -45.67122707623510536, 16.10000000000000142, -5.046038264045169086 ) ) ;
#2633 = PLANE ( 'NONE',  #1130 ) ;
#2634 = CARTESIAN_POINT ( 'NONE',  ( -64.30366918455625580, 0.07839757890992558875, -23.24692144759879042 ) ) ;
#2635 = DIRECTION ( 'NONE',  ( 0.000000000000000000, -1.000000000000000000, 0.000000000000000000 ) ) ;
#2636 = AXIS2_PLACEMENT_3D ( 'NONE', #3618, #95, #653 ) ;
#2637 = CARTESIAN_POINT ( 'NONE',  ( -58.88972745734179881, 3.833333333333340143, -34.00000000000000000 ) ) ;
#2638 = CARTESIAN_POINT ( 'NONE',  ( 64.23040425903064943, -2.457027191082053363, -19.22534306097725931 ) ) ;
#2639 = ADVANCED_FACE ( 'NONE', ( #127 ), #3311, .T. ) ;
#2640 = VECTOR ( 'NONE', #2391, 1000.000000000000000 ) ;
#2641 = ORIENTED_EDGE ( 'NONE', *, *, #179, .F. ) ;
#2642 = CARTESIAN_POINT ( 'NONE',  ( -54.39802043194809045, 16.10000000000000142, -22.57154017501994758 ) ) ;
#2643 = AXIS2_PLACEMENT_3D ( 'NONE', #5260, #5684, #1141 ) ;
#2644 = LINE ( 'NONE', #4446, #884 ) ;
#2645 = ORIENTED_EDGE ( 'NONE', *, *, #4731, .F. ) ;
#2646 = AXIS2_PLACEMENT_3D ( 'NONE', #5732, #1631, #3434 ) ;
#2647 = CARTESIAN_POINT ( 'NONE',  ( 7.309882778386380231, -5.019818323442000185, -68.00030588489299532 ) ) ;
#2648 = VERTEX_POINT ( 'NONE', #2866 ) ;
#2649 = DIRECTION ( 'NONE',  ( 0.000000000000000000, -1.000000000000000000, 0.000000000000000000 ) ) ;
#2650 = EDGE_CURVE ( 'NONE', #4281, #2528, #5641, .T. ) ;
#2651 = VECTOR ( 'NONE', #5857, 999.9999999999998863 ) ;
#2652 = DIRECTION ( 'NONE',  ( 0.7516382967157375639, 0.000000000000000000, -0.6595755232801356893 ) ) ;
#2653 = CARTESIAN_POINT ( 'NONE',  ( 25.00000000000000000, 0.000000000000000000, -3.061616997868383043E-15 ) ) ;
#2654 = CARTESIAN_POINT ( 'NONE',  ( -6.273827554561859365, -8.768381352819590191, -67.09936784139650001 ) ) ;
#2655 = AXIS2_PLACEMENT_3D ( 'NONE', #142, #1934, #5568 ) ;
#2656 = LINE ( 'NONE', #892, #68 ) ;
#2657 = AXIS2_PLACEMENT_3D ( 'NONE', #5440, #2307, #1371 ) ;
#2658 = CYLINDRICAL_SURFACE ( 'NONE', #1079, 1.999999999999999556 ) ;
#2659 = VERTEX_POINT ( 'NONE', #2482 ) ;
#2660 = VECTOR ( 'NONE', #994, 999.9999999999998863 ) ;
#2661 = LINE ( 'NONE', #4003, #4226 ) ;
#2662 = CARTESIAN_POINT ( 'NONE',  ( 63.72785157355779972, -0.2293359222497859951, -26.03956873930525262 ) ) ;
#2663 = DIRECTION ( 'NONE',  ( 0.9978788618232538044, 0.000000000000000000, -0.06509821139115595789 ) ) ;
#2664 = AXIS2_PLACEMENT_3D ( 'NONE', #1481, #1042, #2840 ) ;
#2665 = CARTESIAN_POINT ( 'NONE',  ( 60.09442319551060052, 12.82667191048454036, -29.06304011625210038 ) ) ;
#2666 = DIRECTION ( 'NONE',  ( -0.7516382967157391182, 0.000000000000000000, -0.6595755232801341350 ) ) ;
#2667 = VECTOR ( 'NONE', #5670, 1000.000000000000000 ) ;
#2668 = CARTESIAN_POINT ( 'NONE',  ( -23.00000000000000000, -10.09999999999999964, -2.816687638038912352E-15 ) ) ;
#2669 = FACE_OUTER_BOUND ( 'NONE', #342, .T. ) ;
#2670 = FACE_OUTER_BOUND ( 'NONE', #3995, .T. ) ;
#2671 = ORIENTED_EDGE ( 'NONE', *, *, #5858, .F. ) ;
#2672 = DIRECTION ( 'NONE',  ( -0.3609320017625394228, 0.000000000000000000, -0.9325921349141254035 ) ) ;
#2673 = DIRECTION ( 'NONE',  ( 0.000000000000000000, 1.000000000000000000, 0.000000000000000000 ) ) ;
#2674 = EDGE_CURVE ( 'NONE', #3143, #683, #5610, .T. ) ;
#2675 = CARTESIAN_POINT ( 'NONE',  ( -38.18713561256070221, -10.09999999999999964, -4.557801678611490104 ) ) ;
#2676 = EDGE_CURVE ( 'NONE', #105, #4970, #2692, .T. ) ;
#2677 = ORIENTED_EDGE ( 'NONE', *, *, #3165, .T. ) ;
#2678 = CARTESIAN_POINT ( 'NONE',  ( 64.86711403970319623, -2.111889554877055097, -26.50538020113970106 ) ) ;
#2679 = ORIENTED_EDGE ( 'NONE', *, *, #3165, .F. ) ;
#2680 = PLANE ( 'NONE',  #2755 ) ;
#2681 = EDGE_CURVE ( 'NONE', #2335, #1374, #661, .T. ) ;
#2682 = AXIS2_PLACEMENT_3D ( 'NONE', #1378, #4883, #3605 ) ;
#2683 = CARTESIAN_POINT ( 'NONE',  ( 12.96739311448505916, -16.10000000000000142, -28.42250600838765351 ) ) ;
#2684 = DIRECTION ( 'NONE',  ( 1.000000000000000000, 0.000000000000000000, 0.000000000000000000 ) ) ;
#2685 = DIRECTION ( 'NONE',  ( -1.000000000000000000, 0.000000000000000000, 0.000000000000000000 ) ) ;
#2686 = B_SPLINE_CURVE_WITH_KNOTS ( 'NONE', 3,
 ( #1131, #1603, #1635, #4744, #2038, #3376, #4236, #1542, #2514, #1163, #5645, #190, #5615, #2008, #4323, #3346, #3888, #3859, #219, #3438, #4267, #5222 ),
 .UNSPECIFIED., .F., .F.,
 ( 4, 2, 2, 1, 1, 1, 2, 2, 2, 2, 2, 1, 4 ),
 ( 0.000000000000000000, 0.2487438123190922057, 0.2642903005890355761, 0.2798367888589789465, 0.3109297653988657428, 0.3731157184786390579, 0.4974876246381859657, 0.6218595307977327069, 0.6840454838775071877, 0.7462314369572817796, 0.8084173900370564825, 0.8706033431168310743, 0.9949752492763788148 ),
 .UNSPECIFIED. ) ;
#2687 = ORIENTED_EDGE ( 'NONE', *, *, #3400, .T. ) ;
#2688 = ORIENTED_EDGE ( 'NONE', *, *, #5330, .T. ) ;
#2689 = CARTESIAN_POINT ( 'NONE',  ( -64.56089807522299395, 2.801012331415924983, -26.37999601870230038 ) ) ;
#2690 = ADVANCED_FACE ( 'NONE', ( #5128 ), #184, .T. ) ;
#2691 = CARTESIAN_POINT ( 'NONE',  ( 64.56234443629820419, -0.6599425396810290056, -26.38040201324105283 ) ) ;
#2692 = CIRCLE ( 'NONE', #2299, 4.000000000000000000 ) ;
#2693 = CYLINDRICAL_SURFACE ( 'NONE', #4362, 5.000000000000000888 ) ;
#2694 = CARTESIAN_POINT ( 'NONE',  ( -59.84430651983569049, 3.715811610276579469, -32.65284182519426537 ) ) ;
#2695 = CARTESIAN_POINT ( 'NONE',  ( -64.85317370671093329, 2.584758471080428777, -23.87312516270316110 ) ) ;
#2696 = DIRECTION ( 'NONE',  ( 0.000000000000000000, 1.000000000000000000, 0.000000000000000000 ) ) ;
#2697 = CARTESIAN_POINT ( 'NONE',  ( 54.07657161259250245, 0.000000000000000000, -11.59233766148770073 ) ) ;
#2698 = DIRECTION ( 'NONE',  ( 0.5000000000000011102, 0.000000000000000000, 0.8660254037844379305 ) ) ;
#2699 = CARTESIAN_POINT ( 'NONE',  ( 0.000000000000000000, -8.351948617114816287, -67.09975806707355162 ) ) ;
#2700 = CARTESIAN_POINT ( 'NONE',  ( 41.40101732872049922, 16.10000000000000142, 1.964329131972048170 ) ) ;
#2701 = LINE ( 'NONE', #3196, #875 ) ;
#2702 = ORIENTED_EDGE ( 'NONE', *, *, #4712, .T. ) ;
#2703 = B_SPLINE_CURVE_WITH_KNOTS ( 'NONE', 3,
 ( #3942, #3459, #4766, #4889, #4796, #1655 ),
 .UNSPECIFIED., .F., .F.,
 ( 4, 2, 4 ),
 ( 0.000000000000000000, 0.2500000000000000000, 0.5000000000000000000 ),
 .UNSPECIFIED. ) ;
#2704 = VECTOR ( 'NONE', #1594, 999.9999999999998863 ) ;
#2705 = AXIS2_PLACEMENT_3D ( 'NONE', #232, #4092, #989 ) ;
#2706 = DIRECTION ( 'NONE',  ( 1.000000000000000000, 0.000000000000000000, 0.000000000000000000 ) ) ;
#2707 = EDGE_CURVE ( 'NONE', #1644, #2366, #5051, .T. ) ;
#2708 = ORIENTED_EDGE ( 'NONE', *, *, #1933, .T. ) ;
#2709 = PLANE ( 'NONE',  #1056 ) ;
#2710 = AXIS2_PLACEMENT_3D ( 'NONE', #3357, #4502, #4954 ) ;
#2711 = DIRECTION ( 'NONE',  ( 0.7516382967157391182, 0.000000000000000000, -0.6595755232801341350 ) ) ;
#2712 = PLANE ( 'NONE',  #1641 ) ;
#2713 = VERTEX_POINT ( 'NONE', #2388 ) ;
#2714 = CARTESIAN_POINT ( 'NONE',  ( -45.67122707623510536, 10.09999999999999964, -5.046038264045169086 ) ) ;
#2715 = AXIS2_PLACEMENT_3D ( 'NONE', #3039, #3878, #5338 ) ;
#2716 = ORIENTED_EDGE ( 'NONE', *, *, #1244, .T. ) ;
#2717 = EDGE_LOOP ( 'NONE', ( #5235, #4990 ) ) ;
#2718 = CARTESIAN_POINT ( 'NONE',  ( -58.09861551041240091, 3.759109661850144946, -40.03019629631800314 ) ) ;
#2719 = CARTESIAN_POINT ( 'NONE',  ( 17.24629507352134894, 0.000000000000000000, -43.91153830221434617 ) ) ;
#2720 = CARTESIAN_POINT ( 'NONE',  ( -60.32632967568950022, 3.641677808506908587, -32.12868316190084528 ) ) ;
#2721 = CARTESIAN_POINT ( 'NONE',  ( 0.000000000000000000, -16.10000000000000142, 0.000000000000000000 ) ) ;
#2722 = CARTESIAN_POINT ( 'NONE',  ( 58.35547357162869986, 16.10000000000000142, -27.08136995531435076 ) ) ;
#2723 = ADVANCED_FACE ( 'NONE', ( #4676 ), #1476, .F. ) ;
#2724 = CARTESIAN_POINT ( 'NONE',  ( 60.57633366946782161, 10.48166358902508755, -30.13921865419323254 ) ) ;
#2725 = DIRECTION ( 'NONE',  ( -0.9926956690917261295, 0.000000000000000000, 0.1206453835276359854 ) ) ;
#2726 = VERTEX_POINT ( 'NONE', #4232 ) ;
#2727 = FACE_OUTER_BOUND ( 'NONE', #1588, .T. ) ;
#2728 = CARTESIAN_POINT ( 'NONE',  ( -42.41899635888179887, 5.196255657501480663, -56.38361763926819492 ) ) ;
#2729 = LINE ( 'NONE', #4590, #157 ) ;
#2730 = VECTOR ( 'NONE', #3113, 1000.000000000000000 ) ;
#2731 = VERTEX_POINT ( 'NONE', #2835 ) ;
#2732 = CIRCLE ( 'NONE', #5300, 68.00000000000001421 ) ;
#2733 = ORIENTED_EDGE ( 'NONE', *, *, #2883, .T. ) ;
#2734 = DIRECTION ( 'NONE',  ( -0.7516382967157391182, 0.000000000000000000, 0.6595755232801341350 ) ) ;
#2735 =( BOUNDED_CURVE ( )  B_SPLINE_CURVE ( 3, ( #1684, #3429, #1270, #2565 ),
 .UNSPECIFIED., .F., .F. ) 
 B_SPLINE_CURVE_WITH_KNOTS ( ( 4, 4 ),
 ( 1.300863530961491543, 2.133332571338756534 ),
 .UNSPECIFIED. ) 
 CURVE ( )  GEOMETRIC_REPRESENTATION_ITEM ( )  RATIONAL_B_SPLINE_CURVE ( ( 1.000000000000000000, 0.9430785847835028157, 0.9430785847835028157, 1.000000000000000000 ) ) 
 REPRESENTATION_ITEM ( '' )  );
#2736 = AXIS2_PLACEMENT_3D ( 'NONE', #5160, #218, #3315 ) ;
#2737 = ADVANCED_FACE ( 'NONE', ( #4197 ), #154, .T. ) ;
#2738 = CYLINDRICAL_SURFACE ( 'NONE', #3, 2.000000000000001776 ) ;
#2739 = PLANE ( 'NONE',  #163 ) ;
#2740 = ORIENTED_EDGE ( 'NONE', *, *, #1043, .T. ) ;
#2741 = CARTESIAN_POINT ( 'NONE',  ( 0.000000000000000000, 0.000000000000000000, 0.000000000000000000 ) ) ;
#2742 = ADVANCED_FACE ( 'NONE', ( #1630 ), #332, .F. ) ;
#2743 = ORIENTED_EDGE ( 'NONE', *, *, #1343, .F. ) ;
#2744 = ADVANCED_FACE ( 'NONE', ( #1186 ), #2984, .F. ) ;
#2745 = ORIENTED_EDGE ( 'NONE', *, *, #5210, .T. ) ;
#2746 = CARTESIAN_POINT ( 'NONE',  ( -63.72726403315660804, 3.231601944931544956, -26.03939827092480286 ) ) ;
#2747 = AXIS2_PLACEMENT_3D ( 'NONE', #2486, #3799, #4349 ) ;
#2748 = FACE_OUTER_BOUND ( 'NONE', #5449, .T. ) ;
#2749 = CIRCLE ( 'NONE', #5021, 2.000000000000000444 ) ;
#2750 = CARTESIAN_POINT ( 'NONE',  ( 59.92909626570374826, 12.28841703472823177, -28.87463704861950120 ) ) ;
#2751 = DIRECTION ( 'NONE',  ( 0.000000000000000000, 1.000000000000000000, 0.000000000000000000 ) ) ;
#2752 = DIRECTION ( 'NONE',  ( 0.000000000000000000, -1.000000000000000000, 0.000000000000000000 ) ) ;
#2753 = CARTESIAN_POINT ( 'NONE',  ( 60.36663589305109667, 10.36820398397449949, -31.30286362229155017 ) ) ;
#2754 = DIRECTION ( 'NONE',  ( 0.000000000000000000, -1.000000000000000000, 0.000000000000000000 ) ) ;
#2755 = AXIS2_PLACEMENT_3D ( 'NONE', #443, #4019, #1790 ) ;
#2756 = ORIENTED_EDGE ( 'NONE', *, *, #4300, .F. ) ;
#2757 = CIRCLE ( 'NONE', #1810, 2.000000000000003997 ) ;
#2758 = CARTESIAN_POINT ( 'NONE',  ( 0.000000000000000000, 0.000000000000000000, 0.000000000000000000 ) ) ;
#2759 = DIRECTION ( 'NONE',  ( -1.000000000000000000, 0.000000000000000000, 0.000000000000000000 ) ) ;
#2760 = CYLINDRICAL_SURFACE ( 'NONE', #2460, 1.999999999999999556 ) ;
#2761 = ORIENTED_EDGE ( 'NONE', *, *, #1043, .F. ) ;
#2762 = CARTESIAN_POINT ( 'NONE',  ( 55.84821173122029592, -1.618014364241824987, -38.47967252209564748 ) ) ;
#2763 = EDGE_CURVE ( 'NONE', #223, #1089, #1458, .T. ) ;
#2764 = VERTEX_POINT ( 'NONE', #5373 ) ;
#2765 = LINE ( 'NONE', #2338, #3415 ) ;
#2766 = DIRECTION ( 'NONE',  ( -0.9926956690917261295, 0.000000000000000000, 0.1206453835276359854 ) ) ;
#2767 = CARTESIAN_POINT ( 'NONE',  ( -54.36789604213030458, 0.000000000000000000, -17.98883123818685448 ) ) ;
#2768 = ORIENTED_EDGE ( 'NONE', *, *, #2572, .T. ) ;
#2769 = LINE ( 'NONE', #5598, #5652 ) ;
#2770 = ORIENTED_EDGE ( 'NONE', *, *, #5419, .T. ) ;
#2771 = CARTESIAN_POINT ( 'NONE',  ( 0.000000000000000000, 8.501133011340870738, -67.99969411510689099 ) ) ;
#2772 = CIRCLE ( 'NONE', #3920, 1.999999999999999778 ) ;
#2773 = CARTESIAN_POINT ( 'NONE',  ( 67.56866419668098445, -10.09999999999999964, -26.96764061178844685 ) ) ;
#2774 = ADVANCED_FACE ( 'NONE', ( #4345 ), #2601, .T. ) ;
#2775 = CARTESIAN_POINT ( 'NONE',  ( -59.64717059029042900, 3.740504771352403779, -32.88974527882344745 ) ) ;
#2776 = CARTESIAN_POINT ( 'NONE',  ( 39.40525960507399361, 10.09999999999999964, 2.094525554754359753 ) ) ;
#2777 = CARTESIAN_POINT ( 'NONE',  ( -7.772042824445040132, 16.10000000000000142, -33.11488110102455096 ) ) ;
#2778 = AXIS2_PLACEMENT_3D ( 'NONE', #3494, #3883, #3556 ) ;
#2779 = FACE_OUTER_BOUND ( 'NONE', #4848, .T. ) ;
#2780 = DIRECTION ( 'NONE',  ( 0.6595755232801341350, 0.000000000000000000, -0.7516382967157391182 ) ) ;
#2781 = VERTEX_POINT ( 'NONE', #838 ) ;
#2782 = EDGE_CURVE ( 'NONE', #1194, #3066, #2592, .T. ) ;
#2783 = CYLINDRICAL_SURFACE ( 'NONE', #1020, 25.00000000000000000 ) ;
#2784 = LINE ( 'NONE', #47, #3420 ) ;
#2785 = CARTESIAN_POINT ( 'NONE',  ( 52.46675317670389660, 16.10000000000000142, -6.725569453945319687 ) ) ;
#2786 = VERTEX_POINT ( 'NONE', #396 ) ;
#2787 = ORIENTED_EDGE ( 'NONE', *, *, #1329, .F. ) ;
#2788 = DIRECTION ( 'NONE',  ( 1.476141326126229271E-16, 0.000000000000000000, 1.000000000000000000 ) ) ;
#2789 = EDGE_CURVE ( 'NONE', #2499, #4626, #3733, .T. ) ;
#2790 = CARTESIAN_POINT ( 'NONE',  ( 39.40525960507399361, -10.09999999999999964, 2.094525554754359753 ) ) ;
#2791 = DIRECTION ( 'NONE',  ( 0.000000000000000000, -1.000000000000000000, 0.000000000000000000 ) ) ;
#2792 = ORIENTED_EDGE ( 'NONE', *, *, #949, .F. ) ;
#2793 = CIRCLE ( 'NONE', #540, 4.999999999999998224 ) ;
#2794 = PLANE ( 'NONE',  #2185 ) ;
#2795 = AXIS2_PLACEMENT_3D ( 'NONE', #2244, #5490, #70 ) ;
#2796 = CARTESIAN_POINT ( 'NONE',  ( -64.47501736943250705, 2.873740825082640171, -20.84099904578869911 ) ) ;
#2797 = ORIENTED_EDGE ( 'NONE', *, *, #2333, .F. ) ;
#2798 = VERTEX_POINT ( 'NONE', #2150 ) ;
#2799 = LINE ( 'NONE', #2858, #4663 ) ;
#2800 = CARTESIAN_POINT ( 'NONE',  ( 64.90632237084649603, 0.2497212449251380029, -18.72152739005185040 ) ) ;
#2801 = DIRECTION ( 'NONE',  ( 0.7516382967157391182, 0.000000000000000000, 0.6595755232801341350 ) ) ;
#2802 = FACE_OUTER_BOUND ( 'NONE', #1865, .T. ) ;
#2803 = CARTESIAN_POINT ( 'NONE',  ( 60.57653794026264649, 10.09999999999999964, -30.14090039575712510 ) ) ;
#2804 = EDGE_CURVE ( 'NONE', #4623, #165, #2387, .T. ) ;
#2805 = CARTESIAN_POINT ( 'NONE',  ( -54.17728560843379881, -9.765338061036020534, -22.31999544524150281 ) ) ;
#2806 = DIRECTION ( 'NONE',  ( 0.6595755232801338019, 0.000000000000000000, -0.7516382967157392292 ) ) ;
#2807 = VERTEX_POINT ( 'NONE', #5245 ) ;
#2808 = ORIENTED_EDGE ( 'NONE', *, *, #973, .T. ) ;
#2809 = LINE ( 'NONE', #4617, #4543 ) ;
#2810 = CYLINDRICAL_SURFACE ( 'NONE', #2543, 2.049999999999996270 ) ;
#2811 = DIRECTION ( 'NONE',  ( 0.000000000000000000, 0.6008378190594427792, -0.7993709496772398726 ) ) ;
#2812 = LINE ( 'NONE', #4561, #4262 ) ;
#2813 = ORIENTED_EDGE ( 'NONE', *, *, #5588, .F. ) ;
#2814 = EDGE_CURVE ( 'NONE', #5649, #2499, #4406, .T. ) ;
#2815 = CARTESIAN_POINT ( 'NONE',  ( 61.75191982634999732, -2.112700987637454730, -25.23226513405590055 ) ) ;
#2816 = EDGE_LOOP ( 'NONE', ( #4727, #5169, #4041, #5164 ) ) ;
#2817 = CARTESIAN_POINT ( 'NONE',  ( -64.47536296208700435, 16.10000000000000142, -20.77693915205080089 ) ) ;
#2819 = AXIS2_PLACEMENT_3D ( 'NONE', #5841, #1764, #889 ) ;
#2818 = DIRECTION ( 'NONE',  ( 1.000000000000000000, 0.000000000000000000, 0.000000000000000000 ) ) ;
#2820 = CARTESIAN_POINT ( 'NONE',  ( 64.42542287038804716, -2.750204867381718543, -20.05156082542965734 ) ) ;
#2821 = VERTEX_POINT ( 'NONE', #4005 ) ;
#2822 = ADVANCED_FACE ( 'NONE', ( #4797 ), #5791, .T. ) ;
#2823 = CARTESIAN_POINT ( 'NONE',  ( 24.80406379161939867, 0.000000000000000000, 21.76599226824439981 ) ) ;
#2824 = FACE_OUTER_BOUND ( 'NONE', #3808, .T. ) ;
#2825 = ORIENTED_EDGE ( 'NONE', *, *, #658, .T. ) ;
#2826 = ORIENTED_EDGE ( 'NONE', *, *, #3477, .T. ) ;
#2827 = CARTESIAN_POINT ( 'NONE',  ( -60.17697631666788993, -10.98295791185612380, -29.15711590467222081 ) ) ;
#2828 = CARTESIAN_POINT ( 'NONE',  ( 57.59880734419530057, -4.237506900939985499, -39.68580703648599695 ) ) ;
#2829 = EDGE_CURVE ( 'NONE', #2281, #2522, #5761, .T. ) ;
#2830 = DIRECTION ( 'NONE',  ( -0.7516382967157391182, 0.000000000000000000, -0.6595755232801341350 ) ) ;
#2831 = CARTESIAN_POINT ( 'NONE',  ( 24.22220753623764722, -16.10000000000000142, -54.89339361044660137 ) ) ;
#2832 = DIRECTION ( 'NONE',  ( 0.000000000000000000, 1.000000000000000000, 0.000000000000000000 ) ) ;
#2833 = VECTOR ( 'NONE', #988, 1000.000000000000000 ) ;
#2834 = CARTESIAN_POINT ( 'NONE',  ( 5.934119462938604705, 5.888888839833935407, -67.99999999999995737 ) ) ;
#2835 = CARTESIAN_POINT ( 'NONE',  ( 1.127287378615138490E-14, -4.900000000000001243, 87.95000000000000284 ) ) ;
#2836 = ORIENTED_EDGE ( 'NONE', *, *, #5724, .F. ) ;
#2837 = DIRECTION ( 'NONE',  ( 0.000000000000000000, 1.000000000000000000, 0.000000000000000000 ) ) ;
#2838 = CIRCLE ( 'NONE', #3797, 43.00000000000000000 ) ;
#2839 = CARTESIAN_POINT ( 'NONE',  ( 59.47536296208700435, 10.09999999999999964, -20.77693915205080089 ) ) ;
#2840 = DIRECTION ( 'NONE',  ( 0.6595755232801344681, 0.000000000000000000, -0.7516382967157386741 ) ) ;
#2841 = DIRECTION ( 'NONE',  ( 0.000000000000000000, 1.000000000000000000, 0.000000000000000000 ) ) ;
#2842 = VECTOR ( 'NONE', #2635, 1000.000000000000000 ) ;
#2843 = ORIENTED_EDGE ( 'NONE', *, *, #1085, .T. ) ;
#2844 = AXIS2_PLACEMENT_3D ( 'NONE', #5650, #5192, #759 ) ;
#2845 = DIRECTION ( 'NONE',  ( 0.6595755232801341350, 0.000000000000000000, 0.7516382967157391182 ) ) ;
#2846 = ADVANCED_FACE ( 'NONE', ( #749 ), #3013, .T. ) ;
#2847 = ORIENTED_EDGE ( 'NONE', *, *, #1470, .T. ) ;
#2848 = DIRECTION ( 'NONE',  ( 0.000000000000000000, -1.000000000000000000, 0.000000000000000000 ) ) ;
#2849 = DIRECTION ( 'NONE',  ( -0.7516382967157390071, 0.000000000000000000, -0.6595755232801340240 ) ) ;
#2850 = CARTESIAN_POINT ( 'NONE',  ( -64.47535942883958171, -0.08702068724677675116, -20.91302336414886298 ) ) ;
#2851 = VERTEX_POINT ( 'NONE', #4318 ) ;
#2852 = EDGE_CURVE ( 'NONE', #3283, #794, #273, .T. ) ;
#2853 = DIRECTION ( 'NONE',  ( -0.9715802785332849911, 0.000000000000000000, -0.2367102920558898094 ) ) ;
#2854 = CARTESIAN_POINT ( 'NONE',  ( -64.47132735058245601, 2.888054439366196657, -20.98446093737055662 ) ) ;
#2855 = ORIENTED_EDGE ( 'NONE', *, *, #1601, .T. ) ;
#2856 = VERTEX_POINT ( 'NONE', #300 ) ;
#2857 = EDGE_LOOP ( 'NONE', ( #3441, #3385, #1193, #2473 ) ) ;
#2858 = CARTESIAN_POINT ( 'NONE',  ( 41.40101732872050633, 16.10000000000000142, 1.964329131972047726 ) ) ;
#2859 = DIRECTION ( 'NONE',  ( 0.000000000000000000, -1.000000000000000000, 0.000000000000000000 ) ) ;
#2860 = CARTESIAN_POINT ( 'NONE',  ( -64.00119431748970555, 16.10000000000000142, -22.90222749541804603 ) ) ;
#2861 = CARTESIAN_POINT ( 'NONE',  ( -5.910551017812779584, 16.10000000000000142, -32.46637316772275028 ) ) ;
#2862 = DIRECTION ( 'NONE',  ( 0.000000000000000000, -1.000000000000000000, 0.000000000000000000 ) ) ;
#2863 = AXIS2_PLACEMENT_3D ( 'NONE', #3576, #2624, #3550 ) ;
#2864 = ADVANCED_FACE ( 'NONE', ( #5731 ), #3460, .F. ) ;
#2865 = CARTESIAN_POINT ( 'NONE',  ( -36.53630715980545318, -11.00004642086801887, -58.14585519513829581 ) ) ;
#2866 = CARTESIAN_POINT ( 'NONE',  ( 25.02961445411220254, -16.10000000000000142, -56.72317339746160059 ) ) ;
#2867 = ORIENTED_EDGE ( 'NONE', *, *, #1909, .T. ) ;
#2868 = DIRECTION ( 'NONE',  ( -1.000000000000000000, 0.000000000000000000, 0.000000000000000000 ) ) ;
#2869 = DIRECTION ( 'NONE',  ( 0.000000000000000000, -1.000000000000000000, 0.000000000000000000 ) ) ;
#2870 = CARTESIAN_POINT ( 'NONE',  ( 64.01969771060350922, -0.03228041492523635314, -22.92331357031414996 ) ) ;
#2871 = CARTESIAN_POINT ( 'NONE',  ( 60.50269970013904697, 13.38757430026849882, -31.04046864144260454 ) ) ;
#2872 = AXIS2_PLACEMENT_3D ( 'NONE', #978, #4493, #3670 ) ;
#2873 = ORIENTED_EDGE ( 'NONE', *, *, #5546, .T. ) ;
#2874 = ORIENTED_EDGE ( 'NONE', *, *, #5689, .F. ) ;
#2875 = LINE ( 'NONE', #1023, #499 ) ;
#2876 = EDGE_CURVE ( 'NONE', #2882, #1312, #4773, .T. ) ;
#2877 = CARTESIAN_POINT ( 'NONE',  ( 23.00000000000000000, -10.09999999999999964, 0.000000000000000000 ) ) ;
#2878 = CARTESIAN_POINT ( 'NONE',  ( 64.47471797742140609, -2.856140485232574466, -20.69029962903197273 ) ) ;
#2879 = VERTEX_POINT ( 'NONE', #3640 ) ;
#2880 = CARTESIAN_POINT ( 'NONE',  ( -24.80406379161939867, -16.10000000000000142, 21.76599226824439981 ) ) ;
#2881 = DIRECTION ( 'NONE',  ( 0.000000000000000000, -1.000000000000000000, 0.000000000000000000 ) ) ;
#2882 = VERTEX_POINT ( 'NONE', #5455 ) ;
#2883 = EDGE_CURVE ( 'NONE', #1560, #5321, #1926, .T. ) ;
#2884 = CARTESIAN_POINT ( 'NONE',  ( 6.268766231013559675, 16.10000000000000142, -34.43403214758485120 ) ) ;
#2885 = DIRECTION ( 'NONE',  ( 0.000000000000000000, 1.000000000000000000, 0.000000000000000000 ) ) ;
#2886 = AXIS2_PLACEMENT_3D ( 'NONE', #767, #2558, #321 ) ;
#2887 = CARTESIAN_POINT ( 'NONE',  ( 7.261774573844999914, -5.019814072463080201, -67.55239648987081580 ) ) ;
#2888 = CARTESIAN_POINT ( 'NONE',  ( -61.54410711168621617, 0.9372791546888684655, -31.12302166337343934 ) ) ;
#2889 = FACE_OUTER_BOUND ( 'NONE', #821, .T. ) ;
#2890 = AXIS2_PLACEMENT_3D ( 'NONE', #984, #1833, #1366 ) ;
#2891 = CARTESIAN_POINT ( 'NONE',  ( -58.31481325994440112, -13.08341843819122019, -35.11516998599964978 ) ) ;
#2892 = CARTESIAN_POINT ( 'NONE',  ( 29.11385950181374938, -13.10000000000000142, -48.75010739567609619 ) ) ;
#2893 = DIRECTION ( 'NONE',  ( -0.7516382967157391182, 0.000000000000000000, 0.6595755232801341350 ) ) ;
#2894 = CARTESIAN_POINT ( 'NONE',  ( -63.89581323880505437, 1.370433131372682523, -18.44035413800650147 ) ) ;
#2895 = EDGE_CURVE ( 'NONE', #631, #762, #333, .T. ) ;
#2896 = LINE ( 'NONE', #5554, #2640 ) ;
#2897 = DIRECTION ( 'NONE',  ( 0.6595755232801338019, 0.000000000000000000, -0.7516382967157392292 ) ) ;
#2898 = AXIS2_PLACEMENT_3D ( 'NONE', #1066, #1501, #1094 ) ;
#2899 = FACE_BOUND ( 'NONE', #5074, .T. ) ;
#2900 = ORIENTED_EDGE ( 'NONE', *, *, #350, .T. ) ;
#2901 = CIRCLE ( 'NONE', #2043, 4.999999999999997335 ) ;
#2902 = VERTEX_POINT ( 'NONE', #1387 ) ;
#2903 = CARTESIAN_POINT ( 'NONE',  ( -56.34801989743740336, 1.139617125151989985, -38.82406178192790236 ) ) ;
#2904 = ORIENTED_EDGE ( 'NONE', *, *, #2176, .F. ) ;
#2905 = ORIENTED_EDGE ( 'NONE', *, *, #3684, .T. ) ;
#2906 = DIRECTION ( 'NONE',  ( 0.000000000000000000, 0.000000000000000000, -1.000000000000000000 ) ) ;
#2907 = CARTESIAN_POINT ( 'NONE',  ( 64.47539875668518050, 0.08819001715003847719, -20.77695654278758397 ) ) ;
#2908 = ORIENTED_EDGE ( 'NONE', *, *, #2047, .F. ) ;
#2909 = EDGE_CURVE ( 'NONE', #1061, #3271, #5428, .T. ) ;
#2910 = CARTESIAN_POINT ( 'NONE',  ( 61.06431871100550524, 10.50009284157563982, -29.40545879334150214 ) ) ;
#2911 = DIRECTION ( 'NONE',  ( -0.05940329824071930581, 0.000000000000000000, -0.9982340648155241247 ) ) ;
#2912 = VERTEX_POINT ( 'NONE', #4550 ) ;
#2913 = ORIENTED_EDGE ( 'NONE', *, *, #3327, .T. ) ;
#2914 = ORIENTED_EDGE ( 'NONE', *, *, #3801, .F. ) ;
#2915 = CIRCLE ( 'NONE', #1126, 7.500000000000000000 ) ;
#2916 = DIRECTION ( 'NONE',  ( 0.6595755232801341350, 0.000000000000000000, -0.7516382967157391182 ) ) ;
#2917 = CARTESIAN_POINT ( 'NONE',  ( 1.102182119232617911E-14, -4.900000000000001243, 90.00000000000000000 ) ) ;
#2918 = CARTESIAN_POINT ( 'NONE',  ( -54.17728560843379881, 9.765338061036020534, -22.31999544524150281 ) ) ;
#2919 = VECTOR ( 'NONE', #4864, 1000.000000000000000 ) ;
#2920 = VECTOR ( 'NONE', #4909, 1000.000000000000000 ) ;
#2921 = EDGE_CURVE ( 'NONE', #5806, #4809, #4150, .T. ) ;
#2922 = CARTESIAN_POINT ( 'NONE',  ( -59.91041720273086213, 0.7311391837690669471, -32.57455032974777964 ) ) ;
#2923 = EDGE_CURVE ( 'NONE', #3927, #5301, #717, .T. ) ;
#2924 = CARTESIAN_POINT ( 'NONE',  ( -64.47536296208700435, 10.09999999999999964, -20.77693915205080089 ) ) ;
#2925 = CARTESIAN_POINT ( 'NONE',  ( -58.50793944047150319, -13.08341843811102123, -35.23132836936360235 ) ) ;
#2926 = DIRECTION ( 'NONE',  ( 0.000000000000000000, 1.000000000000000000, 0.000000000000000000 ) ) ;
#2927 = ORIENTED_EDGE ( 'NONE', *, *, #1762, .F. ) ;
#2928 = CARTESIAN_POINT ( 'NONE',  ( -59.47536296208700435, 16.10000000000000142, -20.77693915205080089 ) ) ;
#2929 = CARTESIAN_POINT ( 'NONE',  ( -36.90930473671429723, -16.10000000000000142, -2.641770174552080075 ) ) ;
#2930 = EDGE_CURVE ( 'NONE', #3476, #3266, #1759, .T. ) ;
#2931 = CARTESIAN_POINT ( 'NONE',  ( -60.57672057976967750, -13.40414935442423072, -30.14097160404348941 ) ) ;
#2932 = CARTESIAN_POINT ( 'NONE',  ( 59.47536296208700435, 10.09999999999999964, -20.77693915205080089 ) ) ;
#2933 = AXIS2_PLACEMENT_3D ( 'NONE', #5003, #3306, #5123 ) ;
#2934 = ORIENTED_EDGE ( 'NONE', *, *, #2707, .T. ) ;
#2935 = CIRCLE ( 'NONE', #1615, 25.00000000000000000 ) ;
#2936 = CARTESIAN_POINT ( 'NONE',  ( 0.000000000000000000, 8.501133011340870738, -67.99969411510689099 ) ) ;
#2937 = CIRCLE ( 'NONE', #5121, 2.049999999999996270 ) ;
#2938 = ORIENTED_EDGE ( 'NONE', *, *, #4083, .F. ) ;
#2939 =( GEOMETRIC_REPRESENTATION_CONTEXT ( 3 ) GLOBAL_UNCERTAINTY_ASSIGNED_CONTEXT ( ( #3325 ) ) GLOBAL_UNIT_ASSIGNED_CONTEXT ( ( #5813, #5361, #4241 ) ) REPRESENTATION_CONTEXT ( 'NONE', 'WORKASPACE' ) );
#2940 = EDGE_LOOP ( 'NONE', ( #3077, #2913, #3343, #4364 ) ) ;
#2941 = EDGE_CURVE ( 'NONE', #3390, #964, #1881, .T. ) ;
#2942 = LINE ( 'NONE', #4754, #4527 ) ;
#2943 = ORIENTED_EDGE ( 'NONE', *, *, #5616, .F. ) ;
#2944 = AXIS2_PLACEMENT_3D ( 'NONE', #2363, #5132, #3740 ) ;
#2945 = CARTESIAN_POINT ( 'NONE',  ( 61.26649768059219525, 10.50009284157563982, -29.50281786463795086 ) ) ;
#2946 = CIRCLE ( 'NONE', #414, 2.000000000000000444 ) ;
#2947 = DIRECTION ( 'NONE',  ( 1.000000000000000000, 0.000000000000000000, 0.000000000000000000 ) ) ;
#2948 = ORIENTED_EDGE ( 'NONE', *, *, #3917, .T. ) ;
#2949 = ORIENTED_EDGE ( 'NONE', *, *, #281, .T. ) ;
#2950 = CARTESIAN_POINT ( 'NONE',  ( -55.92266772895142424, 1.222222222222223653, -39.13909819866363193 ) ) ;
#2951 = CARTESIAN_POINT ( 'NONE',  ( 60.62631476664362395, -3.575187464883923472, -31.84883396257182753 ) ) ;
#2952 = CARTESIAN_POINT ( 'NONE',  ( -19.07326355430259923, -6.750023210393909956, -66.20387616736459790 ) ) ;
#2953 = DIRECTION ( 'NONE',  ( 0.000000000000000000, -1.000000000000000000, 0.000000000000000000 ) ) ;
#2954 = CYLINDRICAL_SURFACE ( 'NONE', #5349, 3.999999999999998668 ) ;
#2955 = EDGE_CURVE ( 'NONE', #3480, #1996, #4670, .T. ) ;
#2956 = CARTESIAN_POINT ( 'NONE',  ( -7.261773614264970256, 8.022080095144859868, -67.55178472008491042 ) ) ;
#2957 = DIRECTION ( 'NONE',  ( -0.6595755232801341350, 0.000000000000000000, -0.7516382967157391182 ) ) ;
#2958 = VERTEX_POINT ( 'NONE', #2773 ) ;
#2959 = CARTESIAN_POINT ( 'NONE',  ( -64.29858342161089979, 2.558936366254564554, -19.42448566056280157 ) ) ;
#2960 = CARTESIAN_POINT ( 'NONE',  ( 54.39802043194809045, -10.09999999999999964, -22.57154017501994758 ) ) ;
#2961 = CYLINDRICAL_SURFACE ( 'NONE', #1516, 3.999999999999998668 ) ;
#2962 = CARTESIAN_POINT ( 'NONE',  ( -25.00000000000000000, 10.09999999999999964, 0.000000000000000000 ) ) ;
#2963 = B_SPLINE_CURVE_WITH_KNOTS ( 'NONE', 3,
 ( #1211, #4887, #4432, #3553 ),
 .UNSPECIFIED., .F., .F.,
 ( 4, 4 ),
 ( 0.9779128752482229014, 1.000000000000000000 ),
 .UNSPECIFIED. ) ;
#2964 = CIRCLE ( 'NONE', #427, 7.500000000000000000 ) ;
#2965 = ORIENTED_EDGE ( 'NONE', *, *, #647, .F. ) ;
#2966 = ADVANCED_FACE ( 'NONE', ( #2748 ), #4931, .T. ) ;
#2967 = CARTESIAN_POINT ( 'NONE',  ( -56.97316061862060366, 4.189695024386870692, -39.25476627461014800 ) ) ;
#2968 = VERTEX_POINT ( 'NONE', #3368 ) ;
#2969 = LINE ( 'NONE', #4781, #5303 ) ;
#2970 = AXIS2_PLACEMENT_3D ( 'NONE', #1125, #2957, #1097 ) ;
#2971 = VERTEX_POINT ( 'NONE', #1911 ) ;
#2972 = CARTESIAN_POINT ( 'NONE',  ( 0.000000000000000000, 6.616778836681590725, -66.32576825185499558 ) ) ;
#2973 = DIRECTION ( 'NONE',  ( 0.000000000000000000, 1.000000000000000000, 0.000000000000000000 ) ) ;
#2974 = EDGE_CURVE ( 'NONE', #1599, #4453, #1003, .T. ) ;
#2975 = ORIENTED_EDGE ( 'NONE', *, *, #3435, .F. ) ;
#2976 = ORIENTED_EDGE ( 'NONE', *, *, #2350, .T. ) ;
#2977 = FACE_OUTER_BOUND ( 'NONE', #2111, .T. ) ;
#2978 = CARTESIAN_POINT ( 'NONE',  ( 61.97498596438469320, -2.922466076124906387, -30.84441258879992276 ) ) ;
#2979 = CARTESIAN_POINT ( 'NONE',  ( -50.35946208813680158, -9.680604680748688295, -45.00235111179949854 ) ) ;
#2980 = CARTESIAN_POINT ( 'NONE',  ( 12.38597862740636835, -4.900000000000001243, 54.74476843225105682 ) ) ;
#2981 = EDGE_CURVE ( 'NONE', #2764, #3283, #4391, .T. ) ;
#2982 = DIRECTION ( 'NONE',  ( 0.000000000000000000, 1.000000000000000000, 0.000000000000000000 ) ) ;
#2983 = CARTESIAN_POINT ( 'NONE',  ( -7.165563062102419778, 7.591473477713639895, -66.65552070304629240 ) ) ;
#2984 = PLANE ( 'NONE',  #2495 ) ;
#2985 = CYLINDRICAL_SURFACE ( 'NONE', #5587, 7.500000000000000888 ) ;
#2986 = CARTESIAN_POINT ( 'NONE',  ( -57.73549536239379876, -10.09999999999999964, -15.76196967183950193 ) ) ;
#2987 = DIRECTION ( 'NONE',  ( 0.000000000000000000, 1.000000000000000000, 0.000000000000000000 ) ) ;
#2988 = CARTESIAN_POINT ( 'NONE',  ( 64.01336000645603974, -3.031981839087677155, -22.91609125689834769 ) ) ;
#2989 = PRODUCT_DEFINITION ( 'UNKNOWN', '', #3190, #552 ) ;
#2990 = DIRECTION ( 'NONE',  ( -0.3609320017625394228, 0.000000000000000000, -0.9325921349141254035 ) ) ;
#2991 = ORIENTED_EDGE ( 'NONE', *, *, #2616, .F. ) ;
#2992 = VERTEX_POINT ( 'NONE', #2477 ) ;
#2993 = CARTESIAN_POINT ( 'NONE',  ( 21.23777698848264350, -10.89866365847153240, 26.32777831408927227 ) ) ;
#2994 = AXIS2_PLACEMENT_3D ( 'NONE', #242, #629, #3823 ) ;
#2995 = EDGE_CURVE ( 'NONE', #5445, #1640, #4609, .T. ) ;
#2996 = ORIENTED_EDGE ( 'NONE', *, *, #1590, .T. ) ;
#2997 = ORIENTED_EDGE ( 'NONE', *, *, #3962, .F. ) ;
#2998 = ORIENTED_EDGE ( 'NONE', *, *, #1693, .F. ) ;
#2999 = DIRECTION ( 'NONE',  ( 1.000000000000000000, 0.000000000000000000, 0.000000000000000000 ) ) ;
#3000 = ORIENTED_EDGE ( 'NONE', *, *, #4814, .T. ) ;
#3001 = CARTESIAN_POINT ( 'NONE',  ( 19.07326355430259923, 6.750023210393909956, -66.20387616736459790 ) ) ;
#3002 = CARTESIAN_POINT ( 'NONE',  ( 38.26431457799019853, -16.10000000000000142, -6.224022662643469594 ) ) ;
#3003 = VERTEX_POINT ( 'NONE', #4285 ) ;
#3004 = ORIENTED_EDGE ( 'NONE', *, *, #1556, .F. ) ;
#3005 = CARTESIAN_POINT ( 'NONE',  ( -23.33161430656029012, 3.944444444444444642, -64.14709305632835878 ) ) ;
#3006 = CARTESIAN_POINT ( 'NONE',  ( 62.30218894841785016, -1.590589332023386149, -30.65496727224454077 ) ) ;
#3007 = EDGE_CURVE ( 'NONE', #1539, #4788, #3180, .T. ) ;
#3008 = DIRECTION ( 'NONE',  ( 0.9440533803505859467, 0.000000000000000000, 0.3297926849531869764 ) ) ;
#3009 = AXIS2_PLACEMENT_3D ( 'NONE', #2642, #4445, #4476 ) ;
#3010 = LINE ( 'NONE', #270, #3721 ) ;
#3011 = CARTESIAN_POINT ( 'NONE',  ( 0.000000000000000000, -8.499753483101830653, -68.00010598041009757 ) ) ;
#3012 = EDGE_CURVE ( 'NONE', #1312, #2882, #5277, .T. ) ;
#3013 = PLANE ( 'NONE',  #3249 ) ;
#3014 = CIRCLE ( 'NONE', #668, 4.999999999999997335 ) ;
#3015 = VERTEX_POINT ( 'NONE', #772 ) ;
#3016 = CARTESIAN_POINT ( 'NONE',  ( -21.96836520614964883, -0.8177955750986470873, -38.67982316612455662 ) ) ;
#3017 = CARTESIAN_POINT ( 'NONE',  ( -64.19562986383930081, 2.997703884400659824, -22.42590257681814947 ) ) ;
#3018 = CARTESIAN_POINT ( 'NONE',  ( -45.67122707623510536, -16.10000000000000142, -5.046038264045169086 ) ) ;
#3019 = DIRECTION ( 'NONE',  ( -0.9764420004556761956, 0.000000000000000000, -0.2157800262909368716 ) ) ;
#3020 = ORIENTED_EDGE ( 'NONE', *, *, #5311, .T. ) ;
#3021 = DIRECTION ( 'NONE',  ( 0.000000000000000000, 0.000000000000000000, 1.000000000000000000 ) ) ;
#3022 = CARTESIAN_POINT ( 'NONE',  ( 38.18950138194972510, 16.10000000000000142, -5.569278778024998822 ) ) ;
#3023 = LINE ( 'NONE', #5383, #2730 ) ;
#3024 = CARTESIAN_POINT ( 'NONE',  ( 58.88972745734179881, -0.8333333333333350357, -34.00000000000000000 ) ) ;
#3025 = VERTEX_POINT ( 'NONE', #2532 ) ;
#3026 = ORIENTED_EDGE ( 'NONE', *, *, #2165, .T. ) ;
#3027 = ORIENTED_EDGE ( 'NONE', *, *, #411, .T. ) ;
#3028 = VECTOR ( 'NONE', #2306, 1000.000000000000000 ) ;
#3029 = CARTESIAN_POINT ( 'NONE',  ( 50.52517429085570200, 16.10000000000000142, -6.245703399688129487 ) ) ;
#3030 = EDGE_CURVE ( 'NONE', #1937, #3480, #5079, .T. ) ;
#3031 = ORIENTED_EDGE ( 'NONE', *, *, #1819, .F. ) ;
#3032 = CARTESIAN_POINT ( 'NONE',  ( 58.31481325948290362, 10.08341843811099992, -35.11516998572199810 ) ) ;
#3033 = VECTOR ( 'NONE', #2152, 999.9999999999998863 ) ;
#3034 = CARTESIAN_POINT ( 'NONE',  ( 57.37444922899317135, 0.000000000000000000, -15.35052914506639610 ) ) ;
#3035 = VERTEX_POINT ( 'NONE', #1208 ) ;
#3036 = ORIENTED_EDGE ( 'NONE', *, *, #4605, .F. ) ;
#3037 = CARTESIAN_POINT ( 'NONE',  ( 0.000000000000000000, 0.000000000000000000, 0.000000000000000000 ) ) ;
#3038 = CARTESIAN_POINT ( 'NONE',  ( 61.22886083133272450, -0.8330438812381922853, -31.35144542722982663 ) ) ;
#3039 = CARTESIAN_POINT ( 'NONE',  ( -58.59114660207919911, 10.09999999999999964, -30.38219116281240062 ) ) ;
#3040 = EDGE_CURVE ( 'NONE', #2798, #4567, #3937, .T. ) ;
#3041 = VECTOR ( 'NONE', #513, 1000.000000000000000 ) ;
#3042 = CARTESIAN_POINT ( 'NONE',  ( -62.38597862740635946, -4.900000000000001243, 54.74476843225106393 ) ) ;
#3043 = B_SPLINE_CURVE_WITH_KNOTS ( 'NONE', 3,
 ( #2193, #1345, #2699, #5322, #2245, #15, #3472 ),
 .UNSPECIFIED., .F., .F.,
 ( 4, 1, 1, 1, 4 ),
 ( 0.000000000000000000, 0.1427990613463524794, 0.4285496737354488328, 0.7143002861245478785, 1.000000000000000000 ),
 .UNSPECIFIED. ) ;
#3044 = CARTESIAN_POINT ( 'NONE',  ( 0.000000000000000000, -4.900000000000001243, 43.00000000000000000 ) ) ;
#3045 = CARTESIAN_POINT ( 'NONE',  ( -7.309881818806389653, 8.022084346123758536, -67.99969411510689099 ) ) ;
#3046 = CARTESIAN_POINT ( 'NONE',  ( 59.89474663122130238, 13.30102427212235483, -32.21288794665736077 ) ) ;
#3047 = ORIENTED_EDGE ( 'NONE', *, *, #3300, .F. ) ;
#3048 = CARTESIAN_POINT ( 'NONE',  ( 58.69294323534410296, 10.09999999999999964, -13.82080377590956033 ) ) ;
#3049 = CARTESIAN_POINT ( 'NONE',  ( 25.72548412966900244, 16.10000000000000142, -53.57424256388659956 ) ) ;
#3050 = DIRECTION ( 'NONE',  ( 0.000000000000000000, -1.000000000000000000, 0.000000000000000000 ) ) ;
#3051 = CARTESIAN_POINT ( 'NONE',  ( -45.67122707623510536, 16.10000000000000142, -5.046038264045169086 ) ) ;
#3052 = EDGE_CURVE ( 'NONE', #1410, #5252, #2735, .T. ) ;
#3053 = FACE_OUTER_BOUND ( 'NONE', #5053, .T. ) ;
#3054 = CYLINDRICAL_SURFACE ( 'NONE', #5073, 67.99999999999995737 ) ;
#3055 = EDGE_LOOP ( 'NONE', ( #3254, #262 ) ) ;
#3056 = CARTESIAN_POINT ( 'NONE',  ( 0.000000000000000000, -14.90000000000000213, 0.000000000000000000 ) ) ;
#3057 = CARTESIAN_POINT ( 'NONE',  ( -24.53368544000644036, -14.60926033737324303, 22.07410971120909693 ) ) ;
#3058 = ORIENTED_EDGE ( 'NONE', *, *, #1, .F. ) ;
#3059 = VERTEX_POINT ( 'NONE', #5695 ) ;
#3060 = CIRCLE ( 'NONE', #4186, 7.500000000000000000 ) ;
#3061 = LINE ( 'NONE', #5329, #3495 ) ;
#3062 = ORIENTED_EDGE ( 'NONE', *, *, #5502, .F. ) ;
#3063 = SURFACE_SIDE_STYLE ('',( #1263 ) ) ;
#3064 = EDGE_CURVE ( 'NONE', #5649, #1547, #1484, .T. ) ;
#3065 = ADVANCED_FACE ( 'NONE', ( #4823, #2596, #1181, #1624 ), #4762, .T. ) ;
#3066 = VERTEX_POINT ( 'NONE', #3908 ) ;
#3067 = ORIENTED_EDGE ( 'NONE', *, *, #3234, .T. ) ;
#3068 = VECTOR ( 'NONE', #1917, 999.9999999999998863 ) ;
#3069 = CARTESIAN_POINT ( 'NONE',  ( -58.88972745734179881, 0.8333333333333350357, -34.00000000000000000 ) ) ;
#3070 = DIRECTION ( 'NONE',  ( -1.000000000000000000, 0.000000000000000000, 0.000000000000000000 ) ) ;
#3071 = DIRECTION ( 'NONE',  ( 1.000000000000000000, 0.000000000000000000, 0.000000000000000000 ) ) ;
#3072 = LINE ( 'NONE', #4461, #3458 ) ;
#3073 = CARTESIAN_POINT ( 'NONE',  ( -24.22220753623764722, 16.10000000000000142, -54.89339361044660137 ) ) ;
#3074 = EDGE_CURVE ( 'NONE', #5257, #2613, #3275, .T. ) ;
#3075 = DIRECTION ( 'NONE',  ( -0.6595755232801341350, 0.000000000000000000, 0.7516382967157391182 ) ) ;
#3076 = DIRECTION ( 'NONE',  ( 0.7516382967157391182, 0.000000000000000000, -0.6595755232801341350 ) ) ;
#3077 = ORIENTED_EDGE ( 'NONE', *, *, #1702, .T. ) ;
#3078 = LINE ( 'NONE', #1277, #3033 ) ;
#3079 = FACE_OUTER_BOUND ( 'NONE', #1456, .T. ) ;
#3080 = LINE ( 'NONE', #3559, #5112 ) ;
#3081 = LINE ( 'NONE', #4324, #3127 ) ;
#3082 = DIRECTION ( 'NONE',  ( -2.664535259100375697E-15, 0.000000000000000000, 1.000000000000000000 ) ) ;
#3083 = CARTESIAN_POINT ( 'NONE',  ( 64.29529758397124795, -0.05815101827309929194, -19.44712029825974753 ) ) ;
#3084 = AXIS2_PLACEMENT_3D ( 'NONE', #1437, #1963, #3270 ) ;
#3085 = EDGE_CURVE ( 'NONE', #4746, #244, #4508, .T. ) ;
#3086 = VERTEX_POINT ( 'NONE', #2626 ) ;
#3087 = CARTESIAN_POINT ( 'NONE',  ( -60.56962445606942680, -13.39948207387252843, -30.08890909916494749 ) ) ;
#3088 = CARTESIAN_POINT ( 'NONE',  ( -48.81510353558239501, 0.000000000000000000, -16.20936632444865211 ) ) ;
#3089 = ORIENTED_EDGE ( 'NONE', *, *, #1370, .T. ) ;
#3090 = CARTESIAN_POINT ( 'NONE',  ( 41.59765048796064946, -2.624574997356450279, -55.29187913739950488 ) ) ;
#3091 = ORIENTED_EDGE ( 'NONE', *, *, #1021, .T. ) ;
#3092 = CARTESIAN_POINT ( 'NONE',  ( 38.60100047522180233, 14.28670556295805305, -8.341031158813882129 ) ) ;
#3093 = CARTESIAN_POINT ( 'NONE',  ( 5.934095791836698552, -8.110022470281371909, -67.99999999999992895 ) ) ;
#3094 = DIRECTION ( 'NONE',  ( 0.000000000000000000, -1.000000000000000000, 0.000000000000000000 ) ) ;
#3095 = CARTESIAN_POINT ( 'NONE',  ( -18.60369249810390002, -8.633244374310779179, -64.57388890493260192 ) ) ;
#3096 = DIRECTION ( 'NONE',  ( 1.000000000000000000, 0.000000000000000000, 0.000000000000000000 ) ) ;
#3097 = DIRECTION ( 'NONE',  ( 0.000000000000000000, -1.000000000000000000, 0.000000000000000000 ) ) ;
#3098 = ORIENTED_EDGE ( 'NONE', *, *, #4740, .F. ) ;
#3099 = DIRECTION ( 'NONE',  ( 0.000000000000000000, 1.000000000000000000, 0.000000000000000000 ) ) ;
#3100 = CARTESIAN_POINT ( 'NONE',  ( -45.60017485852989694, 16.10000000000000142, -12.54570169531719870 ) ) ;
#3101 = EDGE_CURVE ( 'NONE', #3178, #227, #391, .T. ) ;
#3102 = B_SPLINE_CURVE_WITH_KNOTS ( 'NONE', 3,
 ( #461, #1887, #1832, #2753 ),
 .UNSPECIFIED., .F., .F.,
 ( 4, 4 ),
 ( 0.9586012999274852175, 1.000000000000000000 ),
 .UNSPECIFIED. ) ;
#3103 = ADVANCED_FACE ( 'NONE', ( #2174 ), #3122, .T. ) ;
#3104 = CYLINDRICAL_SURFACE ( 'NONE', #1427, 7.499999999999996447 ) ;
#3105 = CARTESIAN_POINT ( 'NONE',  ( -62.20242914741838547, 1.431597508944984609, -30.71079791075917598 ) ) ;
#3106 = CARTESIAN_POINT ( 'NONE',  ( -64.01873447576201670, 0.03276353160113559815, -22.92215429542961047 ) ) ;
#3107 = CARTESIAN_POINT ( 'NONE',  ( 58.59114660207919911, 16.10000000000000142, -30.38219116281240062 ) ) ;
#3108 = CIRCLE ( 'NONE', #4055, 62.00000000000002842 ) ;
#3109 = DIRECTION ( 'NONE',  ( 0.000000000000000000, 1.000000000000000000, 0.000000000000000000 ) ) ;
#3110 = DIRECTION ( 'NONE',  ( -0.9926956690917261295, 0.000000000000000000, 0.1206453835276359854 ) ) ;
#3111 = EDGE_LOOP ( 'NONE', ( #2496, #449, #1523, #4880, #4104, #2122, #3871, #1483, #4474, #4204, #1348, #2733, #1835, #5231, #1135, #3471, #3756, #1477, #5363, #5499, #5259, #2540, #1257, #1936, #4426, #349, #2615, #5199 ) ) ;
#3112 = EDGE_CURVE ( 'NONE', #4489, #3475, #2520, .T. ) ;
#3113 = DIRECTION ( 'NONE',  ( 0.000000000000000000, 1.000000000000000000, 0.000000000000000000 ) ) ;
#3114 = VECTOR ( 'NONE', #3867, 1000.000000000000000 ) ;
#3115 = CARTESIAN_POINT ( 'NONE',  ( 0.000000000000000000, 6.617763694974310162, -69.67405464645729296 ) ) ;
#3116 = ORIENTED_EDGE ( 'NONE', *, *, #5433, .T. ) ;
#3117 = CARTESIAN_POINT ( 'NONE',  ( 64.56234443629820419, -0.6599425396810290056, -26.38040201324105283 ) ) ;
#3118 = VERTEX_POINT ( 'NONE', #695 ) ;
#3119 = DIRECTION ( 'NONE',  ( 1.476141326126229024E-16, 0.000000000000000000, 1.000000000000000000 ) ) ;
#3120 = VECTOR ( 'NONE', #3050, 1000.000000000000000 ) ;
#3121 = EDGE_CURVE ( 'NONE', #2528, #3210, #1124, .T. ) ;
#3122 = B_SPLINE_SURFACE_WITH_KNOTS ( 'NONE', 3, 3, ( 
 ( #1239, #1152, #2952, #4857, #802, #4401, #2146 ),
 ( #358, #1651, #3967, #5786, #3455, #1714, #2088 ),
 ( #267, #3999, #1593, #4313, #2979, #4791, #743 ),
 ( #4339, #296, #3095, #5366, #4459, #1298, #2204 ),
 ( #3551, #2654, #862, #5818, #4912, #421, #1741 ),
 ( #5092, #660, #4646, #2865, #1945, #2891, #4260 ),
 ( #2418, #5578, #2449, #5127, #3764, #2925, #214 ) ),
 .UNSPECIFIED., .F., .F., .F.,
 ( 4, 1, 1, 1, 4 ),
 ( 4, 1, 1, 1, 4 ),
 ( -3.141592653589809991, -2.243994752462020070, -1.346396851334239919, -0.4487989502064569924, 3.574344597690109930E-10 ),
 ( 0.000000000000000000, 0.2805045524707320270, 0.5610091049414640541, 0.8415136574121960811, 1.122018209882929884 ),
 .UNSPECIFIED. ) ;
#3123 = CARTESIAN_POINT ( 'NONE',  ( -54.39802043194809045, 10.09999999999999964, -22.57154017501994758 ) ) ;
#3124 = CARTESIAN_POINT ( 'NONE',  ( 0.000000000000000000, -10.09999999999999964, 0.000000000000000000 ) ) ;
#3125 = VECTOR ( 'NONE', #4892, 1000.000000000000000 ) ;
#3126 = DIRECTION ( 'NONE',  ( 0.000000000000000000, 1.000000000000000000, 0.000000000000000000 ) ) ;
#3127 = VECTOR ( 'NONE', #1694, 1000.000000000000000 ) ;
#3128 = VERTEX_POINT ( 'NONE', #2481 ) ;
#3129 = VERTEX_POINT ( 'NONE', #2003 ) ;
#3130 = AXIS2_PLACEMENT_3D ( 'NONE', #1346, #5323, #5355 ) ;
#3131 = CARTESIAN_POINT ( 'NONE',  ( 0.000000000000000000, 6.617763694974310162, -69.67405464645729296 ) ) ;
#3132 = CARTESIAN_POINT ( 'NONE',  ( 7.357990982927789858, -5.019822574420899741, -68.44821527991489063 ) ) ;
#3133 = CARTESIAN_POINT ( 'NONE',  ( -45.67122707623510536, 10.09999999999999964, -5.046038264045169086 ) ) ;
#3134 = CARTESIAN_POINT ( 'NONE',  ( -61.03206363310744820, 3.458384502096606194, -31.50466178007054552 ) ) ;
#3135 = CARTESIAN_POINT ( 'NONE',  ( -60.50270011706645334, -13.38757435962327413, -31.04046783741054583 ) ) ;
#3136 = CARTESIAN_POINT ( 'NONE',  ( 54.07657161259250245, 0.000000000000000000, -11.59233766148770073 ) ) ;
#3137 = EDGE_CURVE ( 'NONE', #2013, #1236, #1767, .T. ) ;
#3138 = DIRECTION ( 'NONE',  ( 0.000000000000000000, 1.000000000000000000, 0.000000000000000000 ) ) ;
#3139 = DIRECTION ( 'NONE',  ( 0.7516382967157390071, 0.000000000000000000, 0.6595755232801340240 ) ) ;
#3140 = CARTESIAN_POINT ( 'NONE',  ( -60.57322436987606551, -13.40168527039190138, -30.11485797975905498 ) ) ;
#3141 = CARTESIAN_POINT ( 'NONE',  ( -7.309881818806389653, 8.022084346123758536, -67.99969411510689099 ) ) ;
#3142 = CYLINDRICAL_SURFACE ( 'NONE', #4738, 1.999999999999997335 ) ;
#3143 = VERTEX_POINT ( 'NONE', #1475 ) ;
#3144 = EDGE_CURVE ( 'NONE', #1996, #4489, #4704, .T. ) ;
#3145 = CARTESIAN_POINT ( 'NONE',  ( 42.41980899418465611, -3.055185865766594677, -56.38469779962370154 ) ) ;
#3146 = ORIENTED_EDGE ( 'NONE', *, *, #4628, .T. ) ;
#3147 = CARTESIAN_POINT ( 'NONE',  ( 41.55722372181075031, 10.09999999999999964, -11.31700122038487955 ) ) ;
#3148 = AXIS2_PLACEMENT_3D ( 'NONE', #5242, #5341, #1628 ) ;
#3149 = CARTESIAN_POINT ( 'NONE',  ( -25.72548412966900244, 16.10000000000000142, -53.57424256388659956 ) ) ;
#3150 = FACE_OUTER_BOUND ( 'NONE', #3288, .T. ) ;
#3151 = EDGE_CURVE ( 'NONE', #3003, #346, #5331, .T. ) ;
#3152 = LINE ( 'NONE', #5451, #1665 ) ;
#3153 = ORIENTED_EDGE ( 'NONE', *, *, #133, .F. ) ;
#3154 = ORIENTED_EDGE ( 'NONE', *, *, #2707, .F. ) ;
#3155 = CARTESIAN_POINT ( 'NONE',  ( -41.14094550164419672, 2.576763120803330143, -54.68482377228590252 ) ) ;
#3156 = DIRECTION ( 'NONE',  ( -0.9926956690917261295, 0.000000000000000000, 0.1206453835276359854 ) ) ;
#3157 = ADVANCED_FACE ( 'NONE', ( #4289, #3310 ), #126, .F. ) ;
#3158 = CARTESIAN_POINT ( 'NONE',  ( 59.97327416384196397, 11.41607161582310859, -28.92498124566301598 ) ) ;
#3159 = CARTESIAN_POINT ( 'NONE',  ( 64.19562986383930081, 0.002296115599336180126, -22.42590257681814947 ) ) ;
#3160 = FACE_OUTER_BOUND ( 'NONE', #302, .T. ) ;
#3161 = CYLINDRICAL_SURFACE ( 'NONE', #2341, 5.000000000000000888 ) ;
#3162 = CARTESIAN_POINT ( 'NONE',  ( 64.33350688458877187, 0.02969419515685211425, -22.03122048273402100 ) ) ;
#3163 = CIRCLE ( 'NONE', #3646, 32.99999999999999289 ) ;
#3164 = ORIENTED_EDGE ( 'NONE', *, *, #5357, .F. ) ;
#3165 = EDGE_CURVE ( 'NONE', #2366, #1644, #3956, .T. ) ;
#3166 = DIRECTION ( 'NONE',  ( 0.000000000000000000, 1.000000000000000000, 0.000000000000000000 ) ) ;
#3167 = CARTESIAN_POINT ( 'NONE',  ( -23.73898140921052757, -13.73627742952189124, 23.01814574117376466 ) ) ;
#3168 = FACE_OUTER_BOUND ( 'NONE', #4787, .T. ) ;
#3169 = ORIENTED_EDGE ( 'NONE', *, *, #2941, .T. ) ;
#3170 = CIRCLE ( 'NONE', #1007, 4.999999999999997335 ) ;
#3171 = CARTESIAN_POINT ( 'NONE',  ( 0.000000000000000000, -5.929477857069289648, -69.34447929695400603 ) ) ;
#3172 = ORIENTED_EDGE ( 'NONE', *, *, #5463, .T. ) ;
#3173 = EDGE_CURVE ( 'NONE', #2713, #4998, #1010, .T. ) ;
#3174 = DIRECTION ( 'NONE',  ( 0.7516382967157390071, 0.000000000000000000, 0.6595755232801340240 ) ) ;
#3175 = AXIS2_PLACEMENT_3D ( 'NONE', #4099, #3296, #2371 ) ;
#3176 = CARTESIAN_POINT ( 'NONE',  ( 45.67122707623510536, 16.10000000000000142, -5.046038264045169086 ) ) ;
#3177 = DIRECTION ( 'NONE',  ( 0.000000000000000000, -1.000000000000000000, 0.000000000000000000 ) ) ;
#3178 = VERTEX_POINT ( 'NONE', #601 ) ;
#3179 = DIRECTION ( 'NONE',  ( 0.000000000000000000, -1.000000000000000000, 0.000000000000000000 ) ) ;
#3180 = CIRCLE ( 'NONE', #1112, 2.000000000000000444 ) ;
#3181 = ORIENTED_EDGE ( 'NONE', *, *, #164, .F. ) ;
#3182 = VERTEX_POINT ( 'NONE', #3341 ) ;
#3183 = DIRECTION ( 'NONE',  ( 0.000000000000000000, 1.000000000000000000, 0.000000000000000000 ) ) ;
#3184 = DIRECTION ( 'NONE',  ( -0.7516382967157390071, 0.000000000000000000, 0.6595755232801340240 ) ) ;
#3185 = CARTESIAN_POINT ( 'NONE',  ( -62.10066032857124441, 1.311071150739187896, -30.76950534489593636 ) ) ;
#3186 = CARTESIAN_POINT ( 'NONE',  ( 58.88972745734179881, 10.09999999999999964, -34.00000000000000000 ) ) ;
#3187 = LINE ( 'NONE', #4109, #5226 ) ;
#3188 = EDGE_CURVE ( 'NONE', #5385, #5236, #5156, .T. ) ;
#3189 = CARTESIAN_POINT ( 'NONE',  ( -59.47536296208700435, 16.10000000000000142, -20.77693915205080089 ) ) ;
#3190 = PRODUCT_DEFINITION_FORMATION_WITH_SPECIFIED_SOURCE ( 'ANY', '', #3603, .NOT_KNOWN. ) ;
#3191 = DIRECTION ( 'NONE',  ( -0.6595755232801335799, 0.000000000000000000, -0.7516382967157394512 ) ) ;
#3192 = ORIENTED_EDGE ( 'NONE', *, *, #773, .T. ) ;
#3193 = VERTEX_POINT ( 'NONE', #4170 ) ;
#3194 = CARTESIAN_POINT ( 'NONE',  ( -59.47536296208700435, 10.09999999999999964, -20.77693915205080089 ) ) ;
#3195 = CARTESIAN_POINT ( 'NONE',  ( 51.43826951947196591, -4.898587196589412829E-16, -8.585784474624745144 ) ) ;
#3196 = CARTESIAN_POINT ( 'NONE',  ( 26.17509153714900094, 16.10000000000000142, -55.32495366302847373 ) ) ;
#3197 = CIRCLE ( 'NONE', #1784, 12.38597862740635414 ) ;
#3198 = ORIENTED_EDGE ( 'NONE', *, *, #58, .T. ) ;
#3199 = CARTESIAN_POINT ( 'NONE',  ( 65.33668684489730083, 0.2497169939462325350, -18.84566137260309659 ) ) ;
#3200 = CIRCLE ( 'NONE', #5488, 2.000000000000003997 ) ;
#3201 = EDGE_LOOP ( 'NONE', ( #4846, #2708 ) ) ;
#3202 = CARTESIAN_POINT ( 'NONE',  ( -57.37444922899317135, 0.000000000000000000, -15.35052914506639610 ) ) ;
#3203 = EDGE_CURVE ( 'NONE', #5570, #4809, #264, .T. ) ;
#3204 = DIRECTION ( 'NONE',  ( 0.9978788618232538044, 0.000000000000000000, -0.06509821139115595789 ) ) ;
#3205 = DIRECTION ( 'NONE',  ( 0.000000000000000000, 1.000000000000000000, 0.000000000000000000 ) ) ;
#3206 = VERTEX_POINT ( 'NONE', #1037 ) ;
#3207 = AXIS2_PLACEMENT_3D ( 'NONE', #538, #4611, #150 ) ;
#3208 = CARTESIAN_POINT ( 'NONE',  ( 62.64476906583256266, -3.298200098593944141, -26.75856238220936945 ) ) ;
#3209 = ORIENTED_EDGE ( 'NONE', *, *, #384, .F. ) ;
#3210 = VERTEX_POINT ( 'NONE', #2386 ) ;
#3211 = B_SPLINE_CURVE_WITH_KNOTS ( 'NONE', 3,
 ( #3829, #4652, #3318, #1512 ),
 .UNSPECIFIED., .F., .F.,
 ( 4, 4 ),
 ( 1.047200684921019365, 1.226951720603645324 ),
 .UNSPECIFIED. ) ;
#3212 = ADVANCED_FACE ( 'NONE', ( #4196 ), #2120, .T. ) ;
#3213 = CARTESIAN_POINT ( 'NONE',  ( -7.454212289350840237, 7.591498983587030125, -69.34297707317820425 ) ) ;
#3214 = AXIS2_PLACEMENT_3D ( 'NONE', #981, #4580, #1035 ) ;
#3215 = CARTESIAN_POINT ( 'NONE',  ( -59.91370103479260223, -11.91969613147371732, -28.85709296953959679 ) ) ;
#3216 = VECTOR ( 'NONE', #5495, 999.9999999999998863 ) ;
#3217 = CARTESIAN_POINT ( 'NONE',  ( -61.88189837464445731, 3.004965123664292470, -30.90176317755116386 ) ) ;
#3218 = CARTESIAN_POINT ( 'NONE',  ( 0.000000000000000000, 16.10000000000000142, 0.000000000000000000 ) ) ;
#3219 = CARTESIAN_POINT ( 'NONE',  ( 47.67122707623510536, -10.09999999999999964, -5.046038264045169086 ) ) ;
#3220 = DIRECTION ( 'NONE',  ( 0.3289878516042700207, 0.000000000000000000, 0.9443341535160141298 ) ) ;
#3221 = CARTESIAN_POINT ( 'NONE',  ( 64.19562986383930081, 0.002296115599336180126, -22.42590257681814947 ) ) ;
#3222 = AXIS2_PLACEMENT_3D ( 'NONE', #1049, #5075, #1898 ) ;
#3223 = ORIENTED_EDGE ( 'NONE', *, *, #806, .T. ) ;
#3224 = ORIENTED_EDGE ( 'NONE', *, *, #527, .T. ) ;
#3225 = CIRCLE ( 'NONE', #3422, 12.38597862740635414 ) ;
#3226 = CARTESIAN_POINT ( 'NONE',  ( 0.000000000000000000, 16.10000000000000142, 0.000000000000000000 ) ) ;
#3227 = EDGE_CURVE ( 'NONE', #2851, #5806, #2703, .T. ) ;
#3228 = PLANE ( 'NONE',  #4458 ) ;
#3229 = LINE ( 'NONE', #4237, #3413 ) ;
#3230 = EDGE_LOOP ( 'NONE', ( #5478, #2083, #2223, #1947, #2102, #4722 ) ) ;
#3231 = CARTESIAN_POINT ( 'NONE',  ( 63.31081984735619983, -0.2293316712708809990, -25.86921098387690066 ) ) ;
#3232 = ORIENTED_EDGE ( 'NONE', *, *, #4460, .T. ) ;
#3233 = FACE_OUTER_BOUND ( 'NONE', #1487, .T. ) ;
#3234 = EDGE_CURVE ( 'NONE', #2072, #1262, #5611, .T. ) ;
#3235 = CARTESIAN_POINT ( 'NONE',  ( -58.59114660207919911, 0.000000000000000000, -30.38219116281240062 ) ) ;
#3236 = FACE_BOUND ( 'NONE', #1794, .T. ) ;
#3237 = ORIENTED_EDGE ( 'NONE', *, *, #1693, .T. ) ;
#3238 = EDGE_CURVE ( 'NONE', #1822, #734, #1681, .T. ) ;
#3239 = CYLINDRICAL_SURFACE ( 'NONE', #4742, 4.999999999999997335 ) ;
#3240 = CARTESIAN_POINT ( 'NONE',  ( -25.02961445411220254, 16.10000000000000142, -56.72317339746160059 ) ) ;
#3241 = ORIENTED_EDGE ( 'NONE', *, *, #4377, .T. ) ;
#3242 = EDGE_LOOP ( 'NONE', ( #52, #3958 ) ) ;
#3243 = CARTESIAN_POINT ( 'NONE',  ( 59.10535507351882245, -3.805071285466008479, -33.62652201326630319 ) ) ;
#3244 = CARTESIAN_POINT ( 'NONE',  ( 62.06015407908879666, -0.6599170338075980302, -25.35825548067144908 ) ) ;
#3245 = DIRECTION ( 'NONE',  ( 0.000000000000000000, -1.000000000000000000, 0.000000000000000000 ) ) ;
#3246 = EDGE_CURVE ( 'NONE', #964, #1860, #4700, .T. ) ;
#3247 = LINE ( 'NONE', #92, #3309 ) ;
#3248 = LINE ( 'NONE', #4734, #2277 ) ;
#3249 = AXIS2_PLACEMENT_3D ( 'NONE', #3100, #2509, #1721 ) ;
#3250 = CARTESIAN_POINT ( 'NONE',  ( -60.09442319551060052, 0.000000000000000000, -29.06304011625210038 ) ) ;
#3251 = DIRECTION ( 'NONE',  ( 0.6595755232801341350, 0.000000000000000000, -0.7516382967157388961 ) ) ;
#3252 = CARTESIAN_POINT ( 'NONE',  ( 39.13909823438120839, 11.22222187883754607, -55.92266770460683745 ) ) ;
#3253 = ORIENTED_EDGE ( 'NONE', *, *, #5369, .T. ) ;
#3254 = ORIENTED_EDGE ( 'NONE', *, *, #1356, .F. ) ;
#3255 = LINE ( 'NONE', #5464, #966 ) ;
#3256 = CARTESIAN_POINT ( 'NONE',  ( 0.000000000000000000, 16.10000000000000142, 0.000000000000000000 ) ) ;
#3257 = CARTESIAN_POINT ( 'NONE',  ( 0.000000000000000000, -16.10000000000000142, 0.000000000000000000 ) ) ;
#3258 = LINE ( 'NONE', #934, #5370 ) ;
#3259 = ORIENTED_EDGE ( 'NONE', *, *, #1958, .T. ) ;
#3260 = EDGE_CURVE ( 'NONE', #1194, #3517, #3971, .T. ) ;
#3261 = CARTESIAN_POINT ( 'NONE',  ( 62.89378812115470652, -0.2293274202919755311, -25.69885322844854869 ) ) ;
#3262 = ORIENTED_EDGE ( 'NONE', *, *, #5419, .F. ) ;
#3263 = DIRECTION ( 'NONE',  ( 0.7516382967157391182, 0.000000000000000000, -0.6595755232801341350 ) ) ;
#3264 = DIRECTION ( 'NONE',  ( 0.000000000000000000, -1.000000000000000000, 0.000000000000000000 ) ) ;
#3265 = CARTESIAN_POINT ( 'NONE',  ( 64.45392548359414775, -2.799074611843024751, -20.30658617547918965 ) ) ;
#3266 = VERTEX_POINT ( 'NONE', #1274 ) ;
#3267 = CARTESIAN_POINT ( 'NONE',  ( -64.07412119922632598, 3.020026197135799784, -22.74692867723893386 ) ) ;
#3268 = AXIS2_PLACEMENT_3D ( 'NONE', #2714, #2, #3635 ) ;
#3269 = AXIS2_PLACEMENT_3D ( 'NONE', #462, #4062, #13 ) ;
#3270 = DIRECTION ( 'NONE',  ( -0.9715802785332849911, 0.000000000000000000, -0.2367102920558898094 ) ) ;
#3271 = VERTEX_POINT ( 'NONE', #2568 ) ;
#3272 = VERTEX_POINT ( 'NONE', #1212 ) ;
#3273 = FACE_OUTER_BOUND ( 'NONE', #3844, .T. ) ;
#3274 = DIRECTION ( 'NONE',  ( 0.000000000000000000, 1.000000000000000000, 0.000000000000000000 ) ) ;
#3275 = CIRCLE ( 'NONE', #3855, 1.999999999999997335 ) ;
#3276 = DIRECTION ( 'NONE',  ( 0.000000000000000000, 1.000000000000000000, 0.000000000000000000 ) ) ;
#3277 = FACE_OUTER_BOUND ( 'NONE', #4444, .T. ) ;
#3278 = CARTESIAN_POINT ( 'NONE',  ( 45.67122707623510536, 16.10000000000000142, -5.046038264045169086 ) ) ;
#3279 = CIRCLE ( 'NONE', #4127, 68.00000000000001421 ) ;
#3280 = ADVANCED_FACE ( 'NONE', ( #5342 ), #4378, .F. ) ;
#3281 = CARTESIAN_POINT ( 'NONE',  ( 28.86090182961259387, 7.444444199169680587, -61.85678717312988795 ) ) ;
#3282 = DIRECTION ( 'NONE',  ( -0.4663903252160476742, -0.7071067811865483499, 0.5314885366072050754 ) ) ;
#3283 = VERTEX_POINT ( 'NONE', #3493 ) ;
#3284 = DIRECTION ( 'NONE',  ( 0.000000000000000000, 1.000000000000000000, 0.000000000000000000 ) ) ;
#3285 = CARTESIAN_POINT ( 'NONE',  ( 25.00000000000000000, 16.10000000000000142, -3.061616997868383043E-15 ) ) ;
#3286 = CARTESIAN_POINT ( 'NONE',  ( -19.83539178195109187, -9.300892948170689678, 28.47338490852940041 ) ) ;
#3287 = CARTESIAN_POINT ( 'NONE',  ( 39.40525960507399361, -16.10000000000000142, 2.094525554754359753 ) ) ;
#3288 = EDGE_LOOP ( 'NONE', ( #1851, #1570, #5204, #1086 ) ) ;
#3289 = EDGE_CURVE ( 'NONE', #1578, #2798, #4344, .T. ) ;
#3290 = CARTESIAN_POINT ( 'NONE',  ( 63.72791217427360522, -1.633652322420339864, -18.38162770130034929 ) ) ;
#3291 = ORIENTED_EDGE ( 'NONE', *, *, #1160, .F. ) ;
#3292 = VECTOR ( 'NONE', #310, 999.9999999999998863 ) ;
#3293 = LINE ( 'NONE', #79, #4748 ) ;
#3295 = VECTOR ( 'NONE', #2711, 999.9999999999998863 ) ;
#3294 = PLANE ( 'NONE',  #4145 ) ;
#3296 = DIRECTION ( 'NONE',  ( 0.7516382967157390071, 0.000000000000000000, -0.6595755232801340240 ) ) ;
#3297 = EDGE_LOOP ( 'NONE', ( #5217, #5246 ) ) ;
#3298 = CARTESIAN_POINT ( 'NONE',  ( 60.46323874708141233, 13.32127426542974646, -29.66833037825314179 ) ) ;
#3299 = CARTESIAN_POINT ( 'NONE',  ( 32.04813318657799925, 16.10000000000000142, -50.16651327011899753 ) ) ;
#3300 = EDGE_CURVE ( 'NONE', #918, #1374, #4600, .T. ) ;
#3301 = ORIENTED_EDGE ( 'NONE', *, *, #1601, .F. ) ;
#3302 = VERTEX_POINT ( 'NONE', #331 ) ;
#3303 = CARTESIAN_POINT ( 'NONE',  ( 58.88972745734179881, -3.833333333333340143, -34.00000000000000000 ) ) ;
#3304 = CARTESIAN_POINT ( 'NONE',  ( 41.32367738585355710, -2.624570746377524966, -54.92771223203600073 ) ) ;
#3305 = CARTESIAN_POINT ( 'NONE',  ( -60.06773020006974662, 0.7253225576452715373, -32.40229373902077725 ) ) ;
#3306 = DIRECTION ( 'NONE',  ( 0.7516382967157391182, 0.000000000000000000, 0.6595755232801341350 ) ) ;
#3307 = ADVANCED_FACE ( 'NONE', ( #299 ), #2222, .T. ) ;
#3308 = DIRECTION ( 'NONE',  ( -0.9764420004556761956, 0.000000000000000000, -0.2157800262909368716 ) ) ;
#3309 = VECTOR ( 'NONE', #2381, 1000.000000000000000 ) ;
#3310 = FACE_OUTER_BOUND ( 'NONE', #4870, .T. ) ;
#3311 = PLANE ( 'NONE',  #5540 ) ;
#3312 = EDGE_LOOP ( 'NONE', ( #5105, #205, #4334, #2321 ) ) ;
#3313 = CARTESIAN_POINT ( 'NONE',  ( -64.47563348477659417, -0.08834032575808710430, -20.77707026145147751 ) ) ;
#3314 = AXIS2_PLACEMENT_3D ( 'NONE', #574, #1862, #1890 ) ;
#3315 = DIRECTION ( 'NONE',  ( 0.000000000000000000, 0.6008378190594427792, -0.7993709496772398726 ) ) ;
#3316 = DIRECTION ( 'NONE',  ( 0.000000000000000000, -1.000000000000000000, 0.000000000000000000 ) ) ;
#3317 = EDGE_CURVE ( 'NONE', #5814, #3390, #5378, .T. ) ;
#3318 = CARTESIAN_POINT ( 'NONE',  ( 62.64455593784467879, -0.2981653944334552997, -26.75863884472424914 ) ) ;
#3319 = AXIS2_PLACEMENT_3D ( 'NONE', #667, #5646, #1574 ) ;
#3320 = ORIENTED_EDGE ( 'NONE', *, *, #817, .T. ) ;
#3321 = COLOUR_RGB ( '',0.7921568627450980005, 0.8196078431372548767, 0.9333333333333333481 ) ;
#3322 = DIRECTION ( 'NONE',  ( 1.000000000000000000, 0.000000000000000000, 0.000000000000000000 ) ) ;
#3323 = VECTOR ( 'NONE', #1446, 1000.000000000000000 ) ;
#3324 = ORIENTED_EDGE ( 'NONE', *, *, #1198, .F. ) ;
#3325 = UNCERTAINTY_MEASURE_WITH_UNIT (LENGTH_MEASURE( 1.000000000000000082E-05 ), #5813, 'distance_accuracy_value', 'NONE');
#3326 = CARTESIAN_POINT ( 'NONE',  ( -25.14606524365203555, 0.000000000000000000, -42.30106282611625801 ) ) ;
#3327 = EDGE_CURVE ( 'NONE', #3621, #1560, #2661, .T. ) ;
#3328 = CARTESIAN_POINT ( 'NONE',  ( 44.15194890769519986, 10.09999999999999964, -0.2824478275573424901 ) ) ;
#3329 = DIRECTION ( 'NONE',  ( 0.000000000000000000, -1.000000000000000000, 0.000000000000000000 ) ) ;
#3330 = ORIENTED_EDGE ( 'NONE', *, *, #1654, .F. ) ;
#3331 = DIRECTION ( 'NONE',  ( 0.000000000000000000, -1.000000000000000000, 0.000000000000000000 ) ) ;
#3332 = CARTESIAN_POINT ( 'NONE',  ( 60.92508428777179574, -3.565215466422028356, -30.47053547671536933 ) ) ;
#3333 = VERTEX_POINT ( 'NONE', #5371 ) ;
#3334 = ORIENTED_EDGE ( 'NONE', *, *, #337, .F. ) ;
#3335 = ORIENTED_EDGE ( 'NONE', *, *, #4341, .F. ) ;
#3336 = CARTESIAN_POINT ( 'NONE',  ( -60.57553085665421833, -10.48287058686044126, -30.13271697815475036 ) ) ;
#3337 = ADVANCED_FACE ( 'NONE', ( #1745 ), #1304, .F. ) ;
#3338 = CARTESIAN_POINT ( 'NONE',  ( 64.86711403970319623, -2.111889554877055097, -26.50538020113970106 ) ) ;
#3339 = CARTESIAN_POINT ( 'NONE',  ( -45.67122707623510536, 10.09999999999999964, -5.046038264045169086 ) ) ;
#3340 = CARTESIAN_POINT ( 'NONE',  ( -24.22220753623764722, -16.10000000000000142, -54.89339361044660137 ) ) ;
#3341 = CARTESIAN_POINT ( 'NONE',  ( -60.57687146724151717, -10.48203998796840963, -30.14113069876296791 ) ) ;
#3342 = CARTESIAN_POINT ( 'NONE',  ( 64.47536296208700435, 16.10000000000000142, -20.77693915205080089 ) ) ;
#3343 = ORIENTED_EDGE ( 'NONE', *, *, #4958, .F. ) ;
#3344 = CARTESIAN_POINT ( 'NONE',  ( -14.94611968432550064, 13.10000000000000142, -30.67742089853485155 ) ) ;
#3345 = CARTESIAN_POINT ( 'NONE',  ( -32.04813318657799925, -16.10000000000000142, -50.16651327011899753 ) ) ;
#3346 = CARTESIAN_POINT ( 'NONE',  ( 64.85374907454263393, -2.587824154381442643, -23.87378083969819187 ) ) ;
#3347 = FACE_OUTER_BOUND ( 'NONE', #4301, .T. ) ;
#3348 = AXIS2_PLACEMENT_3D ( 'NONE', #4861, #2631, #4379 ) ;
#3349 = VERTEX_POINT ( 'NONE', #423 ) ;
#3350 = EDGE_CURVE ( 'NONE', #1451, #1814, #2901, .T. ) ;
#3351 = ORIENTED_EDGE ( 'NONE', *, *, #4341, .T. ) ;
#3352 = CARTESIAN_POINT ( 'NONE',  ( -7.229778767501529479, 4.972006446888880049, -67.25355137267800387 ) ) ;
#3353 = ORIENTED_EDGE ( 'NONE', *, *, #3732, .T. ) ;
#3354 = ORIENTED_EDGE ( 'NONE', *, *, #2091, .T. ) ;
#3355 = CARTESIAN_POINT ( 'NONE',  ( 50.67122707623509825, 16.10000000000000142, -5.046038264045169086 ) ) ;
#3356 = ADVANCED_FACE ( 'NONE', ( #2727 ), #2783, .F. ) ;
#3357 = CARTESIAN_POINT ( 'NONE',  ( -58.59114660207919911, -10.09999999999999964, -30.38219116281240062 ) ) ;
#3358 = EDGE_CURVE ( 'NONE', #3025, #1822, #3571, .T. ) ;
#3359 = ORIENTED_EDGE ( 'NONE', *, *, #613, .T. ) ;
#3360 = AXIS2_PLACEMENT_3D ( 'NONE', #2147, #3968, #3397 ) ;
#3361 = CARTESIAN_POINT ( 'NONE',  ( -25.00000000000000000, 16.10000000000000142, 0.000000000000000000 ) ) ;
#3362 = CARTESIAN_POINT ( 'NONE',  ( 43.23218663921680616, -10.09999999999999964, -9.847192473877310448 ) ) ;
#3363 = VERTEX_POINT ( 'NONE', #5009 ) ;
#3364 = ORIENTED_EDGE ( 'NONE', *, *, #3151, .T. ) ;
#3365 = CARTESIAN_POINT ( 'NONE',  ( 39.40525960507399361, -10.09999999999999964, 2.094525554754359753 ) ) ;
#3366 = CARTESIAN_POINT ( 'NONE',  ( -60.41417334221267765, -10.66943439272160710, -29.55360439330020128 ) ) ;
#3367 = AXIS2_PLACEMENT_3D ( 'NONE', #5174, #1115, #2911 ) ;
#3368 = CARTESIAN_POINT ( 'NONE',  ( 58.88972745734179881, -10.09999999999999964, -34.00000000000000000 ) ) ;
#3369 = CARTESIAN_POINT ( 'NONE',  ( -54.07657161259250245, 0.000000000000000000, -11.59233766148770073 ) ) ;
#3370 = DIRECTION ( 'NONE',  ( -0.6595755232801341350, 0.000000000000000000, -0.7516382967157388961 ) ) ;
#3371 = CARTESIAN_POINT ( 'NONE',  ( 52.27931726906835053, 9.388888398339361174, -43.88720496546246608 ) ) ;
#3372 = DIRECTION ( 'NONE',  ( 0.7516382967157390071, 0.000000000000000000, -0.6595755232801340240 ) ) ;
#3373 = ORIENTED_EDGE ( 'NONE', *, *, #3987, .F. ) ;
#3374 = CARTESIAN_POINT ( 'NONE',  ( -64.01045591061883044, 1.975564861922096238, -18.67120284637455896 ) ) ;
#3375 = LINE ( 'NONE', #2453, #98 ) ;
#3376 = CARTESIAN_POINT ( 'NONE',  ( 64.84452609677555301, -0.5463956637787784620, -23.86327052957474848 ) ) ;
#3377 = FACE_BOUND ( 'NONE', #32, .T. ) ;
#3378 = EDGE_CURVE ( 'NONE', #1089, #1146, #2809, .T. ) ;
#3379 = ORIENTED_EDGE ( 'NONE', *, *, #125, .T. ) ;
#3380 = ORIENTED_EDGE ( 'NONE', *, *, #3567, .F. ) ;
#3381 = CARTESIAN_POINT ( 'NONE',  ( 23.47923968381590498, -13.44672750770637215, 23.33719566819283742 ) ) ;
#3382 = EDGE_LOOP ( 'NONE', ( #5753, #5416, #3830, #1722 ) ) ;
#3383 = EDGE_LOOP ( 'NONE', ( #990, #935, #2500, #2408 ) ) ;
#3384 = DIRECTION ( 'NONE',  ( 0.000000000000000000, 1.000000000000000000, 0.000000000000000000 ) ) ;
#3385 = ORIENTED_EDGE ( 'NONE', *, *, #2383, .T. ) ;
#3386 = CARTESIAN_POINT ( 'NONE',  ( -64.00119431748970555, 0.03158843698610735301, -22.90222749541804603 ) ) ;
#3387 = CARTESIAN_POINT ( 'NONE',  ( 58.88972745734178460, 0.000000000000000000, -34.00000000000000000 ) ) ;
#3388 = EDGE_CURVE ( 'NONE', #43, #4829, #2272, .T. ) ;
#3389 = VERTEX_POINT ( 'NONE', #932 ) ;
#3390 = VERTEX_POINT ( 'NONE', #3649 ) ;
#3391 = ORIENTED_EDGE ( 'NONE', *, *, #748, .F. ) ;
#3392 = AXIS2_PLACEMENT_3D ( 'NONE', #1998, #1562, #4583 ) ;
#3393 = DIRECTION ( 'NONE',  ( 0.9978788618232538044, 0.000000000000000000, -0.06509821139115595789 ) ) ;
#3394 = CARTESIAN_POINT ( 'NONE',  ( 62.39228157131272923, -2.163430916488508604, -30.60605886214115401 ) ) ;
#3395 = DIRECTION ( 'NONE',  ( 0.000000000000000000, -1.000000000000000000, 0.000000000000000000 ) ) ;
#3396 = AXIS2_PLACEMENT_3D ( 'NONE', #5816, #419, #2202 ) ;
#3397 = DIRECTION ( 'NONE',  ( 0.8660254037844383745, 0.000000000000000000, -0.5000000000000003331 ) ) ;
#3398 = ADVANCED_BREP_SHAPE_REPRESENTATION ( 'Big_Drum_Hip', ( #4027, #4808 ), #4327 ) ;
#3399 = DIRECTION ( 'NONE',  ( -0.3609320017625394228, 0.000000000000000000, -0.9325921349141254035 ) ) ;
#3400 = EDGE_CURVE ( 'NONE', #141, #737, #5493, .T. ) ;
#3401 = DIRECTION ( 'NONE',  ( 0.000000000000000000, -1.000000000000000000, 0.000000000000000000 ) ) ;
#3402 = DIRECTION ( 'NONE',  ( 0.000000000000000000, 1.000000000000000000, 0.000000000000000000 ) ) ;
#3403 = VERTEX_POINT ( 'NONE', #1836 ) ;
#3404 = CARTESIAN_POINT ( 'NONE',  ( -63.89914108646231483, 1.424020836714597227, -18.44663686519743351 ) ) ;
#3405 = DIRECTION ( 'NONE',  ( 0.000000000000000000, -1.000000000000000000, 0.000000000000000000 ) ) ;
#3406 = CARTESIAN_POINT ( 'NONE',  ( 20.25570264673055121, -5.049999999999999822, -36.72810918709649997 ) ) ;
#3407 = FACE_OUTER_BOUND ( 'NONE', #828, .T. ) ;
#3408 = VECTOR ( 'NONE', #2097, 1000.000000000000000 ) ;
#3409 = VERTEX_POINT ( 'NONE', #5066 ) ;
#3410 = AXIS2_PLACEMENT_3D ( 'NONE', #3915, #1748, #5314 ) ;
#3411 = EDGE_CURVE ( 'NONE', #2348, #2555, #3255, .T. ) ;
#3412 = CARTESIAN_POINT ( 'NONE',  ( 20.76301613986467132, -10.35351120876127773, 27.02713818576623339 ) ) ;
#3413 = VECTOR ( 'NONE', #4296, 999.9999999999998863 ) ;
#3414 = ORIENTED_EDGE ( 'NONE', *, *, #5558, .F. ) ;
#3415 = VECTOR ( 'NONE', #1403, 1000.000000000000000 ) ;
#3416 = ORIENTED_EDGE ( 'NONE', *, *, #3101, .F. ) ;
#3417 = PLANE ( 'NONE',  #945 ) ;
#3418 = ADVANCED_FACE ( 'NONE', ( #958 ), #2331, .F. ) ;
#3419 = VERTEX_POINT ( 'NONE', #490 ) ;
#3420 = VECTOR ( 'NONE', #3316, 1000.000000000000000 ) ;
#3421 = CARTESIAN_POINT ( 'NONE',  ( 18.94744034015755219, 9.750023210554360276, -65.76697189023279577 ) ) ;
#3422 = AXIS2_PLACEMENT_3D ( 'NONE', #4086, #1972, #151 ) ;
#3423 = CARTESIAN_POINT ( 'NONE',  ( 53.70832051885016512, 0.000000000000000000, -17.23719294147111469 ) ) ;
#3424 = ORIENTED_EDGE ( 'NONE', *, *, #4944, .F. ) ;
#3425 = ORIENTED_EDGE ( 'NONE', *, *, #5577, .T. ) ;
#3426 = ORIENTED_EDGE ( 'NONE', *, *, #5017, .T. ) ;
#3427 = DIRECTION ( 'NONE',  ( 0.000000000000000000, 1.000000000000000000, 0.000000000000000000 ) ) ;
#3428 = CARTESIAN_POINT ( 'NONE',  ( 61.96565919339430906, -1.175871293054727929, -30.84916740834021809 ) ) ;
#3429 = CARTESIAN_POINT ( 'NONE',  ( -39.76488692008848602, 12.16599151826459035, -10.14115635160136542 ) ) ;
#3430 = DIRECTION ( 'NONE',  ( 0.000000000000000000, -1.000000000000000000, 0.000000000000000000 ) ) ;
#3431 = DIRECTION ( 'NONE',  ( -0.7516382967157390071, 0.000000000000000000, -0.6595755232801340240 ) ) ;
#3432 = DIRECTION ( 'NONE',  ( -1.000000000000000000, 0.000000000000000000, 0.000000000000000000 ) ) ;
#3433 = CARTESIAN_POINT ( 'NONE',  ( -62.38597862740635946, -4.900000000000001243, 54.74476843225106393 ) ) ;
#3434 = DIRECTION ( 'NONE',  ( -0.6595755232801335799, 0.000000000000000000, -0.7516382967157394512 ) ) ;
#3435 = EDGE_CURVE ( 'NONE', #1508, #2659, #100, .T. ) ;
#3436 = CARTESIAN_POINT ( 'NONE',  ( -63.96751734815311607, 1.832038442966156477, -18.58120186230070203 ) ) ;
#3437 = DIRECTION ( 'NONE',  ( -0.9926956690917261295, 0.000000000000000000, 0.1206453835276359854 ) ) ;
#3438 = CARTESIAN_POINT ( 'NONE',  ( 64.37908606996936101, -2.998787236162769432, -23.33286493290837527 ) ) ;
#3439 = CARTESIAN_POINT ( 'NONE',  ( -57.95608479354699938, 10.09999999999999964, -16.01334871556300143 ) ) ;
#3440 = ORIENTED_EDGE ( 'NONE', *, *, #5282, .T. ) ;
#3441 = ORIENTED_EDGE ( 'NONE', *, *, #4017, .F. ) ;
#3442 = CARTESIAN_POINT ( 'NONE',  ( 18.50686032875701059, -7.842497370509097898, 30.75717167744213398 ) ) ;
#3443 = EDGE_LOOP ( 'NONE', ( #3496, #3089, #5523, #976 ) ) ;
#3444 = EDGE_CURVE ( 'NONE', #3182, #2902, #4649, .T. ) ;
#3445 = ORIENTED_EDGE ( 'NONE', *, *, #2974, .T. ) ;
#3446 = LINE ( 'NONE', #4812, #3778 ) ;
#3447 = VERTEX_POINT ( 'NONE', #2305 ) ;
#3448 = CARTESIAN_POINT ( 'NONE',  ( 60.45504800286030189, 10.64838589254262047, -29.11206512121789913 ) ) ;
#3449 = FACE_OUTER_BOUND ( 'NONE', #4713, .T. ) ;
#3450 = VERTEX_POINT ( 'NONE', #1479 ) ;
#3451 = EDGE_CURVE ( 'NONE', #3843, #87, #2935, .T. ) ;
#3452 = ORIENTED_EDGE ( 'NONE', *, *, #3378, .T. ) ;
#3453 = CARTESIAN_POINT ( 'NONE',  ( 39.40525960507399361, 16.10000000000000142, 2.094525554754359753 ) ) ;
#3454 = CARTESIAN_POINT ( 'NONE',  ( 61.62114430415174837, -0.9713416828564410688, -31.07064347099147028 ) ) ;
#3455 = CARTESIAN_POINT ( 'NONE',  ( -51.03395807923839556, -9.250069631181728980, -45.60521033551629699 ) ) ;
#3456 = LINE ( 'NONE', #1685, #2327 ) ;
#3457 = CARTESIAN_POINT ( 'NONE',  ( -64.01969771060350922, 3.032280414925240031, -22.92331357031414996 ) ) ;
#3458 = VECTOR ( 'NONE', #3578, 1000.000000000000000 ) ;
#3459 = CARTESIAN_POINT ( 'NONE',  ( 57.23069466568022534, -1.472250817217991559, -15.18670948939387344 ) ) ;
#3460 = PLANE ( 'NONE',  #1182 ) ;
#3461 = ORIENTED_EDGE ( 'NONE', *, *, #3488, .T. ) ;
#3462 = CARTESIAN_POINT ( 'NONE',  ( -24.22220753623764722, 16.10000000000000142, -54.89339361044660137 ) ) ;
#3463 = CARTESIAN_POINT ( 'NONE',  ( 52.46675317670389660, -10.09999999999999964, -6.725569453945319687 ) ) ;
#3464 = CARTESIAN_POINT ( 'NONE',  ( 0.000000000000000000, 10.09999999999999964, 0.000000000000000000 ) ) ;
#3465 = CARTESIAN_POINT ( 'NONE',  ( -20.54417268992196099, 0.000000000000000000, -47.66972978579296694 ) ) ;
#3466 = AXIS2_PLACEMENT_3D ( 'NONE', #3810, #3205, #4688 ) ;
#3467 = EDGE_CURVE ( 'NONE', #1607, #2409, #3993, .T. ) ;
#3468 = EDGE_LOOP ( 'NONE', ( #5476, #186, #44, #5662 ) ) ;
#3469 = CARTESIAN_POINT ( 'NONE',  ( -60.92442633989296752, 3.567430041667238871, -30.47013941096986045 ) ) ;
#3470 = CARTESIAN_POINT ( 'NONE',  ( 64.47536296672321043, 0.08823081285153837328, -20.77562605087655356 ) ) ;
#3471 = ORIENTED_EDGE ( 'NONE', *, *, #5290, .F. ) ;
#3472 = CARTESIAN_POINT ( 'NONE',  ( 0.000000000000000000, -5.499752826484129997, -68.00006673070399188 ) ) ;
#3473 = CARTESIAN_POINT ( 'NONE',  ( 0.000000000000000000, 6.618575127734700025, -66.32805257689800271 ) ) ;
#3474 = AXIS2_PLACEMENT_3D ( 'NONE', #5310, #777, #2630 ) ;
#3475 = VERTEX_POINT ( 'NONE', #2360 ) ;
#3476 = VERTEX_POINT ( 'NONE', #3677 ) ;
#3477 = EDGE_CURVE ( 'NONE', #3569, #2856, #4174, .T. ) ;
#3478 = ORIENTED_EDGE ( 'NONE', *, *, #39, .T. ) ;
#3479 = CARTESIAN_POINT ( 'NONE',  ( -38.18713561256070221, 10.09999999999999964, -4.557801678611490104 ) ) ;
#3480 = VERTEX_POINT ( 'NONE', #1919 ) ;
#3481 = CARTESIAN_POINT ( 'NONE',  ( 0.000000000000000000, 8.500000000160440550, -67.55120104997230612 ) ) ;
#3482 = CARTESIAN_POINT ( 'NONE',  ( -20.25570264673055121, -5.049999999999999822, -36.72810918709649997 ) ) ;
#3483 = EDGE_LOOP ( 'NONE', ( #4, #5332, #5600, #3424, #477, #3806, #5740, #533, #284, #2914, #768, #2756, #1398, #1459, #5070, #4839, #3816, #4718, #1231, #175, #731, #651, #2464 ) ) ;
#3484 = EDGE_LOOP ( 'NONE', ( #1977, #5147, #1358, #1108, #3440 ) ) ;
#3485 = CARTESIAN_POINT ( 'NONE',  ( 60.36663589305109667, 10.36820398397449949, -31.30286362229155017 ) ) ;
#3486 = CARTESIAN_POINT ( 'NONE',  ( 62.26689883817900295, -1.525561350856377008, -30.67442281943683469 ) ) ;
#3487 = DIRECTION ( 'NONE',  ( 0.000000000000000000, 1.000000000000000000, 0.000000000000000000 ) ) ;
#3488 = EDGE_CURVE ( 'NONE', #5747, #3802, #987, .T. ) ;
#3489 = DIRECTION ( 'NONE',  ( 1.000000000000000000, 0.000000000000000000, -4.920471087087431109E-17 ) ) ;
#3490 = VECTOR ( 'NONE', #340, 999.9999999999998863 ) ;
#3491 = CARTESIAN_POINT ( 'NONE',  ( 0.000000000000000000, 8.500000000000000000, -68.00000000000000000 ) ) ;
#3492 = AXIS2_PLACEMENT_3D ( 'NONE', #1216, #4411, #724 ) ;
#3493 = CARTESIAN_POINT ( 'NONE',  ( 60.36663589305109667, -16.10000000000000142, -31.30286362229155017 ) ) ;
#3494 = CARTESIAN_POINT ( 'NONE',  ( 58.59114660207919911, 16.10000000000000142, -30.38219116281240062 ) ) ;
#3495 = VECTOR ( 'NONE', #1735, 1000.000000000000000 ) ;
#3496 = ORIENTED_EDGE ( 'NONE', *, *, #3173, .T. ) ;
#3497 = DIRECTION ( 'NONE',  ( -1.000000000000000000, 0.000000000000000000, 0.000000000000000000 ) ) ;
#3498 = FACE_OUTER_BOUND ( 'NONE', #3772, .T. ) ;
#3499 = CARTESIAN_POINT ( 'NONE',  ( 50.67122707623509825, -10.09999999999999964, -5.046038264045169086 ) ) ;
#3500 = CARTESIAN_POINT ( 'NONE',  ( 48.51943944152220212, 10.09999999999999964, -15.87243378493570134 ) ) ;
#3501 = DIRECTION ( 'NONE',  ( 0.000000000000000000, -1.000000000000000000, 0.000000000000000000 ) ) ;
#3502 = CARTESIAN_POINT ( 'NONE',  ( 64.22515795586143383, -0.1437264535235671103, -19.21409192877256444 ) ) ;
#3503 = ORIENTED_EDGE ( 'NONE', *, *, #1198, .T. ) ;
#3504 = EDGE_CURVE ( 'NONE', #614, #4852, #1811, .T. ) ;
#3505 = DIRECTION ( 'NONE',  ( -0.6595755232801356893, 0.000000000000000000, 0.7516382967157376749 ) ) ;
#3506 = CARTESIAN_POINT ( 'NONE',  ( -22.07196676213595055, 7.063991266668430136, -66.05281239137950422 ) ) ;
#3507 = B_SPLINE_CURVE_WITH_KNOTS ( 'NONE', 3,
 ( #5556, #1923, #5133, #2039, #2871, #5099 ),
 .UNSPECIFIED., .F., .F.,
 ( 4, 2, 4 ),
 ( 0.5520940825947712183, 0.7760470412973856646, 1.000000000000000000 ),
 .UNSPECIFIED. ) ;
#3508 = ORIENTED_EDGE ( 'NONE', *, *, #726, .T. ) ;
#3509 = ORIENTED_EDGE ( 'NONE', *, *, #4228, .F. ) ;
#3510 = CIRCLE ( 'NONE', #2266, 2.000000000000003997 ) ;
#3511 = CARTESIAN_POINT ( 'NONE',  ( 45.67122707623510536, 16.10000000000000142, -5.046038264045169086 ) ) ;
#3512 = AXIS2_PLACEMENT_3D ( 'NONE', #5377, #2068, #1309 ) ;
#3513 = VERTEX_POINT ( 'NONE', #2278 ) ;
#3514 = EDGE_CURVE ( 'NONE', #1850, #4829, #2838, .T. ) ;
#3515 = CARTESIAN_POINT ( 'NONE',  ( 0.000000000000000000, 5.500000000000000000, -67.77560052471810081 ) ) ;
#3516 = AXIS2_PLACEMENT_3D ( 'NONE', #604, #4090, #5524 ) ;
#3517 = VERTEX_POINT ( 'NONE', #3313 ) ;
#3518 = ORIENTED_EDGE ( 'NONE', *, *, #5616, .T. ) ;
#3519 = DIRECTION ( 'NONE',  ( 1.000000000000000000, 0.000000000000000000, 0.000000000000000000 ) ) ;
#3520 = CARTESIAN_POINT ( 'NONE',  ( 62.40745497531939634, -1.936849267367886096, -30.59793943927664728 ) ) ;
#3521 = CIRCLE ( 'NONE', #5326, 1.999999999999999556 ) ;
#3522 = DIRECTION ( 'NONE',  ( -1.000000000000000000, 0.000000000000000000, 0.000000000000000000 ) ) ;
#3523 = VECTOR ( 'NONE', #1914, 1000.000000000000114 ) ;
#3524 = DIRECTION ( 'NONE',  ( 0.000000000000000000, 0.000000000000000000, -1.000000000000000000 ) ) ;
#3525 = DIRECTION ( 'NONE',  ( 0.000000000000000000, 1.000000000000000000, 0.000000000000000000 ) ) ;
#3526 = EDGE_CURVE ( 'NONE', #5622, #3271, #751, .T. ) ;
#3527 = CARTESIAN_POINT ( 'NONE',  ( -30.03315082986836160, -10.52841807049163592, -61.32153639290053349 ) ) ;
#3528 = DIRECTION ( 'NONE',  ( 0.9926956690917259074, 0.000000000000000000, 0.1206453835276376924 ) ) ;
#3529 = EDGE_LOOP ( 'NONE', ( #3478, #5647 ) ) ;
#3530 = DIRECTION ( 'NONE',  ( 0.000000000000000000, 1.000000000000000000, 0.000000000000000000 ) ) ;
#3531 = CARTESIAN_POINT ( 'NONE',  ( 1.102182119232617911E-14, -4.900000000000001243, 90.00000000000000000 ) ) ;
#3532 = CARTESIAN_POINT ( 'NONE',  ( -65.11091085898578967, 1.150218429241569140, -24.16683696263902448 ) ) ;
#3533 = DIRECTION ( 'NONE',  ( 0.000000000000000000, -1.000000000000000000, 0.000000000000000000 ) ) ;
#3534 = B_SPLINE_CURVE_WITH_KNOTS ( 'NONE', 3,
 ( #5145, #1408, #5024, #974 ),
 .UNSPECIFIED., .F., .F.,
 ( 4, 4 ),
 ( 0.000000000000000000, 1.000000000000000000 ),
 .UNSPECIFIED. ) ;
#3535 = CARTESIAN_POINT ( 'NONE',  ( 1.102182119232617911E-14, 16.10000000000000142, 90.00000000000000000 ) ) ;
#3536 = CARTESIAN_POINT ( 'NONE',  ( 64.43600322296228455, 0.06758481381052815207, -20.13219017919709941 ) ) ;
#3537 = ORIENTED_EDGE ( 'NONE', *, *, #3317, .T. ) ;
#3538 = DIRECTION ( 'NONE',  ( -1.000000000000000000, 0.000000000000000000, 0.000000000000000000 ) ) ;
#3539 = B_SPLINE_CURVE_WITH_KNOTS ( 'NONE', 3,
 ( #3970, #4316, #1686, #3939, #2090, #4765 ),
 .UNSPECIFIED., .F., .F.,
 ( 4, 2, 4 ),
 ( 0.000000000000000000, 0.2285843729668874946, 0.4571687459337749893 ),
 .UNSPECIFIED. ) ;
#3540 = CARTESIAN_POINT ( 'NONE',  ( 45.67122707623510536, -16.10000000000000142, -5.046038264045169086 ) ) ;
#3541 = ORIENTED_EDGE ( 'NONE', *, *, #4639, .T. ) ;
#3542 = ADVANCED_FACE ( 'NONE', ( #1188 ), #1072, .F. ) ;
#3543 = CARTESIAN_POINT ( 'NONE',  ( 57.34894078371350190, -1.187433252684007901, -39.51366022354359586 ) ) ;
#3544 = EDGE_LOOP ( 'NONE', ( #2208, #4160, #161, #840 ) ) ;
#3545 = ORIENTED_EDGE ( 'NONE', *, *, #271, .F. ) ;
#3547 = EDGE_CURVE ( 'NONE', #1367, #765, #3885, .T. ) ;
#3546 = VECTOR ( 'NONE', #3582, 1000.000000000000000 ) ;
#3548 = ADVANCED_FACE ( 'NONE', ( #4800 ), #1540, .F. ) ;
#3549 = LINE ( 'NONE', #5336, #2920 ) ;
#3550 = DIRECTION ( 'NONE',  ( -1.000000000000000000, 0.000000000000000000, 0.000000000000000000 ) ) ;
#3551 = CARTESIAN_POINT ( 'NONE',  ( 0.000000000000000000, -8.351706949354950282, -67.09936784139650001 ) ) ;
#3552 = CARTESIAN_POINT ( 'NONE',  ( 45.67122707623510536, -10.09999999999999964, -5.046038264045169086 ) ) ;
#3553 = CARTESIAN_POINT ( 'NONE',  ( -64.00119431748970555, 0.03158843698610735301, -22.90222749541804603 ) ) ;
#3554 = EDGE_CURVE ( 'NONE', #652, #3517, #835, .T. ) ;
#3555 = CARTESIAN_POINT ( 'NONE',  ( 0.000000000000000000, 0.000000000000000000, 0.000000000000000000 ) ) ;
#3556 = DIRECTION ( 'NONE',  ( 0.9926956690917259074, 0.000000000000000000, 0.1206453835276376924 ) ) ;
#3557 = FACE_OUTER_BOUND ( 'NONE', #5234, .T. ) ;
#3558 = CARTESIAN_POINT ( 'NONE',  ( -59.86653209927593622, 3.712841055357898323, -32.62709720728560825 ) ) ;
#3559 = CARTESIAN_POINT ( 'NONE',  ( 27.13513293197329901, -10.09999999999999964, -46.49519250552879868 ) ) ;
#3560 = CARTESIAN_POINT ( 'NONE',  ( -6.926741934222102159, 16.10000000000000142, -32.54536384055282383 ) ) ;
#3561 = DIRECTION ( 'NONE',  ( 0.000000000000000000, -1.000000000000000000, 0.000000000000000000 ) ) ;
#3562 = DIRECTION ( 'NONE',  ( 0.000000000000000000, 1.000000000000000000, 0.000000000000000000 ) ) ;
#3563 = VECTOR ( 'NONE', #5113, 1000.000000000000000 ) ;
#3564 = ORIENTED_EDGE ( 'NONE', *, *, #2829, .T. ) ;
#3565 = PLANE ( 'NONE',  #3969 ) ;
#3566 = AXIS2_PLACEMENT_3D ( 'NONE', #544, #2329, #1342 ) ;
#3567 = EDGE_CURVE ( 'NONE', #49, #3389, #3796, .T. ) ;
#3568 = DIRECTION ( 'NONE',  ( 1.000000000000000000, 0.000000000000000000, 0.000000000000000000 ) ) ;
#3569 = VERTEX_POINT ( 'NONE', #2452 ) ;
#3570 = CARTESIAN_POINT ( 'NONE',  ( 64.62020972933859753, -2.797431306147634800, -18.63900128998990269 ) ) ;
#3571 = CIRCLE ( 'NONE', #3516, 1.999999999999997780 ) ;
#3572 = VERTEX_POINT ( 'NONE', #2124 ) ;
#3573 = DIRECTION ( 'NONE',  ( 0.000000000000000000, 1.000000000000000000, 0.000000000000000000 ) ) ;
#3574 = AXIS2_PLACEMENT_3D ( 'NONE', #3821, #5638, #2030 ) ;
#3575 = DIRECTION ( 'NONE',  ( 1.000000000000000000, 0.000000000000000000, 0.000000000000000000 ) ) ;
#3576 = CARTESIAN_POINT ( 'NONE',  ( 0.000000000000000000, 0.000000000000000000, 0.000000000000000000 ) ) ;
#3577 = EDGE_CURVE ( 'NONE', #790, #1494, #2462, .T. ) ;
#3578 = DIRECTION ( 'NONE',  ( 0.000000000000000000, 1.000000000000000000, 0.000000000000000000 ) ) ;
#3579 = ORIENTED_EDGE ( 'NONE', *, *, #960, .T. ) ;
#3580 = VERTEX_POINT ( 'NONE', #1723 ) ;
#3581 = CARTESIAN_POINT ( 'NONE',  ( -63.72993685623179516, 0.8699911451293480535, -18.38221169893499862 ) ) ;
#3582 = DIRECTION ( 'NONE',  ( 0.000000000000000000, -1.000000000000000000, 0.000000000000000000 ) ) ;
#3583 = VECTOR ( 'NONE', #3817, 1000.000000000000000 ) ;
#3584 = CYLINDRICAL_SURFACE ( 'NONE', #1422, 2.000000000000000444 ) ;
#3585 = CARTESIAN_POINT ( 'NONE',  ( 60.09442319551060052, 11.15852090583519995, -29.06304011625210038 ) ) ;
#3586 = EDGE_CURVE ( 'NONE', #3272, #2335, #5118, .T. ) ;
#3587 = DIRECTION ( 'NONE',  ( 0.000000000000000000, -1.000000000000000000, 0.000000000000000000 ) ) ;
#3588 = CARTESIAN_POINT ( 'NONE',  ( -39.76488692008847892, -12.16599151826459213, -10.14115635160136897 ) ) ;
#3589 = AXIS2_PLACEMENT_3D ( 'NONE', #4847, #1643, #2999 ) ;
#3590 = DIRECTION ( 'NONE',  ( 0.000000000000000000, 1.000000000000000000, 0.000000000000000000 ) ) ;
#3591 = CARTESIAN_POINT ( 'NONE',  ( 11.86777583969581151, 9.277777679667869037, -67.21881931735451587 ) ) ;
#3592 = AXIS2_PLACEMENT_3D ( 'NONE', #4650, #5583, #5097 ) ;
#3593 = CARTESIAN_POINT ( 'NONE',  ( 27.14424276192709939, 13.10000000000000142, -19.97335825683665078 ) ) ;
#3594 = CARTESIAN_POINT ( 'NONE',  ( -65.33609903855729328, 2.752549028735510106, -18.84549182621540098 ) ) ;
#3595 = CARTESIAN_POINT ( 'NONE',  ( -44.15194890769519986, 16.10000000000000142, -0.2824478275573399921 ) ) ;
#3596 = ORIENTED_EDGE ( 'NONE', *, *, #4660, .F. ) ;
#3597 = EDGE_CURVE ( 'NONE', #3450, #2713, #367, .T. ) ;
#3598 = CARTESIAN_POINT ( 'NONE',  ( 41.87162359006740076, -2.624579248335350279, -55.65604604276300194 ) ) ;
#3599 = ORIENTED_EDGE ( 'NONE', *, *, #1440, .F. ) ;
#3600 = CARTESIAN_POINT ( 'NONE',  ( 60.57653794026264649, 0.000000000000000000, -30.14090039575712510 ) ) ;
#3601 = CIRCLE ( 'NONE', #491, 4.999999999999997335 ) ;
#3602 = B_SPLINE_CURVE_WITH_KNOTS ( 'NONE', 3,
 ( #3303, #3243, #1063, #2027, #2531, #4399, #357, #1238, #4338, #325, #4284, #2115, #5694, #4761, #3877, #2595, #715, #2951, #3846, #741, #2086, #687, #3966, #2503, #295, #2476, #3907, #5270, #4822, #5305, #5665, #5723, #2978, #1683, #1592, #771, #1207, #5238, #236, #3394, #2564, #3520, #2055, #3006, #3486, #1650, #1622, #1180, #3936, #4310, #3428, #266, #3454, #4373, #5207, #5755, #4856, #4790, #3038, #801, #1150, #2145, #5785, #1713, #5337, #1269, #4729, #1324, #1821, #28, #3633, #5867, #390, #55, #1792, #4967, #830, #2203 ),
 .UNSPECIFIED., .F., .F.,
 ( 4, 2, 2, 2, 1, 1, 1, 1, 2, 2, 2, 2, 1, 1, 2, 2, 2, 2, 2, 2, 2, 2, 2, 2, 2, 2, 1, 2, 2, 2, 2, 1, 1, 2, 2, 2, 2, 1, 1, 1, 1, 1, 2, 2, 2, 4 ),
 ( 0.000000000000000000, 0.06250000000029004577, 0.09375000000043506865, 0.1093750000005069417, 0.1171875000005438011, 0.1210937500005603434, 0.1230468750005675321, 0.1240234375005690587, 0.1245117187505687117, 0.1250000000005683509, 0.1875000000005046519, 0.2187500000004733158, 0.2343750000004576339, 0.2421875000004492517, 0.2460937500004457823, 0.2500000000004423129, 0.3125000000003870237, 0.3437500000003588241, 0.3593750000003441691, 0.3750000000003294587, 0.4375000000002732259, 0.4687500000002445266, 0.4843750000002301492, 0.5000000000002157163, 0.5625000000001587619, 0.5937500000001303402, 0.6093750000001151301, 0.6171875000001084688, 0.6250000000001019185, 0.6875000000000596190, 0.7187500000000385247, 0.7343750000000284217, 0.7421875000000233147, 0.7460937500000222045, 0.7500000000000209832, 0.8124999999999982236, 0.8437499999999874545, 0.8593749999999820144, 0.8671874999999782396, 0.8710937499999760192, 0.8730468749999747979, 0.8740234374999737987, 0.8745117187499737987, 0.8749999999999736877, 0.9374999999999867883, 1.000000000000000000 ),
 .UNSPECIFIED. ) ;
#3603 = PRODUCT ( 'Big_Drum_Hip', 'Big_Drum_Hip', '', ( #1955 ) ) ;
#3604 = CARTESIAN_POINT ( 'NONE',  ( 45.67122707623510536, -10.09999999999999964, -5.046038264045169086 ) ) ;
#3605 = DIRECTION ( 'NONE',  ( -0.9926956690917261295, 0.000000000000000000, 0.1206453835276359854 ) ) ;
#3606 = VECTOR ( 'NONE', #2541, 999.9999999999998863 ) ;
#3607 = CARTESIAN_POINT ( 'NONE',  ( -25.00000000000000000, 0.000000000000000000, 0.000000000000000000 ) ) ;
#3608 = VECTOR ( 'NONE', #5860, 1000.000000000000000 ) ;
#3609 = ORIENTED_EDGE ( 'NONE', *, *, #4352, .T. ) ;
#3610 = EDGE_LOOP ( 'NONE', ( #3445, #524, #1000, #4250 ) ) ;
#3611 = CIRCLE ( 'NONE', #2087, 2.000000000000000444 ) ;
#3612 = EDGE_CURVE ( 'NONE', #2713, #1204, #3078, .T. ) ;
#3613 = CARTESIAN_POINT ( 'NONE',  ( 0.000000000000000000, 5.451055112106000244, -67.25355137267800387 ) ) ;
#3614 = CARTESIAN_POINT ( 'NONE',  ( 0.000000000000000000, -7.381424872265280435, -69.67194742310179834 ) ) ;
#3615 = LINE ( 'NONE', #979, #837 ) ;
#3616 = CARTESIAN_POINT ( 'NONE',  ( -64.16599591290902538, 0.03876214815156601295, -23.09003190310873777 ) ) ;
#3617 = CARTESIAN_POINT ( 'NONE',  ( 58.88972745734178460, 0.000000000000000000, -34.00000000000000000 ) ) ;
#3618 = CARTESIAN_POINT ( 'NONE',  ( -20.25284826038430097, 0.000000000000000000, -41.27323620909374569 ) ) ;
#3619 = CARTESIAN_POINT ( 'NONE',  ( 64.47539875668518050, 0.08819001715003847719, -20.77695654278758397 ) ) ;
#3620 = ADVANCED_FACE ( 'NONE', ( #1248 ), #4830, .F. ) ;
#3621 = VERTEX_POINT ( 'NONE', #1335 ) ;
#3622 = CARTESIAN_POINT ( 'NONE',  ( 1.102182119232617911E-14, -4.900000000000001243, 92.04999999999999716 ) ) ;
#3623 = CARTESIAN_POINT ( 'NONE',  ( 0.000000000000000000, 8.070547648804140550, -69.34297707317820425 ) ) ;
#3624 = FACE_OUTER_BOUND ( 'NONE', #2140, .T. ) ;
#3625 = ORIENTED_EDGE ( 'NONE', *, *, #2123, .T. ) ;
#3626 = ORIENTED_EDGE ( 'NONE', *, *, #2101, .T. ) ;
#3627 = CARTESIAN_POINT ( 'NONE',  ( 62.61653700539640255, -3.276479971364770094, -25.58560479280900068 ) ) ;
#3628 = ORIENTED_EDGE ( 'NONE', *, *, #5724, .T. ) ;
#3629 = CARTESIAN_POINT ( 'NONE',  ( 40.72441065163404517, 16.10000000000000142, 0.5912489613228799623 ) ) ;
#3630 = EDGE_CURVE ( 'NONE', #1897, #4852, #4265, .T. ) ;
#3631 = VECTOR ( 'NONE', #2982, 1000.000000000000000 ) ;
#3632 = CARTESIAN_POINT ( 'NONE',  ( 43.88705800055003436, -5.387800248059147812, -52.27943795530941173 ) ) ;
#3633 = CARTESIAN_POINT ( 'NONE',  ( 60.02589948592994062, -0.7267503770791718942, -32.44783387989343026 ) ) ;
#3634 = ORIENTED_EDGE ( 'NONE', *, *, #3451, .F. ) ;
#3635 = DIRECTION ( 'NONE',  ( -1.000000000000000000, 0.000000000000000000, 0.000000000000000000 ) ) ;
#3636 = EDGE_CURVE ( 'NONE', #5252, #3802, #5604, .T. ) ;
#3637 = AXIS2_PLACEMENT_3D ( 'NONE', #602, #5093, #1038 ) ;
#3638 = VERTEX_POINT ( 'NONE', #5401 ) ;
#3639 = CARTESIAN_POINT ( 'NONE',  ( -42.41899635888179887, 5.196255657501480663, -56.38361763926819492 ) ) ;
#3640 = CARTESIAN_POINT ( 'NONE',  ( 25.72548412966900244, 16.10000000000000142, -53.57424256388659956 ) ) ;
#3641 = CARTESIAN_POINT ( 'NONE',  ( -62.37314810679993116, 2.270795882085160589, -30.61634173305440498 ) ) ;
#3642 = DIRECTION ( 'NONE',  ( -0.2124328517103140634, 0.000000000000000000, 0.9771756666609252573 ) ) ;
#3643 = DIRECTION ( 'NONE',  ( -1.000000000000000000, 0.000000000000000000, 0.000000000000000000 ) ) ;
#3644 = CARTESIAN_POINT ( 'NONE',  ( 60.57552910528637824, 10.48287244679235997, -30.13270305408738992 ) ) ;
#3645 = CARTESIAN_POINT ( 'NONE',  ( 5.934119462938744149, 8.888888839833935407, -67.99999999999995737 ) ) ;
#3646 = AXIS2_PLACEMENT_3D ( 'NONE', #1355, #4102, #917 ) ;
#3647 = ORIENTED_EDGE ( 'NONE', *, *, #2930, .T. ) ;
#3648 = ORIENTED_EDGE ( 'NONE', *, *, #2009, .T. ) ;
#3649 = CARTESIAN_POINT ( 'NONE',  ( -38.18713561256070221, -16.10000000000000142, -4.557801678611490104 ) ) ;
#3650 = CARTESIAN_POINT ( 'NONE',  ( -45.67122707623510536, 16.10000000000000142, -5.046038264045169086 ) ) ;
#3651 = EDGE_CURVE ( 'NONE', #4120, #4353, #5279, .T. ) ;
#3652 = FACE_OUTER_BOUND ( 'NONE', #4307, .T. ) ;
#3653 = ORIENTED_EDGE ( 'NONE', *, *, #1909, .F. ) ;
#3654 = VECTOR ( 'NONE', #1174, 999.9999999999998863 ) ;
#3655 = CARTESIAN_POINT ( 'NONE',  ( 40.77597038154279829, -3.055160359893169808, -54.19969636744250607 ) ) ;
#3656 = ORIENTED_EDGE ( 'NONE', *, *, #2463, .T. ) ;
#3657 = DIRECTION ( 'NONE',  ( 0.000000000000000000, -1.000000000000000000, 0.000000000000000000 ) ) ;
#3658 = EDGE_CURVE ( 'NONE', #1374, #918, #5800, .T. ) ;
#3659 = VECTOR ( 'NONE', #96, 999.9999999999998863 ) ;
#3660 = CARTESIAN_POINT ( 'NONE',  ( 55.92251366195450402, -1.221089210881343812, -39.13931468563464477 ) ) ;
#3661 = DIRECTION ( 'NONE',  ( 1.000000000000000000, 0.000000000000000000, 0.000000000000000000 ) ) ;
#3662 = ORIENTED_EDGE ( 'NONE', *, *, #3074, .T. ) ;
#3663 = AXIS2_PLACEMENT_3D ( 'NONE', #3369, #625, #2413 ) ;
#3664 = LINE ( 'NONE', #2205, #4211 ) ;
#3665 = AXIS2_PLACEMENT_3D ( 'NONE', #3555, #3099, #4917 ) ;
#3666 = ORIENTED_EDGE ( 'NONE', *, *, #5512, .F. ) ;
#3667 = VERTEX_POINT ( 'NONE', #780 ) ;
#3668 = CARTESIAN_POINT ( 'NONE',  ( -21.68695927905495324, 4.013909116454664527, -64.90056176057009907 ) ) ;
#3669 = EDGE_CURVE ( 'NONE', #5175, #2281, #1804, .T. ) ;
#3670 = DIRECTION ( 'NONE',  ( 0.000000000000000000, 0.000000000000000000, 1.000000000000000000 ) ) ;
#3671 = CARTESIAN_POINT ( 'NONE',  ( -60.11058063160265164, 3.679217703964781094, -32.34696515641603298 ) ) ;
#3672 = CYLINDRICAL_SURFACE ( 'NONE', #4732, 32.99999999999999289 ) ;
#3673 = CARTESIAN_POINT ( 'NONE',  ( -54.07657161259250245, 0.000000000000000000, -11.59233766148770073 ) ) ;
#3674 = DIRECTION ( 'NONE',  ( -1.000000000000000000, 0.000000000000000000, 0.000000000000000000 ) ) ;
#3675 = CARTESIAN_POINT ( 'NONE',  ( -58.59114660207919911, 0.000000000000000000, -30.38219116281240062 ) ) ;
#3676 = ORIENTED_EDGE ( 'NONE', *, *, #3732, .F. ) ;
#3677 = CARTESIAN_POINT ( 'NONE',  ( -60.09442319551060052, -11.15852090583519995, -29.06304011625210038 ) ) ;
#3678 = LINE ( 'NONE', #4588, #5511 ) ;
#3679 = LINE ( 'NONE', #3712, #3991 ) ;
#3680 = VECTOR ( 'NONE', #3590, 1000.000000000000000 ) ;
#3681 = ORIENTED_EDGE ( 'NONE', *, *, #3260, .F. ) ;
#3682 = AXIS2_PLACEMENT_3D ( 'NONE', #1725, #1162, #5315 ) ;
#3683 = CARTESIAN_POINT ( 'NONE',  ( 41.32367738585355710, -2.624570746377524966, -54.92771223203600073 ) ) ;
#3684 = EDGE_CURVE ( 'NONE', #3838, #474, #2603, .T. ) ;
#3685 = CIRCLE ( 'NONE', #1877, 4.000000000000002665 ) ;
#3686 = VERTEX_POINT ( 'NONE', #4410 ) ;
#3687 = CARTESIAN_POINT ( 'NONE',  ( 15.57242828423111014, -5.263343434868078319, 37.17386185058170156 ) ) ;
#3688 = CARTESIAN_POINT ( 'NONE',  ( 28.86079137933933936, -3.554422544214671298, -61.85683639898567066 ) ) ;
#3689 = CARTESIAN_POINT ( 'NONE',  ( 64.47532235003889411, -2.864019115203052745, -20.75517029159686189 ) ) ;
#3690 = EDGE_CURVE ( 'NONE', #5313, #5626, #1144, .T. ) ;
#3691 = ORIENTED_EDGE ( 'NONE', *, *, #645, .T. ) ;
#3692 = DIRECTION ( 'NONE',  ( -0.6595755232801341350, 0.000000000000000000, -0.7516382967157388961 ) ) ;
#3693 = AXIS2_PLACEMENT_3D ( 'NONE', #3464, #1102, #666 ) ;
#3694 = CARTESIAN_POINT ( 'NONE',  ( 0.000000000000000000, 0.000000000000000000, 0.000000000000000000 ) ) ;
#3695 = ORIENTED_EDGE ( 'NONE', *, *, #2015, .T. ) ;
#3696 = ORIENTED_EDGE ( 'NONE', *, *, #3300, .T. ) ;
#3697 = CARTESIAN_POINT ( 'NONE',  ( -59.47536296208700435, 16.10000000000000142, -20.77693915205080089 ) ) ;
#3698 = VECTOR ( 'NONE', #2213, 1000.000000000000000 ) ;
#3699 = CARTESIAN_POINT ( 'NONE',  ( 0.000000000000000000, -5.498871239638010167, -68.44821527991489063 ) ) ;
#3700 = CIRCLE ( 'NONE', #4359, 2.000000000000001776 ) ;
#3701 = CARTESIAN_POINT ( 'NONE',  ( -60.55733481139405683, 0.7310065303189534625, -31.91194034388571765 ) ) ;
#3702 = DIRECTION ( 'NONE',  ( -0.6595755232801341350, 0.000000000000000000, -0.7516382967157388961 ) ) ;
#3703 = DIRECTION ( 'NONE',  ( 0.000000000000000000, -1.000000000000000000, 0.000000000000000000 ) ) ;
#3704 = CIRCLE ( 'NONE', #1151, 4.000000000000000000 ) ;
#3705 = ADVANCED_FACE ( 'NONE', ( #3557 ), #3104, .F. ) ;
#3706 = LINE ( 'NONE', #5633, #1598 ) ;
#3707 = CARTESIAN_POINT ( 'NONE',  ( 58.88940059240169234, 13.16666609856367920, -33.99981111497897501 ) ) ;
#3708 = AXIS2_PLACEMENT_3D ( 'NONE', #3088, #1286, #5859 ) ;
#3709 = ORIENTED_EDGE ( 'NONE', *, *, #400, .F. ) ;
#3710 = CARTESIAN_POINT ( 'NONE',  ( 24.80406379161939867, -16.10000000000000142, 21.76599226824439981 ) ) ;
#3711 = CARTESIAN_POINT ( 'NONE',  ( -27.14424276192709939, -13.10000000000000142, -19.97335825683665078 ) ) ;
#3712 = CARTESIAN_POINT ( 'NONE',  ( 36.90930473671429723, -16.10000000000000142, -2.641770174552080075 ) ) ;
#3713 = VERTEX_POINT ( 'NONE', #2184 ) ;
#3714 = CARTESIAN_POINT ( 'NONE',  ( 64.90632237084649603, 0.2497212449251380029, -18.72152739005185040 ) ) ;
#3715 = VERTEX_POINT ( 'NONE', #4006 ) ;
#3716 = DIRECTION ( 'NONE',  ( 1.000000000000000000, 0.000000000000000000, 0.000000000000000000 ) ) ;
#3717 = DIRECTION ( 'NONE',  ( 1.000000000000000000, 0.000000000000000000, 0.000000000000000000 ) ) ;
#3718 = CARTESIAN_POINT ( 'NONE',  ( -64.15469988210517727, 0.006140914525327874872, -22.53893798587333208 ) ) ;
#3719 = ORIENTED_EDGE ( 'NONE', *, *, #980, .F. ) ;
#3720 = CARTESIAN_POINT ( 'NONE',  ( 60.28191620898031999, 13.13853762247447143, -29.29476449791624404 ) ) ;
#3722 = CARTESIAN_POINT ( 'NONE',  ( -64.46319395494623450, 2.902256400990850693, -21.14086749205950611 ) ) ;
#3721 = VECTOR ( 'NONE', #4002, 999.9999999999998863 ) ;
#3723 = EDGE_CURVE ( 'NONE', #1508, #3059, #2557, .T. ) ;
#3724 = ORIENTED_EDGE ( 'NONE', *, *, #4409, .F. ) ;
#3725 = ADVANCED_FACE ( 'NONE', ( #1774 ), #3584, .F. ) ;
#3726 = EDGE_LOOP ( 'NONE', ( #5720, #2104, #4298, #985 ) ) ;
#3727 = CARTESIAN_POINT ( 'NONE',  ( -60.57687146724151717, -10.48203998796840963, -30.14113069876296791 ) ) ;
#3728 = DIRECTION ( 'NONE',  ( 0.000000000000000000, -1.000000000000000000, 0.000000000000000000 ) ) ;
#3729 = DIRECTION ( 'NONE',  ( -1.000000000000000000, 0.000000000000000000, 0.000000000000000000 ) ) ;
#3730 = DIRECTION ( 'NONE',  ( 0.9978788618232538044, 0.000000000000000000, -0.06509821139115595789 ) ) ;
#3731 = CYLINDRICAL_SURFACE ( 'NONE', #119, 7.500000000000000888 ) ;
#3732 = EDGE_CURVE ( 'NONE', #1177, #2151, #303, .T. ) ;
#3733 = CIRCLE ( 'NONE', #2018, 23.00000000000000000 ) ;
#3734 = CARTESIAN_POINT ( 'NONE',  ( 54.07657161259250245, 0.000000000000000000, -11.59233766148770073 ) ) ;
#3735 = CARTESIAN_POINT ( 'NONE',  ( 1.102182119232617911E-14, -4.900000000000001243, 90.00000000000000000 ) ) ;
#3736 = ORIENTED_EDGE ( 'NONE', *, *, #927, .F. ) ;
#3737 = CARTESIAN_POINT ( 'NONE',  ( -38.18713561256070221, 16.10000000000000142, -4.557801678611490104 ) ) ;
#3738 = B_SPLINE_CURVE_WITH_KNOTS ( 'NONE', 3,
 ( #4249, #3332, #3208, #202 ),
 .UNSPECIFIED., .F., .F.,
 ( 4, 4 ),
 ( 1.047200660981406628, 1.226954986259467084 ),
 .UNSPECIFIED. ) ;
#3739 = CARTESIAN_POINT ( 'NONE',  ( -58.88972745734179881, 0.000000000000000000, -34.00000000000000000 ) ) ;
#3740 = DIRECTION ( 'NONE',  ( 0.7516382967157391182, 0.000000000000000000, -0.6595755232801341350 ) ) ;
#3741 = DIRECTION ( 'NONE',  ( 0.6595755232801338019, 0.000000000000000000, -0.7516382967157392292 ) ) ;
#3742 = ORIENTED_EDGE ( 'NONE', *, *, #4854, .F. ) ;
#3743 = CARTESIAN_POINT ( 'NONE',  ( 7.261774573844999914, -5.019814072463080201, -67.55239648987081580 ) ) ;
#3744 = EDGE_CURVE ( 'NONE', #86, #4353, #1215, .T. ) ;
#3745 = ORIENTED_EDGE ( 'NONE', *, *, #3636, .F. ) ;
#3746 = DIRECTION ( 'NONE',  ( 0.000000000000000000, -1.000000000000000000, 0.000000000000000000 ) ) ;
#3747 = AXIS2_PLACEMENT_3D ( 'NONE', #4733, #3430, #690 ) ;
#3748 = CARTESIAN_POINT ( 'NONE',  ( 24.80406379161939867, 0.000000000000000000, 21.76599226824439981 ) ) ;
#3749 = CARTESIAN_POINT ( 'NONE',  ( 64.36313699201853922, -2.660634116963441098, -19.72293319394582056 ) ) ;
#3750 = EDGE_CURVE ( 'NONE', #3059, #2170, #4735, .T. ) ;
#3751 = EDGE_LOOP ( 'NONE', ( #5441, #56 ) ) ;
#3752 = CARTESIAN_POINT ( 'NONE',  ( 60.51707111040312270, 13.36372636759827870, -29.83960813412935664 ) ) ;
#3753 = CIRCLE ( 'NONE', #4874, 2.000000000000001776 ) ;
#3754 = CARTESIAN_POINT ( 'NONE',  ( -64.19562986383930081, 2.997703884400659824, -22.42590257681814947 ) ) ;
#3755 = ORIENTED_EDGE ( 'NONE', *, *, #4040, .F. ) ;
#3756 = ORIENTED_EDGE ( 'NONE', *, *, #5635, .F. ) ;
#3757 = DIRECTION ( 'NONE',  ( 0.7516382967157391182, 0.000000000000000000, 0.6595755232801341350 ) ) ;
#3758 = CARTESIAN_POINT ( 'NONE',  ( 0.000000000000000000, -5.498862737680219936, -67.55239648987081580 ) ) ;
#3759 = EDGE_CURVE ( 'NONE', #5184, #1146, #4355, .T. ) ;
#3760 = AXIS2_PLACEMENT_3D ( 'NONE', #4374, #2056, #5756 ) ;
#3761 = CARTESIAN_POINT ( 'NONE',  ( -60.29345690945426384, 0.7227061458915925440, -32.16696696030948033 ) ) ;
#3762 = CARTESIAN_POINT ( 'NONE',  ( -60.46323794175700073, -13.32127357215138019, -29.66832833714492068 ) ) ;
#3763 = CARTESIAN_POINT ( 'NONE',  ( -41.55722372181075031, -10.09999999999999964, -11.31700122038487955 ) ) ;
#3764 = CARTESIAN_POINT ( 'NONE',  ( -51.37300889639369927, -12.25006963118174141, -45.90813173285920357 ) ) ;
#3765 = CARTESIAN_POINT ( 'NONE',  ( 45.67122707623510536, 10.09999999999999964, -5.046038264045169086 ) ) ;
#3766 = EDGE_LOOP ( 'NONE', ( #4325, #3426, #2976, #3786, #848 ) ) ;
#3767 = EDGE_CURVE ( 'NONE', #683, #3638, #4450, .T. ) ;
#3768 = CARTESIAN_POINT ( 'NONE',  ( -63.89317205285581736, 1.204749039403504307, -18.43536115392412711 ) ) ;
#3769 = PLANE ( 'NONE',  #2736 ) ;
#3770 = LINE ( 'NONE', #3195, #4929 ) ;
#3771 = CARTESIAN_POINT ( 'NONE',  ( 50.96347658327250230, 1.650167208960350074, -8.044720500505608385 ) ) ;
#3772 = EDGE_LOOP ( 'NONE', ( #5114, #893, #4172, #1159 ) ) ;
#3773 = ORIENTED_EDGE ( 'NONE', *, *, #5733, .T. ) ;
#3774 = ORIENTED_EDGE ( 'NONE', *, *, #5243, .F. ) ;
#3775 = AXIS2_PLACEMENT_3D ( 'NONE', #3056, #2160, #3984 ) ;
#3776 = DIRECTION ( 'NONE',  ( 0.000000000000000000, -1.000000000000000000, 0.000000000000000000 ) ) ;
#3777 = ADVANCED_FACE ( 'NONE', ( #648 ), #4185, .T. ) ;
#3779 = CARTESIAN_POINT ( 'NONE',  ( 5.934095409801853016, -5.109978099770223103, -67.99999999999994316 ) ) ;
#3778 = VECTOR ( 'NONE', #1110, 999.9999999999998863 ) ;
#3780 = CARTESIAN_POINT ( 'NONE',  ( 64.32846525799743631, -2.609825775799364589, -19.57372153352244837 ) ) ;
#3781 = VERTEX_POINT ( 'NONE', #1492 ) ;
#3782 = VECTOR ( 'NONE', #5187, 1000.000000000000000 ) ;
#3783 = CARTESIAN_POINT ( 'NONE',  ( 60.57322482083067428, 13.40168553672700824, -30.11486132101405033 ) ) ;
#3784 = CARTESIAN_POINT ( 'NONE',  ( 52.46675317670389660, 10.09999999999999964, -6.725569453945319687 ) ) ;
#3785 = ORIENTED_EDGE ( 'NONE', *, *, #179, .T. ) ;
#3786 = ORIENTED_EDGE ( 'NONE', *, *, #4926, .F. ) ;
#3787 = CARTESIAN_POINT ( 'NONE',  ( 64.17168373373671386, -3.001903173259108382, -22.49327912790033324 ) ) ;
#3788 = CARTESIAN_POINT ( 'NONE',  ( 64.04602120989039804, -0.1808683685904845240, -18.47338281552940131 ) ) ;
#3789 = CARTESIAN_POINT ( 'NONE',  ( -59.12859918643987811, 0.8020247080208539048, -33.58626202871008104 ) ) ;
#3790 = FACE_OUTER_BOUND ( 'NONE', #3815, .T. ) ;
#3791 = EDGE_CURVE ( 'NONE', #1061, #3025, #1905, .T. ) ;
#3792 = CIRCLE ( 'NONE', #1140, 1.999999999999997780 ) ;
#3793 = CARTESIAN_POINT ( 'NONE',  ( 27.48230604060235294, 16.10000000000000142, -55.57627960461800143 ) ) ;
#3794 = LINE ( 'NONE', #3342, #4792 ) ;
#3795 = ORIENTED_EDGE ( 'NONE', *, *, #1299, .F. ) ;
#3796 = LINE ( 'NONE', #3344, #2080 ) ;
#3797 = AXIS2_PLACEMENT_3D ( 'NONE', #1368, #3166, #4981 ) ;
#3798 = DIRECTION ( 'NONE',  ( 0.6595755232801341350, 0.000000000000000000, 0.7516382967157391182 ) ) ;
#3799 = DIRECTION ( 'NONE',  ( 0.000000000000000000, 1.000000000000000000, 0.000000000000000000 ) ) ;
#3800 = LINE ( 'NONE', #1543, #403 ) ;
#3801 = EDGE_CURVE ( 'NONE', #4233, #2075, #3892, .T. ) ;
#3802 = VERTEX_POINT ( 'NONE', #200 ) ;
#3803 = EDGE_CURVE ( 'NONE', #2426, #288, #4205, .T. ) ;
#3804 = AXIS2_PLACEMENT_3D ( 'NONE', #1081, #4209, #138 ) ;
#3805 = AXIS2_PLACEMENT_3D ( 'NONE', #458, #3703, #5004 ) ;
#3806 = ORIENTED_EDGE ( 'NONE', *, *, #1627, .F. ) ;
#3807 = CARTESIAN_POINT ( 'NONE',  ( -61.75393811460830307, 1.349039810346462032, -25.23287129823400221 ) ) ;
#3808 = EDGE_LOOP ( 'NONE', ( #203, #279 ) ) ;
#3809 = CARTESIAN_POINT ( 'NONE',  ( -30.03315082986486928, -7.528418070491382785, -61.32153639290213931 ) ) ;
#3810 = CARTESIAN_POINT ( 'NONE',  ( 0.000000000000000000, 16.10000000000000142, 0.000000000000000000 ) ) ;
#3811 = ORIENTED_EDGE ( 'NONE', *, *, #1627, .T. ) ;
#3812 = DIRECTION ( 'NONE',  ( -0.3289878516042711865, 0.000000000000000000, 0.9443341535160136857 ) ) ;
#3813 = DIRECTION ( 'NONE',  ( 0.000000000000000000, 1.000000000000000000, 0.000000000000000000 ) ) ;
#3814 = VERTEX_POINT ( 'NONE', #2880 ) ;
#3815 = EDGE_LOOP ( 'NONE', ( #1435, #2219, #5805, #3154 ) ) ;
#3816 = ORIENTED_EDGE ( 'NONE', *, *, #3289, .F. ) ;
#3817 = DIRECTION ( 'NONE',  ( 0.000000000000000000, 1.000000000000000000, 0.000000000000000000 ) ) ;
#3818 = DIRECTION ( 'NONE',  ( 0.000000000000000000, 0.000000000000000000, 1.000000000000000000 ) ) ;
#3819 = CARTESIAN_POINT ( 'NONE',  ( 56.34890550631919837, -4.234577301798995386, -38.82465405586705032 ) ) ;
#3820 = EDGE_CURVE ( 'NONE', #474, #2584, #5413, .T. ) ;
#3821 = CARTESIAN_POINT ( 'NONE',  ( -17.24629507352134894, 0.000000000000000000, -43.91153830221434617 ) ) ;
#3822 = LINE ( 'NONE', #2448, #2667 ) ;
#3823 = DIRECTION ( 'NONE',  ( -1.000000000000000000, 0.000000000000000000, 0.000000000000000000 ) ) ;
#3824 = FACE_OUTER_BOUND ( 'NONE', #1001, .T. ) ;
#3825 = EDGE_LOOP ( 'NONE', ( #620, #549, #1372, #4320, #551, #3153 ) ) ;
#3826 = CARTESIAN_POINT ( 'NONE',  ( -64.47535702428352522, 2.866627121996662364, -20.77687902599853587 ) ) ;
#3827 = DIRECTION ( 'NONE',  ( 0.000000000000000000, 1.000000000000000000, 0.000000000000000000 ) ) ;
#3828 = DIRECTION ( 'NONE',  ( 0.000000000000000000, 1.000000000000000000, 0.000000000000000000 ) ) ;
#3829 = CARTESIAN_POINT ( 'NONE',  ( 58.88972745734179881, -0.8333333333333350357, -34.00000000000000000 ) ) ;
#3830 = ORIENTED_EDGE ( 'NONE', *, *, #3979, .T. ) ;
#3831 = EDGE_CURVE ( 'NONE', #2310, #621, #3611, .T. ) ;
#3832 = ORIENTED_EDGE ( 'NONE', *, *, #1886, .T. ) ;
#3833 = CARTESIAN_POINT ( 'NONE',  ( -64.61918322370499368, -0.2975288704993520605, -18.63870520553105337 ) ) ;
#3834 = ORIENTED_EDGE ( 'NONE', *, *, #1232, .F. ) ;
#3835 = ORIENTED_EDGE ( 'NONE', *, *, #742, .F. ) ;
#3836 = CARTESIAN_POINT ( 'NONE',  ( -60.36663589304679789, -10.36820398397388132, -31.30286362229969654 ) ) ;
#3837 = CARTESIAN_POINT ( 'NONE',  ( 64.47535190648258663, 0.08830794161836347245, -20.76607787100919111 ) ) ;
#3838 = VERTEX_POINT ( 'NONE', #5627 ) ;
#3839 = ADVANCED_FACE ( 'NONE', ( #1557 ), #2794, .T. ) ;
#3840 = CARTESIAN_POINT ( 'NONE',  ( -60.36663589305109667, -10.09999999999999964, -31.30286362229155017 ) ) ;
#3841 = DIRECTION ( 'NONE',  ( 0.000000000000000000, 1.000000000000000000, 0.000000000000000000 ) ) ;
#3842 = ORIENTED_EDGE ( 'NONE', *, *, #3586, .T. ) ;
#3843 = VERTEX_POINT ( 'NONE', #3361 ) ;
#3844 = EDGE_LOOP ( 'NONE', ( #315, #3334, #2135, #5136 ) ) ;
#3845 = LINE ( 'NONE', #5865, #4060 ) ;
#3846 = CARTESIAN_POINT ( 'NONE',  ( 60.72240213101458295, -3.551330093147499145, -31.76349108591653447 ) ) ;
#3847 = VECTOR ( 'NONE', #2881, 1000.000000000000000 ) ;
#3848 = CARTESIAN_POINT ( 'NONE',  ( 7.165552307841910107, -5.450403685978729484, -66.65702292682159680 ) ) ;
#3849 = AXIS2_PLACEMENT_3D ( 'NONE', #5062, #3139, #2806 ) ;
#3850 = DIRECTION ( 'NONE',  ( 0.8660254037844383745, 0.000000000000000000, -0.5000000000000003331 ) ) ;
#3851 = CARTESIAN_POINT ( 'NONE',  ( 58.59114660207919911, -10.09999999999999964, -30.38219116281240062 ) ) ;
#3852 = ADVANCED_FACE ( 'NONE', ( #5173 ), #2693, .F. ) ;
#3853 = CARTESIAN_POINT ( 'NONE',  ( -41.59731625246399744, 5.626841020038201080, -55.29143486931089768 ) ) ;
#3854 = CARTESIAN_POINT ( 'NONE',  ( 60.57653794026264649, 0.000000000000000000, -30.14090039575712510 ) ) ;
#3855 = AXIS2_PLACEMENT_3D ( 'NONE', #326, #3487, #5208 ) ;
#3856 = EDGE_LOOP ( 'NONE', ( #2836, #4291, #2456, #3905 ) ) ;
#3857 = CARTESIAN_POINT ( 'NONE',  ( -63.94625333879690032, 0.7338851193045345944, -18.53317127973085832 ) ) ;
#3858 = CARTESIAN_POINT ( 'NONE',  ( 56.71487370571303899, 0.000000000000000000, -14.59889084835065631 ) ) ;
#3859 = CARTESIAN_POINT ( 'NONE',  ( 64.68555105733389610, -2.780627611042285174, -23.68210594167130267 ) ) ;
#3860 = CIRCLE ( 'NONE', #2237, 7.500000000000000000 ) ;
#3861 = DIRECTION ( 'NONE',  ( 0.6595755232801335799, 0.000000000000000000, -0.7516382967157394512 ) ) ;
#3862 = VERTEX_POINT ( 'NONE', #5507 ) ;
#3863 = ADVANCED_FACE ( 'NONE', ( #1436 ), #3239, .T. ) ;
#3864 = CARTESIAN_POINT ( 'NONE',  ( -64.04457782925970832, 2.321938160325375478, -18.47296648798189977 ) ) ;
#3866 = EDGE_CURVE ( 'NONE', #3363, #5335, #589, .T. ) ;
#3865 = VERTEX_POINT ( 'NONE', #2497 ) ;
#3867 = DIRECTION ( 'NONE',  ( 0.000000000000000000, -1.000000000000000000, 0.000000000000000000 ) ) ;
#3868 = ORIENTED_EDGE ( 'NONE', *, *, #4511, .T. ) ;
#3869 = CARTESIAN_POINT ( 'NONE',  ( 6.316307526830949648, 8.916674403625078682, -67.55120104997230612 ) ) ;
#3870 = LINE ( 'NONE', #3387, #2316 ) ;
#3871 = ORIENTED_EDGE ( 'NONE', *, *, #1416, .T. ) ;
#3872 = ORIENTED_EDGE ( 'NONE', *, *, #5357, .T. ) ;
#3873 = ORIENTED_EDGE ( 'NONE', *, *, #4217, .F. ) ;
#3874 = VECTOR ( 'NONE', #4528, 1000.000000000000000 ) ;
#3875 = ADVANCED_FACE ( 'NONE', ( #2556 ), #2050, .T. ) ;
#3876 = CARTESIAN_POINT ( 'NONE',  ( 43.23218663921680616, 10.09999999999999964, -9.847192473877310448 ) ) ;
#3877 = CARTESIAN_POINT ( 'NONE',  ( 59.88581746060928879, -3.710213383993017811, -32.60489175959908437 ) ) ;
#3878 = DIRECTION ( 'NONE',  ( 0.000000000000000000, 1.000000000000000000, 0.000000000000000000 ) ) ;
#3879 = AXIS2_PLACEMENT_3D ( 'NONE', #81, #615, #2400 ) ;
#3880 = CARTESIAN_POINT ( 'NONE',  ( -7.772042824445040132, -16.10000000000000142, -33.11488110102455096 ) ) ;
#3881 = LINE ( 'NONE', #361, #3631 ) ;
#3882 = CARTESIAN_POINT ( 'NONE',  ( -62.89320058075340114, 3.231593442973719643, -25.69868276006840091 ) ) ;
#3883 = DIRECTION ( 'NONE',  ( 0.000000000000000000, -1.000000000000000000, 0.000000000000000000 ) ) ;
#3884 = LINE ( 'NONE', #4346, #4247 ) ;
#3885 = LINE ( 'NONE', #2986, #3606 ) ;
#3886 = EDGE_CURVE ( 'NONE', #5268, #3419, #5429, .T. ) ;
#3887 = CARTESIAN_POINT ( 'NONE',  ( 60.57653794026264649, -10.09999999999999964, -30.14090039575712510 ) ) ;
#3888 = CARTESIAN_POINT ( 'NONE',  ( 64.74179163084508559, -2.724344365839775239, -23.74619650808598692 ) ) ;
#3889 = CARTESIAN_POINT ( 'NONE',  ( 24.22220753623764722, 16.10000000000000142, -54.89339361044660137 ) ) ;
#3890 = AXIS2_PLACEMENT_3D ( 'NONE', #1913, #953, #1943 ) ;
#3891 = ORIENTED_EDGE ( 'NONE', *, *, #3750, .F. ) ;
#3892 = CIRCLE ( 'NONE', #4638, 2.000000000000002665 ) ;
#3893 = ORIENTED_EDGE ( 'NONE', *, *, #3577, .T. ) ;
#3894 = EDGE_CURVE ( 'NONE', #2992, #1508, #709, .T. ) ;
#3895 = CARTESIAN_POINT ( 'NONE',  ( 19.38243034065759574, -8.793357673044388534, 29.22072769635948575 ) ) ;
#3896 = AXIS2_PLACEMENT_3D ( 'NONE', #1251, #5737, #5796 ) ;
#3897 = VERTEX_POINT ( 'NONE', #3840 ) ;
#3898 = VECTOR ( 'NONE', #2649, 1000.000000000000000 ) ;
#3899 = ORIENTED_EDGE ( 'NONE', *, *, #362, .F. ) ;
#3900 = DIRECTION ( 'NONE',  ( 0.000000000000000000, -1.000000000000000000, 0.000000000000000000 ) ) ;
#3901 = ORIENTED_EDGE ( 'NONE', *, *, #703, .F. ) ;
#3902 = CARTESIAN_POINT ( 'NONE',  ( 0.000000000000000000, 8.500000000000000000, -68.00000000053620397 ) ) ;
#3903 = DIRECTION ( 'NONE',  ( 0.000000000000000000, 1.000000000000000000, 0.000000000000000000 ) ) ;
#3904 = ORIENTED_EDGE ( 'NONE', *, *, #2372, .F. ) ;
#3905 = ORIENTED_EDGE ( 'NONE', *, *, #980, .T. ) ;
#3906 = CARTESIAN_POINT ( 'NONE',  ( -38.26431457799019853, 16.10000000000000142, -6.224022662643469594 ) ) ;
#3907 = CARTESIAN_POINT ( 'NONE',  ( 61.43781826323626660, -3.296802187954313013, -31.19569415123958223 ) ) ;
#3908 = CARTESIAN_POINT ( 'NONE',  ( -57.95608479354699938, -10.09999999999999964, -16.01334871556300143 ) ) ;
#3909 = ADVANCED_FACE ( 'NONE', ( #1143 ), #1334, .T. ) ;
#3910 = CARTESIAN_POINT ( 'NONE',  ( 43.23218663921680616, 16.10000000000000142, -9.847192473877310448 ) ) ;
#3911 = CARTESIAN_POINT ( 'NONE',  ( 60.57667251127769958, 10.48090027504585819, -30.14093714526241286 ) ) ;
#3912 = CARTESIAN_POINT ( 'NONE',  ( -21.49413112511345147, 6.633376147279410162, -64.32346663897020278 ) ) ;
#3913 = DIRECTION ( 'NONE',  ( -1.000000000000000000, 0.000000000000000000, 0.000000000000000000 ) ) ;
#3914 = DIRECTION ( 'NONE',  ( 0.000000000000000000, 1.000000000000000000, 0.000000000000000000 ) ) ;
#3915 = CARTESIAN_POINT ( 'NONE',  ( -45.67122707623510536, 16.10000000000000142, -5.046038264045169086 ) ) ;
#3916 = DIRECTION ( 'NONE',  ( -0.7516382967157391182, 0.000000000000000000, -0.6595755232801341350 ) ) ;
#3917 = EDGE_CURVE ( 'NONE', #2764, #2968, #4938, .T. ) ;
#3918 = FACE_BOUND ( 'NONE', #578, .T. ) ;
#3919 = CARTESIAN_POINT ( 'NONE',  ( -60.36663589305109667, 0.000000000000000000, -31.30286362229155017 ) ) ;
#3920 = AXIS2_PLACEMENT_3D ( 'NONE', #834, #3525, #3399 ) ;
#3921 = ORIENTED_EDGE ( 'NONE', *, *, #3504, .T. ) ;
#3922 = FACE_OUTER_BOUND ( 'NONE', #4424, .T. ) ;
#3923 = ORIENTED_EDGE ( 'NONE', *, *, #447, .T. ) ;
#3924 = CARTESIAN_POINT ( 'NONE',  ( -56.59788645791889650, 4.189690773407970248, -38.99620859487004765 ) ) ;
#3925 = ORIENTED_EDGE ( 'NONE', *, *, #905, .T. ) ;
#3926 = ORIENTED_EDGE ( 'NONE', *, *, #2069, .T. ) ;
#3927 = VERTEX_POINT ( 'NONE', #417 ) ;
#3928 = ADVANCED_FACE ( 'NONE', ( #1761, #2200, #913 ), #2680, .F. ) ;
#3929 = FACE_BOUND ( 'NONE', #1895, .T. ) ;
#3930 = ORIENTED_EDGE ( 'NONE', *, *, #1406, .F. ) ;
#3931 = CARTESIAN_POINT ( 'NONE',  ( 6.337237736454779835, 5.916674403464640797, -67.77560052471810081 ) ) ;
#3932 = LINE ( 'NONE', #1558, #5167 ) ;
#3933 = ORIENTED_EDGE ( 'NONE', *, *, #1920, .F. ) ;
#3934 = ORIENTED_EDGE ( 'NONE', *, *, #2981, .T. ) ;
#3935 = DIRECTION ( 'NONE',  ( 0.000000000000000000, -1.000000000000000000, 0.000000000000000000 ) ) ;
#3936 = CARTESIAN_POINT ( 'NONE',  ( 62.10060909042317689, -1.311016768343669314, -30.76953534066173646 ) ) ;
#3937 = LINE ( 'NONE', #5725, #4419 ) ;
#3938 = DIRECTION ( 'NONE',  ( 0.000000000000000000, 1.000000000000000000, 0.000000000000000000 ) ) ;
#3939 = CARTESIAN_POINT ( 'NONE',  ( -60.60108703714214329, -10.44495000693900622, -30.38842515825841417 ) ) ;
#3940 = VECTOR ( 'NONE', #1646, 1000.000000000000000 ) ;
#3941 = ADVANCED_FACE ( 'NONE', ( #2255 ), #2285, .F. ) ;
#3942 = CARTESIAN_POINT ( 'NONE',  ( 57.18966664191270155, -1.650167208960304999, -15.13995482246985169 ) ) ;
#3943 = DIRECTION ( 'NONE',  ( 0.000000000000000000, 1.000000000000000000, 0.000000000000000000 ) ) ;
#3944 = EDGE_LOOP ( 'NONE', ( #2671, #4906, #5661, #2376 ) ) ;
#3945 = CARTESIAN_POINT ( 'NONE',  ( -45.67122707623510536, -10.09999999999999964, -5.046038264045169086 ) ) ;
#3946 = DIRECTION ( 'NONE',  ( 0.000000000000000000, 1.000000000000000000, 0.000000000000000000 ) ) ;
#3947 = DIRECTION ( 'NONE',  ( 0.000000000000000000, -1.000000000000000000, 0.000000000000000000 ) ) ;
#3948 = CARTESIAN_POINT ( 'NONE',  ( 0.000000000000000000, 0.000000000000000000, 0.000000000000000000 ) ) ;
#3949 = AXIS2_PLACEMENT_3D ( 'NONE', #1011, #956, #1859 ) ;
#3950 = CYLINDRICAL_SURFACE ( 'NONE', #941, 1.999999999999997780 ) ;
#3951 = DIRECTION ( 'NONE',  ( 1.000000000000000000, 0.000000000000000000, 0.000000000000000000 ) ) ;
#3952 = EDGE_CURVE ( 'NONE', #4178, #1822, #5838, .T. ) ;
#3953 = EDGE_LOOP ( 'NONE', ( #2797, #909, #5468, #2263 ) ) ;
#3954 = CARTESIAN_POINT ( 'NONE',  ( -12.38597862740635058, 16.10000000000000142, 90.00000000000000000 ) ) ;
#3955 = CARTESIAN_POINT ( 'NONE',  ( 24.80406379161940933, -4.900000000000001243, 21.76599226824439270 ) ) ;
#3956 = CIRCLE ( 'NONE', #1391, 4.999999999999999112 ) ;
#3957 = ORIENTED_EDGE ( 'NONE', *, *, #3554, .F. ) ;
#3958 = ORIENTED_EDGE ( 'NONE', *, *, #4660, .T. ) ;
#3959 = CARTESIAN_POINT ( 'NONE',  ( 21.38780720613194930, -5.945090309374370108, -64.00538610905840642 ) ) ;
#3960 = VERTEX_POINT ( 'NONE', #2227 ) ;
#3961 = DIRECTION ( 'NONE',  ( 0.8660254037844385966, 0.000000000000000000, -0.5000000000000003331 ) ) ;
#3962 = EDGE_CURVE ( 'NONE', #1316, #5184, #25, .T. ) ;
#3963 = ORIENTED_EDGE ( 'NONE', *, *, #4564, .T. ) ;
#3964 = ORIENTED_EDGE ( 'NONE', *, *, #224, .T. ) ;
#3965 = CARTESIAN_POINT ( 'NONE',  ( -52.27931722894588518, 1.611111111111112271, -43.88720501242455185 ) ) ;
#3966 = CARTESIAN_POINT ( 'NONE',  ( 61.03210254964286463, -3.458371144445858913, -31.50463059620982875 ) ) ;
#3967 = CARTESIAN_POINT ( 'NONE',  ( -18.94744034000709831, -6.750023210393909956, -65.76697188971091634 ) ) ;
#3968 = DIRECTION ( 'NONE',  ( 0.000000000000000000, 1.000000000000000000, 0.000000000000000000 ) ) ;
#3969 = AXIS2_PLACEMENT_3D ( 'NONE', #3593, #4503, #4928 ) ;
#3970 = CARTESIAN_POINT ( 'NONE',  ( -60.36663589304679789, -10.36820398397388132, -31.30286362229969654 ) ) ;
#3971 = LINE ( 'NONE', #1687, #1301 ) ;
#3972 = CARTESIAN_POINT ( 'NONE',  ( 23.00000000000000000, 0.000000000000000000, 0.000000000000000000 ) ) ;
#3973 = AXIS2_PLACEMENT_3D ( 'NONE', #3604, #5364, #4966 ) ;
#3974 = ORIENTED_EDGE ( 'NONE', *, *, #1438, .T. ) ;
#3975 = DIRECTION ( 'NONE',  ( -1.000000000000000000, 0.000000000000000000, 0.000000000000000000 ) ) ;
#3976 = CARTESIAN_POINT ( 'NONE',  ( -50.67122707623509825, 16.10000000000000142, -5.046038264045169086 ) ) ;
#3977 = CIRCLE ( 'NONE', #2646, 4.000000000000000000 ) ;
#3978 = DIRECTION ( 'NONE',  ( 1.000000000000000000, 0.000000000000000000, 0.000000000000000000 ) ) ;
#3979 = EDGE_CURVE ( 'NONE', #1531, #3206, #1292, .T. ) ;
#3980 = DIRECTION ( 'NONE',  ( 0.000000000000000000, -1.000000000000000000, 0.000000000000000000 ) ) ;
#3981 = DIRECTION ( 'NONE',  ( 0.000000000000000000, -1.000000000000000000, 0.000000000000000000 ) ) ;
#3982 = CARTESIAN_POINT ( 'NONE',  ( 63.93298842298092666, -1.687954010971946195, -18.51146316427995941 ) ) ;
#3983 = EDGE_LOOP ( 'NONE', ( #1219, #2166, #3379, #2855 ) ) ;
#3984 = DIRECTION ( 'NONE',  ( 0.000000000000000000, 0.000000000000000000, 1.000000000000000000 ) ) ;
#3985 = CIRCLE ( 'NONE', #2553, 5.000000000000000888 ) ;
#3986 = CARTESIAN_POINT ( 'NONE',  ( -7.489843209538939561, 6.138715029757200625, -69.67405464645729296 ) ) ;
#3987 = EDGE_CURVE ( 'NONE', #5436, #5385, #5195, .T. ) ;
#3988 = EDGE_CURVE ( 'NONE', #4804, #3667, #4879, .T. ) ;
#3989 = ORIENTED_EDGE ( 'NONE', *, *, #1809, .T. ) ;
#3990 = DIRECTION ( 'NONE',  ( -0.7516382967157390071, 0.000000000000000000, 0.6595755232801340240 ) ) ;
#3991 = VECTOR ( 'NONE', #2280, 999.9999999999998863 ) ;
#3992 = ORIENTED_EDGE ( 'NONE', *, *, #3988, .T. ) ;
#3993 = CIRCLE ( 'NONE', #3314, 49.99999999999997868 ) ;
#3994 = EDGE_CURVE ( 'NONE', #997, #1619, #4843, .T. ) ;
#3995 = EDGE_LOOP ( 'NONE', ( #1731, #3353, #1674, #3320 ) ) ;
#3996 = FACE_BOUND ( 'NONE', #3751, .T. ) ;
#3997 = DIRECTION ( 'NONE',  ( 0.000000000000000000, 1.000000000000000000, 0.000000000000000000 ) ) ;
#3998 = AXIS2_PLACEMENT_3D ( 'NONE', #1173, #4723, #766 ) ;
#3999 = CARTESIAN_POINT ( 'NONE',  ( -6.232526257344400911, -6.347209453031569915, -66.65842761638509728 ) ) ;
#4000 = AXIS2_PLACEMENT_3D ( 'NONE', #5639, #1536, #4230 ) ;
#4001 = DIRECTION ( 'NONE',  ( -0.7516382967157390071, 0.000000000000000000, -0.6595755232801340240 ) ) ;
#4002 = DIRECTION ( 'NONE',  ( -0.6595755232801341350, 0.000000000000000000, -0.7516382967157391182 ) ) ;
#4003 = CARTESIAN_POINT ( 'NONE',  ( 1.102182119232617911E-14, -4.900000000000001243, 102.3859786274063453 ) ) ;
#4004 = ADVANCED_FACE ( 'NONE', ( #4072, #1321 ), #2709, .T. ) ;
#4005 = CARTESIAN_POINT ( 'NONE',  ( 28.09068004689710207, 10.09999999999999964, -45.65668348982450198 ) ) ;
#4006 = CARTESIAN_POINT ( 'NONE',  ( -58.88972745734179881, -10.09999999999999964, -34.00000000000000000 ) ) ;
#4007 = CARTESIAN_POINT ( 'NONE',  ( -59.82371222333080851, 3.718493186375320558, -32.67693506955001936 ) ) ;
#4008 = CARTESIAN_POINT ( 'NONE',  ( -65.08684897820944570, 2.071730516244210563, -24.13941655292978439 ) ) ;
#4009 = DIRECTION ( 'NONE',  ( 0.7516382967157391182, 0.000000000000000000, -0.6595755232801341350 ) ) ;
#4010 = LINE ( 'NONE', #4442, #2250 ) ;
#4011 = CARTESIAN_POINT ( 'NONE',  ( 64.47486995347162519, 0.08859472831449807795, -20.70117531936467259 ) ) ;
#4012 = ORIENTED_EDGE ( 'NONE', *, *, #3504, .F. ) ;
#4013 = FACE_OUTER_BOUND ( 'NONE', #1039, .T. ) ;
#4014 = CARTESIAN_POINT ( 'NONE',  ( -63.72726403315660804, 3.231601944931544956, -26.03939827092480286 ) ) ;
#4015 = EDGE_LOOP ( 'NONE', ( #4518, #4739 ) ) ;
#4016 = CARTESIAN_POINT ( 'NONE',  ( 56.34890550631919837, -4.234577301798995386, -38.82465405586705032 ) ) ;
#4017 = EDGE_CURVE ( 'NONE', #3302, #4531, #4538, .T. ) ;
#4018 = EDGE_LOOP ( 'NONE', ( #3974, #5462, #5642, #2343 ) ) ;
#4019 = DIRECTION ( 'NONE',  ( -0.000000000000000000, 1.000000000000000000, 0.000000000000000000 ) ) ;
#4020 = AXIS2_PLACEMENT_3D ( 'NONE', #7, #3184, #5848 ) ;
#4021 = CARTESIAN_POINT ( 'NONE',  ( 47.77214080932895968, 6.123233995736766282E-16, -10.47244827102946374 ) ) ;
#4022 = DIRECTION ( 'NONE',  ( 0.000000000000000000, 0.000000000000000000, 1.000000000000000000 ) ) ;
#4023 = CARTESIAN_POINT ( 'NONE',  ( 66.59735355102320398, -10.09999999999999964, -38.44999999999999574 ) ) ;
#4024 = ORIENTED_EDGE ( 'NONE', *, *, #312, .T. ) ;
#4025 = CARTESIAN_POINT ( 'NONE',  ( -55.57256106949069618, 2.307137140780685325, -38.28970139913744930 ) ) ;
#4026 = CARTESIAN_POINT ( 'NONE',  ( 42.41980899418465611, -3.055185865766594677, -56.38469779962370154 ) ) ;
#4027 = MANIFOLD_SOLID_BREP ( 'Solid3[1]', #5200 ) ;
#4028 = DIRECTION ( 'NONE',  ( -1.000000000000000000, 0.000000000000000000, 0.000000000000000000 ) ) ;
#4029 = AXIS2_PLACEMENT_3D ( 'NONE', #3042, #2598, #3524 ) ;
#4030 = CARTESIAN_POINT ( 'NONE',  ( -62.31911782836392888, 2.444514215297296289, -30.64563453810141880 ) ) ;
#4031 = CARTESIAN_POINT ( 'NONE',  ( -64.55980235418702762, 0.2238361630131199265, -23.53880538288533231 ) ) ;
#4032 = LINE ( 'NONE', #2777, #3041 ) ;
#4033 = ADVANCED_FACE ( 'NONE', ( #3233 ), #498, .T. ) ;
#4034 = CARTESIAN_POINT ( 'NONE',  ( 51.07001842572970673, 0.000000000000000000, -14.23063975460823904 ) ) ;
#4035 = CARTESIAN_POINT ( 'NONE',  ( 16.92484625416589950, -10.09999999999999964, -32.93233578868210287 ) ) ;
#4036 = CARTESIAN_POINT ( 'NONE',  ( 51.45340562870289602, 0.000000000000000000, -19.21591951131156861 ) ) ;
#4037 = AXIS2_PLACEMENT_3D ( 'NONE', #4979, #930, #3191 ) ;
#4038 = CARTESIAN_POINT ( 'NONE',  ( -22.36068714455310058, 6.633401653152809274, -66.91685445515139463 ) ) ;
#4039 = DIRECTION ( 'NONE',  ( -0.9715802785332849911, 0.000000000000000000, -0.2367102920558898094 ) ) ;
#4040 = EDGE_CURVE ( 'NONE', #762, #631, #304, .T. ) ;
#4041 = ORIENTED_EDGE ( 'NONE', *, *, #2789, .F. ) ;
#4042 = CARTESIAN_POINT ( 'NONE',  ( 57.59880734419530057, -4.237506900939985499, -39.68580703648599695 ) ) ;
#4043 = VECTOR ( 'NONE', #716, 1000.000000000000000 ) ;
#4044 = ORIENTED_EDGE ( 'NONE', *, *, #1866, .F. ) ;
#4045 = CARTESIAN_POINT ( 'NONE',  ( 36.65721254347300118, 11.00004642078781814, -58.33827056159280033 ) ) ;
#4046 = VECTOR ( 'NONE', #2830, 999.9999999999998863 ) ;
#4047 = CARTESIAN_POINT ( 'NONE',  ( 58.88972745734179881, 0.000000000000000000, -34.00000000000000000 ) ) ;
#4048 = FACE_OUTER_BOUND ( 'NONE', #1617, .T. ) ;
#4049 = CARTESIAN_POINT ( 'NONE',  ( 58.91649172869909279, -10.09999999999999964, -15.80827102623565139 ) ) ;
#4050 = ORIENTED_EDGE ( 'NONE', *, *, #4148, .T. ) ;
#4051 = EDGE_CURVE ( 'NONE', #2856, #1357, #878, .T. ) ;
#4052 = ORIENTED_EDGE ( 'NONE', *, *, #1431, .F. ) ;
#4053 = CARTESIAN_POINT ( 'NONE',  ( -56.34801989743740336, 1.139617125151989985, -38.82406178192790236 ) ) ;
#4054 = CARTESIAN_POINT ( 'NONE',  ( -58.59114660207919911, 10.09999999999999964, -30.38219116281240062 ) ) ;
#4055 = AXIS2_PLACEMENT_3D ( 'NONE', #2242, #4061, #12 ) ;
#4056 = CARTESIAN_POINT ( 'NONE',  ( -62.12787335768142327, 1.340652813488535156, -30.75363755497097529 ) ) ;
#4057 = CARTESIAN_POINT ( 'NONE',  ( -60.55842569467142056, -13.40021752365182728, -30.79415369639203703 ) ) ;
#4058 = CYLINDRICAL_SURFACE ( 'NONE', #4173, 5.000000000000000888 ) ;
#4059 = VECTOR ( 'NONE', #2542, 1000.000000000000000 ) ;
#4060 = VECTOR ( 'NONE', #1296, 1000.000000000000114 ) ;
#4061 = DIRECTION ( 'NONE',  ( 0.000000000000000000, 1.000000000000000000, 0.000000000000000000 ) ) ;
#4062 = DIRECTION ( 'NONE',  ( -0.7516382967157390071, 0.000000000000000000, -0.6595755232801340240 ) ) ;
#4063 = EDGE_CURVE ( 'NONE', #765, #5814, #2875, .T. ) ;
#4064 = ORIENTED_EDGE ( 'NONE', *, *, #4605, .T. ) ;
#4065 = CARTESIAN_POINT ( 'NONE',  ( 12.06596609671983877, 16.10000000000000142, -38.00814511808529517 ) ) ;
#4066 = CARTESIAN_POINT ( 'NONE',  ( -22.71033666869987044, -12.58288218358953614, 24.30592344397935634 ) ) ;
#4067 = CARTESIAN_POINT ( 'NONE',  ( -26.17509153714900094, 16.10000000000000142, -55.32495366302847373 ) ) ;
#4068 = VERTEX_POINT ( 'NONE', #3326 ) ;
#4069 = CARTESIAN_POINT ( 'NONE',  ( 7.389985829691240404, -8.069896222676879560, -68.74644862732199613 ) ) ;
#4070 = EDGE_CURVE ( 'NONE', #706, #790, #2765, .T. ) ;
#4071 = ORIENTED_EDGE ( 'NONE', *, *, #4564, .F. ) ;
#4072 = FACE_BOUND ( 'NONE', #2717, .T. ) ;
#4073 = DIRECTION ( 'NONE',  ( 0.000000000000000000, -1.000000000000000000, 0.000000000000000000 ) ) ;
#4074 = DIRECTION ( 'NONE',  ( 0.000000000000000000, -1.000000000000000000, 0.000000000000000000 ) ) ;
#4075 = ORIENTED_EDGE ( 'NONE', *, *, #2597, .T. ) ;
#4076 = VECTOR ( 'NONE', #4690, 1000.000000000000114 ) ;
#4077 = CARTESIAN_POINT ( 'NONE',  ( -57.73549536239379876, -10.09999999999999964, -15.76196967183950193 ) ) ;
#4078 = ORIENTED_EDGE ( 'NONE', *, *, #4295, .F. ) ;
#4079 = ORIENTED_EDGE ( 'NONE', *, *, #2674, .F. ) ;
#4080 = AXIS2_PLACEMENT_3D ( 'NONE', #872, #4135, #4581 ) ;
#4081 = CARTESIAN_POINT ( 'NONE',  ( -41.59731625246399744, 5.626841020038201080, -55.29143486931089768 ) ) ;
#4082 = CARTESIAN_POINT ( 'NONE',  ( -38.18713561256070221, -16.10000000000000142, -4.557801678611490104 ) ) ;
#4083 = EDGE_CURVE ( 'NONE', #4246, #1409, #5592, .T. ) ;
#4084 = CARTESIAN_POINT ( 'NONE',  ( -61.43777720978751944, 3.296822278854998789, -31.19572331363591644 ) ) ;
#4085 = CARTESIAN_POINT ( 'NONE',  ( -54.07657161259250245, 0.000000000000000000, -11.59233766148770073 ) ) ;
#4086 = CARTESIAN_POINT ( 'NONE',  ( 1.102182119232617911E-14, -4.900000000000001243, 90.00000000000000000 ) ) ;
#4087 = LINE ( 'NONE', #40, #3874 ) ;
#4088 = LINE ( 'NONE', #5406, #1294 ) ;
#4089 = EDGE_CURVE ( 'NONE', #3580, #722, #5016, .T. ) ;
#4090 = DIRECTION ( 'NONE',  ( 0.000000000000000000, 1.000000000000000000, 0.000000000000000000 ) ) ;
#4091 = CARTESIAN_POINT ( 'NONE',  ( -17.26387564765321514, -6.589301452128003334, 33.18477342834405874 ) ) ;
#4092 = DIRECTION ( 'NONE',  ( 0.000000000000000000, -1.000000000000000000, 0.000000000000000000 ) ) ;
#4093 = EDGE_LOOP ( 'NONE', ( #2991, #5261, #594, #2996 ) ) ;
#4094 = ORIENTED_EDGE ( 'NONE', *, *, #4987, .F. ) ;
#4095 = DIRECTION ( 'NONE',  ( -0.6595755232801338019, 0.000000000000000000, -0.7516382967157392292 ) ) ;
#4096 = AXIS2_PLACEMENT_3D ( 'NONE', #3697, #1442, #5572 ) ;
#4097 = ADVANCED_FACE ( 'NONE', ( #4568 ), #4149, .T. ) ;
#4098 = DIRECTION ( 'NONE',  ( 0.7516382967157391182, 0.000000000000000000, -0.6595755232801341350 ) ) ;
#4099 = CARTESIAN_POINT ( 'NONE',  ( -54.07657161259250245, 0.000000000000000000, -11.59233766148770073 ) ) ;
#4100 = B_SPLINE_CURVE_WITH_KNOTS ( 'NONE', 3,
 ( #5832, #3057, #2247, #3167, #4983, #4066, #5773, #1701, #2612, #3286, #5584, #547, #1863, #4091, #2392, #4560, #1074, #1892, #606, #5068, #5555, #131 ),
 .UNSPECIFIED., .F., .F.,
 ( 4, 2, 2, 2, 2, 2, 2, 2, 2, 2, 4 ),
 ( -2.819894946360924611E-05, 0.001479492394256053805, 0.002987183737975716586, 0.006002566425415039111, 0.009017949112854362070, 0.01203333180029368329, 0.01504871448773300452, 0.01806409717517232574, 0.01957178851889198809, 0.02107947986261164697, 0.02409486255005096819 ),
 .UNSPECIFIED. ) ;
#4101 = ORIENTED_EDGE ( 'NONE', *, *, #817, .F. ) ;
#4102 = DIRECTION ( 'NONE',  ( 0.000000000000000000, 1.000000000000000000, 0.000000000000000000 ) ) ;
#4103 = ORIENTED_EDGE ( 'NONE', *, *, #5210, .F. ) ;
#4104 = ORIENTED_EDGE ( 'NONE', *, *, #5733, .F. ) ;
#4105 = CARTESIAN_POINT ( 'NONE',  ( -7.129944457873779839, 6.139526462517590488, -66.32805257689800271 ) ) ;
#4106 = CARTESIAN_POINT ( 'NONE',  ( 41.59765048796064946, -2.624574997356450279, -55.29187913739950488 ) ) ;
#4107 = CARTESIAN_POINT ( 'NONE',  ( -59.10535133184267664, 3.805071775882941765, -33.62652849403944799 ) ) ;
#4108 = DIRECTION ( 'NONE',  ( 0.000000000000000000, -1.000000000000000000, 0.000000000000000000 ) ) ;
#4109 = CARTESIAN_POINT ( 'NONE',  ( -43.23218663921680616, 16.10000000000000142, -9.847192473877310448 ) ) ;
#4110 = EDGE_CURVE ( 'NONE', #2522, #2011, #3521, .T. ) ;
#4111 = DIRECTION ( 'NONE',  ( 0.000000000000000000, -1.000000000000000000, 0.000000000000000000 ) ) ;
#4112 = LINE ( 'NONE', #5036, #1008 ) ;
#4113 = ORIENTED_EDGE ( 'NONE', *, *, #3144, .T. ) ;
#4114 = DIRECTION ( 'NONE',  ( 0.000000000000000000, -1.000000000000000000, 0.000000000000000000 ) ) ;
#4115 = DIRECTION ( 'NONE',  ( -1.000000000000000000, 0.000000000000000000, 0.000000000000000000 ) ) ;
#4116 = DIRECTION ( 'NONE',  ( 0.000000000000000000, -1.000000000000000000, 0.000000000000000000 ) ) ;
#4117 = ORIENTED_EDGE ( 'NONE', *, *, #2616, .T. ) ;
#4118 = EDGE_CURVE ( 'NONE', #652, #1814, #4597, .T. ) ;
#4119 = CIRCLE ( 'NONE', #1100, 2.000000000000001776 ) ;
#4120 = VERTEX_POINT ( 'NONE', #5045 ) ;
#4121 = CARTESIAN_POINT ( 'NONE',  ( 0.000000000000000000, 10.09999999999999964, 0.000000000000000000 ) ) ;
#4122 = CARTESIAN_POINT ( 'NONE',  ( 45.67122707623510536, -10.09999999999999964, -5.046038264045169086 ) ) ;
#4123 = LINE ( 'NONE', #1462, #1671 ) ;
#4124 = ORIENTED_EDGE ( 'NONE', *, *, #5253, .T. ) ;
#4125 = EDGE_CURVE ( 'NONE', #4626, #2499, #5807, .T. ) ;
#4126 = DIRECTION ( 'NONE',  ( 0.000000000000000000, 0.000000000000000000, -1.000000000000000000 ) ) ;
#4127 = AXIS2_PLACEMENT_3D ( 'NONE', #5606, #3245, #5180 ) ;
#4128 = CARTESIAN_POINT ( 'NONE',  ( -58.88972745734179881, 3.833333333333340143, -34.00000000000000000 ) ) ;
#4129 = ORIENTED_EDGE ( 'NONE', *, *, #949, .T. ) ;
#4130 = VERTEX_POINT ( 'NONE', #1460 ) ;
#4131 = LINE ( 'NONE', #4161, #2106 ) ;
#4132 = CARTESIAN_POINT ( 'NONE',  ( -60.09442319551060052, -12.82667191048452082, -29.06304011625210038 ) ) ;
#4133 = CARTESIAN_POINT ( 'NONE',  ( -58.88972745734179881, 0.8333333333333350357, -34.00000000000000000 ) ) ;
#4134 = CARTESIAN_POINT ( 'NONE',  ( -13.94841745712061609, 6.123233995736766282E-16, -40.15334681863557620 ) ) ;
#4135 = DIRECTION ( 'NONE',  ( 0.7516382967157375639, 0.000000000000000000, -0.6595755232801356893 ) ) ;
#4136 = CARTESIAN_POINT ( 'NONE',  ( 60.54983387995184074, 10.51656195586285669, -29.97652309024546469 ) ) ;
#4137 = CARTESIAN_POINT ( 'NONE',  ( -57.73549536239379876, -10.09999999999999964, -15.76196967183950193 ) ) ;
#4138 = VERTEX_POINT ( 'NONE', #1518 ) ;
#4139 = ORIENTED_EDGE ( 'NONE', *, *, #5034, .F. ) ;
#4140 = DIRECTION ( 'NONE',  ( 0.000000000000000000, 1.000000000000000000, 0.000000000000000000 ) ) ;
#4141 = CYLINDRICAL_SURFACE ( 'NONE', #4834, 2.000000000000001776 ) ;
#4142 = PLANE ( 'NONE',  #2657 ) ;
#4143 = EDGE_LOOP ( 'NONE', ( #4813, #3634, #1613, #4607 ) ) ;
#4144 = CARTESIAN_POINT ( 'NONE',  ( 21.78329761847430035, -4.061716742028854910, -65.18892916375899915 ) ) ;
#4145 = AXIS2_PLACEMENT_3D ( 'NONE', #3748, #1844, #3264 ) ;
#4146 = ADVANCED_FACE ( 'NONE', ( #5137 ), #583, .T. ) ;
#4147 = ORIENTED_EDGE ( 'NONE', *, *, #3238, .T. ) ;
#4148 = EDGE_CURVE ( 'NONE', #1846, #3638, #4627, .T. ) ;
#4149 = PLANE ( 'NONE',  #4939 ) ;
#4150 = B_SPLINE_CURVE_WITH_KNOTS ( 'NONE', 3,
 ( #5481, #2295, #5030, #5515, #1853, #1772 ),
 .UNSPECIFIED., .F., .F.,
 ( 4, 2, 4 ),
 ( 0.5000000000000000000, 0.7500000000000000000, 1.000000000000000000 ),
 .UNSPECIFIED. ) ;
#4151 = DIRECTION ( 'NONE',  ( 0.000000000000000000, -1.000000000000000000, 0.000000000000000000 ) ) ;
#4152 = CARTESIAN_POINT ( 'NONE',  ( 64.47536296208700435, 10.09999999999999964, -20.77693915205080089 ) ) ;
#4153 = ORIENTED_EDGE ( 'NONE', *, *, #1974, .T. ) ;
#4154 = EDGE_CURVE ( 'NONE', #2013, #1312, #3293, .T. ) ;
#4155 = CARTESIAN_POINT ( 'NONE',  ( 59.47536296208700435, 16.10000000000000142, -20.77693915205080089 ) ) ;
#4156 = CIRCLE ( 'NONE', #3890, 4.999999999999998224 ) ;
#4157 = CARTESIAN_POINT ( 'NONE',  ( -64.47450989708084990, 2.876949237570775253, -20.87180030464307023 ) ) ;
#4158 = B_SPLINE_CURVE_WITH_KNOTS ( 'NONE', 3,
 ( #3707, #5435, #5855, #1779, #3252, #1807, #5461, #3591, #3645, #4556 ),
 .UNSPECIFIED., .F., .F.,
 ( 4, 2, 2, 2, 4 ),
 ( 0.04139870007251778700, 0.2810490250543882240, 0.5206993500362586680, 0.7603496750181293340, 1.000000000000000000 ),
 .UNSPECIFIED. ) ;
#4159 = ORIENTED_EDGE ( 'NONE', *, *, #3444, .T. ) ;
#4160 = ORIENTED_EDGE ( 'NONE', *, *, #3137, .T. ) ;
#4161 = CARTESIAN_POINT ( 'NONE',  ( 12.38597862740637012, -4.900000000000001243, 90.00000000000000000 ) ) ;
#4162 = AXIS2_PLACEMENT_3D ( 'NONE', #2632, #4467, #3975 ) ;
#4163 = CARTESIAN_POINT ( 'NONE',  ( 0.000000000000000000, -5.929452351195860338, -66.65702292682159680 ) ) ;
#4164 = AXIS2_PLACEMENT_3D ( 'NONE', #4203, #1164, #3741 ) ;
#4165 = CARTESIAN_POINT ( 'NONE',  ( -61.22897312916879997, 0.8330735158048350186, -31.35136050188388168 ) ) ;
#4166 = LINE ( 'NONE', #512, #2076 ) ;
#4167 = CARTESIAN_POINT ( 'NONE',  ( -54.07657161259250245, 0.000000000000000000, -11.59233766148770073 ) ) ;
#4168 = VECTOR ( 'NONE', #3263, 999.9999999999998863 ) ;
#4169 = EDGE_CURVE ( 'NONE', #4829, #769, #4563, .T. ) ;
#4170 = CARTESIAN_POINT ( 'NONE',  ( -60.36663589304679789, -10.36820398397388132, -31.30286362229969654 ) ) ;
#4171 = LINE ( 'NONE', #4767, #1831 ) ;
#4172 = ORIENTED_EDGE ( 'NONE', *, *, #798, .T. ) ;
#4173 = AXIS2_PLACEMENT_3D ( 'NONE', #3673, #5485, #1415 ) ;
#4174 = LINE ( 'NONE', #5553, #5023 ) ;
#4175 = DIRECTION ( 'NONE',  ( 0.000000000000000000, 1.000000000000000000, 0.000000000000000000 ) ) ;
#4176 = CARTESIAN_POINT ( 'NONE',  ( -42.40681730675835581, 16.10000000000000142, 1.706267183499749818 ) ) ;
#4177 = CARTESIAN_POINT ( 'NONE',  ( -51.07001842572970673, 0.000000000000000000, -14.23063975460823904 ) ) ;
#4178 = VERTEX_POINT ( 'NONE', #671 ) ;
#4179 = CARTESIAN_POINT ( 'NONE',  ( 0.000000000000000000, -5.929452351195860338, -66.65702292682159680 ) ) ;
#4180 = ORIENTED_EDGE ( 'NONE', *, *, #224, .F. ) ;
#4181 = EDGE_CURVE ( 'NONE', #734, #4778, #2180, .T. ) ;
#4182 = CARTESIAN_POINT ( 'NONE',  ( 9.417970242006729720, -16.10000000000000142, -24.37765887863679737 ) ) ;
#4183 = CARTESIAN_POINT ( 'NONE',  ( 0.000000000000000000, -10.09999999999999964, 0.000000000000000000 ) ) ;
#4184 = VERTEX_POINT ( 'NONE', #3024 ) ;
#4185 = CYLINDRICAL_SURFACE ( 'NONE', #2655, 4.999999999999997335 ) ;
#4187 = CARTESIAN_POINT ( 'NONE',  ( 31.09258607165419974, 16.10000000000000142, -51.00502228582330133 ) ) ;
#4186 = AXIS2_PLACEMENT_3D ( 'NONE', #1297, #3177, #1354 ) ;
#4188 = ORIENTED_EDGE ( 'NONE', *, *, #4740, .T. ) ;
#4189 = ORIENTED_EDGE ( 'NONE', *, *, #2829, .F. ) ;
#4190 = ADVANCED_FACE ( 'NONE', ( #1166 ), #253, .T. ) ;
#4191 = CYLINDRICAL_SURFACE ( 'NONE', #4096, 4.999999999999997335 ) ;
#4192 = CARTESIAN_POINT ( 'NONE',  ( 0.000000000000000000, -8.546015288752988326, -67.25461972646890274 ) ) ;
#4193 = CARTESIAN_POINT ( 'NONE',  ( -60.03126258797751547, 0.7265521266549969104, -32.44196404941507694 ) ) ;
#4194 = DIRECTION ( 'NONE',  ( 0.000000000000000000, 1.000000000000000000, 0.000000000000000000 ) ) ;
#4195 = CARTESIAN_POINT ( 'NONE',  ( -24.22220753623764722, 16.10000000000000142, -54.89339361044660137 ) ) ;
#4196 = FACE_OUTER_BOUND ( 'NONE', #4635, .T. ) ;
#4197 = FACE_OUTER_BOUND ( 'NONE', #83, .T. ) ;
#4198 = EDGE_LOOP ( 'NONE', ( #3324, #4075, #822, #545 ) ) ;
#4199 = DIRECTION ( 'NONE',  ( 0.000000000000000000, 0.000000000000000000, 1.000000000000000000 ) ) ;
#4200 = EDGE_CURVE ( 'NONE', #4805, #2192, #3704, .T. ) ;
#4201 = CARTESIAN_POINT ( 'NONE',  ( -60.36663589305109667, 0.000000000000000000, -31.30286362229155017 ) ) ;
#4202 = DIRECTION ( 'NONE',  ( 0.000000000000000000, 1.000000000000000000, 0.000000000000000000 ) ) ;
#4203 = CARTESIAN_POINT ( 'NONE',  ( 54.07657161259250245, 0.000000000000000000, -11.59233766148770073 ) ) ;
#4204 = ORIENTED_EDGE ( 'NONE', *, *, #5426, .T. ) ;
#4205 = B_SPLINE_CURVE_WITH_KNOTS ( 'NONE', 3,
 ( #1992, #3267, #998, #4662 ),
 .UNSPECIFIED., .F., .F.,
 ( 4, 4 ),
 ( 0.000000000000000000, 1.000000000000000000 ),
 .UNSPECIFIED. ) ;
#4206 = VECTOR ( 'NONE', #57, 1000.000000000000000 ) ;
#4207 =( NAMED_UNIT ( * ) PLANE_ANGLE_UNIT ( ) SI_UNIT ( $, .RADIAN. ) );
#4208 = ORIENTED_EDGE ( 'NONE', *, *, #2981, .F. ) ;
#4209 = DIRECTION ( 'NONE',  ( 0.000000000000000000, 1.000000000000000000, 0.000000000000000000 ) ) ;
#4210 = ADVANCED_FACE ( 'NONE', ( #4750 ), #444, .T. ) ;
#4211 = VECTOR ( 'NONE', #3126, 1000.000000000000000 ) ;
#4212 = AXIS2_PLACEMENT_3D ( 'NONE', #1616, #1203, #5202 ) ;
#4213 = FACE_OUTER_BOUND ( 'NONE', #1060, .T. ) ;
#4214 = FACE_OUTER_BOUND ( 'NONE', #4420, .T. ) ;
#4215 = EDGE_CURVE ( 'NONE', #769, #2409, #851, .T. ) ;
#4216 = ORIENTED_EDGE ( 'NONE', *, *, #2091, .F. ) ;
#4217 = EDGE_CURVE ( 'NONE', #3403, #2170, #5219, .T. ) ;
#4218 = CARTESIAN_POINT ( 'NONE',  ( 60.57564044462434083, 13.40314964662820429, -30.13359809598121331 ) ) ;
#4219 = VECTOR ( 'NONE', #420, 1000.000000000000000 ) ;
#4220 = LINE ( 'NONE', #3240, #1847 ) ;
#4221 = ORIENTED_EDGE ( 'NONE', *, *, #2235, .F. ) ;
#4222 = VERTEX_POINT ( 'NONE', #2162 ) ;
#4223 = PLANE ( 'NONE',  #5531 ) ;
#4224 = CARTESIAN_POINT ( 'NONE',  ( 61.75191982634999732, -2.112700987637454730, -25.23226513405590055 ) ) ;
#4225 = AXIS2_PLACEMENT_3D ( 'NONE', #1210, #2953, #3008 ) ;
#4226 = VECTOR ( 'NONE', #5822, 1000.000000000000000 ) ;
#4227 = CYLINDRICAL_SURFACE ( 'NONE', #5856, 1.999999999999999778 ) ;
#4228 = EDGE_CURVE ( 'NONE', #1204, #2902, #5706, .T. ) ;
#4229 = CARTESIAN_POINT ( 'NONE',  ( -60.41991246879331356, -13.28303913768872491, -29.56615501736165186 ) ) ;
#4230 = DIRECTION ( 'NONE',  ( 1.000000000000000000, 0.000000000000000000, 0.000000000000000000 ) ) ;
#4231 = CARTESIAN_POINT ( 'NONE',  ( 23.33161432993508910, 7.055555359335743404, -64.14709304839611548 ) ) ;
#4232 = CARTESIAN_POINT ( 'NONE',  ( -7.772042824445040132, 16.10000000000000142, -33.11488110102455096 ) ) ;
#4233 = VERTEX_POINT ( 'NONE', #4478 ) ;
#4234 = CARTESIAN_POINT ( 'NONE',  ( -64.08466255855331895, 0.3787249017760712655, -18.83889256126922618 ) ) ;
#4235 = CARTESIAN_POINT ( 'NONE',  ( 64.01941482997588651, -3.031738831586232141, -22.92302193945379329 ) ) ;
#4236 = CARTESIAN_POINT ( 'NONE',  ( 64.88458337350250815, -0.6052493180383485827, -23.90891895373155052 ) ) ;
#4237 = CARTESIAN_POINT ( 'NONE',  ( 29.12296933176754976, 10.09999999999999964, -22.22827314698385237 ) ) ;
#4238 = ORIENTED_EDGE ( 'NONE', *, *, #4200, .F. ) ;
#4239 = ORIENTED_EDGE ( 'NONE', *, *, #2582, .F. ) ;
#4240 = VECTOR ( 'NONE', #343, 1000.000000000000000 ) ;
#4241 =( NAMED_UNIT ( * ) SI_UNIT ( $, .STERADIAN. ) SOLID_ANGLE_UNIT ( ) );
#4242 = EDGE_CURVE ( 'NONE', #1734, #2781, #5418, .T. ) ;
#4244 = CARTESIAN_POINT ( 'NONE',  ( 23.33152302553990154, -3.943311433103558805, -64.14712403250302941 ) ) ;
#4243 = AXIS2_PLACEMENT_3D ( 'NONE', #3511, #4422, #2706 ) ;
#4245 = DIRECTION ( 'NONE',  ( -0.9975634259047179153, 0.000000000000000000, -0.06976540186397729715 ) ) ;
#4246 = VERTEX_POINT ( 'NONE', #4957 ) ;
#4247 = VECTOR ( 'NONE', #2893, 999.9999999999998863 ) ;
#4248 = DIRECTION ( 'NONE',  ( 0.000000000000000000, 1.000000000000000000, 0.000000000000000000 ) ) ;
#4249 = CARTESIAN_POINT ( 'NONE',  ( 58.88972745734179881, -3.833333333333340143, -34.00000000000000000 ) ) ;
#4250 = ORIENTED_EDGE ( 'NONE', *, *, #1116, .T. ) ;
#4251 = EDGE_LOOP ( 'NONE', ( #3933, #2020, #3742, #5044, #4711, #5022, #5479, #4216 ) ) ;
#4252 = VERTEX_POINT ( 'NONE', #2700 ) ;
#4253 = DIRECTION ( 'NONE',  ( 0.000000000000000000, 1.000000000000000000, 0.000000000000000000 ) ) ;
#4254 = CARTESIAN_POINT ( 'NONE',  ( -60.27668823888885896, -10.83874090933033507, -29.28725759862214417 ) ) ;
#4255 = CARTESIAN_POINT ( 'NONE',  ( 42.05402123878040044, -5.674652896591321216, -55.89849023442479847 ) ) ;
#4256 = CARTESIAN_POINT ( 'NONE',  ( 0.000000000000000000, -16.10000000000000142, 0.000000000000000000 ) ) ;
#4257 = CARTESIAN_POINT ( 'NONE',  ( 58.69294323534410296, 16.10000000000000142, -13.82080377590956033 ) ) ;
#4258 = AXIS2_PLACEMENT_3D ( 'NONE', #1308, #1776, #2240 ) ;
#4259 = EDGE_CURVE ( 'NONE', #5321, #1607, #2644, .T. ) ;
#4260 = CARTESIAN_POINT ( 'NONE',  ( -61.06431871148870272, -13.50009284165586010, -29.40545879357414805 ) ) ;
#4261 = CARTESIAN_POINT ( 'NONE',  ( -60.57653794026264649, -16.10000000000000142, -30.14090039575712865 ) ) ;
#4262 = VECTOR ( 'NONE', #2249, 1000.000000000000000 ) ;
#4263 = VERTEX_POINT ( 'NONE', #464 ) ;
#4264 = DIRECTION ( 'NONE',  ( 0.7516382967157390071, 0.000000000000000000, 0.6595755232801340240 ) ) ;
#4265 = CIRCLE ( 'NONE', #1718, 2.049999999999996270 ) ;
#4266 = DIRECTION ( 'NONE',  ( 0.000000000000000000, -1.000000000000000000, 0.000000000000000000 ) ) ;
#4267 = CARTESIAN_POINT ( 'NONE',  ( 64.16936559944517171, -3.039993977187968710, -23.09387192651651333 ) ) ;
#4268 = CARTESIAN_POINT ( 'NONE',  ( 50.79351535985600208, -6.123233995736780087E-16, -7.821140176568779800 ) ) ;
#4269 = ORIENTED_EDGE ( 'NONE', *, *, #3101, .T. ) ;
#4270 = VECTOR ( 'NONE', #4305, 1000.000000000000000 ) ;
#4271 = EDGE_CURVE ( 'NONE', #3838, #2971, #4100, .T. ) ;
#4272 = ORIENTED_EDGE ( 'NONE', *, *, #5221, .F. ) ;
#4273 = CARTESIAN_POINT ( 'NONE',  ( -62.61551631841489041, 0.1815197947177610016, -25.58528853546104997 ) ) ;
#4274 = ORIENTED_EDGE ( 'NONE', *, *, #1830, .T. ) ;
#4275 = DIRECTION ( 'NONE',  ( 0.6595755232801341350, 0.000000000000000000, 0.7516382967157391182 ) ) ;
#4276 = CARTESIAN_POINT ( 'NONE',  ( 63.94374377908371088, -0.7842974520871600630, -18.53326876120102185 ) ) ;
#4277 = EDGE_LOOP ( 'NONE', ( #311, #4064, #4124, #2034 ) ) ;
#4278 = CARTESIAN_POINT ( 'NONE',  ( 19.01036353609460150, 6.750023210393909956, -65.98543180523029150 ) ) ;
#4279 = ADVANCED_FACE ( 'NONE', ( #5466 ), #3228, .T. ) ;
#4280 = ORIENTED_EDGE ( 'NONE', *, *, #1505, .F. ) ;
#4281 = VERTEX_POINT ( 'NONE', #1454 ) ;
#4282 = ORIENTED_EDGE ( 'NONE', *, *, #675, .T. ) ;
#4283 = CYLINDRICAL_SURFACE ( 'NONE', #5198, 67.99999999999995737 ) ;
#4284 = CARTESIAN_POINT ( 'NONE',  ( 59.87720862567870483, -3.711392589985113233, -32.61478889298412298 ) ) ;
#4285 = CARTESIAN_POINT ( 'NONE',  ( 0.000000000000000000, 5.500000000000000000, -68.00000000000000000 ) ) ;
#4286 = LINE ( 'NONE', #240, #2704 ) ;
#4287 = ADVANCED_FACE ( 'NONE', ( #1511 ), #5527, .T. ) ;
#4288 = DIRECTION ( 'NONE',  ( 0.000000000000000000, 1.000000000000000000, 0.000000000000000000 ) ) ;
#4289 = FACE_BOUND ( 'NONE', #865, .T. ) ;
#4290 = CARTESIAN_POINT ( 'NONE',  ( -47.67122707623510536, 16.10000000000000142, -5.046038264045169086 ) ) ;
#4291 = ORIENTED_EDGE ( 'NONE', *, *, #2488, .T. ) ;
#4292 = CARTESIAN_POINT ( 'NONE',  ( -64.33180603607378600, 0.02203338784273389458, -19.55507475078000468 ) ) ;
#4293 = LINE ( 'NONE', #1129, #5103 ) ;
#4294 = CARTESIAN_POINT ( 'NONE',  ( -54.39802043194809045, 10.09999999999999964, -22.57154017501994758 ) ) ;
#4295 = EDGE_CURVE ( 'NONE', #5626, #1689, #2784, .T. ) ;
#4296 = DIRECTION ( 'NONE',  ( -0.7516382967157391182, 0.000000000000000000, -0.6595755232801341350 ) ) ;
#4297 = VECTOR ( 'NONE', #2926, 1000.000000000000000 ) ;
#4298 = ORIENTED_EDGE ( 'NONE', *, *, #2536, .T. ) ;
#4299 = CARTESIAN_POINT ( 'NONE',  ( -21.49413112511345147, 6.633376147279410162, -64.32346663897020278 ) ) ;
#4300 = EDGE_CURVE ( 'NONE', #2786, #3129, #5098, .T. ) ;
#4301 = EDGE_LOOP ( 'NONE', ( #2560, #225, #4238, #2570 ) ) ;
#4302 = ORIENTED_EDGE ( 'NONE', *, *, #4473, .T. ) ;
#4303 = LINE ( 'NONE', #5230, #5398 ) ;
#4304 = ORIENTED_EDGE ( 'NONE', *, *, #1192, .F. ) ;
#4305 = DIRECTION ( 'NONE',  ( 0.000000000000000000, -1.000000000000000000, 0.000000000000000000 ) ) ;
#4306 = DIRECTION ( 'NONE',  ( 1.000000000000000000, 0.000000000000000000, 0.000000000000000000 ) ) ;
#4307 = EDGE_LOOP ( 'NONE', ( #4586, #24, #5420, #416 ) ) ;
#4308 = ORIENTED_EDGE ( 'NONE', *, *, #2995, .F. ) ;
#4309 = CARTESIAN_POINT ( 'NONE',  ( 12.38597862740637012, 16.10000000000000142, 90.00000000000000000 ) ) ;
#4310 = CARTESIAN_POINT ( 'NONE',  ( 62.08528174888372320, -1.295126718650827069, -30.77853036808364351 ) ) ;
#4311 = CIRCLE ( 'NONE', #3367, 8.899999999999995026 ) ;
#4312 = EDGE_CURVE ( 'NONE', #4222, #1738, #1155, .T. ) ;
#4313 = CARTESIAN_POINT ( 'NONE',  ( -35.93392730166890203, -8.430581470354770346, -57.18719531058889771 ) ) ;
#4314 = CIRCLE ( 'NONE', #2134, 2.000000000000000444 ) ;
#4315 = CARTESIAN_POINT ( 'NONE',  ( -12.38597862740635058, -4.900000000000001243, 90.00000000000000000 ) ) ;
#4316 = CARTESIAN_POINT ( 'NONE',  ( -60.50529957756492649, -10.38794442402939211, -31.03545485561989281 ) ) ;
#4317 = CARTESIAN_POINT ( 'NONE',  ( -40.61251821899551118, -11.33978529868829099, -54.89029366169582147 ) ) ;
#4318 = CARTESIAN_POINT ( 'NONE',  ( 57.18966664191270155, -1.650167208960304999, -15.13995482246985169 ) ) ;
#4319 = AXIS2_PLACEMENT_3D ( 'NONE', #2116, #831, #5306 ) ;
#4320 = ORIENTED_EDGE ( 'NONE', *, *, #510, .T. ) ;
#4321 = CARTESIAN_POINT ( 'NONE',  ( -64.47523587052678806, -0.08847642422270973750, -20.73839764360718263 ) ) ;
#4322 = CARTESIAN_POINT ( 'NONE',  ( 58.88940059228569623, 10.16666609856367920, -33.99981111491181451 ) ) ;
#4323 = CARTESIAN_POINT ( 'NONE',  ( 64.90333558783270007, -2.513276646876266174, -23.93028858001590109 ) ) ;
#4324 = CARTESIAN_POINT ( 'NONE',  ( 54.17728560843379881, 9.765338061036020534, -22.31999544524150281 ) ) ;
#4325 = ORIENTED_EDGE ( 'NONE', *, *, #590, .T. ) ;
#4326 = CARTESIAN_POINT ( 'NONE',  ( -64.90573456450650269, 2.752544777756610106, -18.72135784366420097 ) ) ;
#4327 =( GEOMETRIC_REPRESENTATION_CONTEXT ( 3 ) GLOBAL_UNCERTAINTY_ASSIGNED_CONTEXT ( ( #2311 ) ) GLOBAL_UNIT_ASSIGNED_CONTEXT ( ( #5014, #4207, #162 ) ) REPRESENTATION_CONTEXT ( 'NONE', 'WORKASPACE' ) );
#4328 = ORIENTED_EDGE ( 'NONE', *, *, #3658, .T. ) ;
#4329 = CARTESIAN_POINT ( 'NONE',  ( -27.27794816855460169, 8.867795575098650573, -44.73051145468615175 ) ) ;
#4330 = EDGE_CURVE ( 'NONE', #3862, #1194, #5225, .T. ) ;
#4331 = ORIENTED_EDGE ( 'NONE', *, *, #1848, .T. ) ;
#4332 = CARTESIAN_POINT ( 'NONE',  ( 60.05777060256759370, 13.06955779248830041, -28.92075660471530085 ) ) ;
#4333 = CARTESIAN_POINT ( 'NONE',  ( -6.268766231013559675, 16.10000000000000142, -34.43403214758485120 ) ) ;
#4334 = ORIENTED_EDGE ( 'NONE', *, *, #5110, .T. ) ;
#4335 = ORIENTED_EDGE ( 'NONE', *, *, #1514, .F. ) ;
#4336 = VECTOR ( 'NONE', #4098, 999.9999999999998863 ) ;
#4337 = CYLINDRICAL_SURFACE ( 'NONE', #2534, 67.99999999999995737 ) ;
#4338 = CARTESIAN_POINT ( 'NONE',  ( 59.84432531443798808, -3.715809072387187939, -32.65281992953492818 ) ) ;
#4339 = CARTESIAN_POINT ( 'NONE',  ( 0.000000000000000000, -7.383221163916859453, -66.32576825199220139 ) ) ;
#4340 = CIRCLE ( 'NONE', #568, 7.500000000000000000 ) ;
#4341 = EDGE_CURVE ( 'NONE', #4623, #223, #3678, .T. ) ;
#4342 = CYLINDRICAL_SURFACE ( 'NONE', #3360, 8.900000000000000355 ) ;
#4343 = CARTESIAN_POINT ( 'NONE',  ( 64.47584323929444849, -2.866363998362211785, -20.77698526710514670 ) ) ;
#4344 = LINE ( 'NONE', #394, #170 ) ;
#4345 = FACE_OUTER_BOUND ( 'NONE', #4018, .T. ) ;
#4346 = CARTESIAN_POINT ( 'NONE',  ( -27.13513293197329901, -10.09999999999999964, -46.49519250552879868 ) ) ;
#4347 = DIRECTION ( 'NONE',  ( -0.9764420004556761956, 0.000000000000000000, -0.2157800262909368716 ) ) ;
#4348 = CARTESIAN_POINT ( 'NONE',  ( -45.67122707623510536, -16.10000000000000142, -5.046038264045169086 ) ) ;
#4349 = DIRECTION ( 'NONE',  ( 0.000000000000000000, 0.000000000000000000, 1.000000000000000000 ) ) ;
#4350 = CARTESIAN_POINT ( 'NONE',  ( 58.69294323534410296, -10.09999999999999964, -13.82080377590956033 ) ) ;
#4351 = CIRCLE ( 'NONE', #4539, 7.500000000000000000 ) ;
#4352 = EDGE_CURVE ( 'NONE', #3409, #3025, #2332, .T. ) ;
#4353 = VERTEX_POINT ( 'NONE', #4651 ) ;
#4354 = LINE ( 'NONE', #788, #3292 ) ;
#4355 = B_SPLINE_CURVE_WITH_KNOTS ( 'NONE', 3,
 ( #172, #2374, #3720, #5143, #3298, #3752, #5538, #5081, #2345, #1087, #5049, #1027, #3783, #1526, #4218, #4602, #1464 ),
 .UNSPECIFIED., .F., .F.,
 ( 4, 2, 2, 2, 2, 1, 1, 1, 2, 4 ),
 ( 0.000000000000000000, 0.2760470412973916043, 0.4140705619460879339, 0.4830823222704330733, 0.5003352623515177067, 0.5175882024326021735, 0.5348411425136867514, 0.5434676125542289293, 0.5477808475745000738, 0.5520940825947712183 ),
 .UNSPECIFIED. ) ;
#4356 = VECTOR ( 'NONE', #5705, 1000.000000000000114 ) ;
#4357 = EDGE_LOOP ( 'NONE', ( #2501, #3901, #3416, #4371 ) ) ;
#4358 = DIRECTION ( 'NONE',  ( 0.6595755232801335799, 0.000000000000000000, -0.7516382967157394512 ) ) ;
#4359 = AXIS2_PLACEMENT_3D ( 'NONE', #2932, #2841, #4772 ) ;
#4360 = ORIENTED_EDGE ( 'NONE', *, *, #33, .T. ) ;
#4361 = ORIENTED_EDGE ( 'NONE', *, *, #1868, .F. ) ;
#4362 = AXIS2_PLACEMENT_3D ( 'NONE', #4495, #455, #3692 ) ;
#4363 = VECTOR ( 'NONE', #845, 1000.000000000000000 ) ;
#4364 = ORIENTED_EDGE ( 'NONE', *, *, #609, .F. ) ;
#4365 = LINE ( 'NONE', #3355, #2070 ) ;
#4366 = EDGE_LOOP ( 'NONE', ( #5013, #2196, #1575, #3893 ) ) ;
#4367 = CARTESIAN_POINT ( 'NONE',  ( 57.06737245802709424, 11.20019727479260041, -34.36397849996980369 ) ) ;
#4368 = CARTESIAN_POINT ( 'NONE',  ( 59.47536296208700435, -10.09999999999999964, -20.77693915205080089 ) ) ;
#4369 = EDGE_CURVE ( 'NONE', #3686, #5492, #1984, .T. ) ;
#4370 = ORIENTED_EDGE ( 'NONE', *, *, #4987, .T. ) ;
#4371 = ORIENTED_EDGE ( 'NONE', *, *, #2015, .F. ) ;
#4372 = CARTESIAN_POINT ( 'NONE',  ( -39.13909819866355377, 2.777777777777779011, -55.92266772895147398 ) ) ;
#4373 = CARTESIAN_POINT ( 'NONE',  ( 61.54401366442110799, -0.9372400360685005927, -31.12308601555920973 ) ) ;
#4374 = CARTESIAN_POINT ( 'NONE',  ( 0.000000000000000000, -10.09999999999999964, 0.000000000000000000 ) ) ;
#4375 = CARTESIAN_POINT ( 'NONE',  ( -66.59735355102320398, 0.000000000000000000, -38.44999999999999574 ) ) ;
#4376 = CYLINDRICAL_SURFACE ( 'NONE', #3148, 4.999999999999997335 ) ;
#4377 = EDGE_CURVE ( 'NONE', #2659, #3814, #680, .T. ) ;
#4378 = CYLINDRICAL_SURFACE ( 'NONE', #1953, 5.000000000000000888 ) ;
#4379 = DIRECTION ( 'NONE',  ( -1.000000000000000000, 0.000000000000000000, 0.000000000000000000 ) ) ;
#4380 = VERTEX_POINT ( 'NONE', #5494 ) ;
#4381 = CARTESIAN_POINT ( 'NONE',  ( -24.80406379161941288, -4.900000000000001243, 21.76599226824438560 ) ) ;
#4382 = DIRECTION ( 'NONE',  ( 0.000000000000000000, 1.000000000000000000, 0.000000000000000000 ) ) ;
#4383 = CARTESIAN_POINT ( 'NONE',  ( -65.07285023825220094, 2.121877884237508560, -24.12346388536369801 ) ) ;
#4384 = DIRECTION ( 'NONE',  ( -1.000000000000000000, 0.000000000000000000, 0.000000000000000000 ) ) ;
#4385 = LINE ( 'NONE', #2100, #3680 ) ;
#4386 = FACE_OUTER_BOUND ( 'NONE', #2433, .T. ) ;
#4387 = EDGE_CURVE ( 'NONE', #1619, #2192, #3770, .T. ) ;
#4388 = EDGE_LOOP ( 'NONE', ( #2276, #2867, #2552, #787, #4221 ) ) ;
#4389 = CARTESIAN_POINT ( 'NONE',  ( -60.57631183204392755, -13.40355451159293843, -30.13903891446683048 ) ) ;
#4390 = CARTESIAN_POINT ( 'NONE',  ( 19.83538959164351922, -9.300890484936278568, 28.47338846412275970 ) ) ;
#4391 = CIRCLE ( 'NONE', #51, 68.00000000000001421 ) ;
#4392 = EDGE_LOOP ( 'NONE', ( #1530, #2429, #2284, #1709 ) ) ;
#4393 = CARTESIAN_POINT ( 'NONE',  ( 66.62820805419519843, -0.1808938744639159990, -19.21818671083675056 ) ) ;
#4394 = ORIENTED_EDGE ( 'NONE', *, *, #3952, .F. ) ;
#4395 = CARTESIAN_POINT ( 'NONE',  ( 58.50793944001000568, 10.08341843811099992, -35.23132836908600751 ) ) ;
#4396 = EDGE_LOOP ( 'NONE', ( #4079, #507, #4050, #2308 ) ) ;
#4397 = ORIENTED_EDGE ( 'NONE', *, *, #5599, .T. ) ;
#4398 = CARTESIAN_POINT ( 'NONE',  ( -11.86777582738237058, 4.722222222222224097, -67.21881931898489881 ) ) ;
#4399 = CARTESIAN_POINT ( 'NONE',  ( 59.74907207045801272, -3.727971126890917475, -32.76546749487700083 ) ) ;
#4400 = ADVANCED_FACE ( 'NONE', ( #2279 ), #4141, .F. ) ;
#4401 = CARTESIAN_POINT ( 'NONE',  ( -58.50793944001030411, -10.08341843811099992, -35.23132836908600751 ) ) ;
#4402 = EDGE_CURVE ( 'NONE', #5653, #3569, #520, .T. ) ;
#4403 = DIRECTION ( 'NONE',  ( 0.000000000000000000, -1.000000000000000000, 0.000000000000000000 ) ) ;
#4404 = CARTESIAN_POINT ( 'NONE',  ( 64.39697809862447286, -2.946866920007234381, -21.70589301215190758 ) ) ;
#4405 = DIRECTION ( 'NONE',  ( 0.6595755232801341350, 0.000000000000000000, -0.7516382967157388961 ) ) ;
#4406 = LINE ( 'NONE', #3972, #4574 ) ;
#4407 = EDGE_CURVE ( 'NONE', #244, #2648, #1423, .T. ) ;
#4408 = ORIENTED_EDGE ( 'NONE', *, *, #3651, .F. ) ;
#4409 = EDGE_CURVE ( 'NONE', #2731, #614, #2355, .T. ) ;
#4410 = CARTESIAN_POINT ( 'NONE',  ( 54.36789604213030458, 0.000000000000000000, -17.98883123818685448 ) ) ;
#4411 = DIRECTION ( 'NONE',  ( -0.4663903252160480628, 0.7071067811865481278, -0.5314885366072050754 ) ) ;
#4412 = CARTESIAN_POINT ( 'NONE',  ( -64.91550187709228226, 0.6525262942187743942, -23.94415302557755965 ) ) ;
#4413 = LINE ( 'NONE', #3919, #2842 ) ;
#4414 = DIRECTION ( 'NONE',  ( -0.000000000000000000, -1.000000000000000000, -0.000000000000000000 ) ) ;
#4415 = CARTESIAN_POINT ( 'NONE',  ( -16.95497064398360365, 6.123233995736766282E-16, -37.51504472551501124 ) ) ;
#4416 = ORIENTED_EDGE ( 'NONE', *, *, #3831, .T. ) ;
#4417 = CARTESIAN_POINT ( 'NONE',  ( -60.57468494338131393, -13.40257148008604560, -30.12608576971245355 ) ) ;
#4418 = CARTESIAN_POINT ( 'NONE',  ( 0.000000000000000000, 8.501133011340870738, -67.99969411510689099 ) ) ;
#4419 = VECTOR ( 'NONE', #3395, 1000.000000000000000 ) ;
#4420 = EDGE_LOOP ( 'NONE', ( #2761, #4891, #2094, #2016 ) ) ;
#4421 = ORIENTED_EDGE ( 'NONE', *, *, #5005, .F. ) ;
#4422 = DIRECTION ( 'NONE',  ( 0.000000000000000000, -1.000000000000000000, 0.000000000000000000 ) ) ;
#4423 = ORIENTED_EDGE ( 'NONE', *, *, #2562, .T. ) ;
#4424 = EDGE_LOOP ( 'NONE', ( #3872, #5109, #4153, #4665, #1076, #1407, #2074, #3963 ) ) ;
#4425 = EDGE_CURVE ( 'NONE', #31, #1842, #222, .T. ) ;
#4426 = ORIENTED_EDGE ( 'NONE', *, *, #2763, .F. ) ;
#4427 = LINE ( 'NONE', #471, #3295 ) ;
#4428 = DIRECTION ( 'NONE',  ( -0.5000000000000011102, 0.000000000000000000, 0.8660254037844379305 ) ) ;
#4429 = DIRECTION ( 'NONE',  ( 0.000000000000000000, 1.000000000000000000, 0.000000000000000000 ) ) ;
#4430 = CARTESIAN_POINT ( 'NONE',  ( -42.40681730675835581, -10.09999999999999964, 1.706267183499749818 ) ) ;
#4431 = AXIS2_PLACEMENT_3D ( 'NONE', #4836, #3561, #5798 ) ;
#4432 = CARTESIAN_POINT ( 'NONE',  ( -64.05963188134600728, 0.02240226198224898324, -22.77778388302116142 ) ) ;
#4433 = VECTOR ( 'NONE', #2513, 999.9999999999998863 ) ;
#4434 = CARTESIAN_POINT ( 'NONE',  ( -45.45990213424698823, -11.74546891278661676, -50.94819204152521763 ) ) ;
#4435 = DIRECTION ( 'NONE',  ( 0.000000000000000000, 0.000000000000000000, 1.000000000000000000 ) ) ;
#4436 = AXIS2_PLACEMENT_3D ( 'NONE', #970, #2340, #554 ) ;
#4437 = CARTESIAN_POINT ( 'NONE',  ( 1.102182119232617911E-14, 16.10000000000000142, 90.00000000000000000 ) ) ;
#4438 = FACE_OUTER_BOUND ( 'NONE', #2078, .T. ) ;
#4439 = CARTESIAN_POINT ( 'NONE',  ( -65.02969088933831188, 0.9096790743429487014, -24.07428040544366965 ) ) ;
#4440 = DIRECTION ( 'NONE',  ( -1.000000000000000000, 0.000000000000000000, 0.000000000000000000 ) ) ;
#4441 = EDGE_CURVE ( 'NONE', #4592, #116, #3601, .T. ) ;
#4442 = CARTESIAN_POINT ( 'NONE',  ( 50.96347658327250230, 16.10000000000000142, -8.044720500505590621 ) ) ;
#4443 = CARTESIAN_POINT ( 'NONE',  ( 64.47099623288784187, 0.08745386148971526219, -20.56402401956141901 ) ) ;
#4444 = EDGE_LOOP ( 'NONE', ( #1529, #382, #5782, #1964 ) ) ;
#4445 = DIRECTION ( 'NONE',  ( 0.7516382967157391182, 0.000000000000000000, -0.6595755232801341350 ) ) ;
#4446 = CARTESIAN_POINT ( 'NONE',  ( 12.38597862740636835, 16.10000000000000142, 54.74476843225105682 ) ) ;
#4447 = B_SPLINE_CURVE_WITH_KNOTS ( 'NONE', 3,
 ( #3727, #562, #3336, #1967, #4697, #2441, #5086, #1563, #5178, #1532, #2322, #3366, #4254, #2827, #207 ),
 .UNSPECIFIED., .F., .F.,
 ( 4, 2, 1, 1, 1, 2, 2, 2, 4 ),
 ( 0.4571687459337749893, 0.4614096151061667928, 0.4656504842785585963, 0.4741322226233422588, 0.4910956993129118597, 0.5250226526920492853, 0.5928765594503260239, 0.7285843729668850521, 1.000000000000000000 ),
 .UNSPECIFIED. ) ;
#4448 = VERTEX_POINT ( 'NONE', #2870 ) ;
#4449 = EDGE_CURVE ( 'NONE', #1850, #646, #5209, .T. ) ;
#4450 = CIRCLE ( 'NONE', #1891, 4.000000000000000000 ) ;
#4451 = CARTESIAN_POINT ( 'NONE',  ( 22.46682291333064896, -5.944278876613950047, -67.23435644483939200 ) ) ;
#4452 = CIRCLE ( 'NONE', #2365, 68.00000000000001421 ) ;
#4453 = VERTEX_POINT ( 'NONE', #4294 ) ;
#4454 = CARTESIAN_POINT ( 'NONE',  ( 61.26649768107529326, 13.50009284157565936, -29.50281786487060032 ) ) ;
#4455 = AXIS2_PLACEMENT_3D ( 'NONE', #618, #2404, #4126 ) ;
#4456 = CARTESIAN_POINT ( 'NONE',  ( 55.92251610962652109, -4.221133581392478185, -39.13931124630642699 ) ) ;
#4457 = DIRECTION ( 'NONE',  ( 0.000000000000000000, -1.000000000000000000, 0.000000000000000000 ) ) ;
#4458 = AXIS2_PLACEMENT_3D ( 'NONE', #3711, #5010, #2811 ) ;
#4459 = CARTESIAN_POINT ( 'NONE',  ( -50.10815681528779919, -11.13329079509861863, -44.77786421263424899 ) ) ;
#4460 = EDGE_CURVE ( 'NONE', #5510, #2528, #636, .T. ) ;
#4461 = CARTESIAN_POINT ( 'NONE',  ( -60.09442319551060052, 0.000000000000000000, -29.06304011625210038 ) ) ;
#4462 = CARTESIAN_POINT ( 'NONE',  ( 6.268766231013559675, 16.10000000000000142, -34.43403214758485120 ) ) ;
#4463 = EDGE_LOOP ( 'NONE', ( #5293, #3503, #1834, #4308 ) ) ;
#4464 = VERTEX_POINT ( 'NONE', #2423 ) ;
#4465 = CARTESIAN_POINT ( 'NONE',  ( -66.05257615411609606, -0.2945992713583559519, -19.05215190882870147 ) ) ;
#4466 = CARTESIAN_POINT ( 'NONE',  ( 0.000000000000000000, -5.929477857069289648, -69.34447929695400603 ) ) ;
#4467 = DIRECTION ( 'NONE',  ( 0.000000000000000000, 1.000000000000000000, 0.000000000000000000 ) ) ;
#4468 = CARTESIAN_POINT ( 'NONE',  ( -61.97494959161424077, 2.922500566550350509, -30.84443469233742618 ) ) ;
#4469 = CARTESIAN_POINT ( 'NONE',  ( 45.67122707623510536, 16.10000000000000142, -5.046038264045169086 ) ) ;
#4470 = CARTESIAN_POINT ( 'NONE',  ( 25.72548412966900244, -16.10000000000000142, -53.57424256388659956 ) ) ;
#4471 = PLANE ( 'NONE',  #4914 ) ;
#4472 = CARTESIAN_POINT ( 'NONE',  ( 64.36604839897253783, 0.01333078997268669248, -19.72865790920692675 ) ) ;
#4473 = EDGE_CURVE ( 'NONE', #4448, #31, #2686, .T. ) ;
#4474 = ORIENTED_EDGE ( 'NONE', *, *, #3820, .T. ) ;
#4475 = ADVANCED_FACE ( 'NONE', ( #5677 ), #2961, .F. ) ;
#4476 = DIRECTION ( 'NONE',  ( 0.000000000000000000, -1.000000000000000000, 0.000000000000000000 ) ) ;
#4477 = AXIS2_PLACEMENT_3D ( 'NONE', #5274, #746, #5309 ) ;
#4478 = CARTESIAN_POINT ( 'NONE',  ( 50.52359261963732706, 10.09999999999999964, -7.198990038057099028 ) ) ;
#4479 = CARTESIAN_POINT ( 'NONE',  ( 54.39802043194809045, 10.09999999999999964, -22.57154017501994758 ) ) ;
#4480 = ORIENTED_EDGE ( 'NONE', *, *, #411, .F. ) ;
#4481 = CARTESIAN_POINT ( 'NONE',  ( 64.47536296208700435, -10.09999999999999964, -20.77693915205080089 ) ) ;
#4482 = ORIENTED_EDGE ( 'NONE', *, *, #2319, .F. ) ;
#4483 = EDGE_CURVE ( 'NONE', #4786, #3333, #3792, .T. ) ;
#4484 = CARTESIAN_POINT ( 'NONE',  ( -54.07657161259250245, 0.000000000000000000, -11.59233766148770073 ) ) ;
#4485 = AXIS2_PLACEMENT_3D ( 'NONE', #364, #4890, #3528 ) ;
#4486 = LINE ( 'NONE', #2171, #4336 ) ;
#4487 = CYLINDRICAL_SURFACE ( 'NONE', #2294, 67.99999999999995737 ) ;
#4488 = DIRECTION ( 'NONE',  ( 0.000000000000000000, -1.000000000000000000, 0.000000000000000000 ) ) ;
#4489 = VERTEX_POINT ( 'NONE', #5708 ) ;
#4490 = ORIENTED_EDGE ( 'NONE', *, *, #4655, .T. ) ;
#4491 = EDGE_CURVE ( 'NONE', #2786, #4809, #5161, .T. ) ;
#4492 = CARTESIAN_POINT ( 'NONE',  ( -7.357990023347800168, 8.022088597102660756, -68.44760351012909894 ) ) ;
#4493 = DIRECTION ( 'NONE',  ( 0.000000000000000000, 1.000000000000000000, 0.000000000000000000 ) ) ;
#4494 = B_SPLINE_SURFACE_WITH_KNOTS ( 'NONE', 3, 3, ( 
 ( #1758, #2647, #1786, #3090, #5443, #4507, #887 ),
 ( #1373, #1318, #440, #3598, #3543, #936, #467 ),
 ( #3171, #2252, #4905, #3145, #4986, #3117, #4393 ),
 ( #2225, #4877, #4451, #4935, #2167, #2678, #5836 ),
 ( #823, #4069, #415, #1816, #4042, #5862, #351 ),
 ( #2197, #1349, #2617, #1706, #4016, #3627, #3570 ),
 ( #4961, #2136, #3959, #5777, #5559, #2815, #3290 ),
 ( #4179, #135, #1925, #3655, #2762, #5469, #1485 ),
 ( #2336, #3743, #4144, #3683, #5104, #3261, #3714 ),
 ( #5042, #2309, #1046, #5530, #1399, #3231, #3199 ) ),
 .UNSPECIFIED., .T., .F., .F.,
 ( 4, 1, 1, 1, 1, 1, 1, 4 ),
 ( 4, 1, 1, 1, 4 ),
 ( -3.141592653589790007, -2.243994752564140160, -1.346396851538479877, -0.4487989505128279766, 0.4487989505128279766, 1.346396851538479877, 2.243994752564140160, 3.141592653589790007 ),
 ( 0.000000000000000000, 0.3224948072910169827, 0.6449896145820339655, 0.9674844218730509482, 1.289979229164070151 ),
 .UNSPECIFIED. ) ;
#4495 = CARTESIAN_POINT ( 'NONE',  ( -54.07657161259250245, 0.000000000000000000, -11.59233766148770073 ) ) ;
#4496 = CARTESIAN_POINT ( 'NONE',  ( -59.87718912166666740, 3.711395265531019838, -32.61481135504699580 ) ) ;
#4497 = CARTESIAN_POINT ( 'NONE',  ( -64.32180341424857772, 3.046847366330073026, -23.26758683167856034 ) ) ;
#4498 = LINE ( 'NONE', #5852, #2188 ) ;
#4499 = AXIS2_PLACEMENT_3D ( 'NONE', #710, #3903, #4306 ) ;
#4500 = ADVANCED_FACE ( 'NONE', ( #3918, #1190 ), #1661, .T. ) ;
#4501 = DIRECTION ( 'NONE',  ( -0.7516382967157391182, 0.000000000000000000, 0.6595755232801341350 ) ) ;
#4502 = DIRECTION ( 'NONE',  ( 0.000000000000000000, -1.000000000000000000, 0.000000000000000000 ) ) ;
#4503 = DIRECTION ( 'NONE',  ( 0.4663903252160480628, 0.7071067811865481278, -0.5314885366072050754 ) ) ;
#4504 = DIRECTION ( 'NONE',  ( -4.920471087087429876E-17, -0.000000000000000000, -1.000000000000000000 ) ) ;
#4505 = CARTESIAN_POINT ( 'NONE',  ( -6.268766231013559675, 16.10000000000000142, -34.43403214758485120 ) ) ;
#4506 = ORIENTED_EDGE ( 'NONE', *, *, #1625, .F. ) ;
#4507 = CARTESIAN_POINT ( 'NONE',  ( 63.31081984735619983, -0.2293316712708809990, -25.86921098387690066 ) ) ;
#4508 = CIRCLE ( 'NONE', #4319, 2.000000000000000444 ) ;
#4509 = ORIENTED_EDGE ( 'NONE', *, *, #5450, .F. ) ;
#4510 = DIRECTION ( 'NONE',  ( -0.7516382967157390071, 0.000000000000000000, 0.6595755232801340240 ) ) ;
#4511 = EDGE_CURVE ( 'NONE', #706, #5830, #959, .T. ) ;
#4512 = DIRECTION ( 'NONE',  ( -0.6595755232801341350, 0.000000000000000000, -0.7516382967157391182 ) ) ;
#4513 = DIRECTION ( 'NONE',  ( 0.000000000000000000, 1.000000000000000000, 0.000000000000000000 ) ) ;
#4514 = ORIENTED_EDGE ( 'NONE', *, *, #3435, .T. ) ;
#4515 = CARTESIAN_POINT ( 'NONE',  ( 60.36663589305109667, 10.09999999999999964, -31.30286362229155017 ) ) ;
#4516 = ORIENTED_EDGE ( 'NONE', *, *, #4089, .T. ) ;
#4517 = CIRCLE ( 'NONE', #4907, 7.500000000000000000 ) ;
#4518 = ORIENTED_EDGE ( 'NONE', *, *, #3994, .F. ) ;
#4519 = EDGE_CURVE ( 'NONE', #2023, #2072, #5673, .T. ) ;
#4520 = CARTESIAN_POINT ( 'NONE',  ( -40.57457943080100193, 3.744283136432035253, -53.93200614991419428 ) ) ;
#4521 = CARTESIAN_POINT ( 'NONE',  ( -59.91092638018685790, -12.29814965946811434, -28.85393103191723796 ) ) ;
#4522 = AXIS2_PLACEMENT_3D ( 'NONE', #5831, #1755, #2131 ) ;
#4523 = CARTESIAN_POINT ( 'NONE',  ( -62.08533403778655213, 1.295180353453241118, -30.77849961688657032 ) ) ;
#4524 = LINE ( 'NONE', #123, #4633 ) ;
#4525 = LINE ( 'NONE', #485, #5126 ) ;
#4526 = VECTOR ( 'NONE', #3827, 1000.000000000000000 ) ;
#4527 = VECTOR ( 'NONE', #1582, 999.9999999999998863 ) ;
#4528 = DIRECTION ( 'NONE',  ( 0.000000000000000000, 1.000000000000000000, 0.000000000000000000 ) ) ;
#4529 = FACE_OUTER_BOUND ( 'NONE', #3766, .T. ) ;
#4530 = CIRCLE ( 'NONE', #1973, 4.999999999999997335 ) ;
#4531 = VERTEX_POINT ( 'NONE', #2154 ) ;
#4532 = DIRECTION ( 'NONE',  ( 0.000000000000000000, 0.000000000000000000, 1.000000000000000000 ) ) ;
#4533 = EDGE_CURVE ( 'NONE', #4068, #3086, #1240, .T. ) ;
#4534 = DIRECTION ( 'NONE',  ( 0.000000000000000000, -1.000000000000000000, 0.000000000000000000 ) ) ;
#4535 = CARTESIAN_POINT ( 'NONE',  ( -64.00119431748970555, 16.10000000000000142, -22.90222749541804603 ) ) ;
#4536 = ORIENTED_EDGE ( 'NONE', *, *, #3586, .F. ) ;
#4537 = ORIENTED_EDGE ( 'NONE', *, *, #2082, .F. ) ;
#4538 = LINE ( 'NONE', #53, #2275 ) ;
#4539 = AXIS2_PLACEMENT_3D ( 'NONE', #4469, #844, #3978 ) ;
#4540 = CARTESIAN_POINT ( 'NONE',  ( 39.13896093292205336, -5.776689136948034431, -55.92276128695620940 ) ) ;
#4541 = DIRECTION ( 'NONE',  ( 0.4663903252160476742, -0.7071067811865483499, 0.5314885366072050754 ) ) ;
#4542 = ORIENTED_EDGE ( 'NONE', *, *, #4407, .F. ) ;
#4543 = VECTOR ( 'NONE', #4587, 1000.000000000000000 ) ;
#4544 = EDGE_CURVE ( 'NONE', #3667, #2397, #4351, .T. ) ;
#4545 = CARTESIAN_POINT ( 'NONE',  ( 20.54417268992196099, 0.000000000000000000, -47.66972978579296694 ) ) ;
#4546 = ORIENTED_EDGE ( 'NONE', *, *, #5525, .F. ) ;
#4547 = ORIENTED_EDGE ( 'NONE', *, *, #841, .F. ) ;
#4548 = VECTOR ( 'NONE', #938, 1000.000000000000000 ) ;
#4549 = DIRECTION ( 'NONE',  ( -1.000000000000000000, 0.000000000000000000, 0.000000000000000000 ) ) ;
#4550 = CARTESIAN_POINT ( 'NONE',  ( -67.56866419668098445, -10.09999999999999964, -26.96764061178844685 ) ) ;
#4551 = CARTESIAN_POINT ( 'NONE',  ( -60.92622064093679057, 3.493211747743549367, -31.59043190460415218 ) ) ;
#4552 = EDGE_CURVE ( 'NONE', #3713, #5774, #5851, .T. ) ;
#4553 = CARTESIAN_POINT ( 'NONE',  ( 50.77869399619183355, 6.123233995736766282E-16, -7.834146177909005360 ) ) ;
#4554 = FACE_OUTER_BOUND ( 'NONE', #1463, .T. ) ;
#4555 = DIRECTION ( 'NONE',  ( 0.7516382967157391182, 0.000000000000000000, 0.6595755232801341350 ) ) ;
#4556 = CARTESIAN_POINT ( 'NONE',  ( 0.000000000000000000, 8.500000000000000000, -68.00000000000000000 ) ) ;
#4557 = EDGE_LOOP ( 'NONE', ( #5751, #2137 ) ) ;
#4558 = EDGE_LOOP ( 'NONE', ( #1549, #3926, #3626, #14 ) ) ;
#4559 = CARTESIAN_POINT ( 'NONE',  ( 62.38597862740637368, -4.900000000000001243, 54.74476843225104972 ) ) ;
#4560 = CARTESIAN_POINT ( 'NONE',  ( -16.29757335836158205, -5.760724806372263807, 35.35175362689966505 ) ) ;
#4561 = CARTESIAN_POINT ( 'NONE',  ( 41.40101732872050633, -16.10000000000000142, 1.964329131972047726 ) ) ;
#4562 = ORIENTED_EDGE ( 'NONE', *, *, #5142, .T. ) ;
#4563 = B_SPLINE_CURVE_WITH_KNOTS ( 'NONE', 3,
 ( #5106, #1869, #166, #3687, #5533, #5500, #1429, #792, #2073, #226, #3442, #3895, #4390, #3412, #2993, #1577, #729, #3381, #4807, #1137, #5227, #4777 ),
 .UNSPECIFIED., .F., .F.,
 ( 4, 2, 2, 2, 2, 2, 2, 2, 2, 2, 4 ),
 ( 0.000000000000000000, 0.003016267003267824806, 0.004524400504901726801, 0.006032534006535629663, 0.009048801009803427581, 0.01206506801307122637, 0.01508133501633902689, 0.01809760201960682741, 0.02111386902287462966, 0.02262200252450852558, 0.02413013602614242151 ),
 .UNSPECIFIED. ) ;
#4564 = EDGE_CURVE ( 'NONE', #3419, #1965, #2395, .T. ) ;
#4565 = DIRECTION ( 'NONE',  ( 0.000000000000000000, 0.000000000000000000, 1.000000000000000000 ) ) ;
#4566 = ORIENTED_EDGE ( 'NONE', *, *, #4692, .T. ) ;
#4567 = VERTEX_POINT ( 'NONE', #5347 ) ;
#4568 = FACE_OUTER_BOUND ( 'NONE', #3382, .T. ) ;
#4569 = CIRCLE ( 'NONE', #5144, 2.000000000000000444 ) ;
#4570 = DIRECTION ( 'NONE',  ( 0.6595755232801340240, 0.000000000000000000, -0.7516382967157388961 ) ) ;
#4571 = DIRECTION ( 'NONE',  ( -0.000000000000000000, -1.000000000000000000, -0.000000000000000000 ) ) ;
#4572 = ORIENTED_EDGE ( 'NONE', *, *, #5840, .F. ) ;
#4573 = DIRECTION ( 'NONE',  ( -0.6595755232801344681, 0.000000000000000000, -0.7516382967157386741 ) ) ;
#4574 = VECTOR ( 'NONE', #3943, 1000.000000000000000 ) ;
#4575 = EDGE_LOOP ( 'NONE', ( #5683, #5601, #1808, #947 ) ) ;
#4576 = ADVANCED_FACE ( 'NONE', ( #1217 ), #2574, .F. ) ;
#4577 = CARTESIAN_POINT ( 'NONE',  ( -64.86913232796148066, 1.348228377586059956, -26.50598636531774943 ) ) ;
#4578 = CARTESIAN_POINT ( 'NONE',  ( 56.97366662301190132, -1.187429001705102127, -39.25510254380350261 ) ) ;
#4579 = CARTESIAN_POINT ( 'NONE',  ( -59.88608070558436225, 3.710176936151369453, -32.60459000214602554 ) ) ;
#4580 = DIRECTION ( 'NONE',  ( 0.7516382967157391182, 0.000000000000000000, 0.6595755232801341350 ) ) ;
#4581 = DIRECTION ( 'NONE',  ( 0.000000000000000000, -1.000000000000000000, 0.000000000000000000 ) ) ;
#4582 = ADVANCED_FACE ( 'NONE', ( #4832 ), #1726, .F. ) ;
#4583 = DIRECTION ( 'NONE',  ( 1.000000000000000000, 0.000000000000000000, 0.000000000000000000 ) ) ;
#4584 = CYLINDRICAL_SURFACE ( 'NONE', #3566, 33.00000000000000000 ) ;
#4585 = ADVANCED_FACE ( 'NONE', ( #338 ), #2187, .T. ) ;
#4586 = ORIENTED_EDGE ( 'NONE', *, *, #1330, .F. ) ;
#4587 = DIRECTION ( 'NONE',  ( 0.000000000000000000, -1.000000000000000000, 0.000000000000000000 ) ) ;
#4588 = CARTESIAN_POINT ( 'NONE',  ( 60.36663589305109667, 0.000000000000000000, -31.30286362229155017 ) ) ;
#4589 = APPLICATION_CONTEXT ( 'automotive_design' ) ;
#4590 = CARTESIAN_POINT ( 'NONE',  ( -60.36663589305109667, 0.000000000000000000, -31.30286362229155017 ) ) ;
#4591 = B_SPLINE_CURVE_WITH_KNOTS ( 'NONE', 3,
 ( #5351, #1220, #2577, #2608 ),
 .UNSPECIFIED., .F., .F.,
 ( 4, 4 ),
 ( 0.000000000000000000, 1.000000000000000000 ),
 .UNSPECIFIED. ) ;
#4592 = VERTEX_POINT ( 'NONE', #3499 ) ;
#4593 = AXIS2_PLACEMENT_3D ( 'NONE', #3694, #143, #2346 ) ;
#4594 = EDGE_CURVE ( 'NONE', #5779, #622, #5316, .T. ) ;
#4595 = CIRCLE ( 'NONE', #3269, 5.000000000000000888 ) ;
#4596 = VERTEX_POINT ( 'NONE', #4865 ) ;
#4597 = LINE ( 'NONE', #2817, #2468 ) ;
#4598 = DIRECTION ( 'NONE',  ( 0.000000000000000000, -1.000000000000000000, 0.000000000000000000 ) ) ;
#4599 = CARTESIAN_POINT ( 'NONE',  ( 54.39802043194809045, 16.10000000000000142, -22.57154017501994758 ) ) ;
#4600 = CIRCLE ( 'NONE', #3474, 2.000000000000001776 ) ;
#4601 = ORIENTED_EDGE ( 'NONE', *, *, #238, .F. ) ;
#4602 = CARTESIAN_POINT ( 'NONE',  ( 60.57631205658159246, 13.40355463854642259, -30.13904074752985807 ) ) ;
#4603 = CIRCLE ( 'NONE', #2620, 62.00000000000002842 ) ;
#4604 = CARTESIAN_POINT ( 'NONE',  ( -64.45366991906692533, 2.912454141632409232, -21.26280971093822458 ) ) ;
#4605 = EDGE_CURVE ( 'NONE', #3271, #134, #3080, .T. ) ;
#4606 = ORIENTED_EDGE ( 'NONE', *, *, #2319, .T. ) ;
#4607 = ORIENTED_EDGE ( 'NONE', *, *, #5840, .T. ) ;
#4608 = FACE_OUTER_BOUND ( 'NONE', #3312, .T. ) ;
#4609 = LINE ( 'NONE', #2351, #5762 ) ;
#4610 = CARTESIAN_POINT ( 'NONE',  ( -60.85748583598818584, 0.7560861342214941772, -31.64293599399706380 ) ) ;
#4611 = DIRECTION ( 'NONE',  ( -0.7516382967157390071, 0.000000000000000000, -0.6595755232801340240 ) ) ;
#4612 = CARTESIAN_POINT ( 'NONE',  ( 39.40525960507399361, 16.10000000000000142, 2.094525554754359753 ) ) ;
#4613 = CARTESIAN_POINT ( 'NONE',  ( 29.12296933176754976, -10.09999999999999964, -22.22827314698385237 ) ) ;
#4614 = FACE_OUTER_BOUND ( 'NONE', #1030, .T. ) ;
#4615 = AXIS2_PLACEMENT_3D ( 'NONE', #5206, #1712, #2530 ) ;
#4616 = ORIENTED_EDGE ( 'NONE', *, *, #1702, .F. ) ;
#4617 = CARTESIAN_POINT ( 'NONE',  ( 60.57653794026264649, 0.000000000000000000, -30.14090039575712510 ) ) ;
#4618 = FACE_OUTER_BOUND ( 'NONE', #2467, .T. ) ;
#4619 = DIRECTION ( 'NONE',  ( 0.000000000000000000, 1.000000000000000000, 0.000000000000000000 ) ) ;
#4620 = ADVANCED_FACE ( 'NONE', ( #4895 ), #2353, .T. ) ;
#4621 = CYLINDRICAL_SURFACE ( 'NONE', #4888, 2.000000000000002665 ) ;
#4622 = AXIS2_PLACEMENT_3D ( 'NONE', #3189, #69, #3674 ) ;
#4623 = VERTEX_POINT ( 'NONE', #1828 ) ;
#4624 = CARTESIAN_POINT ( 'NONE',  ( 0.000000000000000000, 0.000000000000000000, 0.000000000000000000 ) ) ;
#4625 = CIRCLE ( 'NONE', #3973, 7.500000000000000000 ) ;
#4626 = VERTEX_POINT ( 'NONE', #5484 ) ;
#4627 = LINE ( 'NONE', #2369, #2660 ) ;
#4628 = EDGE_CURVE ( 'NONE', #105, #4068, #4166, .T. ) ;
#4629 = CARTESIAN_POINT ( 'NONE',  ( 43.88705562726228493, -2.387755877548007888, -52.27943990425115572 ) ) ;
#4630 = PLANE ( 'NONE',  #1763 ) ;
#4631 = EDGE_LOOP ( 'NONE', ( #4726, #1291, #2099, #4071 ) ) ;
#4632 = CARTESIAN_POINT ( 'NONE',  ( 39.40525960507399361, -16.10000000000000142, 2.094525554754359753 ) ) ;
#4633 = VECTOR ( 'NONE', #4108, 1000.000000000000000 ) ;
#4634 = CARTESIAN_POINT ( 'NONE',  ( -64.40117202375220984, 2.945236662232461278, -21.67962764740821058 ) ) ;
#4635 = EDGE_LOOP ( 'NONE', ( #3058, #4408, #5630, #3541 ) ) ;
#4636 = ORIENTED_EDGE ( 'NONE', *, *, #1799, .T. ) ;
#4637 = DIRECTION ( 'NONE',  ( 0.7516382967157391182, 0.000000000000000000, 0.6595755232801341350 ) ) ;
#4638 = AXIS2_PLACEMENT_3D ( 'NONE', #1057, #4248, #2853 ) ;
#4639 = EDGE_CURVE ( 'NONE', #4453, #2713, #3247, .T. ) ;
#4640 = CARTESIAN_POINT ( 'NONE',  ( 42.62038730962360233, -4.507132880962619659, -56.65130785679649961 ) ) ;
#4641 = CIRCLE ( 'NONE', #5415, 1.999999999999997780 ) ;
#4642 = CARTESIAN_POINT ( 'NONE',  ( -60.02604328916788035, 0.7267439283572025843, -32.44767644118346794 ) ) ;
#4643 = CARTESIAN_POINT ( 'NONE',  ( -58.88972745734179881, 10.09999999999999964, -34.00000000000000000 ) ) ;
#4644 = FACE_OUTER_BOUND ( 'NONE', #261, .T. ) ;
#4645 = AXIS2_PLACEMENT_3D ( 'NONE', #4121, #2848, #3716 ) ;
#4646 = CARTESIAN_POINT ( 'NONE',  ( -19.01036353624494879, -9.750023210474120461, -65.98543180575229883 ) ) ;
#4647 = CARTESIAN_POINT ( 'NONE',  ( -55.92270930007454410, 4.223331021184193013, -39.13903877773906004 ) ) ;
#4648 = ORIENTED_EDGE ( 'NONE', *, *, #5400, .T. ) ;
#4649 = LINE ( 'NONE', #1421, #1339 ) ;
#4650 = CARTESIAN_POINT ( 'NONE',  ( -22.50776315053149901, 0.000000000000000000, -39.29450963925329887 ) ) ;
#4651 = CARTESIAN_POINT ( 'NONE',  ( -28.09068004689710207, -10.09999999999999964, -45.65668348982450198 ) ) ;
#4652 = CARTESIAN_POINT ( 'NONE',  ( 60.92490146761147685, -0.5651758757447107318, -30.47053161906694640 ) ) ;
#4653 = VERTEX_POINT ( 'NONE', #1883 ) ;
#4654 = DIRECTION ( 'NONE',  ( 0.000000000000000000, -1.000000000000000000, 0.000000000000000000 ) ) ;
#4655 = EDGE_CURVE ( 'NONE', #5335, #3363, #3985, .T. ) ;
#4656 = EDGE_LOOP ( 'NONE', ( #4101, #2546, #4542, #1589 ) ) ;
#4657 = DIRECTION ( 'NONE',  ( -0.7516382967157391182, 0.000000000000000000, 0.6595755232801341350 ) ) ;
#4658 = DIRECTION ( 'NONE',  ( -4.920471087087429876E-17, -0.000000000000000000, -1.000000000000000000 ) ) ;
#4659 = CARTESIAN_POINT ( 'NONE',  ( -64.31820342132486701, -0.02446674633180013700, -22.10449441552404792 ) ) ;
#4660 = EDGE_CURVE ( 'NONE', #1689, #975, #16, .T. ) ;
#4661 = EDGE_LOOP ( 'NONE', ( #3834, #435, #641, #2291 ) ) ;
#4662 = CARTESIAN_POINT ( 'NONE',  ( -64.19562986383930081, 2.997703884400659824, -22.42590257681814947 ) ) ;
#4664 = CARTESIAN_POINT ( 'NONE',  ( -64.47536123314792178, 2.867075220451277495, -20.78123605127876061 ) ) ;
#4663 = VECTOR ( 'NONE', #2885, 1000.000000000000000 ) ;
#4665 = ORIENTED_EDGE ( 'NONE', *, *, #5085, .F. ) ;
#4666 = ORIENTED_EDGE ( 'NONE', *, *, #3052, .T. ) ;
#4667 = ORIENTED_EDGE ( 'NONE', *, *, #4242, .F. ) ;
#4668 = CARTESIAN_POINT ( 'NONE',  ( 6.926741934222100383, -16.10000000000000142, -32.54536384055282383 ) ) ;
#4669 = CARTESIAN_POINT ( 'NONE',  ( 22.16830510155540068, -7.111798892242649828, -66.34117979456860326 ) ) ;
#4670 = CIRCLE ( 'NONE', #2113, 1.999999999999997335 ) ;
#4671 = CARTESIAN_POINT ( 'NONE',  ( 43.27650099504969461, -10.09999999999999964, -9.808305865032370008 ) ) ;
#4672 = CARTESIAN_POINT ( 'NONE',  ( -60.09442319551060052, -12.82667191048452082, -29.06304011625210038 ) ) ;
#4673 = CARTESIAN_POINT ( 'NONE',  ( 0.000000000000000000, 8.500000000000000000, -68.00000000000000000 ) ) ;
#4674 = EDGE_CURVE ( 'NONE', #5236, #957, #4524, .T. ) ;
#4675 = DIRECTION ( 'NONE',  ( 0.000000000000000000, -1.000000000000000000, 0.000000000000000000 ) ) ;
#4676 = FACE_OUTER_BOUND ( 'NONE', #2857, .T. ) ;
#4677 = ORIENTED_EDGE ( 'NONE', *, *, #5512, .T. ) ;
#4678 = CARTESIAN_POINT ( 'NONE',  ( -63.98092624469184386, 1.880455139187129587, -18.60873875833501145 ) ) ;
#4679 = LINE ( 'NONE', #2929, #1504 ) ;
#4680 = CARTESIAN_POINT ( 'NONE',  ( 0.000000000000000000, -14.90000000000000213, 43.00000000000000000 ) ) ;
#4681 = CARTESIAN_POINT ( 'NONE',  ( 1.102182119232617911E-14, 16.10000000000000142, 90.00000000000000000 ) ) ;
#4682 = EDGE_CURVE ( 'NONE', #3143, #1846, #5797, .T. ) ;
#4683 = ORIENTED_EDGE ( 'NONE', *, *, #1736, .T. ) ;
#4684 = VERTEX_POINT ( 'NONE', #4134 ) ;
#4685 = CARTESIAN_POINT ( 'NONE',  ( -25.16551619208669877, -16.10000000000000142, -17.71844336668939945 ) ) ;
#4686 = CIRCLE ( 'NONE', #1293, 2.000000000000000444 ) ;
#4687 = CYLINDRICAL_SURFACE ( 'NONE', #1700, 7.499999999999996447 ) ;
#4688 = DIRECTION ( 'NONE',  ( -0.9440533803505859467, 0.000000000000000000, 0.3297926849531869764 ) ) ;
#4689 = EDGE_LOOP ( 'NONE', ( #4835, #468, #1760, #1491 ) ) ;
#4690 = DIRECTION ( 'NONE',  ( 0.4663903252160477853, 0.7071067811865475727, 0.5314885366072057415 ) ) ;
#4691 = CARTESIAN_POINT ( 'NONE',  ( 38.26431457799019853, -16.10000000000000142, -6.224022662643469594 ) ) ;
#4692 = EDGE_CURVE ( 'NONE', #4684, #1409, #4156, .T. ) ;
#4693 = ORIENTED_EDGE ( 'NONE', *, *, #1085, .F. ) ;
#4694 = ORIENTED_EDGE ( 'NONE', *, *, #3759, .T. ) ;
#4695 = ORIENTED_EDGE ( 'NONE', *, *, #164, .T. ) ;
#4696 = DIRECTION ( 'NONE',  ( 0.9978788618232538044, 0.000000000000000000, -0.06509821139115595789 ) ) ;
#4697 = CARTESIAN_POINT ( 'NONE',  ( -60.57278483724016382, -10.48689031022518314, -30.11156846744038162 ) ) ;
#4698 = CARTESIAN_POINT ( 'NONE',  ( 41.59765048796064946, -2.624574997356450279, -55.29187913739950488 ) ) ;
#4699 = CIRCLE ( 'NONE', #2898, 68.00000000000001421 ) ;
#4700 = CIRCLE ( 'NONE', #1857, 7.500000000000000000 ) ;
#4701 = DIRECTION ( 'NONE',  ( -0.3609320017625394228, 0.000000000000000000, -0.9325921349141254035 ) ) ;
#4702 = DIRECTION ( 'NONE',  ( 0.7516382967157390071, 0.000000000000000000, -0.6595755232801340240 ) ) ;
#4703 = ADVANCED_FACE ( 'NONE', ( #2297 ), #484, .F. ) ;
#4704 = LINE ( 'NONE', #3250, #644 ) ;
#4705 = CARTESIAN_POINT ( 'NONE',  ( -20.25284826038425123, 0.000000000000000000, -41.27323620909374569 ) ) ;
#4706 = ORIENTED_EDGE ( 'NONE', *, *, #1478, .T. ) ;
#4707 = CARTESIAN_POINT ( 'NONE',  ( -64.47563348477659417, -0.08834032575808710430, -20.77707026145147751 ) ) ;
#4708 = CARTESIAN_POINT ( 'NONE',  ( 28.09068004689710207, -10.09999999999999964, -45.65668348982450198 ) ) ;
#4709 = DIRECTION ( 'NONE',  ( 0.9926956690917259074, 0.000000000000000000, 0.1206453835276376924 ) ) ;
#4710 = DIRECTION ( 'NONE',  ( 0.9978788618232538044, 0.000000000000000000, -0.06509821139115595789 ) ) ;
#4711 = ORIENTED_EDGE ( 'NONE', *, *, #4519, .F. ) ;
#4712 = EDGE_CURVE ( 'NONE', #3447, #4804, #3510, .T. ) ;
#4713 = EDGE_LOOP ( 'NONE', ( #3811, #216, #1985, #2234 ) ) ;
#4714 = CIRCLE ( 'NONE', #2059, 8.899999999999995026 ) ;
#4715 = CARTESIAN_POINT ( 'NONE',  ( -7.129944457873779839, 6.139526462517590488, -66.32805257689800271 ) ) ;
#4716 = ORIENTED_EDGE ( 'NONE', *, *, #459, .F. ) ;
#4717 = CIRCLE ( 'NONE', #3592, 4.000000000000002665 ) ;
#4718 = ORIENTED_EDGE ( 'NONE', *, *, #2536, .F. ) ;
#4720 = CIRCLE ( 'NONE', #2643, 3.999999999999998668 ) ;
#4719 = LINE ( 'NONE', #5197, #1970 ) ;
#4721 = CARTESIAN_POINT ( 'NONE',  ( 24.80406379161939867, 16.10000000000000142, 21.76599226824439981 ) ) ;
#4722 = ORIENTED_EDGE ( 'NONE', *, *, #384, .T. ) ;
#4723 = DIRECTION ( 'NONE',  ( 0.7516382967157390071, 0.000000000000000000, -0.6595755232801340240 ) ) ;
#4724 = LINE ( 'NONE', #3482, #5749 ) ;
#4725 = ORIENTED_EDGE ( 'NONE', *, *, #527, .F. ) ;
#4726 = ORIENTED_EDGE ( 'NONE', *, *, #5470, .F. ) ;
#4727 = ORIENTED_EDGE ( 'NONE', *, *, #3064, .T. ) ;
#4728 = CARTESIAN_POINT ( 'NONE',  ( -12.38597862740636835, -4.900000000000001243, 54.74476843225106393 ) ) ;
#4729 = CARTESIAN_POINT ( 'NONE',  ( 60.11602514072223613, -0.7239888973199748445, -32.35038964962598129 ) ) ;
#4730 = CARTESIAN_POINT ( 'NONE',  ( 0.000000000000000000, -16.10000000000000142, 0.000000000000000000 ) ) ;
#4731 = EDGE_CURVE ( 'NONE', #5492, #5334, #5517, .T. ) ;
#4732 = AXIS2_PLACEMENT_3D ( 'NONE', #3218, #1005, #3642 ) ;
#4733 = CARTESIAN_POINT ( 'NONE',  ( -59.47536296208700435, 10.09999999999999964, -20.77693915205080089 ) ) ;
#4734 = CARTESIAN_POINT ( 'NONE',  ( 12.06596609671983877, -16.10000000000000142, -38.00814511808529517 ) ) ;
#4735 = CIRCLE ( 'NONE', #1051, 2.000000000000003997 ) ;
#4736 = DIRECTION ( 'NONE',  ( 0.7516382967157375639, 0.000000000000000000, 0.6595755232801356893 ) ) ;
#4737 = CARTESIAN_POINT ( 'NONE',  ( 16.92484625416589950, 16.10000000000000142, -32.93233578868210287 ) ) ;
#4738 = AXIS2_PLACEMENT_3D ( 'NONE', #1397, #4959, #5528 ) ;
#4739 = ORIENTED_EDGE ( 'NONE', *, *, #2525, .F. ) ;
#4740 = EDGE_CURVE ( 'NONE', #3118, #4567, #1554, .T. ) ;
#4741 = DIRECTION ( 'NONE',  ( 0.6595755232801341350, 0.000000000000000000, -0.7516382967157388961 ) ) ;
#4742 = AXIS2_PLACEMENT_3D ( 'NONE', #4155, #353, #5687 ) ;
#4743 = DIRECTION ( 'NONE',  ( 0.9978788618232535823, 0.000000000000000000, 0.06509821139115724853 ) ) ;
#4744 = CARTESIAN_POINT ( 'NONE',  ( 64.80174618974034217, -0.4873472209713194392, -23.81451945358319833 ) ) ;
#4745 = DIRECTION ( 'NONE',  ( 0.000000000000000000, 1.000000000000000000, 0.000000000000000000 ) ) ;
#4746 = VERTEX_POINT ( 'NONE', #37 ) ;
#4747 = B_SPLINE_CURVE_WITH_KNOTS ( 'NONE', 3,
 ( #1870, #3660, #1082, #4629, #5593, #3688, #4244, #5077, #3779, #2370 ),
 .UNSPECIFIED., .F., .F.,
 ( 4, 2, 2, 2, 4 ),
 ( 0.000000000000000000, 0.2500000000000000000, 0.5000000000000000000, 0.7500000000000000000, 1.000000000000000000 ),
 .UNSPECIFIED. ) ;
#4748 = VECTOR ( 'NONE', #2398, 1000.000000000000000 ) ;
#4749 = AXIS2_PLACEMENT_3D ( 'NONE', #3948, #5283, #1728 ) ;
#4750 = FACE_OUTER_BOUND ( 'NONE', #4631, .T. ) ;
#4751 = ORIENTED_EDGE ( 'NONE', *, *, #3917, .F. ) ;
#4752 = EDGE_CURVE ( 'NONE', #3572, #1680, #674, .T. ) ;
#4753 = VERTEX_POINT ( 'NONE', #598 ) ;
#4754 = CARTESIAN_POINT ( 'NONE',  ( -25.16551619208669877, 16.10000000000000142, -17.71844336668939945 ) ) ;
#4755 = ORIENTED_EDGE ( 'NONE', *, *, #2814, .T. ) ;
#4756 = CARTESIAN_POINT ( 'NONE',  ( 50.35946208842560168, 11.81953458209438068, -45.00235111205759608 ) ) ;
#4757 = FACE_OUTER_BOUND ( 'NONE', #684, .T. ) ;
#4758 = ORIENTED_EDGE ( 'NONE', *, *, #4200, .T. ) ;
#4759 = ORIENTED_EDGE ( 'NONE', *, *, #2629, .T. ) ;
#4760 = DIRECTION ( 'NONE',  ( 0.6595755232801341350, 0.000000000000000000, -0.7516382967157391182 ) ) ;
#4761 = CARTESIAN_POINT ( 'NONE',  ( 59.88610040209498209, -3.710174221483284906, -32.60456738812417399 ) ) ;
#4762 = PLANE ( 'NONE',  #5853 ) ;
#4763 = VECTOR ( 'NONE', #5368, 999.9999999999998863 ) ;
#4764 = LINE ( 'NONE', #4315, #5262 ) ;
#4765 = CARTESIAN_POINT ( 'NONE',  ( -60.57687146724151717, -10.48203998796840963, -30.14113069876296791 ) ) ;
#4766 = CARTESIAN_POINT ( 'NONE',  ( 57.28973316393943094, -1.202188823137216200, -15.24900582601572907 ) ) ;
#4767 = CARTESIAN_POINT ( 'NONE',  ( -12.06596609671983877, 16.10000000000000142, -38.00814511808529517 ) ) ;
#4768 = VERTEX_POINT ( 'NONE', #4643 ) ;
#4769 = CARTESIAN_POINT ( 'NONE',  ( -64.03051183637846577, 0.5024430912665823756, -18.71521918091555037 ) ) ;
#4770 = DIRECTION ( 'NONE',  ( -0.9975634259047179153, 0.000000000000000000, -0.06976540186397729715 ) ) ;
#4771 = DIRECTION ( 'NONE',  ( 0.4663903252160488400, 0.7071067811865467956, -0.5314885366072058526 ) ) ;
#4772 = DIRECTION ( 'NONE',  ( 1.000000000000000000, 0.000000000000000000, 0.000000000000000000 ) ) ;
#4774 = ADVANCED_FACE ( 'NONE', ( #2270 ), #3672, .T. ) ;
#4773 = CIRCLE ( 'NONE', #239, 2.000000000000001776 ) ;
#4775 = ORIENTED_EDGE ( 'NONE', *, *, #4330, .F. ) ;
#4776 = ADVANCED_FACE ( 'NONE', ( #2802 ), #5032, .F. ) ;
#4777 = CARTESIAN_POINT ( 'NONE',  ( 24.80406379161939867, -14.89999999999999503, 21.76599226824439981 ) ) ;
#4778 = VERTEX_POINT ( 'NONE', #3186 ) ;
#4779 = ADVANCED_FACE ( 'NONE', ( #3277 ), #5089, .T. ) ;
#4780 = ORIENTED_EDGE ( 'NONE', *, *, #5487, .F. ) ;
#4781 = CARTESIAN_POINT ( 'NONE',  ( -67.56866419668098445, 16.10000000000000142, -26.96764061178844685 ) ) ;
#4782 = ORIENTED_EDGE ( 'NONE', *, *, #4425, .F. ) ;
#4783 = AXIS2_PLACEMENT_3D ( 'NONE', #4375, #3938, #5697 ) ;
#4784 = CARTESIAN_POINT ( 'NONE',  ( -64.01289043864872497, 0.03195143771638194602, -22.91555614737030666 ) ) ;
#4785 = LINE ( 'NONE', #5719, #3940 ) ;
#4786 = VERTEX_POINT ( 'NONE', #626 ) ;
#4787 = EDGE_LOOP ( 'NONE', ( #2965, #1247, #3564, #5844 ) ) ;
#4788 = VERTEX_POINT ( 'NONE', #2861 ) ;
#4789 = DIRECTION ( 'NONE',  ( 0.4663903252160477853, -0.7071067811865475727, -0.5314885366072057415 ) ) ;
#4790 = CARTESIAN_POINT ( 'NONE',  ( 61.25093851891223551, -0.8389704378043129074, -31.33480236336446012 ) ) ;
#4791 = CARTESIAN_POINT ( 'NONE',  ( -57.35369579329650236, -10.51395348767795923, -34.53612506763509771 ) ) ;
#4792 = VECTOR ( 'NONE', #1946, 1000.000000000000000 ) ;
#4793 = EDGE_CURVE ( 'NONE', #3266, #2023, #2474, .T. ) ;
#4794 = FACE_BOUND ( 'NONE', #1513, .T. ) ;
#4795 = CARTESIAN_POINT ( 'NONE',  ( 64.47165114901576999, -2.901559750324254505, -21.12673220450808387 ) ) ;
#4796 = CARTESIAN_POINT ( 'NONE',  ( 57.38927059265726882, -0.1819847521174453586, -15.33752314372614478 ) ) ;
#4797 = FACE_OUTER_BOUND ( 'NONE', #233, .T. ) ;
#4798 = AXIS2_PLACEMENT_3D ( 'NONE', #3793, #4736, #1975 ) ;
#4799 = CARTESIAN_POINT ( 'NONE',  ( -45.67122707623510536, -16.10000000000000142, -5.046038264045169086 ) ) ;
#4800 = FACE_OUTER_BOUND ( 'NONE', #3544, .T. ) ;
#4801 = CYLINDRICAL_SURFACE ( 'NONE', #761, 1.999999999999997335 ) ;
#4802 = DIRECTION ( 'NONE',  ( 0.000000000000000000, 0.000000000000000000, 1.000000000000000000 ) ) ;
#4803 = DIRECTION ( 'NONE',  ( 0.9926956690917259074, 0.000000000000000000, 0.1206453835276376924 ) ) ;
#4804 = VERTEX_POINT ( 'NONE', #5772 ) ;
#4805 = VERTEX_POINT ( 'NONE', #4036 ) ;
#4806 = EDGE_CURVE ( 'NONE', #3363, #1644, #5803, .T. ) ;
#4807 = CARTESIAN_POINT ( 'NONE',  ( 23.73897747015541881, -13.73627305387533681, 23.01815054122396020 ) ) ;
#4808 = AXIS2_PLACEMENT_3D ( 'NONE', #4624, #4565, #3322 ) ;
#4809 = VERTEX_POINT ( 'NONE', #850 ) ;
#4810 = ORIENTED_EDGE ( 'NONE', *, *, #4473, .F. ) ;
#4811 = ORIENTED_EDGE ( 'NONE', *, *, #5812, .F. ) ;
#4812 = CARTESIAN_POINT ( 'NONE',  ( 48.51943944152220212, -10.09999999999999964, -15.87243378493570134 ) ) ;
#4813 = ORIENTED_EDGE ( 'NONE', *, *, #2256, .F. ) ;
#4814 = EDGE_CURVE ( 'NONE', #2879, #2281, #906, .T. ) ;
#4815 = CARTESIAN_POINT ( 'NONE',  ( -64.00704989300200509, 0.03174405714960271130, -22.90890038525233408 ) ) ;
#4816 = CYLINDRICAL_SURFACE ( 'NONE', #2886, 2.000000000000003997 ) ;
#4817 = CIRCLE ( 'NONE', #1969, 2.000000000000002665 ) ;
#4818 = ORIENTED_EDGE ( 'NONE', *, *, #5558, .T. ) ;
#4819 = ORIENTED_EDGE ( 'NONE', *, *, #9, .F. ) ;
#4820 = CIRCLE ( 'NONE', #1134, 2.000000000000003997 ) ;
#4821 = CARTESIAN_POINT ( 'NONE',  ( 50.79351535985600208, -6.123233995736780087E-16, -7.821140176568779800 ) ) ;
#4822 = CARTESIAN_POINT ( 'NONE',  ( 61.74597826846232351, -3.109860158759298887, -30.98804484334187848 ) ) ;
#4823 = FACE_BOUND ( 'NONE', #3201, .T. ) ;
#4824 = DIRECTION ( 'NONE',  ( 0.000000000000000000, 1.000000000000000000, 0.000000000000000000 ) ) ;
#4825 = CARTESIAN_POINT ( 'NONE',  ( 64.32553743822903414, -2.972962328964805057, -22.07192334734419248 ) ) ;
#4826 = EDGE_CURVE ( 'NONE', #2025, #1367, #867, .T. ) ;
#4827 = CARTESIAN_POINT ( 'NONE',  ( -57.51697342518706790, -12.96251975508159937, -36.79835244086031310 ) ) ;
#4828 = DIRECTION ( 'NONE',  ( 0.000000000000000000, -1.000000000000000000, 0.000000000000000000 ) ) ;
#4829 = VERTEX_POINT ( 'NONE', #1313 ) ;
#4830 = CYLINDRICAL_SURFACE ( 'NONE', #4162, 2.000000000000001776 ) ;
#4831 = CYLINDRICAL_SURFACE ( 'NONE', #2344, 7.499999999999996447 ) ;
#4832 = FACE_OUTER_BOUND ( 'NONE', #199, .T. ) ;
#4833 = CARTESIAN_POINT ( 'NONE',  ( 40.90853619850539502, -16.10000000000000142, 3.413676601314624914 ) ) ;
#4834 = AXIS2_PLACEMENT_3D ( 'NONE', #3650, #961, #2759 ) ;
#4835 = ORIENTED_EDGE ( 'NONE', *, *, #5667, .T. ) ;
#4836 = CARTESIAN_POINT ( 'NONE',  ( -45.67122707623510536, -10.09999999999999964, -5.046038264045169086 ) ) ;
#4837 = CARTESIAN_POINT ( 'NONE',  ( 64.29100962409468423, -0.06296708381636763330, -19.43165182876587238 ) ) ;
#4838 = VECTOR ( 'NONE', #5437, 1000.000000000000000 ) ;
#4839 = ORIENTED_EDGE ( 'NONE', *, *, #5648, .F. ) ;
#4840 = DIRECTION ( 'NONE',  ( 0.000000000000000000, -1.000000000000000000, 0.000000000000000000 ) ) ;
#4841 = DIRECTION ( 'NONE',  ( 0.000000000000000000, 1.000000000000000000, 0.000000000000000000 ) ) ;
#4842 = ORIENTED_EDGE ( 'NONE', *, *, #4491, .T. ) ;
#4843 = CIRCLE ( 'NONE', #5125, 3.999999999999998668 ) ;
#4844 = ADVANCED_FACE ( 'NONE', ( #1699, #1781 ), #2220, .T. ) ;
#4845 = AXIS2_PLACEMENT_3D ( 'NONE', #4257, #4288, #1503 ) ;
#4846 = ORIENTED_EDGE ( 'NONE', *, *, #3451, .T. ) ;
#4847 = CARTESIAN_POINT ( 'NONE',  ( 0.000000000000000000, -16.10000000000000142, -17.50000000000000000 ) ) ;
#4848 = EDGE_LOOP ( 'NONE', ( #2142, #2420, #888, #3868, #4239, #174 ) ) ;
#4849 = CARTESIAN_POINT ( 'NONE',  ( 51.37300889598859754, 9.250069631181748520, -45.90813173249730283 ) ) ;
#4850 = CARTESIAN_POINT ( 'NONE',  ( 38.60100047522178812, -14.28670556295805127, -8.341031158813889235 ) ) ;
#4851 = ORIENTED_EDGE ( 'NONE', *, *, #5017, .F. ) ;
#4852 = VERTEX_POINT ( 'NONE', #408 ) ;
#4853 = ADVANCED_FACE ( 'NONE', ( #5408 ), #3565, .T. ) ;
#4854 = EDGE_CURVE ( 'NONE', #1262, #1260, #3043, .T. ) ;
#4855 = CARTESIAN_POINT ( 'NONE',  ( 40.72441065163404517, -16.10000000000000142, 0.5912489613228799623 ) ) ;
#4856 = CARTESIAN_POINT ( 'NONE',  ( 61.28387728759616948, -0.8480374673215069770, -31.31009278343094948 ) ) ;
#4857 = CARTESIAN_POINT ( 'NONE',  ( -36.65721254318395239, -8.000046420787830570, -58.33827056113279497 ) ) ;
#4858 = LINE ( 'NONE', #269, #2045 ) ;
#4859 = FACE_OUTER_BOUND ( 'NONE', #5529, .T. ) ;
#4860 = DIRECTION ( 'NONE',  ( 0.7516382967157390071, 0.000000000000000000, 0.6595755232801340240 ) ) ;
#4861 = CARTESIAN_POINT ( 'NONE',  ( -59.47536296208700435, -10.09999999999999964, -20.77693915205080089 ) ) ;
#4862 = ORIENTED_EDGE ( 'NONE', *, *, #3597, .F. ) ;
#4863 = CARTESIAN_POINT ( 'NONE',  ( 6.268766231013559675, 16.10000000000000142, -34.43403214758485120 ) ) ;
#4864 = DIRECTION ( 'NONE',  ( 0.000000000000000000, 1.000000000000000000, 0.000000000000000000 ) ) ;
#4865 = CARTESIAN_POINT ( 'NONE',  ( 43.67122707623509825, -10.09999999999999964, -5.046038264045169086 ) ) ;
#4866 = DIRECTION ( 'NONE',  ( 0.000000000000000000, 0.000000000000000000, 1.000000000000000000 ) ) ;
#4867 = AXIS2_PLACEMENT_3D ( 'NONE', #3124, #4074, #2684 ) ;
#4868 = DIRECTION ( 'NONE',  ( 0.000000000000000000, 1.000000000000000000, 0.000000000000000000 ) ) ;
#4869 = CARTESIAN_POINT ( 'NONE',  ( 64.30251737971001091, -0.05017545397565360832, -19.47357114125752986 ) ) ;
#4870 = EDGE_LOOP ( 'NONE', ( #4189, #1401, #2264, #3031 ) ) ;
#4871 = DIRECTION ( 'NONE',  ( 0.000000000000000000, 1.000000000000000000, 0.000000000000000000 ) ) ;
#4872 = EDGE_CURVE ( 'NONE', #2133, #5619, #1255, .T. ) ;
#4873 = CARTESIAN_POINT ( 'NONE',  ( -7.389964834402039884, 4.974936046029879932, -68.74538027353109726 ) ) ;
#4874 = AXIS2_PLACEMENT_3D ( 'NONE', #3765, #2004, #696 ) ;
#4875 = ORIENTED_EDGE ( 'NONE', *, *, #5699, .F. ) ;
#4876 = ORIENTED_EDGE ( 'NONE', *, *, #5679, .F. ) ;
#4877 = CARTESIAN_POINT ( 'NONE',  ( 7.489820139318990044, -6.902376207048170009, -69.67194742310179834 ) ) ;
#4878 = ORIENTED_EDGE ( 'NONE', *, *, #2009, .F. ) ;
#4879 = LINE ( 'NONE', #3629, #692 ) ;
#4880 = ORIENTED_EDGE ( 'NONE', *, *, #5846, .T. ) ;
#4881 = ORIENTED_EDGE ( 'NONE', *, *, #5400, .F. ) ;
#4882 = CARTESIAN_POINT ( 'NONE',  ( -64.01873447576201670, 0.03276353160113559815, -22.92215429542961047 ) ) ;
#4883 = DIRECTION ( 'NONE',  ( 0.000000000000000000, -1.000000000000000000, 0.000000000000000000 ) ) ;
#4884 = DIRECTION ( 'NONE',  ( -0.000000000000000000, 1.000000000000000000, 0.000000000000000000 ) ) ;
#4885 = ADVANCED_FACE ( 'NONE', ( #5288 ), #5296, .F. ) ;
#4886 = LINE ( 'NONE', #475, #2173 ) ;
#4887 = CARTESIAN_POINT ( 'NONE',  ( -64.11038767272893324, 0.01374369366241110640, -22.65637873737891894 ) ) ;
#4888 = AXIS2_PLACEMENT_3D ( 'NONE', #2785, #908, #4039 ) ;
#4889 = CARTESIAN_POINT ( 'NONE',  ( 57.38201132433847818, -0.4619865718059320558, -15.33423332087584257 ) ) ;
#4890 = DIRECTION ( 'NONE',  ( 0.000000000000000000, -1.000000000000000000, 0.000000000000000000 ) ) ;
#4891 = ORIENTED_EDGE ( 'NONE', *, *, #4544, .F. ) ;
#4892 = DIRECTION ( 'NONE',  ( 0.000000000000000000, 1.000000000000000000, 0.000000000000000000 ) ) ;
#4893 = LINE ( 'NONE', #843, #1500 ) ;
#4894 = ADVANCED_FACE ( 'NONE', ( #4013 ), #1224, .T. ) ;
#4895 = FACE_OUTER_BOUND ( 'NONE', #5704, .T. ) ;
#4896 = DIRECTION ( 'NONE',  ( 0.6595755232801341350, 0.000000000000000000, -0.7516382967157391182 ) ) ;
#4897 = LINE ( 'NONE', #4924, #3490 ) ;
#4898 = CARTESIAN_POINT ( 'NONE',  ( 64.47341513187154760, 0.08838542829766282694, -20.62652175925336095 ) ) ;
#4899 = EDGE_LOOP ( 'NONE', ( #2053, #1019, #2373, #2226, #5203, #3957, #4547, #1817, #3164, #2347, #5471, #5115 ) ) ;
#4900 = AXIS2_PLACEMENT_3D ( 'NONE', #4256, #209, #5057 ) ;
#4901 = CARTESIAN_POINT ( 'NONE',  ( -60.57564001061464865, -13.40314939379646475, -30.13359463172258046 ) ) ;
#4902 = CARTESIAN_POINT ( 'NONE',  ( -41.87128935457105428, 5.626845271017099748, -55.65560177467440184 ) ) ;
#4903 = ORIENTED_EDGE ( 'NONE', *, *, #5588, .T. ) ;
#4904 = EDGE_CURVE ( 'NONE', #3960, #1494, #3023, .T. ) ;
#4905 = CARTESIAN_POINT ( 'NONE',  ( 22.36113325549700193, -4.492331861417924621, -66.91827491616849954 ) ) ;
#4906 = ORIENTED_EDGE ( 'NONE', *, *, #5768, .T. ) ;
#4907 = AXIS2_PLACEMENT_3D ( 'NONE', #2283, #4654, #5497 ) ;
#4908 = CARTESIAN_POINT ( 'NONE',  ( 19.07326355445299981, 9.750023210393930384, -66.20387616788678997 ) ) ;
#4909 = DIRECTION ( 'NONE',  ( 1.476141326126229024E-16, 0.000000000000000000, 1.000000000000000000 ) ) ;
#4910 = CYLINDRICAL_SURFACE ( 'NONE', #5560, 12.38597862740635414 ) ;
#4911 = EDGE_CURVE ( 'NONE', #1544, #3960, #1966, .T. ) ;
#4912 = CARTESIAN_POINT ( 'NONE',  ( -50.69259044502859979, -12.10177658053669880, -45.30006952057179603 ) ) ;
#4913 = CARTESIAN_POINT ( 'NONE',  ( -50.19705843163789893, 10.09999999999999964, -7.171326607412439103 ) ) ;
#4914 = AXIS2_PLACEMENT_3D ( 'NONE', #4034, #1778, #1341 ) ;
#4915 = CARTESIAN_POINT ( 'NONE',  ( 64.00119431748970555, -3.031187353503340010, -22.90222749541804603 ) ) ;
#4916 = ORIENTED_EDGE ( 'NONE', *, *, #912, .T. ) ;
#4917 = DIRECTION ( 'NONE',  ( 1.000000000000000000, 0.000000000000000000, 0.000000000000000000 ) ) ;
#4918 = CARTESIAN_POINT ( 'NONE',  ( 41.87162359006740076, -2.624579248335350279, -55.65604604276300194 ) ) ;
#4919 = VECTOR ( 'NONE', #1461, 1000.000000000000000 ) ;
#4920 = CARTESIAN_POINT ( 'NONE',  ( 39.40525960507399361, -16.10000000000000142, 2.094525554754359753 ) ) ;
#4921 = CARTESIAN_POINT ( 'NONE',  ( -61.96572232122519353, 1.175922037257771446, -30.84912913073889840 ) ) ;
#4922 = CARTESIAN_POINT ( 'NONE',  ( -64.90285862466288336, 2.509840569489447226, -23.92974504288934767 ) ) ;
#4923 = CARTESIAN_POINT ( 'NONE',  ( 0.000000000000000000, 0.000000000000000000, 0.000000000000000000 ) ) ;
#4924 = CARTESIAN_POINT ( 'NONE',  ( 9.417970242006729720, 16.10000000000000142, -24.37765887863679737 ) ) ;
#4925 = CYLINDRICAL_SURFACE ( 'NONE', #5465, 2.000000000000000444 ) ;
#4926 = EDGE_CURVE ( 'NONE', #3814, #3838, #791, .T. ) ;
#4927 = ORIENTED_EDGE ( 'NONE', *, *, #4125, .F. ) ;
#4928 = DIRECTION ( 'NONE',  ( -0.7516382967157391182, 0.000000000000000000, -0.6595755232801341350 ) ) ;
#4929 = VECTOR ( 'NONE', #1017, 999.9999999999998863 ) ;
#4930 = CARTESIAN_POINT ( 'NONE',  ( -7.454212289350840237, 7.591498983587030125, -69.34297707317820425 ) ) ;
#4931 = B_SPLINE_SURFACE_WITH_KNOTS ( 'NONE', 3, 3, ( 
 ( #868, #482, #509, #4106, #4578, #1333, #35 ),
 ( #3699, #3132, #1443, #4918, #923, #2662, #4947 ),
 ( #4466, #429, #2211, #4026, #897, #2691, #1798 ),
 ( #3614, #596, #2000, #4640, #2029, #3338, #1469 ),
 ( #5150, #5666, #4669, #4255, #2828, #1968, #2379 ),
 ( #4192, #624, #5573, #655, #3819, #208, #5636 ),
 ( #563, #237, #178, #1093, #2412, #4224, #148 ),
 ( #4163, #3848, #5179, #1940, #1564, #3244, #3788 ),
 ( #3758, #2887, #121, #3304, #5055, #5119, #2800 ),
 ( #1533, #1499, #5605, #4698, #5087, #1120, #2443 ) ),
 .UNSPECIFIED., .T., .F., .F.,
 ( 4, 1, 1, 1, 1, 1, 1, 4 ),
 ( 4, 1, 1, 1, 4 ),
 ( -3.141592653589790007, -2.243994752564140160, -1.346396851538479877, -0.4487989505128279766, 0.4487989505128279766, 1.346396851538479877, 2.243994752564140160, 3.141592653589790007 ),
 ( 0.000000000000000000, 0.3224948072910169827, 0.6449896145820339655, 0.9674844218730509482, 1.289979229164070151 ),
 .UNSPECIFIED. ) ;
#4932 = ORIENTED_EDGE ( 'NONE', *, *, #1677, .F. ) ;
#4933 = ORIENTED_EDGE ( 'NONE', *, *, #2955, .F. ) ;
#4934 = VECTOR ( 'NONE', #2837, 1000.000000000000000 ) ;
#4935 = CARTESIAN_POINT ( 'NONE',  ( 42.62038730962360233, -4.507132880962619659, -56.65130785679649961 ) ) ;
#4936 = VECTOR ( 'NONE', #2393, 999.9999999999998863 ) ;
#4937 = VERTEX_POINT ( 'NONE', #3954 ) ;
#4938 = LINE ( 'NONE', #5864, #4548 ) ;
#4939 = AXIS2_PLACEMENT_3D ( 'NONE', #526, #2312, #2788 ) ;
#4940 = ADVANCED_FACE ( 'NONE', ( #3053 ), #3950, .T. ) ;
#4941 = CARTESIAN_POINT ( 'NONE',  ( 58.88972745734179881, -3.833333333333340143, -34.00000000000000000 ) ) ;
#4942 = LINE ( 'NONE', #2653, #4219 ) ;
#4943 = CARTESIAN_POINT ( 'NONE',  ( 17.61454616726370404, -4.898587196589412829E-16, -38.26668302223077234 ) ) ;
#4944 = EDGE_CURVE ( 'NONE', #4804, #2807, #2915, .T. ) ;
#4945 = ORIENTED_EDGE ( 'NONE', *, *, #4460, .F. ) ;
#4946 = CARTESIAN_POINT ( 'NONE',  ( -64.61918322370499368, -0.2975288704993520605, -18.63870520553105337 ) ) ;
#4947 = CARTESIAN_POINT ( 'NONE',  ( 65.76705131894800616, 0.2497127429673270116, -18.96979535515430015 ) ) ;
#4948 = B_SPLINE_CURVE_WITH_KNOTS ( 'NONE', 3,
 ( #82, #1872, #1931, #5108, #3689, #109, #2878, #1903, #5504, #1434, #3265, #2820, #1960, #3749, #1490, #1054, #616, #3780, #5594, #1522, #2638, #5770, #5171, #5352, #3982, #341, #2158, #5799, #1583, #5380, #4276, #5656, #5286, #1221, #1730, #677, #1697, #2218, #3502, #1111, #1282, #373, #4837, #3083, #4869, #5320, #4472, #2578, #3536, #2129, #1253, #4443, #4898, #4011, #405, #2019, #3837, #789, #3470, #2907 ),
 .UNSPECIFIED., .F., .F.,
 ( 4, 2, 1, 1, 1, 1, 2, 2, 2, 1, 2, 2, 2, 2, 2, 2, 2, 2, 2, 2, 2, 2, 2, 2, 2, 1, 2, 2, 2, 1, 1, 1, 1, 2, 4 ),
 ( 0.1698875612586407124, 0.1705583455738017007, 0.1712291298889626889, 0.1725706985192846377, 0.1752538357799278135, 0.1806201103012141929, 0.1913526593437862022, 0.2128177574289296103, 0.2557479535992164821, 0.2664805026417874645, 0.2718467771630725394, 0.2772130516843576142, 0.2986781497694995791, 0.3416083459397835087, 0.4274687382803505908, 0.4703989344506341874, 0.5133291306209177840, 0.5562593267912013806, 0.5777244248763426793, 0.5884569739189140503, 0.5991895229614853102, 0.6850499153020531695, 0.7065150133871940241, 0.7172475624297645069, 0.7226138369510497483, 0.7279801114723351008, 0.7709103076426061518, 0.8138405038128770919, 0.8353056018980126174, 0.8460381509405801026, 0.8514044254618633456, 0.8540875627225045230, 0.8554291313528246121, 0.8560999156679843791, 0.8567706999831440351 ),
 .UNSPECIFIED. ) ;
#4949 = CARTESIAN_POINT ( 'NONE',  ( 0.000000000000000000, -10.09999999999999964, 0.000000000000000000 ) ) ;
#4950 = CARTESIAN_POINT ( 'NONE',  ( -62.39614853032513508, 2.128816709935487328, -30.60398936028098049 ) ) ;
#4951 = CARTESIAN_POINT ( 'NONE',  ( -65.13845760783728167, 1.822787119351743534, -24.19822865419819280 ) ) ;
#4952 = CARTESIAN_POINT ( 'NONE',  ( -58.35547357162869986, 16.10000000000000142, -27.08136995531435076 ) ) ;
#4953 = DIRECTION ( 'NONE',  ( 0.6595755232801338019, 0.000000000000000000, -0.7516382967157392292 ) ) ;
#4954 = DIRECTION ( 'NONE',  ( -0.9926956690917261295, 0.000000000000000000, 0.1206453835276359854 ) ) ;
#4955 = ORIENTED_EDGE ( 'NONE', *, *, #711, .T. ) ;
#4956 = CARTESIAN_POINT ( 'NONE',  ( -60.57672057976967750, -13.40414935442423072, -30.14097160404348941 ) ) ;
#4957 = CARTESIAN_POINT ( 'NONE',  ( -23.55072587678494500, 0.000000000000000000, -45.03142769267240197 ) ) ;
#4958 = EDGE_CURVE ( 'NONE', #4937, #1560, #3197, .T. ) ;
#4959 = DIRECTION ( 'NONE',  ( 0.000000000000000000, 1.000000000000000000, 0.000000000000000000 ) ) ;
#4960 = EDGE_LOOP ( 'NONE', ( #1109, #899, #5581, #1196 ) ) ;
#4961 = CARTESIAN_POINT ( 'NONE',  ( 0.000000000000000000, -7.382236305025700496, -66.32594535354279230 ) ) ;
#4962 = EDGE_LOOP ( 'NONE', ( #2593, #5205, #4397, #1439 ) ) ;
#4963 = DIRECTION ( 'NONE',  ( 0.6595755232801338019, 0.000000000000000000, -0.7516382967157392292 ) ) ;
#4964 = ADVANCED_FACE ( 'NONE', ( #1696 ), #5405, .F. ) ;
#4965 = ORIENTED_EDGE ( 'NONE', *, *, #2141, .T. ) ;
#4966 = DIRECTION ( 'NONE',  ( 1.000000000000000000, 0.000000000000000000, 0.000000000000000000 ) ) ;
#4967 = CARTESIAN_POINT ( 'NONE',  ( 59.35990025934172110, -0.7775168952217530460, -33.26045763124704990 ) ) ;
#4968 = DIRECTION ( 'NONE',  ( -0.7516382967157391182, 0.000000000000000000, 0.6595755232801341350 ) ) ;
#4969 = EDGE_LOOP ( 'NONE', ( #4208, #2948, #593, #5138 ) ) ;
#4970 = VERTEX_POINT ( 'NONE', #2157 ) ;
#4971 = CARTESIAN_POINT ( 'NONE',  ( 0.000000000000000000, 6.618575127734700025, -66.32805257689800271 ) ) ;
#4972 = EDGE_CURVE ( 'NONE', #856, #1965, #371, .T. ) ;
#4973 = CARTESIAN_POINT ( 'NONE',  ( -59.91802821041836324, -11.84726252870219199, -28.86202412723439892 ) ) ;
#4974 = CARTESIAN_POINT ( 'NONE',  ( -59.74905530788621633, 3.727973318044884632, -32.76548769804709593 ) ) ;
#4975 = CARTESIAN_POINT ( 'NONE',  ( 64.13902845149722509, -0.007875048885701979584, -22.58792020010431756 ) ) ;
#4976 = PLANE ( 'NONE',  #4080 ) ;
#4977 = AXIS2_PLACEMENT_3D ( 'NONE', #3784, #3813, #1994 ) ;
#4978 = LINE ( 'NONE', #206, #5681 ) ;
#4979 = CARTESIAN_POINT ( 'NONE',  ( -20.25284826038425123, 0.000000000000000000, -41.27323620909374569 ) ) ;
#4980 = ORIENTED_EDGE ( 'NONE', *, *, #2383, .F. ) ;
#4981 = DIRECTION ( 'NONE',  ( 0.000000000000000000, 0.000000000000000000, 1.000000000000000000 ) ) ;
#4982 = CIRCLE ( 'NONE', #5372, 33.00000000000000000 ) ;
#4983 = CARTESIAN_POINT ( 'NONE',  ( -23.47924349837808222, -13.44673177150639809, 23.33719094108642267 ) ) ;
#4984 = CARTESIAN_POINT ( 'NONE',  ( 60.57653794026264649, 16.10000000000000142, -30.14090039575712510 ) ) ;
#4985 = ORIENTED_EDGE ( 'NONE', *, *, #428, .F. ) ;
#4986 = CARTESIAN_POINT ( 'NONE',  ( 58.09985669543039677, -1.618039870115254963, -40.03101860053625671 ) ) ;
#4987 = EDGE_CURVE ( 'NONE', #2335, #3272, #381, .T. ) ;
#4988 = AXIS2_PLACEMENT_3D ( 'NONE', #745, #4824, #5308 ) ;
#4989 = VECTOR ( 'NONE', #2356, 999.9999999999998863 ) ;
#4990 = ORIENTED_EDGE ( 'NONE', *, *, #144, .T. ) ;
#4991 = CARTESIAN_POINT ( 'NONE',  ( -12.38597862740635414, -4.900000000000001243, 54.74476843225105682 ) ) ;
#4992 = CARTESIAN_POINT ( 'NONE',  ( -62.64410833099937292, 0.3003430417199352553, -26.75777251739141960 ) ) ;
#4993 = CARTESIAN_POINT ( 'NONE',  ( 64.00119431748970555, 16.10000000000000142, -22.90222749541804603 ) ) ;
#4994 = EDGE_CURVE ( 'NONE', #141, #2025, #855, .T. ) ;
#4995 = ORIENTED_EDGE ( 'NONE', *, *, #2141, .F. ) ;
#4996 = CYLINDRICAL_SURFACE ( 'NONE', #1612, 25.00000000000000000 ) ;
#4997 = ORIENTED_EDGE ( 'NONE', *, *, #33, .F. ) ;
#4998 = VERTEX_POINT ( 'NONE', #2217 ) ;
#4999 = CARTESIAN_POINT ( 'NONE',  ( -64.00451514891510385, 0.1844493938587564996, -26.15264670656465285 ) ) ;
#5000 = CARTESIAN_POINT ( 'NONE',  ( -60.03706199791997733, -11.28106290575998472, -28.99767251037085103 ) ) ;
#5001 = AXIS2_PLACEMENT_3D ( 'NONE', #3365, #4111, #4696 ) ;
#5002 = CARTESIAN_POINT ( 'NONE',  ( -62.34503743370990492, 2.376023081590519226, -30.63154353138680719 ) ) ;
#5003 = CARTESIAN_POINT ( 'NONE',  ( 24.80406379161939867, 0.000000000000000000, 21.76599226824439981 ) ) ;
#5004 = DIRECTION ( 'NONE',  ( 0.9926956690917259074, 0.000000000000000000, 0.1206453835276376924 ) ) ;
#5005 = EDGE_CURVE ( 'NONE', #5334, #3781, #4591, .T. ) ;
#5006 = CARTESIAN_POINT ( 'NONE',  ( 60.51243160752127181, 10.55966627788725809, -29.82346157012607435 ) ) ;
#5007 = LINE ( 'NONE', #4137, #3659 ) ;
#5008 = EDGE_LOOP ( 'NONE', ( #3425, #2614 ) ) ;
#5009 = CARTESIAN_POINT ( 'NONE',  ( -50.77869399619183355, 6.123233995736766282E-16, -7.834146177909005360 ) ) ;
#5010 = DIRECTION ( 'NONE',  ( -0.4663903252160479518, -0.7071067811865479058, -0.5314885366072051864 ) ) ;
#5011 = DIRECTION ( 'NONE',  ( 0.000000000000000000, -1.000000000000000000, 0.000000000000000000 ) ) ;
#5012 = ORIENTED_EDGE ( 'NONE', *, *, #2292, .T. ) ;
#5013 = ORIENTED_EDGE ( 'NONE', *, *, #4904, .F. ) ;
#5014 =( LENGTH_UNIT ( ) NAMED_UNIT ( * ) SI_UNIT ( .MILLI., .METRE. ) );
#5015 = ORIENTED_EDGE ( 'NONE', *, *, #1168, .F. ) ;
#5016 = LINE ( 'NONE', #4685, #1991 ) ;
#5017 = EDGE_CURVE ( 'NONE', #769, #646, #1319, .T. ) ;
#5018 = VECTOR ( 'NONE', #1363, 999.9999999999998863 ) ;
#5019 = CYLINDRICAL_SURFACE ( 'NONE', #4436, 2.000000000000000444 ) ;
#5020 = CARTESIAN_POINT ( 'NONE',  ( 54.07657161259250245, 0.000000000000000000, -11.59233766148770073 ) ) ;
#5021 = AXIS2_PLACEMENT_3D ( 'NONE', #5709, #2155, #3019 ) ;
#5022 = ORIENTED_EDGE ( 'NONE', *, *, #4793, .F. ) ;
#5023 = VECTOR ( 'NONE', #5038, 999.9999999999998863 ) ;
#5024 = CARTESIAN_POINT ( 'NONE',  ( 64.01325765901513876, -0.03092187202203414836, -22.91597462392239493 ) ) ;
#5025 = EDGE_CURVE ( 'NONE', #1236, #2882, #4385, .T. ) ;
#5026 = ORIENTED_EDGE ( 'NONE', *, *, #1995, .F. ) ;
#5027 = EDGE_CURVE ( 'NONE', #4138, #818, #4897, .T. ) ;
#5028 = ORIENTED_EDGE ( 'NONE', *, *, #3467, .F. ) ;
#5029 = CARTESIAN_POINT ( 'NONE',  ( 0.000000000000000000, 8.501137262319769405, -68.44760351012909894 ) ) ;
#5030 = CARTESIAN_POINT ( 'NONE',  ( 57.38201113712552370, 0.4619882536024138564, -15.33423310753205193 ) ) ;
#5031 = CARTESIAN_POINT ( 'NONE',  ( -58.88972745734179881, 3.833333333333340143, -34.00000000000000000 ) ) ;
#5032 = CYLINDRICAL_SURFACE ( 'NONE', #5597, 7.500000000000000888 ) ;
#5033 = CARTESIAN_POINT ( 'NONE',  ( -47.77214080932895968, 6.123233995736766282E-16, -10.47244827102946374 ) ) ;
#5034 = EDGE_CURVE ( 'NONE', #3715, #4263, #4714, .T. ) ;
#5035 = DIRECTION ( 'NONE',  ( 0.000000000000000000, 1.000000000000000000, 0.000000000000000000 ) ) ;
#5036 = CARTESIAN_POINT ( 'NONE',  ( 36.35319515986304850, -10.09999999999999964, 8.604846768176949823 ) ) ;
#5037 = ORIENTED_EDGE ( 'NONE', *, *, #1736, .F. ) ;
#5038 = DIRECTION ( 'NONE',  ( -0.6595755232801341350, 0.000000000000000000, -0.7516382967157391182 ) ) ;
#5039 = CARTESIAN_POINT ( 'NONE',  ( 25.02961445411220254, 16.10000000000000142, -56.72317339746160059 ) ) ;
#5040 = DIRECTION ( 'NONE',  ( 0.000000000000000000, 0.000000000000000000, 1.000000000000000000 ) ) ;
#5041 = ORIENTED_EDGE ( 'NONE', *, *, #5330, .F. ) ;
#5042 = CARTESIAN_POINT ( 'NONE',  ( 0.000000000000000000, -5.498866988659109722, -68.00030588489299532 ) ) ;
#5043 = EDGE_CURVE ( 'NONE', #4380, #3781, #4010, .T. ) ;
#5044 = ORIENTED_EDGE ( 'NONE', *, *, #3234, .F. ) ;
#5045 = CARTESIAN_POINT ( 'NONE',  ( -28.09068004689710207, 10.09999999999999964, -45.65668348982450198 ) ) ;
#5046 = DIRECTION ( 'NONE',  ( 0.9978788618232538044, 0.000000000000000000, -0.06509821139115595789 ) ) ;
#5047 = FACE_OUTER_BOUND ( 'NONE', #4392, .T. ) ;
#5048 = ORIENTED_EDGE ( 'NONE', *, *, #1325, .F. ) ;
#5049 = CARTESIAN_POINT ( 'NONE',  ( 60.56395611059451767, 13.39594818628557071, -30.05255878813851567 ) ) ;
#5050 = CARTESIAN_POINT ( 'NONE',  ( -64.47299650614353084, 2.883502893714258164, -20.93673221522344008 ) ) ;
#5051 = CIRCLE ( 'NONE', #5637, 4.999999999999999112 ) ;
#5052 = ORIENTED_EDGE ( 'NONE', *, *, #5135, .T. ) ;
#5053 = EDGE_LOOP ( 'NONE', ( #4394, #532, #3609, #2458 ) ) ;
#5054 = CARTESIAN_POINT ( 'NONE',  ( -57.47536296208700435, -10.09999999999999964, -20.77693915205080089 ) ) ;
#5055 = CARTESIAN_POINT ( 'NONE',  ( 56.59839246231020127, -1.187424750726197908, -38.99654486406339515 ) ) ;
#5056 = EDGE_CURVE ( 'NONE', #4653, #2958, #4354, .T. ) ;
#5057 = DIRECTION ( 'NONE',  ( -1.000000000000000000, 0.000000000000000000, 0.000000000000000000 ) ) ;
#5058 = DIRECTION ( 'NONE',  ( 0.000000000000000000, -1.000000000000000000, 0.000000000000000000 ) ) ;
#5059 = DIRECTION ( 'NONE',  ( 0.000000000000000000, -1.000000000000000000, 0.000000000000000000 ) ) ;
#5060 = CARTESIAN_POINT ( 'NONE',  ( 11.86777583969573158, 6.277777679667870814, -67.21881931735454430 ) ) ;
#5061 = CYLINDRICAL_SURFACE ( 'NONE', #3392, 4.999999999999997335 ) ;
#5062 = CARTESIAN_POINT ( 'NONE',  ( 51.07001842572970673, 0.000000000000000000, -14.23063975460823904 ) ) ;
#5063 = ORIENTED_EDGE ( 'NONE', *, *, #5229, .F. ) ;
#5064 = ORIENTED_EDGE ( 'NONE', *, *, #4752, .T. ) ;
#5065 = ADVANCED_FACE ( 'NONE', ( #3922 ), #404, .T. ) ;
#5066 = CARTESIAN_POINT ( 'NONE',  ( 60.09442319551060052, 11.15852090583519995, -29.06304011625210038 ) ) ;
#5067 = DIRECTION ( 'NONE',  ( 0.000000000000000000, -1.000000000000000000, 0.000000000000000000 ) ) ;
#5068 = CARTESIAN_POINT ( 'NONE',  ( -15.06415625041774220, -4.999773060755888565, 38.56990698251875216 ) ) ;
#5069 = CARTESIAN_POINT ( 'NONE',  ( 6.268766231013559675, 16.10000000000000142, -34.43403214758485120 ) ) ;
#5070 = ORIENTED_EDGE ( 'NONE', *, *, #74, .F. ) ;
#5071 = CIRCLE ( 'NONE', #633, 4.999999999999999112 ) ;
#5072 = CARTESIAN_POINT ( 'NONE',  ( 0.000000000000000000, 10.09999999999999964, 0.000000000000000000 ) ) ;
#5073 = AXIS2_PLACEMENT_3D ( 'NONE', #1311, #2191, #2609 ) ;
#5074 = EDGE_LOOP ( 'NONE', ( #2112, #1350 ) ) ;
#5075 = DIRECTION ( 'NONE',  ( 0.8660254037844380415, 0.000000000000000000, -0.5000000000000012212 ) ) ;
#5076 = ADVANCED_FACE ( 'NONE', ( #5769, #2669 ), #4471, .T. ) ;
#5077 = CARTESIAN_POINT ( 'NONE',  ( 11.86772774279518217, -4.721089210881333820, -67.21882568563300708 ) ) ;
#5078 = DIRECTION ( 'NONE',  ( 0.000000000000000000, 0.000000000000000000, 1.000000000000000000 ) ) ;
#5079 = CIRCLE ( 'NONE', #2715, 1.999999999999997335 ) ;
#5080 = VERTEX_POINT ( 'NONE', #1664 ) ;
#5081 = CARTESIAN_POINT ( 'NONE',  ( 60.55002513941175835, 13.38687406457811768, -29.97839162772832111 ) ) ;
#5082 = AXIS2_PLACEMENT_3D ( 'NONE', #1272, #4403, #360 ) ;
#5083 = LINE ( 'NONE', #999, #3847 ) ;
#5084 = ORIENTED_EDGE ( 'NONE', *, *, #4449, .F. ) ;
#5085 = EDGE_CURVE ( 'NONE', #2912, #2548, #5285, .T. ) ;
#5086 = CARTESIAN_POINT ( 'NONE',  ( -60.55938068421396281, -10.50496239813048582, -30.02443873882907255 ) ) ;
#5087 = CARTESIAN_POINT ( 'NONE',  ( 56.97366662301190132, -1.187429001705102127, -39.25510254380350261 ) ) ;
#5088 = CARTESIAN_POINT ( 'NONE',  ( -61.35957518749599870, 0.8704678719976298717, -31.25412485462418388 ) ) ;
#5089 = PLANE ( 'NONE',  #2933 ) ;
#5090 = CARTESIAN_POINT ( 'NONE',  ( -45.67122707623510536, 16.10000000000000142, -5.046038264045169086 ) ) ;
#5091 = ADVANCED_FACE ( 'NONE', ( #5460 ), #1392, .T. ) ;
#5092 = CARTESIAN_POINT ( 'NONE',  ( 0.000000000000000000, -8.500000000080200735, -67.77560052525430478 ) ) ;
#5093 = DIRECTION ( 'NONE',  ( 0.000000000000000000, -1.000000000000000000, 0.000000000000000000 ) ) ;
#5094 = CIRCLE ( 'NONE', #5866, 2.000000000000003997 ) ;
#5095 = ORIENTED_EDGE ( 'NONE', *, *, #4911, .T. ) ;
#5096 = DIRECTION ( 'NONE',  ( 0.000000000000000000, -1.000000000000000000, 0.000000000000000000 ) ) ;
#5097 = DIRECTION ( 'NONE',  ( -0.6595755232801340240, 0.000000000000000000, -0.7516382967157388961 ) ) ;
#5098 = LINE ( 'NONE', #1922, #1899 ) ;
#5099 = CARTESIAN_POINT ( 'NONE',  ( 60.36663589305109667, 13.36820398397446041, -31.30286362229155017 ) ) ;
#5100 = VECTOR ( 'NONE', #4512, 999.9999999999998863 ) ;
#5101 = ORIENTED_EDGE ( 'NONE', *, *, #4533, .F. ) ;
#5102 = EDGE_CURVE ( 'NONE', #227, #5175, #2439, .T. ) ;
#5103 = VECTOR ( 'NONE', #3798, 999.9999999999998863 ) ;
#5104 = CARTESIAN_POINT ( 'NONE',  ( 56.59839246231020127, -1.187424750726197908, -38.99654486406339515 ) ) ;
#5105 = ORIENTED_EDGE ( 'NONE', *, *, #3723, .T. ) ;
#5106 = CARTESIAN_POINT ( 'NONE',  ( 14.45921831757124920, -4.900000000000001243, 40.49606160659098464 ) ) ;
#5107 = FACE_OUTER_BOUND ( 'NONE', #5158, .T. ) ;
#5108 = CARTESIAN_POINT ( 'NONE',  ( 64.47534849034617821, -2.865120806425944799, -20.76451194336991790 ) ) ;
#5109 = ORIENTED_EDGE ( 'NONE', *, *, #1168, .T. ) ;
#5110 = EDGE_CURVE ( 'NONE', #5680, #2992, #756, .T. ) ;
#5111 = CARTESIAN_POINT ( 'NONE',  ( 54.39802043194809045, 10.09999999999999964, -22.57154017501994758 ) ) ;
#5112 = VECTOR ( 'NONE', #2666, 999.9999999999998863 ) ;
#5113 = DIRECTION ( 'NONE',  ( 0.000000000000000000, 1.000000000000000000, 0.000000000000000000 ) ) ;
#5114 = ORIENTED_EDGE ( 'NONE', *, *, #1012, .F. ) ;
#5115 = ORIENTED_EDGE ( 'NONE', *, *, #1809, .F. ) ;
#5116 = ORIENTED_EDGE ( 'NONE', *, *, #1874, .F. ) ;
#5117 = CARTESIAN_POINT ( 'NONE',  ( -60.09442319551060052, 10.09999999999999964, -29.06304011625210038 ) ) ;
#5118 = CIRCLE ( 'NONE', #107, 2.000000000000001776 ) ;
#5119 = CARTESIAN_POINT ( 'NONE',  ( 62.89378812115470652, -0.2293274202919755311, -25.69885322844854869 ) ) ;
#5120 = EDGE_CURVE ( 'NONE', #4178, #3409, #5519, .T. ) ;
#5121 = AXIS2_PLACEMENT_3D ( 'NONE', #4681, #4745, #701 ) ;
#5122 = DIRECTION ( 'NONE',  ( 0.000000000000000000, 1.000000000000000000, 0.000000000000000000 ) ) ;
#5123 = DIRECTION ( 'NONE',  ( 0.000000000000000000, -1.000000000000000000, 0.000000000000000000 ) ) ;
#5124 = LINE ( 'NONE', #1095, #3523 ) ;
#5125 = AXIS2_PLACEMENT_3D ( 'NONE', #5388, #3174, #4963 ) ;
#5126 = VECTOR ( 'NONE', #93, 1000.000000000000114 ) ;
#5127 = CARTESIAN_POINT ( 'NONE',  ( -36.65721254347300118, -11.00004642078781814, -58.33827056159280033 ) ) ;
#5128 = FACE_OUTER_BOUND ( 'NONE', #4558, .T. ) ;
#5129 = ORIENTED_EDGE ( 'NONE', *, *, #541, .T. ) ;
#5130 = CARTESIAN_POINT ( 'NONE',  ( -64.04086038368642164, 0.4765479430015741591, -18.73818577836488330 ) ) ;
#5131 = DIRECTION ( 'NONE',  ( -1.000000000000000000, 0.000000000000000000, 0.000000000000000000 ) ) ;
#5132 = DIRECTION ( 'NONE',  ( 0.4663903252160488400, 0.7071067811865469066, 0.5314885366072059636 ) ) ;
#5133 = CARTESIAN_POINT ( 'NONE',  ( 60.60104278172865122, 13.41204939184813050, -30.39693498200978539 ) ) ;
#5134 = ORIENTED_EDGE ( 'NONE', *, *, #5525, .T. ) ;
#5135 = EDGE_CURVE ( 'NONE', #4246, #2399, #5191, .T. ) ;
#5136 = ORIENTED_EDGE ( 'NONE', *, *, #1259, .F. ) ;
#5137 = FACE_OUTER_BOUND ( 'NONE', #3726, .T. ) ;
#5138 = ORIENTED_EDGE ( 'NONE', *, *, #2852, .F. ) ;
#5139 = DIRECTION ( 'NONE',  ( 0.000000000000000000, -1.000000000000000000, 0.000000000000000000 ) ) ;
#5140 = CYLINDRICAL_SURFACE ( 'NONE', #5272, 3.999999999999998668 ) ;
#5141 = ORIENTED_EDGE ( 'NONE', *, *, #3040, .T. ) ;
#5142 = EDGE_CURVE ( 'NONE', #346, #5291, #3102, .T. ) ;
#5143 = CARTESIAN_POINT ( 'NONE',  ( 60.41991322253672081, 13.28303985867369796, -29.56615666495871153 ) ) ;
#5145 = CARTESIAN_POINT ( 'NONE',  ( 64.00089952766529677, -0.03081259715373425162, -22.90209257644234597 ) ) ;
#5144 = AXIS2_PLACEMENT_3D ( 'NONE', #3073, #1242, #330 ) ;
#5146 = ORIENTED_EDGE ( 'NONE', *, *, #1868, .T. ) ;
#5147 = ORIENTED_EDGE ( 'NONE', *, *, #3684, .F. ) ;
#5148 = ORIENTED_EDGE ( 'NONE', *, *, #2974, .F. ) ;
#5149 = DIRECTION ( 'NONE',  ( 0.7516382967157391182, 0.000000000000000000, 0.6595755232801341350 ) ) ;
#5150 = CARTESIAN_POINT ( 'NONE',  ( 0.000000000000000000, -8.548944887893988209, -68.74644862732199613 ) ) ;
#5151 = VECTOR ( 'NONE', #1070, 1000.000000000000000 ) ;
#5152 = CARTESIAN_POINT ( 'NONE',  ( -60.02256285697397686, 0.7268733341573905271, -32.45148901878701508 ) ) ;
#5153 = CYLINDRICAL_SURFACE ( 'NONE', #4845, 1.999999999999999778 ) ;
#5154 = B_SPLINE_CURVE_WITH_KNOTS ( 'NONE', 3,
 ( #3754, #173, #4634, #4604, #3722, #2854, #5050, #4157, #2796, #2375, #1935, #2318, #4664, #1528, #1465, #115 ),
 .UNSPECIFIED., .F., .F.,
 ( 4, 2, 2, 2, 1, 1, 1, 1, 2, 4 ),
 ( 0.000000000000000000, 0.06476018545053416342, 0.09714027817580064839, 0.1133303245384338909, 0.1214253477197505676, 0.1254728593104095791, 0.1274966151057383146, 0.1285084930034034456, 0.1290144319522360528, 0.1295203709010686322 ),
 .UNSPECIFIED. ) ;
#5155 = EDGE_CURVE ( 'NONE', #3513, #5622, #3706, .T. ) ;
#5156 = LINE ( 'NONE', #571, #4989 ) ;
#5157 = CARTESIAN_POINT ( 'NONE',  ( -12.38597862740636835, 16.10000000000000142, 54.74476843225106393 ) ) ;
#5158 = EDGE_LOOP ( 'NONE', ( #672, #407, #1815, #911 ) ) ;
#5159 = DIRECTION ( 'NONE',  ( -0.4663903252160481183, -0.7071067811865471286, -0.5314885366072060746 ) ) ;
#5160 = CARTESIAN_POINT ( 'NONE',  ( 27.14424276192709939, -13.10000000000000142, -19.97335825683665078 ) ) ;
#5161 = LINE ( 'NONE', #2544, #3408 ) ;
#5162 = FACE_OUTER_BOUND ( 'NONE', #5561, .T. ) ;
#5163 = ORIENTED_EDGE ( 'NONE', *, *, #773, .F. ) ;
#5164 = ORIENTED_EDGE ( 'NONE', *, *, #2814, .F. ) ;
#5165 = CARTESIAN_POINT ( 'NONE',  ( -21.68695927905495324, 4.013909116454664527, -64.90056176057009907 ) ) ;
#5166 = EDGE_LOOP ( 'NONE', ( #1199, #2702, #3992, #560 ) ) ;
#5167 = VECTOR ( 'NONE', #2471, 1000.000000000000000 ) ;
#5168 = ADVANCED_FACE ( 'NONE', ( #2779 ), #5061, .T. ) ;
#5169 = ORIENTED_EDGE ( 'NONE', *, *, #1642, .T. ) ;
#5170 = FACE_OUTER_BOUND ( 'NONE', #309, .T. ) ;
#5171 = CARTESIAN_POINT ( 'NONE',  ( 64.07594146680476399, -2.163840366823169159, -18.80674742434186442 ) ) ;
#5172 = ORIENTED_EDGE ( 'NONE', *, *, #4118, .T. ) ;
#5173 = FACE_OUTER_BOUND ( 'NONE', #5425, .T. ) ;
#5174 = CARTESIAN_POINT ( 'NONE',  ( -66.59735355102320398, 10.09999999999999964, -38.44999999999999574 ) ) ;
#5175 = VERTEX_POINT ( 'NONE', #903 ) ;
#5176 = ORIENTED_EDGE ( 'NONE', *, *, #3085, .F. ) ;
#5177 = DIRECTION ( 'NONE',  ( 0.000000000000000000, -1.000000000000000000, 0.000000000000000000 ) ) ;
#5178 = CARTESIAN_POINT ( 'NONE',  ( -60.52887869447727098, -10.54126948989534007, -29.88290698633819176 ) ) ;
#5179 = CARTESIAN_POINT ( 'NONE',  ( 21.49457723605729953, -4.492306355544505081, -64.32488709998729348 ) ) ;
#5180 = DIRECTION ( 'NONE',  ( 0.9440533803505859467, 0.000000000000000000, 0.3297926849531869764 ) ) ;
#5181 = CARTESIAN_POINT ( 'NONE',  ( 0.000000000000000000, 5.500000000000000000, -68.00000000000000000 ) ) ;
#5182 = CARTESIAN_POINT ( 'NONE',  ( 58.88940059228569623, 10.16666609856367920, -33.99981111491181451 ) ) ;
#5183 = LINE ( 'NONE', #3854, #4297 ) ;
#5184 = VERTEX_POINT ( 'NONE', #5521 ) ;
#5185 = CARTESIAN_POINT ( 'NONE',  ( -63.89282805711370372, 1.261534050981871324, -18.43471535595146804 ) ) ;
#5186 = ADVANCED_FACE ( 'NONE', ( #514 ), #1365, .T. ) ;
#5187 = DIRECTION ( 'NONE',  ( 0.000000000000000000, -1.000000000000000000, 0.000000000000000000 ) ) ;
#5188 = DIRECTION ( 'NONE',  ( 1.000000000000000000, 0.000000000000000000, 0.000000000000000000 ) ) ;
#5189 = CYLINDRICAL_SURFACE ( 'NONE', #2178, 2.000000000000003997 ) ;
#5190 = ORIENTED_EDGE ( 'NONE', *, *, #1654, .T. ) ;
#5191 = CIRCLE ( 'NONE', #2636, 4.999999999999998224 ) ;
#5192 = DIRECTION ( 'NONE',  ( 0.000000000000000000, 1.000000000000000000, 0.000000000000000000 ) ) ;
#5193 = ADVANCED_FACE ( 'NONE', ( #543 ), #3161, .F. ) ;
#5194 = EDGE_LOOP ( 'NONE', ( #3625, #2770, #5129, #5763, #167, #292 ) ) ;
#5195 =( BOUNDED_CURVE ( )  B_SPLINE_CURVE ( 3, ( #1351, #3092, #1375, #3147 ),
 .UNSPECIFIED., .F., .F. ) 
 B_SPLINE_CURVE_WITH_KNOTS ( ( 4, 4 ),
 ( 4.149852735840829254, 4.982321776218094911 ),
 .UNSPECIFIED. ) 
 CURVE ( )  GEOMETRIC_REPRESENTATION_ITEM ( )  RATIONAL_B_SPLINE_CURVE ( ( 1.000000000000000000, 0.9430785847835025937, 0.9430785847835025937, 1.000000000000000000 ) ) 
 REPRESENTATION_ITEM ( '' )  );
#5196 = AXIS2_PLACEMENT_3D ( 'NONE', #3256, #5067, #1921 ) ;
#5198 = AXIS2_PLACEMENT_3D ( 'NONE', #800, #5269, #235 ) ;
#5197 = CARTESIAN_POINT ( 'NONE',  ( -36.90930473671429723, 16.10000000000000142, -2.641770174552080075 ) ) ;
#5199 = ORIENTED_EDGE ( 'NONE', *, *, #2183, .F. ) ;
#5200 = CLOSED_SHELL ( 'NONE', ( #4885, #196, #2246, #3307, #2117, #5091, #3875, #5266, #2229, #1223, #4190, #5839, #4585, #4894, #939, #2445, #2416, #4576, #4776, #3941, #2269, #1634, #5821, #111, #4400, #3777, #2048, #1029, #4033, #1983, #1769, #764, #3863, #1317, #1742, #1546, #5621, #3705, #3542, #1579, #4964, #1267, #5407, #5802, #2156, #3356, #3337, #2505, #1497, #4500, #1567, #832, #730, #5442, #2723, #4146, #1376, #580, #3928, #2339, #4475, #3280, #5076, #991, #2300, #328, #5193, #2774, #2282, #4853, #2057, #2864, #2639, #212, #89, #187, #5655, #1942, #4779, #1104, #3839, #5168, #418, #3157, #1136, #293, #1703, #4620, #1285, #2480, #5186, #3620, #4004, #4844, #3548, #517, #5065, #2209, #582, #5744, #1258, #1901, #1720, #1386, #5472, #3852, #441, #2846, #4287, #1787, #285, #3212, #2261, #21, #2605, #4279, #1666, #3725, #3065, #5563, #4774, #305, #5716, #5537, #550, #4940, #2737, #4582, #2966, #3909, #2406, #221, #2744, #5350, #874, #2394, #2822, #3103, #4210, #3418, #496, #2690, #4097, #2742, #5752, #4703, #1078 ) ) ;
#5201 = CARTESIAN_POINT ( 'NONE',  ( 51.20348546620649444, 9.250069631181748520, -45.75668484941980552 ) ) ;
#5202 = DIRECTION ( 'NONE',  ( -0.6595755232801341350, 0.000000000000000000, 0.7516382967157391182 ) ) ;
#5203 = ORIENTED_EDGE ( 'NONE', *, *, #2292, .F. ) ;
#5204 = ORIENTED_EDGE ( 'NONE', *, *, #5381, .T. ) ;
#5205 = ORIENTED_EDGE ( 'NONE', *, *, #2101, .F. ) ;
#5206 = CARTESIAN_POINT ( 'NONE',  ( 59.47536296208700435, -10.09999999999999964, -20.77693915205080089 ) ) ;
#5207 = CARTESIAN_POINT ( 'NONE',  ( 61.42203136280762266, -0.8917577952630214577, -31.20924600719006037 ) ) ;
#5208 = DIRECTION ( 'NONE',  ( -0.9926956690917261295, 0.000000000000000000, 0.1206453835276359854 ) ) ;
#5209 = CIRCLE ( 'NONE', #5409, 10.00000000000000178 ) ;
#5210 = EDGE_CURVE ( 'NONE', #1734, #3927, #4978, .T. ) ;
#5211 = DIRECTION ( 'NONE',  ( -4.920471087087431109E-17, 0.000000000000000000, -1.000000000000000000 ) ) ;
#5212 = EDGE_CURVE ( 'NONE', #2648, #4753, #3108, .T. ) ;
#5213 = DIRECTION ( 'NONE',  ( 0.7516382967157391182, 0.000000000000000000, -0.6595755232801341350 ) ) ;
#5214 = CARTESIAN_POINT ( 'NONE',  ( -65.33609903855729328, 2.752549028735510106, -18.84549182621540098 ) ) ;
#5215 = DIRECTION ( 'NONE',  ( -0.8347722743006751323, 0.5505953596416139906, 0.000000000000000000 ) ) ;
#5216 = AXIS2_PLACEMENT_3D ( 'NONE', #4350, #3980, #2990 ) ;
#5217 = ORIENTED_EDGE ( 'NONE', *, *, #2876, .F. ) ;
#5218 = CARTESIAN_POINT ( 'NONE',  ( -64.47080207361349835, -0.08711106718657757320, -20.55930386925272302 ) ) ;
#5219 = CIRCLE ( 'NONE', #1623, 7.500000000000000000 ) ;
#5220 = LINE ( 'NONE', #2960, #4433 ) ;
#5221 = EDGE_CURVE ( 'NONE', #1918, #3266, #4087, .T. ) ;
#5222 = CARTESIAN_POINT ( 'NONE',  ( 64.01941482997588651, -3.031738831586232141, -22.92302193945379329 ) ) ;
#5223 = PLANE ( 'NONE',  #5318 ) ;
#5224 = ORIENTED_EDGE ( 'NONE', *, *, #4926, .T. ) ;
#5225 = CIRCLE ( 'NONE', #118, 4.999999999999997335 ) ;
#5226 = VECTOR ( 'NONE', #2241, 1000.000000000000000 ) ;
#5227 = CARTESIAN_POINT ( 'NONE',  ( 24.53360614668530104, -14.60917507257304138, 22.07420007219847236 ) ) ;
#5228 = ORIENTED_EDGE ( 'NONE', *, *, #2782, .T. ) ;
#5229 = EDGE_CURVE ( 'NONE', #2409, #3713, #486, .T. ) ;
#5230 = CARTESIAN_POINT ( 'NONE',  ( 38.18950138194972510, -16.10000000000000142, -5.569278778024998822 ) ) ;
#5231 = ORIENTED_EDGE ( 'NONE', *, *, #3467, .T. ) ;
#5232 = CARTESIAN_POINT ( 'NONE',  ( 57.73305400793309872, 10.23171148907798056, -34.76464514058894650 ) ) ;
#5233 = LINE ( 'NONE', #3034, #3654 ) ;
#5234 = EDGE_LOOP ( 'NONE', ( #5658, #2740, #1055, #3373 ) ) ;
#5235 = ORIENTED_EDGE ( 'NONE', *, *, #4533, .T. ) ;
#5236 = VERTEX_POINT ( 'NONE', #3876 ) ;
#5237 = LINE ( 'NONE', #2475, #1031 ) ;
#5238 = CARTESIAN_POINT ( 'NONE',  ( 62.37316245226165989, -2.270736596612701774, -30.61633400029931806 ) ) ;
#5239 = CARTESIAN_POINT ( 'NONE',  ( 5.910551017812800012, 16.10000000000000142, -32.46637316772275028 ) ) ;
#5240 = AXIS2_PLACEMENT_3D ( 'NONE', #2917, #535, #3818 ) ;
#5241 = CARTESIAN_POINT ( 'NONE',  ( 66.06866419668089918, -10.09999999999999964, -29.56571682314174865 ) ) ;
#5242 = CARTESIAN_POINT ( 'NONE',  ( 45.67122707623510536, 16.10000000000000142, -5.046038264045169086 ) ) ;
#5243 = EDGE_CURVE ( 'NONE', #4531, #1320, #564, .T. ) ;
#5244 = CARTESIAN_POINT ( 'NONE',  ( -64.90573456450650269, 2.752544777756610106, -18.72135784366420097 ) ) ;
#5245 = CARTESIAN_POINT ( 'NONE',  ( 38.18950138194972510, 10.09999999999999964, -5.569278778024998822 ) ) ;
#5246 = ORIENTED_EDGE ( 'NONE', *, *, #3012, .F. ) ;
#5247 = CARTESIAN_POINT ( 'NONE',  ( -64.47536298931187559, -0.08822798282184324270, -20.77595601882261178 ) ) ;
#5248 = LINE ( 'NONE', #1189, #4059 ) ;
#5249 = CARTESIAN_POINT ( 'NONE',  ( 58.59114660207919911, -16.10000000000000142, -30.38219116281240062 ) ) ;
#5250 = DIRECTION ( 'NONE',  ( 0.000000000000000000, -1.000000000000000000, 0.000000000000000000 ) ) ;
#5251 = VECTOR ( 'NONE', #2238, 1000.000000000000000 ) ;
#5252 = VERTEX_POINT ( 'NONE', #3906 ) ;
#5253 = EDGE_CURVE ( 'NONE', #134, #3513, #5237, .T. ) ;
#5254 = ORIENTED_EDGE ( 'NONE', *, *, #1929, .F. ) ;
#5255 = CARTESIAN_POINT ( 'NONE',  ( -7.309881818806389653, 8.022084346123758536, -67.99969411510689099 ) ) ;
#5256 = ORIENTED_EDGE ( 'NONE', *, *, #1244, .F. ) ;
#5257 = VERTEX_POINT ( 'NONE', #5664 ) ;
#5258 = VERTEX_POINT ( 'NONE', #265 ) ;
#5259 = ORIENTED_EDGE ( 'NONE', *, *, #5027, .T. ) ;
#5260 = CARTESIAN_POINT ( 'NONE',  ( -51.07001842572970673, 0.000000000000000000, -14.23063975460823904 ) ) ;
#5261 = ORIENTED_EDGE ( 'NONE', *, *, #1440, .T. ) ;
#5262 = VECTOR ( 'NONE', #1652, 1000.000000000000000 ) ;
#5263 = CARTESIAN_POINT ( 'NONE',  ( 40.90853619850539502, -16.10000000000000142, 3.413676601314624914 ) ) ;
#5264 = AXIS2_PLACEMENT_3D ( 'NONE', #2022, #5660, #5040 ) ;
#5265 = CARTESIAN_POINT ( 'NONE',  ( 39.76488692008847892, -12.16599151826459035, -10.14115635160136897 ) ) ;
#5266 = ADVANCED_FACE ( 'NONE', ( #5784 ), #4337, .T. ) ;
#5267 = ORIENTED_EDGE ( 'NONE', *, *, #3962, .T. ) ;
#5268 = VERTEX_POINT ( 'NONE', #2144 ) ;
#5269 = DIRECTION ( 'NONE',  ( 0.000000000000000000, 1.000000000000000000, 0.000000000000000000 ) ) ;
#5270 = CARTESIAN_POINT ( 'NONE',  ( 61.67240306684115581, -3.158886780997272048, -31.03624237234080852 ) ) ;
#5271 = CARTESIAN_POINT ( 'NONE',  ( 0.000000000000000000, 16.10000000000000142, -17.50000000000000000 ) ) ;
#5272 = AXIS2_PLACEMENT_3D ( 'NONE', #5020, #2432, #996 ) ;
#5273 = FACE_OUTER_BOUND ( 'NONE', #4962, .T. ) ;
#5274 = CARTESIAN_POINT ( 'NONE',  ( -58.59114660207919911, -16.10000000000000142, -30.38219116281240062 ) ) ;
#5275 = CARTESIAN_POINT ( 'NONE',  ( -53.91252020908281395, -12.55683614098327183, -41.90180352992795321 ) ) ;
#5276 = CARTESIAN_POINT ( 'NONE',  ( 28.09068004689710207, 16.10000000000000142, -45.65668348982450198 ) ) ;
#5277 = CIRCLE ( 'NONE', #2427, 2.000000000000001776 ) ;
#5278 = ORIENTED_EDGE ( 'NONE', *, *, #5120, .F. ) ;
#5279 = LINE ( 'NONE', #5374, #3698 ) ;
#5280 = DIRECTION ( 'NONE',  ( 0.000000000000000000, -1.000000000000000000, 0.000000000000000000 ) ) ;
#5281 = CARTESIAN_POINT ( 'NONE',  ( 64.00119431748970555, -3.031187353503340010, -22.90222749541804603 ) ) ;
#5282 = EDGE_CURVE ( 'NONE', #1531, #2584, #1682, .T. ) ;
#5283 = DIRECTION ( 'NONE',  ( 0.000000000000000000, 1.000000000000000000, 0.000000000000000000 ) ) ;
#5284 = ORIENTED_EDGE ( 'NONE', *, *, #2955, .T. ) ;
#5285 = LINE ( 'NONE', #815, #3583 ) ;
#5286 = CARTESIAN_POINT ( 'NONE',  ( 63.97522883831111074, -0.6641816770549313631, -18.59716076485977609 ) ) ;
#5287 = ORIENTED_EDGE ( 'NONE', *, *, #1929, .T. ) ;
#5288 = FACE_OUTER_BOUND ( 'NONE', #588, .T. ) ;
#5289 = CARTESIAN_POINT ( 'NONE',  ( -21.38844146727965168, 5.181429132083369637, -64.00738511029908295 ) ) ;
#5290 = EDGE_CURVE ( 'NONE', #4252, #3713, #5094, .T. ) ;
#5291 = VERTEX_POINT ( 'NONE', #3485 ) ;
#5292 = ORIENTED_EDGE ( 'NONE', *, *, #960, .F. ) ;
#5293 = ORIENTED_EDGE ( 'NONE', *, *, #534, .T. ) ;
#5294 = ORIENTED_EDGE ( 'NONE', *, *, #5027, .F. ) ;
#5295 = PLANE ( 'NONE',  #570 ) ;
#5296 = TOROIDAL_SURFACE ( 'NONE', #3775, 43.00000000000000000, 10.00000000000000000 ) ;
#5297 = ORIENTED_EDGE ( 'NONE', *, *, #2493, .F. ) ;
#5298 = CARTESIAN_POINT ( 'NONE',  ( 36.41536660355519928, 11.00004642094826046, -57.95338385313360163 ) ) ;
#5299 = CARTESIAN_POINT ( 'NONE',  ( 41.55722372181075031, -10.09999999999999964, -11.31700122038487955 ) ) ;
#5300 = AXIS2_PLACEMENT_3D ( 'NONE', #5644, #2869, #1572 ) ;
#5301 = VERTEX_POINT ( 'NONE', #1591 ) ;
#5302 = VERTEX_POINT ( 'NONE', #5754 ) ;
#5303 = VECTOR ( 'NONE', #4275, 999.9999999999998863 ) ;
#5304 = CARTESIAN_POINT ( 'NONE',  ( -25.00000000000000000, -10.09999999999999964, 0.000000000000000000 ) ) ;
#5305 = CARTESIAN_POINT ( 'NONE',  ( 61.84887881442796242, -3.031737995523901663, -30.92247438403749982 ) ) ;
#5306 = DIRECTION ( 'NONE',  ( 0.9764420004556761956, 0.000000000000000000, -0.2157800262909368716 ) ) ;
#5307 = VECTOR ( 'NONE', #1073, 999.9999999999998863 ) ;
#5308 = DIRECTION ( 'NONE',  ( 1.000000000000000000, 0.000000000000000000, 0.000000000000000000 ) ) ;
#5309 = DIRECTION ( 'NONE',  ( -0.9926956690917261295, 0.000000000000000000, 0.1206453835276359854 ) ) ;
#5310 = CARTESIAN_POINT ( 'NONE',  ( -45.67122707623510536, 10.09999999999999964, -5.046038264045169086 ) ) ;
#5311 = EDGE_CURVE ( 'NONE', #1679, #3003, #1077, .T. ) ;
#5312 = DIRECTION ( 'NONE',  ( -0.4663903252160488400, 0.7071067811865469066, 0.5314885366072059636 ) ) ;
#5313 = VERTEX_POINT ( 'NONE', #5304 ) ;
#5314 = DIRECTION ( 'NONE',  ( -1.000000000000000000, 0.000000000000000000, 0.000000000000000000 ) ) ;
#5315 = DIRECTION ( 'NONE',  ( -0.3289878516042711865, 0.000000000000000000, 0.9443341535160136857 ) ) ;
#5316 = LINE ( 'NONE', #1250, #3120 ) ;
#5317 = CARTESIAN_POINT ( 'NONE',  ( 60.36663589305109667, 0.000000000000000000, -31.30286362229155017 ) ) ;
#5318 = AXIS2_PLACEMENT_3D ( 'NONE', #4177, #4009, #2127 ) ;
#5319 = CARTESIAN_POINT ( 'NONE',  ( -62.64405118840735298, 3.300419711572193826, -26.75827944414540482 ) ) ;
#5320 = CARTESIAN_POINT ( 'NONE',  ( 64.33489701830694685, -0.01503758143066512287, -19.59413955254625250 ) ) ;
#5321 = VERTEX_POINT ( 'NONE', #4309 ) ;
#5322 = CARTESIAN_POINT ( 'NONE',  ( 0.000000000000000000, -7.382236305025700496, -66.32594535354279230 ) ) ;
#5323 = DIRECTION ( 'NONE',  ( 0.000000000000000000, -1.000000000000000000, 0.000000000000000000 ) ) ;
#5324 = ORIENTED_EDGE ( 'NONE', *, *, #3317, .F. ) ;
#5325 = ORIENTED_EDGE ( 'NONE', *, *, #152, .T. ) ;
#5326 = AXIS2_PLACEMENT_3D ( 'NONE', #5562, #3776, #612 ) ;
#5327 = CIRCLE ( 'NONE', #213, 1.999999999999997780 ) ;
#5328 = ORIENTED_EDGE ( 'NONE', *, *, #5369, .F. ) ;
#5329 = CARTESIAN_POINT ( 'NONE',  ( -16.92484625416589950, 16.10000000000000142, -32.93233578868210287 ) ) ;
#5330 = EDGE_CURVE ( 'NONE', #2992, #2133, #2563, .T. ) ;
#5331 = B_SPLINE_CURVE_WITH_KNOTS ( 'NONE', 3,
 ( #1506, #2834, #5060, #4231, #3281, #5640, #1916, #3371, #183, #5182 ),
 .UNSPECIFIED., .F., .F.,
 ( 4, 2, 2, 2, 4 ),
 ( 0.000000000000000000, 0.2396503249818711379, 0.4793006499637423867, 0.7189509749456137744, 0.9586012999274852175 ),
 .UNSPECIFIED. ) ;
#5332 = ORIENTED_EDGE ( 'NONE', *, *, #3188, .F. ) ;
#5333 = FILL_AREA_STYLE ('',( #1843 ) ) ;
#5334 = VERTEX_POINT ( 'NONE', #4821 ) ;
#5335 = VERTEX_POINT ( 'NONE', #2054 ) ;
#5336 = CARTESIAN_POINT ( 'NONE',  ( -12.38597862740635414, 16.10000000000000142, 54.74476843225105682 ) ) ;
#5337 = CARTESIAN_POINT ( 'NONE',  ( 60.29332030133923581, -0.7227060777920819579, -32.16710398152445549 ) ) ;
#5338 = DIRECTION ( 'NONE',  ( -0.9926956690917261295, 0.000000000000000000, 0.1206453835276359854 ) ) ;
#5339 = EDGE_CURVE ( 'NONE', #4138, #5436, #686, .T. ) ;
#5340 = DIRECTION ( 'NONE',  ( 0.000000000000000000, 1.000000000000000000, 0.000000000000000000 ) ) ;
#5341 = DIRECTION ( 'NONE',  ( 0.000000000000000000, -1.000000000000000000, 0.000000000000000000 ) ) ;
#5342 = FACE_OUTER_BOUND ( 'NONE', #5602, .T. ) ;
#5343 = CARTESIAN_POINT ( 'NONE',  ( 7.772042824445040132, 16.10000000000000142, -33.11488110102455096 ) ) ;
#5344 = VERTEX_POINT ( 'NONE', #1621 ) ;
#5345 = DIRECTION ( 'NONE',  ( 0.000000000000000000, -1.000000000000000000, 0.000000000000000000 ) ) ;
#5346 = CARTESIAN_POINT ( 'NONE',  ( -58.59114660207919911, 0.000000000000000000, -30.38219116281240062 ) ) ;
#5347 = CARTESIAN_POINT ( 'NONE',  ( 64.00089952766529677, -0.03081259715373425162, -22.90209257644234597 ) ) ;
#5348 = CARTESIAN_POINT ( 'NONE',  ( 64.17168373373671386, -3.001903173259108382, -22.49327912790033324 ) ) ;
#5349 = AXIS2_PLACEMENT_3D ( 'NONE', #1154, #2535, #1273 ) ;
#5350 = ADVANCED_FACE ( 'NONE', ( #2977 ), #4283, .T. ) ;
#5351 = CARTESIAN_POINT ( 'NONE',  ( 50.79351535985600208, -6.123233995736780087E-16, -7.821140176568779800 ) ) ;
#5352 = CARTESIAN_POINT ( 'NONE',  ( 64.00348566251865634, -1.981571461470958306, -18.65389190506366646 ) ) ;
#5353 = EDGE_LOOP ( 'NONE', ( #5837, #334, #2576, #4188, #117 ) ) ;
#5354 = DIRECTION ( 'NONE',  ( 0.000000000000000000, 1.000000000000000000, 0.000000000000000000 ) ) ;
#5355 = DIRECTION ( 'NONE',  ( -0.9926956690917261295, 0.000000000000000000, 0.1206453835276359854 ) ) ;
#5356 = AXIS2_PLACEMENT_3D ( 'NONE', #1688, #5312, #2538 ) ;
#5357 = EDGE_CURVE ( 'NONE', #1965, #2426, #2259, .T. ) ;
#5358 = ORIENTED_EDGE ( 'NONE', *, *, #1866, .T. ) ;
#5359 = FACE_OUTER_BOUND ( 'NONE', #4463, .T. ) ;
#5360 = EDGE_LOOP ( 'NONE', ( #5552, #2130, #5148, #2529 ) ) ;
#5361 =( NAMED_UNIT ( * ) PLANE_ANGLE_UNIT ( ) SI_UNIT ( $, .RADIAN. ) );
#5362 = EDGE_CURVE ( 'NONE', #3843, #1276, #1206, .T. ) ;
#5363 = ORIENTED_EDGE ( 'NONE', *, *, #2199, .T. ) ;
#5364 = DIRECTION ( 'NONE',  ( 0.000000000000000000, -1.000000000000000000, 0.000000000000000000 ) ) ;
#5365 = DIRECTION ( 'NONE',  ( -0.8660254037844380415, 0.000000000000000000, -0.5000000000000012212 ) ) ;
#5366 = CARTESIAN_POINT ( 'NONE',  ( -35.75472309277755301, -9.883267584704700681, -56.90200004071720485 ) ) ;
#5367 = DIRECTION ( 'NONE',  ( 0.000000000000000000, -1.000000000000000000, 0.000000000000000000 ) ) ;
#5368 = DIRECTION ( 'NONE',  ( -0.6595755232801341350, 0.000000000000000000, -0.7516382967157391182 ) ) ;
#5369 = EDGE_CURVE ( 'NONE', #2170, #638, #1237, .T. ) ;
#5370 = VECTOR ( 'NONE', #5467, 999.9999999999998863 ) ;
#5371 = CARTESIAN_POINT ( 'NONE',  ( 60.57653794026264649, -16.10000000000000142, -30.14090039575712510 ) ) ;
#5372 = AXIS2_PLACEMENT_3D ( 'NONE', #2401, #4571, #5078 ) ;
#5373 = CARTESIAN_POINT ( 'NONE',  ( 58.88972745734182723, -16.10000000000000142, -34.00000000000002132 ) ) ;
#5374 = CARTESIAN_POINT ( 'NONE',  ( -28.09068004689710207, 16.10000000000000142, -45.65668348982450198 ) ) ;
#5375 = CARTESIAN_POINT ( 'NONE',  ( -62.30221922218367325, 1.590651005880984181, -30.65495061323637671 ) ) ;
#5376 = DIRECTION ( 'NONE',  ( -0.6595755232801341350, 0.000000000000000000, 0.7516382967157391182 ) ) ;
#5377 = CARTESIAN_POINT ( 'NONE',  ( 58.59114660207919911, -16.10000000000000142, -30.38219116281240062 ) ) ;
#5378 = CIRCLE ( 'NONE', #928, 7.500000000000000000 ) ;
#5379 = CARTESIAN_POINT ( 'NONE',  ( 58.59114660207919911, 0.000000000000000000, -30.38219116281240062 ) ) ;
#5380 = CARTESIAN_POINT ( 'NONE',  ( 63.91386998860763669, -0.9350154376050567873, -18.47442071141950493 ) ) ;
#5381 = EDGE_CURVE ( 'NONE', #2548, #5811, #3845, .T. ) ;
#5382 = ORIENTED_EDGE ( 'NONE', *, *, #5221, .T. ) ;
#5383 = CARTESIAN_POINT ( 'NONE',  ( 57.97107923181902578, 16.10000000000000142, -15.68598804573781003 ) ) ;
#5384 = DIRECTION ( 'NONE',  ( 0.000000000000000000, 1.000000000000000000, 0.000000000000000000 ) ) ;
#5385 = VERTEX_POINT ( 'NONE', #54 ) ;
#5386 = CARTESIAN_POINT ( 'NONE',  ( -66.06866419668089918, 10.09999999999999964, -29.56571682314174865 ) ) ;
#5387 = ORIENTED_EDGE ( 'NONE', *, *, #5212, .T. ) ;
#5388 = CARTESIAN_POINT ( 'NONE',  ( 51.07001842572970673, 0.000000000000000000, -14.23063975460823904 ) ) ;
#5390 = AXIS2_PLACEMENT_3D ( 'NONE', #880, #4840, #2672 ) ;
#5389 = FACE_OUTER_BOUND ( 'NONE', #2337, .T. ) ;
#5391 = CARTESIAN_POINT ( 'NONE',  ( 0.000000000000000000, 0.000000000000000000, 0.000000000000000000 ) ) ;
#5392 = FACE_OUTER_BOUND ( 'NONE', #5353, .T. ) ;
#5393 = CIRCLE ( 'NONE', #3396, 25.00000000000000000 ) ;
#5394 = VERTEX_POINT ( 'NONE', #940 ) ;
#5395 = ORIENTED_EDGE ( 'NONE', *, *, #1954, .F. ) ;
#5396 = CARTESIAN_POINT ( 'NONE',  ( -61.75393811460830307, 1.349039810346462032, -25.23287129823400221 ) ) ;
#5397 = CARTESIAN_POINT ( 'NONE',  ( -59.94620715380228404, -11.62819959682453508, -28.89413625429303778 ) ) ;
#5398 = VECTOR ( 'NONE', #733, 1000.000000000000000 ) ;
#5399 = EDGE_CURVE ( 'NONE', #4453, #1996, #5447, .T. ) ;
#5400 = EDGE_CURVE ( 'NONE', #1860, #2402, #4486, .T. ) ;
#5401 = CARTESIAN_POINT ( 'NONE',  ( 22.89115035350478067, 0.000000000000000000, -44.27978939595668351 ) ) ;
#5402 = CARTESIAN_POINT ( 'NONE',  ( -62.22017753883952906, 2.645006618527240061, -30.70041841100965740 ) ) ;
#5403 = CARTESIAN_POINT ( 'NONE',  ( -64.97572802852388918, 0.7788917869710222375, -24.01278547217694381 ) ) ;
#5404 = FACE_OUTER_BOUND ( 'NONE', #257, .T. ) ;
#5405 = CYLINDRICAL_SURFACE ( 'NONE', #1695, 3.999999999999998668 ) ;
#5406 = CARTESIAN_POINT ( 'NONE',  ( 68.33318728519560636, 10.09999999999999964, -25.64344777892159755 ) ) ;
#5407 = ADVANCED_FACE ( 'NONE', ( #1791 ), #2738, .F. ) ;
#5408 = FACE_OUTER_BOUND ( 'NONE', #1795, .T. ) ;
#5409 = AXIS2_PLACEMENT_3D ( 'NONE', #4680, #247, #4802 ) ;
#5410 = CARTESIAN_POINT ( 'NONE',  ( -58.09861551041240091, 3.759109661850144946, -40.03019629631800314 ) ) ;
#5411 = CARTESIAN_POINT ( 'NONE',  ( 38.18950138194972510, -10.09999999999999964, -5.569278778024998822 ) ) ;
#5412 = ORIENTED_EDGE ( 'NONE', *, *, #2804, .F. ) ;
#5413 = CIRCLE ( 'NONE', #4455, 49.99999999999998579 ) ;
#5414 = CYLINDRICAL_SURFACE ( 'NONE', #4243, 2.000000000000001776 ) ;
#5415 = AXIS2_PLACEMENT_3D ( 'NONE', #3107, #814, #4803 ) ;
#5416 = ORIENTED_EDGE ( 'NONE', *, *, #5282, .F. ) ;
#5417 = CARTESIAN_POINT ( 'NONE',  ( 60.09442319551060052, 0.000000000000000000, -29.06304011625210038 ) ) ;
#5418 = CIRCLE ( 'NONE', #3708, 4.000000000000000000 ) ;
#5419 = EDGE_CURVE ( 'NONE', #4184, #4778, #2286, .T. ) ;
#5420 = ORIENTED_EDGE ( 'NONE', *, *, #5679, .T. ) ;
#5421 = FACE_OUTER_BOUND ( 'NONE', #4198, .T. ) ;
#5422 = CYLINDRICAL_SURFACE ( 'NONE', #2863, 25.00000000000000000 ) ;
#5423 = DIRECTION ( 'NONE',  ( 0.8660254037844383745, 0.000000000000000000, -0.5000000000000003331 ) ) ;
#5424 = ORIENTED_EDGE ( 'NONE', *, *, #5025, .F. ) ;
#5425 = EDGE_LOOP ( 'NONE', ( #5256, #3223, #155, #1201 ) ) ;
#5426 = EDGE_CURVE ( 'NONE', #2584, #4937, #3549, .T. ) ;
#5427 = CARTESIAN_POINT ( 'NONE',  ( -66.94487370918119495, 0.8691797123689479765, -19.30952549751825131 ) ) ;
#5428 = LINE ( 'NONE', #1412, #3546 ) ;
#5429 = B_SPLINE_CURVE_WITH_KNOTS ( 'NONE', 3,
 ( #3386, #4815, #4784, #5780 ),
 .UNSPECIFIED., .F., .F.,
 ( 4, 4 ),
 ( 0.000000000000000000, 0.004919928279170290679 ),
 .UNSPECIFIED. ) ;
#5430 = CARTESIAN_POINT ( 'NONE',  ( -59.88461292046729767, 3.710378776646584331, -32.60627563314112365 ) ) ;
#5431 = DIRECTION ( 'NONE',  ( 0.000000000000000000, 0.000000000000000000, 1.000000000000000000 ) ) ;
#5432 = CARTESIAN_POINT ( 'NONE',  ( 57.18966664191270155, 16.10000000000000142, -15.13995482246985169 ) ) ;
#5433 = EDGE_CURVE ( 'NONE', #638, #1214, #4625, .T. ) ;
#5434 = CARTESIAN_POINT ( 'NONE',  ( 60.17698903557529633, 10.98293086297623056, -29.15713039886972879 ) ) ;
#5435 = CARTESIAN_POINT ( 'NONE',  ( 55.92266776840379805, 12.77777723817328770, -39.13909814322693137 ) ) ;
#5436 = VERTEX_POINT ( 'NONE', #1323 ) ;
#5437 = DIRECTION ( 'NONE',  ( 0.000000000000000000, 1.000000000000000000, 0.000000000000000000 ) ) ;
#5438 = CIRCLE ( 'NONE', #327, 2.000000000000001776 ) ;
#5439 = CARTESIAN_POINT ( 'NONE',  ( -65.76646351260799861, 2.752553279714434975, -18.96962580876665072 ) ) ;
#5440 = CARTESIAN_POINT ( 'NONE',  ( -67.56866419668098445, 0.000000000000000000, -26.96764061178844685 ) ) ;
#5441 = ORIENTED_EDGE ( 'NONE', *, *, #2676, .F. ) ;
#5442 = ADVANCED_FACE ( 'NONE', ( #5421 ), #1268, .F. ) ;
#5443 = CARTESIAN_POINT ( 'NONE',  ( 56.97366662301190132, -1.187429001705102127, -39.25510254380350261 ) ) ;
#5444 = VECTOR ( 'NONE', #1065, 1000.000000000000000 ) ;
#5445 = VERTEX_POINT ( 'NONE', #914 ) ;
#5446 = DIRECTION ( 'NONE',  ( 0.000000000000000000, -1.000000000000000000, 0.000000000000000000 ) ) ;
#5447 = LINE ( 'NONE', #3123, #5100 ) ;
#5448 = CARTESIAN_POINT ( 'NONE',  ( 59.47536296208700435, -10.09999999999999964, -20.77693915205080089 ) ) ;
#5449 = EDGE_LOOP ( 'NONE', ( #1139, #5595, #1668, #4546, #146, #2195, #3098, #522, #3904, #3653, #5026, #4782 ) ) ;
#5450 = EDGE_CURVE ( 'NONE', #5335, #2366, #4427, .T. ) ;
#5451 = CARTESIAN_POINT ( 'NONE',  ( 6.926741934222100383, 16.10000000000000142, -32.54536384055282383 ) ) ;
#5452 = ORIENTED_EDGE ( 'NONE', *, *, #4552, .F. ) ;
#5453 = ORIENTED_EDGE ( 'NONE', *, *, #3514, .F. ) ;
#5454 = CARTESIAN_POINT ( 'NONE',  ( -63.31023230695500814, 3.231597693952644956, -25.86904051549669958 ) ) ;
#5455 = CARTESIAN_POINT ( 'NONE',  ( -61.47536296208700435, 10.09999999999999964, -20.77693915205080089 ) ) ;
#5456 = CARTESIAN_POINT ( 'NONE',  ( -60.72236814763241597, 3.551338970673201256, -31.76352097010744302 ) ) ;
#5457 = CARTESIAN_POINT ( 'NONE',  ( -45.67122707623510536, 16.10000000000000142, -5.046038264045169086 ) ) ;
#5458 = DIRECTION ( 'NONE',  ( 0.000000000000000000, -1.000000000000000000, 0.000000000000000000 ) ) ;
#5459 = AXIS2_PLACEMENT_3D ( 'NONE', #5629, #2973, #2947 ) ;
#5460 = FACE_OUTER_BOUND ( 'NONE', #2550, .T. ) ;
#5461 = CARTESIAN_POINT ( 'NONE',  ( 23.33161432993513529, 10.05555535933574163, -64.14709304839611548 ) ) ;
#5462 = ORIENTED_EDGE ( 'NONE', *, *, #858, .T. ) ;
#5463 = EDGE_CURVE ( 'NONE', #1262, #4130, #1773, .T. ) ;
#5464 = CARTESIAN_POINT ( 'NONE',  ( 64.47536296208700435, 16.10000000000000142, -20.77693915205080089 ) ) ;
#5465 = AXIS2_PLACEMENT_3D ( 'NONE', #877, #434, #5625 ) ;
#5466 = FACE_OUTER_BOUND ( 'NONE', #1587, .T. ) ;
#5467 = DIRECTION ( 'NONE',  ( -0.7516382967157391182, 0.000000000000000000, 0.6595755232801341350 ) ) ;
#5468 = ORIENTED_EDGE ( 'NONE', *, *, #470, .F. ) ;
#5469 = CARTESIAN_POINT ( 'NONE',  ( 62.06015407908879666, -0.6599170338075980302, -25.35825548067144908 ) ) ;
#5470 = EDGE_CURVE ( 'NONE', #1679, #3419, #2201, .T. ) ;
#5471 = ORIENTED_EDGE ( 'NONE', *, *, #2572, .F. ) ;
#5472 = ADVANCED_FACE ( 'NONE', ( #3996, #5389 ), #829, .T. ) ;
#5473 = DIRECTION ( 'NONE',  ( -1.000000000000000000, 0.000000000000000000, 0.000000000000000000 ) ) ;
#5474 = LINE ( 'NONE', #4182, #5783 ) ;
#5475 = CARTESIAN_POINT ( 'NONE',  ( 40.72441065163404517, -16.10000000000000142, 0.5912489613228799623 ) ) ;
#5476 = ORIENTED_EDGE ( 'NONE', *, *, #2895, .F. ) ;
#5477 = CARTESIAN_POINT ( 'NONE',  ( 24.80406379161939867, -14.89999999999999503, 21.76599226824439981 ) ) ;
#5478 = ORIENTED_EDGE ( 'NONE', *, *, #3121, .F. ) ;
#5479 = ORIENTED_EDGE ( 'NONE', *, *, #2930, .F. ) ;
#5480 = CARTESIAN_POINT ( 'NONE',  ( -42.62155077418159266, 3.743471703671615192, -56.65285434177719992 ) ) ;
#5481 = CARTESIAN_POINT ( 'NONE',  ( 57.38927059265727593, 1.048990684667788966E-14, -15.33752314372615011 ) ) ;
#5482 = AXIS2_PLACEMENT_3D ( 'NONE', #2884, #5035, #3220 ) ;
#5483 = CARTESIAN_POINT ( 'NONE',  ( -61.26281400429186874, 3.376543387157531217, -31.32180175842907843 ) ) ;
#5484 = CARTESIAN_POINT ( 'NONE',  ( -23.00000000000000000, 10.09999999999999964, -2.816687638038912352E-15 ) ) ;
#5485 = DIRECTION ( 'NONE',  ( 0.7516382967157390071, 0.000000000000000000, -0.6595755232801340240 ) ) ;
#5486 = VECTOR ( 'NONE', #3916, 999.9999999999998863 ) ;
#5487 = EDGE_CURVE ( 'NONE', #3035, #1276, #5393, .T. ) ;
#5488 = AXIS2_PLACEMENT_3D ( 'NONE', #2790, #4151, #5046 ) ;
#5489 = CARTESIAN_POINT ( 'NONE',  ( 60.41418322874684321, 10.66939472949928636, -29.55362629423834164 ) ) ;
#5490 = DIRECTION ( 'NONE',  ( 0.7516382967157390071, 0.000000000000000000, 0.6595755232801340240 ) ) ;
#5491 = ORIENTED_EDGE ( 'NONE', *, *, #3658, .F. ) ;
#5492 = VERTEX_POINT ( 'NONE', #4021 ) ;
#5493 = LINE ( 'NONE', #45, #1987 ) ;
#5494 = CARTESIAN_POINT ( 'NONE',  ( 50.96347658327250230, -10.09999999999999964, -8.044720500505590621 ) ) ;
#5495 = DIRECTION ( 'NONE',  ( 0.7516382967157391182, 0.000000000000000000, -0.6595755232801341350 ) ) ;
#5496 = EDGE_LOOP ( 'NONE', ( #2207, #3359, #5101, #2024 ) ) ;
#5497 = DIRECTION ( 'NONE',  ( 1.000000000000000000, 0.000000000000000000, 0.000000000000000000 ) ) ;
#5498 = AXIS2_PLACEMENT_3D ( 'NONE', #2454, #3828, #5188 ) ;
#5499 = ORIENTED_EDGE ( 'NONE', *, *, #5339, .F. ) ;
#5500 = CARTESIAN_POINT ( 'NONE',  ( 16.11034859215189741, -5.619017964260394571, 35.80258240370856271 ) ) ;
#5501 = VECTOR ( 'NONE', #5734, 1000.000000000000000 ) ;
#5502 = EDGE_CURVE ( 'NONE', #2011, #3178, #2253, .T. ) ;
#5503 = FACE_OUTER_BOUND ( 'NONE', #3944, .T. ) ;
#5504 = CARTESIAN_POINT ( 'NONE',  ( 64.46968944263555557, -2.835151932115156814, -20.53434044722636642 ) ) ;
#5505 = CIRCLE ( 'NONE', #685, 2.000000000000000444 ) ;
#5506 = ORIENTED_EDGE ( 'NONE', *, *, #1488, .F. ) ;
#5507 = CARTESIAN_POINT ( 'NONE',  ( -64.00119431748970555, -10.09999999999999964, -22.90222749541804603 ) ) ;
#5508 = LINE ( 'NONE', #649, #3563 ) ;
#5509 = ORIENTED_EDGE ( 'NONE', *, *, #1447, .T. ) ;
#5510 = VERTEX_POINT ( 'NONE', #2683 ) ;
#5511 = VECTOR ( 'NONE', #4202, 1000.000000000000000 ) ;
#5512 = EDGE_CURVE ( 'NONE', #466, #5302, #2230, .T. ) ;
#5513 = AXIS2_PLACEMENT_3D ( 'NONE', #3889, #5458, #11 ) ;
#5514 = LINE ( 'NONE', #1468, #5727 ) ;
#5515 = CARTESIAN_POINT ( 'NONE',  ( 57.28973335115238541, 1.202187141340711474, -15.24900603935951970 ) ) ;
#5516 = CARTESIAN_POINT ( 'NONE',  ( -61.21699117482730657, 0.8299433567481828700, -31.36043955310501019 ) ) ;
#5517 = LINE ( 'NONE', #4553, #5018 ) ;
#5518 = LINE ( 'NONE', #3617, #3323 ) ;
#5519 = B_SPLINE_CURVE_WITH_KNOTS ( 'NONE', 3,
 ( #2328, #2724, #3644, #2273, #1858, #1418, #1806, #4136, #1091, #5006, #955, #5489, #983, #5434, #929 ),
 .UNSPECIFIED., .F., .F.,
 ( 4, 2, 1, 1, 1, 2, 2, 2, 4 ),
 ( 0.4570515192208616240, 0.4612933042269495298, 0.4655350892330374357, 0.4740186592452123038, 0.4909857992695591533, 0.5249200793182564606, 0.5927886394156511862, 0.7285257596104344202, 1.000000000000000000 ),
 .UNSPECIFIED. ) ;
#5520 = CARTESIAN_POINT ( 'NONE',  ( -51.07001842572970673, 0.000000000000000000, -14.23063975460823904 ) ) ;
#5521 = CARTESIAN_POINT ( 'NONE',  ( 60.09442319551060052, 12.82667191048454036, -29.06304011625210038 ) ) ;
#5522 = CYLINDRICAL_SURFACE ( 'NONE', #1385, 1.999999999999997335 ) ;
#5523 = ORIENTED_EDGE ( 'NONE', *, *, #3744, .T. ) ;
#5524 = DIRECTION ( 'NONE',  ( 0.9926956690917259074, 0.000000000000000000, 0.1206453835276376924 ) ) ;
#5525 = EDGE_CURVE ( 'NONE', #4184, #1260, #4747, .T. ) ;
#5526 = FACE_OUTER_BOUND ( 'NONE', #4656, .T. ) ;
#5527 = PLANE ( 'NONE',  #2944 ) ;
#5528 = DIRECTION ( 'NONE',  ( -0.9926956690917261295, 0.000000000000000000, 0.1206453835276359854 ) ) ;
#5529 = EDGE_LOOP ( 'NONE', ( #4103, #4819, #4282, #2084 ) ) ;
#5530 = CARTESIAN_POINT ( 'NONE',  ( 41.59765048796064946, -2.624574997356450279, -55.29187913739950488 ) ) ;
#5531 = AXIS2_PLACEMENT_3D ( 'NONE', #1498, #5149, #5603 ) ;
#5532 = ORIENTED_EDGE ( 'NONE', *, *, #2518, .F. ) ;
#5533 = CARTESIAN_POINT ( 'NONE',  ( 15.74782366764256736, -5.370418803352026593, 36.71360516837052757 ) ) ;
#5534 = DIRECTION ( 'NONE',  ( 0.000000000000000000, -1.000000000000000000, 0.000000000000000000 ) ) ;
#5535 = CARTESIAN_POINT ( 'NONE',  ( -6.926741934222102159, -16.10000000000000142, -32.54536384055282383 ) ) ;
#5536 = ORIENTED_EDGE ( 'NONE', *, *, #839, .T. ) ;
#5537 = ADVANCED_FACE ( 'NONE', ( #4213 ), #3294, .T. ) ;
#5538 = CARTESIAN_POINT ( 'NONE',  ( 60.53313932594420521, 13.37539381699353669, -29.89968595314457289 ) ) ;
#5539 = CARTESIAN_POINT ( 'NONE',  ( -20.25284826038430097, 0.000000000000000000, -41.27323620909374569 ) ) ;
#5540 = AXIS2_PLACEMENT_3D ( 'NONE', #2892, #3282, #5215 ) ;
#5541 = EDGE_LOOP ( 'NONE', ( #5663, #1873, #4933, #5692, #3224, #738, #5612, #894, #2622, #171, #4280, #2437, #1420, #78, #4955, #3027, #425 ) ) ;
#5542 = ORIENTED_EDGE ( 'NONE', *, *, #2428, .F. ) ;
#5543 = CARTESIAN_POINT ( 'NONE',  ( 25.16551619208669877, -16.10000000000000142, -17.71844336668939945 ) ) ;
#5544 = CARTESIAN_POINT ( 'NONE',  ( -6.268766231013559675, 16.10000000000000142, -34.43403214758485120 ) ) ;
#5545 = FACE_OUTER_BOUND ( 'NONE', #4366, .T. ) ;
#5546 = EDGE_CURVE ( 'NONE', #5258, #4786, #1521, .T. ) ;
#5547 = CARTESIAN_POINT ( 'NONE',  ( 1.102182119232617911E-14, -4.900000000000001243, 90.00000000000000000 ) ) ;
#5548 = CARTESIAN_POINT ( 'NONE',  ( 0.000000000000000000, 8.500000000160440550, -67.55120104997230612 ) ) ;
#5549 = DIRECTION ( 'NONE',  ( -0.7516382967157390071, 0.000000000000000000, -0.6595755232801340240 ) ) ;
#5550 = CARTESIAN_POINT ( 'NONE',  ( -51.07001842572970673, 0.000000000000000000, -14.23063975460823904 ) ) ;
#5551 = CIRCLE ( 'NONE', #3747, 4.999999999999997335 ) ;
#5552 = ORIENTED_EDGE ( 'NONE', *, *, #3144, .F. ) ;
#5553 = CARTESIAN_POINT ( 'NONE',  ( -57.73549536239379876, 10.09999999999999964, -15.76196967183950193 ) ) ;
#5554 = CARTESIAN_POINT ( 'NONE',  ( -58.88972745734179881, 0.000000000000000000, -34.00000000000000000 ) ) ;
#5555 = CARTESIAN_POINT ( 'NONE',  ( -14.74916060119624284, -4.899999999999999467, 39.52081560700610652 ) ) ;
#5556 = CARTESIAN_POINT ( 'NONE',  ( 60.57698501432591343, 13.40300853207810761, -30.14102661574323605 ) ) ;
#5557 = ORIENTED_EDGE ( 'NONE', *, *, #3803, .T. ) ;
#5558 = EDGE_CURVE ( 'NONE', #3513, #5510, #5474, .T. ) ;
#5559 = CARTESIAN_POINT ( 'NONE',  ( 55.57081615017410314, -3.070798318071675137, -38.28853797757025035 ) ) ;
#5560 = AXIS2_PLACEMENT_3D ( 'NONE', #942, #2231, #4022 ) ;
#5561 = EDGE_LOOP ( 'NONE', ( #608, #5742, #3253, #4903 ) ) ;
#5562 = CARTESIAN_POINT ( 'NONE',  ( 6.268766231013559675, -16.10000000000000142, -34.43403214758485120 ) ) ;
#5563 = ADVANCED_FACE ( 'NONE', ( #5107 ), #1433, .T. ) ;
#5564 = DIRECTION ( 'NONE',  ( -0.6595755232801341350, 0.000000000000000000, 0.7516382967157391182 ) ) ;
#5565 = DIRECTION ( 'NONE',  ( -1.000000000000000000, 0.000000000000000000, 0.000000000000000000 ) ) ;
#5566 = AXIS2_PLACEMENT_3D ( 'NONE', #747, #5671, #3401 ) ;
#5567 = ORIENTED_EDGE ( 'NONE', *, *, #5110, .F. ) ;
#5568 = DIRECTION ( 'NONE',  ( -1.000000000000000000, 0.000000000000000000, 0.000000000000000000 ) ) ;
#5569 = DIRECTION ( 'NONE',  ( -0.000000000000000000, 1.000000000000000000, 0.000000000000000000 ) ) ;
#5570 = VERTEX_POINT ( 'NONE', #528 ) ;
#5571 = ORIENTED_EDGE ( 'NONE', *, *, #1840, .F. ) ;
#5572 = DIRECTION ( 'NONE',  ( -1.000000000000000000, 0.000000000000000000, 0.000000000000000000 ) ) ;
#5573 = CARTESIAN_POINT ( 'NONE',  ( 21.68728291483139969, -7.108869293101660602, -64.90157682283160057 ) ) ;
#5574 = DIRECTION ( 'NONE',  ( 0.000000000000000000, 1.000000000000000000, 0.000000000000000000 ) ) ;
#5575 = CARTESIAN_POINT ( 'NONE',  ( -60.53313858404687409, -13.37539328747548772, -29.89968299829731180 ) ) ;
#5576 = CYLINDRICAL_SURFACE ( 'NONE', #26, 4.999999999999997335 ) ;
#5577 = EDGE_CURVE ( 'NONE', #1846, #3143, #3685, .T. ) ;
#5578 = CARTESIAN_POINT ( 'NONE',  ( -6.358103189386730136, -8.916674403464650567, -68.00000000053620397 ) ) ;
#5579 = PLANE ( 'NONE',  #2970 ) ;
#5580 = VECTOR ( 'NONE', #3427, 1000.000000000000000 ) ;
#5581 = ORIENTED_EDGE ( 'NONE', *, *, #5243, .T. ) ;
#5582 = CARTESIAN_POINT ( 'NONE',  ( -63.91449716868596909, 1.582198448179873873, -18.47594500536854767 ) ) ;
#5583 = DIRECTION ( 'NONE',  ( 0.7516382967157390071, 0.000000000000000000, -0.6595755232801340240 ) ) ;
#5584 = CARTESIAN_POINT ( 'NONE',  ( -19.38243233201381699, -8.793359878518065997, 29.22072433197624974 ) ) ;
#5585 = CARTESIAN_POINT ( 'NONE',  ( 61.47536296208700435, -10.09999999999999964, -20.77693915205080089 ) ) ;
#5586 = ORIENTED_EDGE ( 'NONE', *, *, #4369, .F. ) ;
#5587 = AXIS2_PLACEMENT_3D ( 'NONE', #4799, #3914, #4743 ) ;
#5588 = EDGE_CURVE ( 'NONE', #638, #5680, #3200, .T. ) ;
#5589 = DIRECTION ( 'NONE',  ( -1.000000000000000000, 0.000000000000000000, 0.000000000000000000 ) ) ;
#5590 = B_SPLINE_CURVE_WITH_KNOTS ( 'NONE', 3,
 ( #487, #2274, #1538, #2419, #2357, #2450, #630, #1158, #4647, #215 ),
 .UNSPECIFIED., .F., .F.,
 ( 4, 2, 2, 2, 4 ),
 ( 0.000000000000000000, 0.2499999999999998890, 0.4999999999999997780, 0.7499999999999998890, 1.000000000000000000 ),
 .UNSPECIFIED. ) ;
#5591 = ORIENTED_EDGE ( 'NONE', *, *, #5787, .T. ) ;
#5592 = LINE ( 'NONE', #3202, #4168 ) ;
#5593 = CARTESIAN_POINT ( 'NONE',  ( 39.13895871697181406, -2.776644766436895395, -55.92276279730646138 ) ) ;
#5594 = CARTESIAN_POINT ( 'NONE',  ( 64.30613373947075218, -2.576462704672582760, -19.48503891979544633 ) ) ;
#5595 = ORIENTED_EDGE ( 'NONE', *, *, #5463, .F. ) ;
#5596 = DIRECTION ( 'NONE',  ( 0.6595755232801341350, 0.000000000000000000, -0.7516382967157391182 ) ) ;
#5597 = AXIS2_PLACEMENT_3D ( 'NONE', #5457, #1389, #1472 ) ;
#5598 = CARTESIAN_POINT ( 'NONE',  ( -60.57653794026264649, 0.000000000000000000, -30.14090039575712865 ) ) ;
#5599 = EDGE_CURVE ( 'NONE', #3865, #43, #585, .T. ) ;
#5600 = ORIENTED_EDGE ( 'NONE', *, *, #1752, .F. ) ;
#5601 = ORIENTED_EDGE ( 'NONE', *, *, #2674, .T. ) ;
#5602 = EDGE_LOOP ( 'NONE', ( #2645, #3192, #1295, #386, #561, #682 ) ) ;
#5603 = DIRECTION ( 'NONE',  ( 0.000000000000000000, -1.000000000000000000, 0.000000000000000000 ) ) ;
#5604 = CIRCLE ( 'NONE', #3410, 7.500000000000000000 ) ;
#5605 = CARTESIAN_POINT ( 'NONE',  ( 21.92772362171429990, -4.061720993007779335, -65.62116046645590473 ) ) ;
#5606 = CARTESIAN_POINT ( 'NONE',  ( 0.000000000000000000, -16.10000000000000142, 0.000000000000000000 ) ) ;
#5607 = CYLINDRICAL_SURFACE ( 'NONE', #1900, 5.000000000000000888 ) ;
#5608 = VECTOR ( 'NONE', #2031, 999.9999999999998863 ) ;
#5609 = DIRECTION ( 'NONE',  ( -0.6595755232801343571, 0.000000000000000000, -0.7516382967157388961 ) ) ;
#5610 = LINE ( 'NONE', #1569, #3068 ) ;
#5611 = B_SPLINE_CURVE_WITH_KNOTS ( 'NONE', 3,
 ( #1629, #4827, #5275, #4434, #4317, #3527, #5760, #5701, #5790, #3011 ),
 .UNSPECIFIED., .F., .F.,
 ( 4, 2, 2, 2, 4 ),
 ( 0.000000000000000000, 0.2499999999999999445, 0.4999999999999998890, 0.7499999999999998890, 1.000000000000000000 ),
 .UNSPECIFIED. ) ;
#5612 = ORIENTED_EDGE ( 'NONE', *, *, #5381, .F. ) ;
#5613 = CARTESIAN_POINT ( 'NONE',  ( -64.01461807038013774, 0.5442474552791538578, -18.68045297456175291 ) ) ;
#5614 = DIRECTION ( 'NONE',  ( 0.000000000000000000, 1.000000000000000000, 0.000000000000000000 ) ) ;
#5615 = CARTESIAN_POINT ( 'NONE',  ( 65.02582626851011582, -2.266702158251168164, -24.06987636539950159 ) ) ;
#5616 = EDGE_CURVE ( 'NONE', #2879, #4746, #2063, .T. ) ;
#5617 = CARTESIAN_POINT ( 'NONE',  ( -44.15194890769519986, -10.09999999999999964, -0.2824478275573424901 ) ) ;
#5618 = EDGE_LOOP ( 'NONE', ( #4078, #1327, #946, #3596 ) ) ;
#5619 = VERTEX_POINT ( 'NONE', #3328 ) ;
#5620 = CARTESIAN_POINT ( 'NONE',  ( -63.72993685623179516, 0.8699911451293480535, -18.38221169893499862 ) ) ;
#5621 = ADVANCED_FACE ( 'NONE', ( #5503 ), #4687, .F. ) ;
#5622 = VERTEX_POINT ( 'NONE', #2313 ) ;
#5623 = ORIENTED_EDGE ( 'NONE', *, *, #806, .F. ) ;
#5624 = CARTESIAN_POINT ( 'NONE',  ( -40.61251821899115555, -8.339785298687939274, -54.89029366169895496 ) ) ;
#5625 = DIRECTION ( 'NONE',  ( -0.9764420004556761956, 0.000000000000000000, -0.2157800262909368716 ) ) ;
#5626 = VERTEX_POINT ( 'NONE', #1902 ) ;
#5627 = CARTESIAN_POINT ( 'NONE',  ( -24.80406379161939867, -14.89999999999999503, 21.76599226824439981 ) ) ;
#5629 = CARTESIAN_POINT ( 'NONE',  ( 45.67122707623510536, -16.10000000000000142, -5.046038264045169086 ) ) ;
#5628 = VECTOR ( 'NONE', #3757, 999.9999999999998863 ) ;
#5630 = ORIENTED_EDGE ( 'NONE', *, *, #258, .F. ) ;
#5631 = EDGE_LOOP ( 'NONE', ( #708, #3354, #2559, #1647 ) ) ;
#5632 = ORIENTED_EDGE ( 'NONE', *, *, #1352, .F. ) ;
#5633 = CARTESIAN_POINT ( 'NONE',  ( 31.09258607165419974, -16.10000000000000142, -51.00502228582330133 ) ) ;
#5634 = LINE ( 'NONE', #177, #5628 ) ;
#5635 = EDGE_CURVE ( 'NONE', #3667, #4252, #4820, .T. ) ;
#5636 = CARTESIAN_POINT ( 'NONE',  ( 64.62020972933859753, -2.797431306147634800, -18.63900128998990269 ) ) ;
#5637 = AXIS2_PLACEMENT_3D ( 'NONE', #5550, #5672, #1597 ) ;
#5638 = DIRECTION ( 'NONE',  ( -0.7516382967157390071, 0.000000000000000000, 0.6595755232801340240 ) ) ;
#5639 = CARTESIAN_POINT ( 'NONE',  ( 45.67122707623510536, 10.09999999999999964, -5.046038264045169086 ) ) ;
#5640 = CARTESIAN_POINT ( 'NONE',  ( 39.13909823438122970, 8.222221878837553177, -55.92266770460683745 ) ) ;
#5641 = LINE ( 'NONE', #4737, #5151 ) ;
#5642 = ORIENTED_EDGE ( 'NONE', *, *, #1050, .T. ) ;
#5643 = CARTESIAN_POINT ( 'NONE',  ( -64.10926282083477190, 2.226462410725865926, -18.89614243775845992 ) ) ;
#5644 = CARTESIAN_POINT ( 'NONE',  ( 0.000000000000000000, -10.09999999999999964, 0.000000000000000000 ) ) ;
#5645 = CARTESIAN_POINT ( 'NONE',  ( 65.14955098623782703, -1.777320018380228017, -24.21087043326913246 ) ) ;
#5646 = DIRECTION ( 'NONE',  ( -0.000000000000000000, 1.000000000000000000, 0.000000000000000000 ) ) ;
#5647 = ORIENTED_EDGE ( 'NONE', *, *, #4409, .T. ) ;
#5648 = EDGE_CURVE ( 'NONE', #2798, #2348, #3014, .T. ) ;
#5649 = VERTEX_POINT ( 'NONE', #2877 ) ;
#5650 = CARTESIAN_POINT ( 'NONE',  ( 0.000000000000000000, 10.09999999999999964, 0.000000000000000000 ) ) ;
#5651 = ORIENTED_EDGE ( 'NONE', *, *, #5502, .T. ) ;
#5652 = VECTOR ( 'NONE', #531, 1000.000000000000000 ) ;
#5653 = VERTEX_POINT ( 'NONE', #642 ) ;
#5654 = FACE_BOUND ( 'NONE', #2472, .T. ) ;
#5655 = ADVANCED_FACE ( 'NONE', ( #2431 ), #5019, .F. ) ;
#5656 = CARTESIAN_POINT ( 'NONE',  ( 63.95541368986237529, -0.7354287601393707519, -18.55656702971534600 ) ) ;
#5657 = EDGE_CURVE ( 'NONE', #4596, #1640, #1322, .T. ) ;
#5658 = ORIENTED_EDGE ( 'NONE', *, *, #2199, .F. ) ;
#5659 = CARTESIAN_POINT ( 'NONE',  ( 36.17166737917509778, 8.148339471754781016, -57.56554772755029603 ) ) ;
#5660 = DIRECTION ( 'NONE',  ( 0.000000000000000000, 1.000000000000000000, 0.000000000000000000 ) ) ;
#5661 = ORIENTED_EDGE ( 'NONE', *, *, #973, .F. ) ;
#5662 = ORIENTED_EDGE ( 'NONE', *, *, #1009, .F. ) ;
#5663 = ORIENTED_EDGE ( 'NONE', *, *, #125, .F. ) ;
#5664 = CARTESIAN_POINT ( 'NONE',  ( -60.36663589305109667, -16.10000000000000142, -31.30286362229155017 ) ) ;
#5665 = CARTESIAN_POINT ( 'NONE',  ( 61.88193650313225902, -3.004933569465696230, -30.90173936187032311 ) ) ;
#5666 = CARTESIAN_POINT ( 'NONE',  ( 7.389985829691240404, -8.069896222676879560, -68.74644862732199613 ) ) ;
#5667 = EDGE_CURVE ( 'NONE', #3271, #957, #3446, .T. ) ;
#5668 = AXIS2_PLACEMENT_3D ( 'NONE', #2980, #3489, #5211 ) ;
#5669 = DIRECTION ( 'NONE',  ( -0.6595755232801341350, 0.000000000000000000, 0.7516382967157391182 ) ) ;
#5670 = DIRECTION ( 'NONE',  ( 0.000000000000000000, -1.000000000000000000, 0.000000000000000000 ) ) ;
#5671 = DIRECTION ( 'NONE',  ( 0.6595755232801341350, 0.000000000000000000, 0.7516382967157391182 ) ) ;
#5672 = DIRECTION ( 'NONE',  ( -0.7516382967157390071, 0.000000000000000000, 0.6595755232801340240 ) ) ;
#5673 = B_SPLINE_CURVE_WITH_KNOTS ( 'NONE', 3,
 ( #2931, #700, #2126, #4057, #3135, #813 ),
 .UNSPECIFIED., .F., .F.,
 ( 4, 2, 4 ),
 ( 0.5520927443325355233, 0.7760463721662678171, 1.000000000000000000 ),
 .UNSPECIFIED. ) ;
#5674 = EDGE_LOOP ( 'NONE', ( #2787, #348 ) ) ;
#5675 = CARTESIAN_POINT ( 'NONE',  ( -63.90478384316372740, 0.9321614205178134771, -18.45732159759740654 ) ) ;
#5676 = CARTESIAN_POINT ( 'NONE',  ( 20.25284826038430097, 0.000000000000000000, -41.27323620909374569 ) ) ;
#5677 = FACE_OUTER_BOUND ( 'NONE', #4396, .T. ) ;
#5678 = DIRECTION ( 'NONE',  ( -0.7516382967157390071, 0.000000000000000000, -0.6595755232801340240 ) ) ;
#5679 = EDGE_CURVE ( 'NONE', #2075, #116, #1200, .T. ) ;
#5680 = VERTEX_POINT ( 'NONE', #5746 ) ;
#5681 = VECTOR ( 'NONE', #4501, 999.9999999999998863 ) ;
#5682 = CARTESIAN_POINT ( 'NONE',  ( -40.57457943080100193, 3.744283136432035253, -53.93200614991419428 ) ) ;
#5683 = ORIENTED_EDGE ( 'NONE', *, *, #4682, .F. ) ;
#5685 = AXIS2_PLACEMENT_3D ( 'NONE', #2623, #2652, #389 ) ;
#5684 = DIRECTION ( 'NONE',  ( -0.7516382967157390071, 0.000000000000000000, 0.6595755232801340240 ) ) ;
#5686 = ORIENTED_EDGE ( 'NONE', *, *, #694, .F. ) ;
#5687 = DIRECTION ( 'NONE',  ( 1.000000000000000000, 0.000000000000000000, 0.000000000000000000 ) ) ;
#5688 = CARTESIAN_POINT ( 'NONE',  ( -25.00000000000000000, -16.10000000000000142, 0.000000000000000000 ) ) ;
#5689 = EDGE_CURVE ( 'NONE', #4120, #355, #287, .T. ) ;
#5690 = ORIENTED_EDGE ( 'NONE', *, *, #2782, .F. ) ;
#5691 = ORIENTED_EDGE ( 'NONE', *, *, #4369, .T. ) ;
#5692 = ORIENTED_EDGE ( 'NONE', *, *, #3030, .F. ) ;
#5693 = CARTESIAN_POINT ( 'NONE',  ( -5.934119456780631907, 5.111111111111111605, -67.99999999999997158 ) ) ;
#5694 = CARTESIAN_POINT ( 'NONE',  ( 59.88463258518216747, -3.710376068493044244, -32.60625304417285264 ) ) ;
#5695 = CARTESIAN_POINT ( 'NONE',  ( 41.40101732872049922, -16.10000000000000142, 1.964329131972048170 ) ) ;
#5696 = AXIS2_PLACEMENT_3D ( 'NONE', #3257, #1950, #4115 ) ;
#5697 = DIRECTION ( 'NONE',  ( -0.05940329824071930581, 0.000000000000000000, -0.9982340648155241247 ) ) ;
#5698 = CARTESIAN_POINT ( 'NONE',  ( 25.14606524365203555, 0.000000000000000000, -42.30106282611625801 ) ) ;
#5699 = EDGE_CURVE ( 'NONE', #5301, #3927, #4720, .T. ) ;
#5700 = AXIS2_PLACEMENT_3D ( 'NONE', #3133, #3530, #3497 ) ;
#5701 = CARTESIAN_POINT ( 'NONE',  ( -12.38021549647153385, -9.311367228196656853, -67.14946938447367586 ) ) ;
#5702 = DIRECTION ( 'NONE',  ( 0.000000000000000000, 1.000000000000000000, 0.000000000000000000 ) ) ;
#5703 = CIRCLE ( 'NONE', #5216, 1.999999999999999778 ) ;
#5704 = EDGE_LOOP ( 'NONE', ( #59, #2688, #366, #412, #5452, #5063, #1287, #1581, #2975 ) ) ;
#5705 = DIRECTION ( 'NONE',  ( -0.4663903252160477853, 0.7071067811865475727, 0.5314885366072057415 ) ) ;
#5706 = CIRCLE ( 'NONE', #3130, 1.999999999999997335 ) ;
#5707 = DIRECTION ( 'NONE',  ( -1.000000000000000000, 0.000000000000000000, 0.000000000000000000 ) ) ;
#5708 = CARTESIAN_POINT ( 'NONE',  ( -60.09442319551060052, 16.10000000000000142, -29.06304011625210038 ) ) ;
#5709 = CARTESIAN_POINT ( 'NONE',  ( -24.22220753623764722, -16.10000000000000142, -54.89339361044660137 ) ) ;
#5710 = ORIENTED_EDGE ( 'NONE', *, *, #3378, .F. ) ;
#5711 = EDGE_CURVE ( 'NONE', #4489, #1599, #4719, .T. ) ;
#5712 = ORIENTED_EDGE ( 'NONE', *, *, #1799, .F. ) ;
#5713 = DIRECTION ( 'NONE',  ( 0.7516382967157390071, 0.000000000000000000, 0.6595755232801340240 ) ) ;
#5714 = ORIENTED_EDGE ( 'NONE', *, *, #2909, .F. ) ;
#5715 = CARTESIAN_POINT ( 'NONE',  ( 0.000000000000000000, -5.499752826484129997, -68.00006673070399188 ) ) ;
#5716 = ADVANCED_FACE ( 'NONE', ( #763, #5654, #2077 ), #2554, .F. ) ;
#5717 = ORIENTED_EDGE ( 'NONE', *, *, #2941, .F. ) ;
#5718 = CARTESIAN_POINT ( 'NONE',  ( 0.000000000000000000, 0.000000000000000000, 0.000000000000000000 ) ) ;
#5719 = CARTESIAN_POINT ( 'NONE',  ( -6.926741934222102159, 16.10000000000000142, -32.54536384055282383 ) ) ;
#5720 = ORIENTED_EDGE ( 'NONE', *, *, #1677, .T. ) ;
#5721 = EDGE_LOOP ( 'NONE', ( #4667, #2745, #71, #1254 ) ) ;
#5722 = CARTESIAN_POINT ( 'NONE',  ( -64.01352991289898853, 3.031916061117939876, -22.91628487868204189 ) ) ;
#5723 = CARTESIAN_POINT ( 'NONE',  ( 61.94549190050125276, -2.949797307389804502, -30.86240619293033660 ) ) ;
#5724 = EDGE_CURVE ( 'NONE', #2105, #4592, #4365, .T. ) ;
#5725 = CARTESIAN_POINT ( 'NONE',  ( 64.00119431748970555, 16.10000000000000142, -22.90222749541804603 ) ) ;
#5726 = EDGE_CURVE ( 'NONE', #43, #1607, #318, .T. ) ;
#5727 = VECTOR ( 'NONE', #4637, 999.9999999999998863 ) ;
#5728 = DIRECTION ( 'NONE',  ( 0.000000000000000000, 1.000000000000000000, 0.000000000000000000 ) ) ;
#5729 = CARTESIAN_POINT ( 'NONE',  ( 0.000000000000000000, 16.10000000000000142, 0.000000000000000000 ) ) ;
#5730 = CARTESIAN_POINT ( 'NONE',  ( -40.77515774624024658, 5.196230151628059346, -54.19861620708699945 ) ) ;
#5731 = FACE_OUTER_BOUND ( 'NONE', #1638, .T. ) ;
#5732 = CARTESIAN_POINT ( 'NONE',  ( -48.81510353558239501, 0.000000000000000000, -16.20936632444865211 ) ) ;
#5733 = EDGE_CURVE ( 'NONE', #5252, #49, #2942, .T. ) ;
#5734 = DIRECTION ( 'NONE',  ( 0.000000000000000000, -1.000000000000000000, 0.000000000000000000 ) ) ;
#5735 = DIRECTION ( 'NONE',  ( 0.7516382967157391182, 0.000000000000000000, -0.6595755232801341350 ) ) ;
#5736 = DIRECTION ( 'NONE',  ( 0.000000000000000000, 1.000000000000000000, 0.000000000000000000 ) ) ;
#5737 = DIRECTION ( 'NONE',  ( 0.000000000000000000, -1.000000000000000000, 0.000000000000000000 ) ) ;
#5738 = ORIENTED_EDGE ( 'NONE', *, *, #1848, .F. ) ;
#5739 = DIRECTION ( 'NONE',  ( -0.7516382967157390071, 0.000000000000000000, -0.6595755232801340240 ) ) ;
#5740 = ORIENTED_EDGE ( 'NONE', *, *, #488, .F. ) ;
#5741 = CARTESIAN_POINT ( 'NONE',  ( -40.77515774624024658, 5.196230151628059346, -54.19861620708699945 ) ) ;
#5742 = ORIENTED_EDGE ( 'NONE', *, *, #3750, .T. ) ;
#5743 = AXIS2_PLACEMENT_3D ( 'NONE', #4023, #3179, #5423 ) ;
#5744 = ADVANCED_FACE ( 'NONE', ( #2046, #3929, #1611 ), #3417, .T. ) ;
#5745 = ORIENTED_EDGE ( 'NONE', *, *, #1478, .F. ) ;
#5746 = CARTESIAN_POINT ( 'NONE',  ( 41.40101732872049922, -10.09999999999999964, 1.964329131972048170 ) ) ;
#5747 = VERTEX_POINT ( 'NONE', #3479 ) ;
#5748 = CARTESIAN_POINT ( 'NONE',  ( 57.35369579362539838, 12.65288338902366050, -34.53612506783319702 ) ) ;
#5749 = VECTOR ( 'NONE', #2081, 1000.000000000000114 ) ;
#5750 = LINE ( 'NONE', #882, #2610 ) ;
#5751 = ORIENTED_EDGE ( 'NONE', *, *, #3064, .F. ) ;
#5752 = ADVANCED_FACE ( 'NONE', ( #707, #5170 ), #5295, .F. ) ;
#5753 = ORIENTED_EDGE ( 'NONE', *, *, #5426, .F. ) ;
#5754 = CARTESIAN_POINT ( 'NONE',  ( -25.72548412966900244, -16.10000000000000142, -53.57424256388659956 ) ) ;
#5755 = CARTESIAN_POINT ( 'NONE',  ( 61.35947036985681535, -0.8704342322043896463, -31.25420110343447178 ) ) ;
#5756 = DIRECTION ( 'NONE',  ( 1.000000000000000000, 0.000000000000000000, 0.000000000000000000 ) ) ;
#5757 = CIRCLE ( 'NONE', #2795, 4.000000000000000000 ) ;
#5758 = CARTESIAN_POINT ( 'NONE',  ( 66.59735355102320398, 10.09999999999999964, -38.44999999999999574 ) ) ;
#5759 = CARTESIAN_POINT ( 'NONE',  ( 20.25284826038430097, 0.000000000000000000, -41.27323620909374569 ) ) ;
#5760 = CARTESIAN_POINT ( 'NONE',  ( -24.30214479137577754, -10.12273445639331015, -63.81008331678038559 ) ) ;
#5761 = LINE ( 'NONE', #5343, #809 ) ;
#5762 = VECTOR ( 'NONE', #3728, 1000.000000000000000 ) ;
#5763 = ORIENTED_EDGE ( 'NONE', *, *, #4594, .T. ) ;
#5764 = DIRECTION ( 'NONE',  ( 0.3289878516042700207, 0.000000000000000000, 0.9443341535160141298 ) ) ;
#5765 = DIRECTION ( 'NONE',  ( 0.9926956690917259074, 0.000000000000000000, 0.1206453835276376924 ) ) ;
#5766 = DIRECTION ( 'NONE',  ( 0.9926956690917259074, 0.000000000000000000, 0.1206453835276376924 ) ) ;
#5767 = DIRECTION ( 'NONE',  ( -0.6595755232801341350, 0.000000000000000000, -0.7516382967157391182 ) ) ;
#5768 = EDGE_CURVE ( 'NONE', #1214, #3403, #4303, .T. ) ;
#5769 = FACE_BOUND ( 'NONE', #4015, .T. ) ;
#5770 = CARTESIAN_POINT ( 'NONE',  ( 64.19086619784566494, -2.389162064725113055, -19.11087380547808223 ) ) ;
#5771 = ORIENTED_EDGE ( 'NONE', *, *, #5657, .F. ) ;
#5772 = CARTESIAN_POINT ( 'NONE',  ( 40.72441065163404517, 10.09999999999999964, 0.5912489613228799623 ) ) ;
#5773 = CARTESIAN_POINT ( 'NONE',  ( -22.21144074266802448, -12.01333105719930039, 24.96715382559630925 ) ) ;
#5774 = VERTEX_POINT ( 'NONE', #1171 ) ;
#5775 = EDGE_CURVE ( 'NONE', #5653, #474, #2969, .T. ) ;
#5776 = ORIENTED_EDGE ( 'NONE', *, *, #5043, .F. ) ;
#5777 = CARTESIAN_POINT ( 'NONE',  ( 40.57341596624299740, -4.507944313723010410, -53.93045966493330212 ) ) ;
#5778 = AXIS2_PLACEMENT_3D ( 'NONE', #2440, #2301, #4253 ) ;
#5779 = VERTEX_POINT ( 'NONE', #2523 ) ;
#5780 = CARTESIAN_POINT ( 'NONE',  ( -64.01873447576201670, 0.03276353160113559815, -22.92215429542961047 ) ) ;
#5781 = ORIENTED_EDGE ( 'NONE', *, *, #4154, .T. ) ;
#5782 = ORIENTED_EDGE ( 'NONE', *, *, #839, .F. ) ;
#5783 = VECTOR ( 'NONE', #5564, 999.9999999999998863 ) ;
#5784 = FACE_OUTER_BOUND ( 'NONE', #673, .T. ) ;
#5785 = CARTESIAN_POINT ( 'NONE',  ( 60.55720551298041698, -0.7309994189423754118, -31.91205967354839146 ) ) ;
#5786 = CARTESIAN_POINT ( 'NONE',  ( -36.41536660326615049, -8.000046420787830570, -57.95338385267360337 ) ) ;
#5787 = EDGE_CURVE ( 'NONE', #1260, #3193, #2625, .T. ) ;
#5788 = DIRECTION ( 'NONE',  ( 0.000000000000000000, 1.000000000000000000, 0.000000000000000000 ) ) ;
#5789 = CARTESIAN_POINT ( 'NONE',  ( 60.58841272198482386, 10.46335698733146735, -30.23866220048624953 ) ) ;
#5790 = CARTESIAN_POINT ( 'NONE',  ( -6.190393715705729605, -8.905683614098331091, -67.99999999999997158 ) ) ;
#5791 = CYLINDRICAL_SURFACE ( 'NONE', #5833, 4.999999999999997335 ) ;
#5792 = ORIENTED_EDGE ( 'NONE', *, *, #3831, .F. ) ;
#5793 = DIRECTION ( 'NONE',  ( -1.000000000000000000, 0.000000000000000000, 0.000000000000000000 ) ) ;
#5794 = CYLINDRICAL_SURFACE ( 'NONE', #3682, 2.000000000000000444 ) ;
#5795 = DIRECTION ( 'NONE',  ( 0.000000000000000000, 1.000000000000000000, 0.000000000000000000 ) ) ;
#5796 = DIRECTION ( 'NONE',  ( 1.000000000000000000, 0.000000000000000000, 0.000000000000000000 ) ) ;
#5797 = CIRCLE ( 'NONE', #3207, 4.000000000000002665 ) ;
#5798 = DIRECTION ( 'NONE',  ( -1.000000000000000000, 0.000000000000000000, 0.000000000000000000 ) ) ;
#5799 = CARTESIAN_POINT ( 'NONE',  ( 63.89072653545148484, -1.261085358893285546, -18.43073430287646630 ) ) ;
#5800 = CIRCLE ( 'NONE', #5700, 2.000000000000001776 ) ;
#5801 = ORIENTED_EDGE ( 'NONE', *, *, #920, .F. ) ;
#5802 = ADVANCED_FACE ( 'NONE', ( #5359 ), #5414, .F. ) ;
#5803 = LINE ( 'NONE', #376, #2651 ) ;
#5804 = CARTESIAN_POINT ( 'NONE',  ( -42.05342562718880117, 2.579692719944324697, -55.89769854345779976 ) ) ;
#5805 = ORIENTED_EDGE ( 'NONE', *, *, #5450, .T. ) ;
#5806 = VERTEX_POINT ( 'NONE', #5810 ) ;
#5807 = CIRCLE ( 'NONE', #4645, 23.00000000000000000 ) ;
#5808 = VECTOR ( 'NONE', #2298, 1000.000000000000000 ) ;
#5809 = ORIENTED_EDGE ( 'NONE', *, *, #4242, .T. ) ;
#5810 = CARTESIAN_POINT ( 'NONE',  ( 57.38927059265727593, 1.048990684667788966E-14, -15.33752314372615011 ) ) ;
#5811 = VERTEX_POINT ( 'NONE', #5386 ) ;
#5812 = EDGE_CURVE ( 'NONE', #3389, #2402, #3061, .T. ) ;
#5813 =( LENGTH_UNIT ( ) NAMED_UNIT ( * ) SI_UNIT ( .MILLI., .METRE. ) );
#5814 = VERTEX_POINT ( 'NONE', #1261 ) ;
#5815 = B_SPLINE_CURVE_WITH_KNOTS ( 'NONE', 3,
 ( #572, #1393, #1450, #2302, #3162, #3221 ),
 .UNSPECIFIED., .F., .F.,
 ( 4, 2, 4 ),
 ( 0.8567706999831440351, 0.9283853499915719620, 1.000000000000000000 ),
 .UNSPECIFIED. ) ;
#5816 = CARTESIAN_POINT ( 'NONE',  ( 0.000000000000000000, 10.09999999999999964, 0.000000000000000000 ) ) ;
#5817 = DIRECTION ( 'NONE',  ( 0.8660254037844385966, 0.000000000000000000, -0.5000000000000003331 ) ) ;
#5818 = CARTESIAN_POINT ( 'NONE',  ( -36.17166737943545485, -10.85175337014280039, -57.56554772796489772 ) ) ;
#5819 = DIRECTION ( 'NONE',  ( 0.6595755232801343571, 0.000000000000000000, -0.7516382967157388961 ) ) ;
#5820 = DIRECTION ( 'NONE',  ( 0.3289878516042700207, 0.000000000000000000, 0.9443341535160141298 ) ) ;
#5821 = ADVANCED_FACE ( 'NONE', ( #22 ), #1290, .F. ) ;
#5822 = DIRECTION ( 'NONE',  ( 0.000000000000000000, 1.000000000000000000, 0.000000000000000000 ) ) ;
#5823 = CARTESIAN_POINT ( 'NONE',  ( -59.47536296208700435, 16.10000000000000142, -20.77693915205080089 ) ) ;
#5824 = DIRECTION ( 'NONE',  ( -0.3609320017625394228, 0.000000000000000000, -0.9325921349141254035 ) ) ;
#5825 = CARTESIAN_POINT ( 'NONE',  ( -59.88240302146983396, 3.710682242525695784, -32.60881448277685735 ) ) ;
#5826 = CARTESIAN_POINT ( 'NONE',  ( -64.84205987526270576, 0.5388385254064630425, -23.86046007577242278 ) ) ;
#5827 = LINE ( 'NONE', #1218, #784 ) ;
#5828 = CARTESIAN_POINT ( 'NONE',  ( 45.67122707623510536, 10.09999999999999964, -5.046038264045169086 ) ) ;
#5829 = FACE_OUTER_BOUND ( 'NONE', #5631, .T. ) ;
#5830 = VERTEX_POINT ( 'NONE', #4481 ) ;
#5831 = CARTESIAN_POINT ( 'NONE',  ( 58.59114660207919911, 0.000000000000000000, -30.38219116281240062 ) ) ;
#5832 = CARTESIAN_POINT ( 'NONE',  ( -24.80406379161939867, -14.89999999999999503, 21.76599226824439981 ) ) ;
#5833 = AXIS2_PLACEMENT_3D ( 'NONE', #5823, #1305, #3913 ) ;
#5834 = EDGE_LOOP ( 'NONE', ( #5048, #4980 ) ) ;
#5835 = ORIENTED_EDGE ( 'NONE', *, *, #1416, .F. ) ;
#5836 = CARTESIAN_POINT ( 'NONE',  ( 66.94284902722290553, -1.632840889659939787, -19.30894149988359842 ) ) ;
#5837 = ORIENTED_EDGE ( 'NONE', *, *, #5648, .T. ) ;
#5838 = LINE ( 'NONE', #3600, #3898 ) ;
#5839 = ADVANCED_FACE ( 'NONE', ( #380 ), #4494, .T. ) ;
#5840 = EDGE_CURVE ( 'NONE', #1276, #3035, #859, .T. ) ;
#5841 = CARTESIAN_POINT ( 'NONE',  ( 6.268766231013559675, -16.10000000000000142, -34.43403214758485120 ) ) ;
#5842 = CARTESIAN_POINT ( 'NONE',  ( -66.06866419668089918, 0.000000000000000000, -29.56571682314174865 ) ) ;
#5843 = CARTESIAN_POINT ( 'NONE',  ( -38.26431457799019853, -16.10000000000000142, -6.224022662643469594 ) ) ;
#5844 = ORIENTED_EDGE ( 'NONE', *, *, #4110, .T. ) ;
#5845 = EDGE_LOOP ( 'NONE', ( #3004, #504, #5776, #2290 ) ) ;
#5846 = EDGE_CURVE ( 'NONE', #355, #49, #579, .T. ) ;
#5847 = CARTESIAN_POINT ( 'NONE',  ( -7.489843209538939561, 6.138715029757200625, -69.67405464645729296 ) ) ;
#5848 = DIRECTION ( 'NONE',  ( -0.6595755232801338019, 0.000000000000000000, -0.7516382967157392292 ) ) ;
#5849 = DIRECTION ( 'NONE',  ( -0.9975634259047179153, 0.000000000000000000, -0.06976540186397729715 ) ) ;
#5850 = CARTESIAN_POINT ( 'NONE',  ( -32.04813318657799925, 16.10000000000000142, -50.16651327011899753 ) ) ;
#5851 = LINE ( 'NONE', #2215, #395 ) ;
#5852 = CARTESIAN_POINT ( 'NONE',  ( -23.00000000000000000, 0.000000000000000000, -2.816687638038912352E-15 ) ) ;
#5853 = AXIS2_PLACEMENT_3D ( 'NONE', #5271, #4884, #3071 ) ;
#5854 = DIRECTION ( 'NONE',  ( -0.05940329824071930581, 0.000000000000000000, -0.9982340648155241247 ) ) ;
#5855 = CARTESIAN_POINT ( 'NONE',  ( 52.27931726906831500, 12.38888839833935229, -43.88720496546250871 ) ) ;
#5856 = AXIS2_PLACEMENT_3D ( 'NONE', #597, #5122, #4701 ) ;
#5857 = DIRECTION ( 'NONE',  ( 0.7516382967157391182, 0.000000000000000000, -0.6595755232801341350 ) ) ;
#5858 = EDGE_CURVE ( 'NONE', #1214, #3210, #4517, .T. ) ;
#5859 = DIRECTION ( 'NONE',  ( -0.6595755232801335799, 0.000000000000000000, -0.7516382967157394512 ) ) ;
#5860 = DIRECTION ( 'NONE',  ( 0.000000000000000000, -1.000000000000000000, 0.000000000000000000 ) ) ;
#5861 = VERTEX_POINT ( 'NONE', #610 ) ;
#5862 = CARTESIAN_POINT ( 'NONE',  ( 64.00553583589679363, -3.279409570505739779, -26.15296296391255026 ) ) ;
#5863 = EDGE_LOOP ( 'NONE', ( #4044, #2792, #4811, #3380, #2521, #2874, #986, #497 ) ) ;
#5864 = CARTESIAN_POINT ( 'NONE',  ( 58.88972745734178460, 0.000000000000000000, -34.00000000000000000 ) ) ;
#5866 = AXIS2_PLACEMENT_3D ( 'NONE', #3453, #5177, #3393 ) ;
#5865 = CARTESIAN_POINT ( 'NONE',  ( -67.58318728519560636, 10.09999999999999964, -26.94248588459840121 ) ) ;
#5867 = CARTESIAN_POINT ( 'NONE',  ( 60.02241896304827407, -0.7268798641858704723, -32.45164674040974262 ) ) ;
ENDSEC;
END-ISO-10303-21;
