ISO-10303-21;
HEADER;
FILE_DESCRIPTION (( 'STEP AP214' ),
    '1' );
FILE_NAME ('Controller_Cover.STEP',
    '2026-07-28T10:12:05',
    ( '' ),
    ( '' ),
    'SwSTEP 2.0',
    'SolidWorks 2024',
    '' );
FILE_SCHEMA (( 'AUTOMOTIVE_DESIGN' ));
ENDSEC;

DATA;
#1 = LINE ( 'NONE', #618, #15 ) ;
#2 = ADVANCED_FACE ( 'NONE', ( #1007 ), #280, .F. ) ;
#3 = FACE_OUTER_BOUND ( 'NONE', #603, .T. ) ;
#4 = DIRECTION ( 'NONE',  ( 0.000000000000000000, 0.000000000000000000, 1.000000000000000000 ) ) ;
#5 = CARTESIAN_POINT ( 'NONE',  ( 57.99999999999999289, 18.00000000000000355, -4.499999999999987566 ) ) ;
#6 = ORIENTED_EDGE ( 'NONE', *, *, #1215, .F. ) ;
#7 = VERTEX_POINT ( 'NONE', #1038 ) ;
#8 = VECTOR ( 'NONE', #1770, 1000.000000000000000 ) ;
#9 = CARTESIAN_POINT ( 'NONE',  ( 46.00000000000000000, 0.000000000000000000, -55.99999999999999289 ) ) ;
#10 = DIRECTION ( 'NONE',  ( -0.000000000000000000, -0.000000000000000000, -1.000000000000000000 ) ) ;
#11 = EDGE_LOOP ( 'NONE', ( #1672, #1198 ) ) ;
#12 = VECTOR ( 'NONE', #844, 1000.000000000000000 ) ;
#13 = DIRECTION ( 'NONE',  ( 0.000000000000000000, 0.000000000000000000, -1.000000000000000000 ) ) ;
#14 = DIRECTION ( 'NONE',  ( 0.000000000000000000, 0.000000000000000000, 1.000000000000000000 ) ) ;
#15 = VECTOR ( 'NONE', #588, 1000.000000000000000 ) ;
#16 = EDGE_CURVE ( 'NONE', #1896, #105, #435, .T. ) ;
#17 = VECTOR ( 'NONE', #1086, 1000.000000000000000 ) ;
#18 = CARTESIAN_POINT ( 'NONE',  ( 9.000000000000000000, 21.00000000000000000, -57.99999999999999289 ) ) ;
#19 = DIRECTION ( 'NONE',  ( -1.000000000000000000, 0.000000000000000000, -1.156482317317871922E-15 ) ) ;
#20 = VERTEX_POINT ( 'NONE', #550 ) ;
#21 = PLANE ( 'NONE',  #1620 ) ;
#22 = DIRECTION ( 'NONE',  ( 0.000000000000000000, 0.000000000000000000, 1.000000000000000000 ) ) ;
#23 = ORIENTED_EDGE ( 'NONE', *, *, #1827, .F. ) ;
#24 = DIRECTION ( 'NONE',  ( 0.000000000000000000, 0.000000000000000000, -1.000000000000000000 ) ) ;
#25 = DIRECTION ( 'NONE',  ( 0.000000000000000000, 0.000000000000000000, -1.000000000000000000 ) ) ;
#26 = LINE ( 'NONE', #1080, #636 ) ;
#27 = EDGE_CURVE ( 'NONE', #1255, #1676, #1608, .T. ) ;
#28 = EDGE_CURVE ( 'NONE', #1520, #1441, #1168, .T. ) ;
#29 = DIRECTION ( 'NONE',  ( 0.000000000000000000, -1.000000000000000000, 0.000000000000000000 ) ) ;
#30 = ORIENTED_EDGE ( 'NONE', *, *, #947, .T. ) ;
#31 = EDGE_CURVE ( 'NONE', #727, #1879, #712, .T. ) ;
#32 = DIRECTION ( 'NONE',  ( 0.000000000000000000, 0.000000000000000000, -1.000000000000000000 ) ) ;
#33 = ORIENTED_EDGE ( 'NONE', *, *, #228, .F. ) ;
#34 = CARTESIAN_POINT ( 'NONE',  ( 44.00000000000000000, 3.000000000000002665, -16.52923187665730609 ) ) ;
#35 = CARTESIAN_POINT ( 'NONE',  ( 10.00000000000000178, 3.000000000000002665, -57.99999999999999289 ) ) ;
#36 = CARTESIAN_POINT ( 'NONE',  ( -4.000000000000000000, 19.50000000000001066, -5.999999999999998224 ) ) ;
#37 = VERTEX_POINT ( 'NONE', #1792 ) ;
#38 = EDGE_CURVE ( 'NONE', #1451, #1071, #1636, .T. ) ;
#39 = ORIENTED_EDGE ( 'NONE', *, *, #180, .T. ) ;
#40 = CARTESIAN_POINT ( 'NONE',  ( 10.00000000000000178, 3.000000000000000000, -54.99999999999999289 ) ) ;
#41 = ORIENTED_EDGE ( 'NONE', *, *, #1050, .T. ) ;
#42 = DIRECTION ( 'NONE',  ( 0.000000000000000000, -0.000000000000000000, -1.000000000000000000 ) ) ;
#43 = CARTESIAN_POINT ( 'NONE',  ( 50.00000000000000000, 21.00000000000000000, -56.00000000000000711 ) ) ;
#44 = AXIS2_PLACEMENT_3D ( 'NONE', #851, #81, #710 ) ;
#45 = VECTOR ( 'NONE', #1544, 1000.000000000000000 ) ;
#46 = FACE_OUTER_BOUND ( 'NONE', #1961, .T. ) ;
#47 = DIRECTION ( 'NONE',  ( 0.000000000000000000, 0.000000000000000000, -1.000000000000000000 ) ) ;
#48 = CIRCLE ( 'NONE', #1208, 1.500000000000010880 ) ;
#49 = ORIENTED_EDGE ( 'NONE', *, *, #373, .T. ) ;
#50 = DIRECTION ( 'NONE',  ( 0.000000000000000000, 1.000000000000000000, 0.000000000000000000 ) ) ;
#51 = EDGE_CURVE ( 'NONE', #756, #98, #258, .T. ) ;
#52 = ADVANCED_FACE ( 'NONE', ( #1150 ), #1484, .T. ) ;
#53 = EDGE_LOOP ( 'NONE', ( #408, #1410, #1850, #1067 ) ) ;
#54 = CARTESIAN_POINT ( 'NONE',  ( 0.000000000000000000, 21.00000000000000000, 0.000000000000000000 ) ) ;
#55 = CARTESIAN_POINT ( 'NONE',  ( 51.00000000000000000, 21.00000000000000000, -54.00000000000000000 ) ) ;
#56 = PRODUCT_DEFINITION_FORMATION_WITH_SPECIFIED_SOURCE ( 'ANY', '', #374, .NOT_KNOWN. ) ;
#57 = DIRECTION ( 'NONE',  ( 0.000000000000000000, 1.000000000000000000, 0.000000000000000000 ) ) ;
#58 = DIRECTION ( 'NONE',  ( 0.000000000000000000, 0.000000000000000000, 1.000000000000000000 ) ) ;
#59 = CARTESIAN_POINT ( 'NONE',  ( 8.878689293818306130E-16, 21.00000000000000000, -9.250000000000001776 ) ) ;
#60 = ORIENTED_EDGE ( 'NONE', *, *, #625, .T. ) ;
#61 = DIRECTION ( 'NONE',  ( -0.000000000000000000, -0.000000000000000000, -1.000000000000000000 ) ) ;
#62 = CARTESIAN_POINT ( 'NONE',  ( 54.00000000000000000, 21.00000000000000000, -2.000000000000001776 ) ) ;
#63 = DIRECTION ( 'NONE',  ( 0.000000000000000000, -0.000000000000000000, -1.000000000000000000 ) ) ;
#64 = EDGE_CURVE ( 'NONE', #1796, #1869, #882, .T. ) ;
#65 = DIRECTION ( 'NONE',  ( 0.000000000000000000, 1.000000000000000000, 0.000000000000000000 ) ) ;
#66 =( NAMED_UNIT ( * ) PLANE_ANGLE_UNIT ( ) SI_UNIT ( $, .RADIAN. ) );
#67 = VERTEX_POINT ( 'NONE', #93 ) ;
#68 = DIRECTION ( 'NONE',  ( 0.000000000000000000, -1.000000000000000000, 0.000000000000000000 ) ) ;
#69 = DIRECTION ( 'NONE',  ( 0.000000000000000000, 0.000000000000000000, 1.000000000000000000 ) ) ;
#70 = FACE_OUTER_BOUND ( 'NONE', #1853, .T. ) ;
#71 = EDGE_CURVE ( 'NONE', #1071, #683, #1158, .T. ) ;
#72 = EDGE_CURVE ( 'NONE', #938, #1676, #246, .T. ) ;
#73 = CIRCLE ( 'NONE', #1584, 3.000000000000002665 ) ;
#74 = DIRECTION ( 'NONE',  ( 0.000000000000000000, 0.000000000000000000, -1.000000000000000000 ) ) ;
#75 = VECTOR ( 'NONE', #121, 1000.000000000000114 ) ;
#76 = AXIS2_PLACEMENT_3D ( 'NONE', #1748, #1472, #565 ) ;
#77 = ORIENTED_EDGE ( 'NONE', *, *, #1013, .F. ) ;
#78 = CARTESIAN_POINT ( 'NONE',  ( 57.99999999999999289, 21.00000000000000000, -49.50000000000000711 ) ) ;
#79 = CARTESIAN_POINT ( 'NONE',  ( -4.000000000000000000, 18.00000000000000355, -5.999999999999998224 ) ) ;
#80 = CARTESIAN_POINT ( 'NONE',  ( 0.000000000000000000, 21.00000000000000000, -2.999999999999999556 ) ) ;
#81 = DIRECTION ( 'NONE',  ( 0.000000000000000000, 0.000000000000000000, 1.000000000000000000 ) ) ;
#82 = ORIENTED_EDGE ( 'NONE', *, *, #634, .T. ) ;
#83 = LINE ( 'NONE', #490, #1328 ) ;
#84 = EDGE_CURVE ( 'NONE', #559, #1284, #689, .T. ) ;
#85 = CARTESIAN_POINT ( 'NONE',  ( 8.878689293818306130E-16, 18.00000000000000355, -44.75000000000000000 ) ) ;
#86 = EDGE_CURVE ( 'NONE', #1016, #735, #1295, .T. ) ;
#87 = ORIENTED_EDGE ( 'NONE', *, *, #1475, .T. ) ;
#88 = EDGE_LOOP ( 'NONE', ( #405, #852, #544, #1392 ) ) ;
#89 = DIRECTION ( 'NONE',  ( -0.000000000000000000, 1.000000000000000000, -0.000000000000000000 ) ) ;
#90 = VECTOR ( 'NONE', #880, 1000.000000000000000 ) ;
#91 = DIRECTION ( 'NONE',  ( -0.000000000000000000, -1.000000000000000000, -0.000000000000000000 ) ) ;
#92 = VERTEX_POINT ( 'NONE', #1458 ) ;
#93 = CARTESIAN_POINT ( 'NONE',  ( 44.00000000000000000, 20.99999999999999645, -57.99999999999999289 ) ) ;
#94 = VECTOR ( 'NONE', #176, 1000.000000000000114 ) ;
#95 = CARTESIAN_POINT ( 'NONE',  ( -4.000000000000000000, 21.00000000000000000, -5.999999999999998224 ) ) ;
#96 = PRESENTATION_LAYER_ASSIGNMENT (  '', '', ( #840 ) ) ;
#97 = ADVANCED_FACE ( 'NONE', ( #695 ), #1148, .F. ) ;
#98 = VERTEX_POINT ( 'NONE', #1495 ) ;
#99 = CARTESIAN_POINT ( 'NONE',  ( -4.000000000000000000, 21.00000000000000000, -2.749999999999995559 ) ) ;
#100 = CARTESIAN_POINT ( 'NONE',  ( 0.000000000000000000, 3.000000000000000000, -51.00000000000000000 ) ) ;
#101 = CARTESIAN_POINT ( 'NONE',  ( 45.00000000000000000, 3.000000000000000000, -54.99999999999999289 ) ) ;
#102 = ORIENTED_EDGE ( 'NONE', *, *, #1219, .F. ) ;
#103 = CARTESIAN_POINT ( 'NONE',  ( 54.00000000000000000, 21.00000000000000000, -54.00000000000000000 ) ) ;
#104 = VECTOR ( 'NONE', #404, 1000.000000000000000 ) ;
#105 = VERTEX_POINT ( 'NONE', #742 ) ;
#106 = AXIS2_PLACEMENT_3D ( 'NONE', #1374, #1812, #24 ) ;
#107 = ORIENTED_EDGE ( 'NONE', *, *, #1592, .F. ) ;
#108 = CARTESIAN_POINT ( 'NONE',  ( 45.00000000000000000, 21.00000000000000000, -54.99999999999999289 ) ) ;
#109 = EDGE_CURVE ( 'NONE', #1795, #814, #148, .T. ) ;
#110 = EDGE_CURVE ( 'NONE', #105, #1279, #477, .T. ) ;
#111 = CARTESIAN_POINT ( 'NONE',  ( -4.000000000000000000, 18.00000000000000355, -4.499999999999996447 ) ) ;
#112 = DIRECTION ( 'NONE',  ( -1.000000000000000000, -0.000000000000000000, -0.000000000000000000 ) ) ;
#113 = VERTEX_POINT ( 'NONE', #444 ) ;
#114 = CARTESIAN_POINT ( 'NONE',  ( -4.000000000000000000, 18.00000000000000355, -2.999999999999995559 ) ) ;
#115 = ORIENTED_EDGE ( 'NONE', *, *, #1841, .T. ) ;
#116 = ORIENTED_EDGE ( 'NONE', *, *, #519, .T. ) ;
#117 = DIRECTION ( 'NONE',  ( 0.000000000000000000, 1.000000000000000000, 0.000000000000000000 ) ) ;
#118 = DIRECTION ( 'NONE',  ( 0.000000000000000000, 0.000000000000000000, -1.000000000000000000 ) ) ;
#119 = CARTESIAN_POINT ( 'NONE',  ( 52.00000000000000000, 21.00000000000000000, 0.000000000000000000 ) ) ;
#120 = ORIENTED_EDGE ( 'NONE', *, *, #702, .T. ) ;
#121 = DIRECTION ( 'NONE',  ( 8.659560562354910671E-17, -0.7071067811865493491, 0.7071067811865456854 ) ) ;
#122 = AXIS2_PLACEMENT_3D ( 'NONE', #328, #734, #769 ) ;
#123 = CIRCLE ( 'NONE', #1695, 1.500000000000002220 ) ;
#124 = EDGE_CURVE ( 'NONE', #988, #471, #1906, .T. ) ;
#125 = ORIENTED_EDGE ( 'NONE', *, *, #483, .F. ) ;
#126 = ORIENTED_EDGE ( 'NONE', *, *, #72, .T. ) ;
#127 = LINE ( 'NONE', #100, #292 ) ;
#128 = CARTESIAN_POINT ( 'NONE',  ( 52.00000000000000000, 21.00000000000000000, -52.00000000000000000 ) ) ;
#129 = ORIENTED_EDGE ( 'NONE', *, *, #295, .T. ) ;
#130 = CARTESIAN_POINT ( 'NONE',  ( 0.000000000000000000, 21.00000000000000000, -54.99999999999999289 ) ) ;
#131 = VECTOR ( 'NONE', #505, 1000.000000000000000 ) ;
#132 = ADVANCED_FACE ( 'NONE', ( #773 ), #1339, .T. ) ;
#133 = FACE_OUTER_BOUND ( 'NONE', #386, .T. ) ;
#134 = VERTEX_POINT ( 'NONE', #913 ) ;
#135 = AXIS2_PLACEMENT_3D ( 'NONE', #649, #1236, #355 ) ;
#136 = AXIS2_PLACEMENT_3D ( 'NONE', #55, #1669, #925 ) ;
#137 = EDGE_LOOP ( 'NONE', ( #391, #1532 ) ) ;
#138 = CARTESIAN_POINT ( 'NONE',  ( 51.00000000000000000, 21.00000000000000000, -2.999999999999999556 ) ) ;
#139 = ORIENTED_EDGE ( 'NONE', *, *, #27, .F. ) ;
#140 = CARTESIAN_POINT ( 'NONE',  ( 57.99999999999999289, 21.00000000000000000, -9.250000000000001776 ) ) ;
#141 = CARTESIAN_POINT ( 'NONE',  ( -4.000000000000000000, 21.00000000000000000, -44.75000000000000000 ) ) ;
#142 = ORIENTED_EDGE ( 'NONE', *, *, #657, .F. ) ;
#143 = ADVANCED_FACE ( 'NONE', ( #764 ), #1952, .T. ) ;
#144 = VERTEX_POINT ( 'NONE', #1686 ) ;
#145 = CARTESIAN_POINT ( 'NONE',  ( 10.00000000000000178, 20.99999999999999645, -54.99999999999999289 ) ) ;
#146 = CARTESIAN_POINT ( 'NONE',  ( 6.000000000000000000, 21.00000000000000000, -55.99999999999999289 ) ) ;
#147 = ORIENTED_EDGE ( 'NONE', *, *, #72, .F. ) ;
#148 = LINE ( 'NONE', #140, #887 ) ;
#149 = FACE_OUTER_BOUND ( 'NONE', #1176, .T. ) ;
#150 = CARTESIAN_POINT ( 'NONE',  ( -4.000000000000000000, 18.00000000000000355, -5.999999999999998224 ) ) ;
#151 = VECTOR ( 'NONE', #905, 1000.000000000000000 ) ;
#152 = LINE ( 'NONE', #5, #402 ) ;
#153 = ORIENTED_EDGE ( 'NONE', *, *, #1075, .T. ) ;
#154 = VERTEX_POINT ( 'NONE', #1384 ) ;
#155 = ADVANCED_FACE ( 'NONE', ( #291 ), #316, .F. ) ;
#156 = LINE ( 'NONE', #1512, #1720 ) ;
#157 = CARTESIAN_POINT ( 'NONE',  ( -4.000000000000000000, 18.00000000000000355, -9.250000000000001776 ) ) ;
#158 = ORIENTED_EDGE ( 'NONE', *, *, #1661, .F. ) ;
#159 = CARTESIAN_POINT ( 'NONE',  ( 51.00000000000000000, 21.00000000000000000, -3.000000000000002665 ) ) ;
#160 = FACE_OUTER_BOUND ( 'NONE', #239, .T. ) ;
#161 = FACE_OUTER_BOUND ( 'NONE', #632, .T. ) ;
#162 = VERTEX_POINT ( 'NONE', #455 ) ;
#163 = CIRCLE ( 'NONE', #1205, 1.500000000000001332 ) ;
#164 = CARTESIAN_POINT ( 'NONE',  ( 57.99999999999999289, 18.00000000000000355, -5.999999999999998224 ) ) ;
#165 = CARTESIAN_POINT ( 'NONE',  ( 0.000000000000000000, 0.000000000000000000, 0.000000000000000000 ) ) ;
#166 = EDGE_CURVE ( 'NONE', #683, #1795, #1815, .T. ) ;
#167 = ORIENTED_EDGE ( 'NONE', *, *, #1838, .T. ) ;
#168 = CARTESIAN_POINT ( 'NONE',  ( 57.99999999999999289, 19.50000000000000355, -5.999999999999998224 ) ) ;
#169 = DIRECTION ( 'NONE',  ( 1.000000000000000000, 0.000000000000000000, 0.000000000000000000 ) ) ;
#170 = CARTESIAN_POINT ( 'NONE',  ( 54.00000000000000000, 18.00000000000000355, -2.749999999999995559 ) ) ;
#171 = CIRCLE ( 'NONE', #1747, 2.000000000000001776 ) ;
#172 = EDGE_CURVE ( 'NONE', #1650, #683, #1060, .T. ) ;
#173 = VECTOR ( 'NONE', #1918, 1000.000000000000000 ) ;
#174 = DIRECTION ( 'NONE',  ( 0.000000000000000000, 0.000000000000000000, 1.000000000000000000 ) ) ;
#175 = EDGE_LOOP ( 'NONE', ( #1619, #1445, #1958, #1270 ) ) ;
#176 = DIRECTION ( 'NONE',  ( 0.000000000000000000, -0.7071067811865517916, -0.7071067811865431318 ) ) ;
#177 = ORIENTED_EDGE ( 'NONE', *, *, #1260, .F. ) ;
#178 = DIRECTION ( 'NONE',  ( 0.000000000000000000, 0.000000000000000000, -1.000000000000000000 ) ) ;
#179 = CARTESIAN_POINT ( 'NONE',  ( 1.999999999999999112, 21.00000000000000000, -1.999999999999999556 ) ) ;
#180 = EDGE_CURVE ( 'NONE', #814, #331, #1, .T. ) ;
#181 = LINE ( 'NONE', #489, #1478 ) ;
#182 = VECTOR ( 'NONE', #348, 1000.000000000000000 ) ;
#183 = ORIENTED_EDGE ( 'NONE', *, *, #1701, .T. ) ;
#184 = AXIS2_PLACEMENT_3D ( 'NONE', #1041, #1228, #896 ) ;
#185 = DIRECTION ( 'NONE',  ( -0.000000000000000000, -0.000000000000000000, -1.000000000000000000 ) ) ;
#186 = EDGE_LOOP ( 'NONE', ( #821, #1585, #345, #1893 ) ) ;
#187 = DIRECTION ( 'NONE',  ( 0.000000000000000000, 1.000000000000000000, 0.000000000000000000 ) ) ;
#188 = CARTESIAN_POINT ( 'NONE',  ( -4.000000000000000000, 21.00000000000000000, -9.250000000000001776 ) ) ;
#189 = CARTESIAN_POINT ( 'NONE',  ( 57.99999999999999289, 18.00000000000000355, -9.250000000000001776 ) ) ;
#190 = LINE ( 'NONE', #786, #1891 ) ;
#191 = LINE ( 'NONE', #1436, #1020 ) ;
#192 = EDGE_CURVE ( 'NONE', #1732, #1575, #301, .T. ) ;
#193 = ORIENTED_EDGE ( 'NONE', *, *, #1423, .T. ) ;
#194 = VERTEX_POINT ( 'NONE', #751 ) ;
#195 = CARTESIAN_POINT ( 'NONE',  ( 45.00000000000000000, 3.000000000000000000, 0.000000000000000000 ) ) ;
#196 = CARTESIAN_POINT ( 'NONE',  ( 57.99999999999999289, 18.00000000000000355, -48.00000000000000000 ) ) ;
#197 = AXIS2_PLACEMENT_3D ( 'NONE', #1688, #336, #678 ) ;
#198 = LINE ( 'NONE', #526, #449 ) ;
#199 = VECTOR ( 'NONE', #422, 1000.000000000000000 ) ;
#200 = VECTOR ( 'NONE', #32, 1000.000000000000000 ) ;
#201 = CARTESIAN_POINT ( 'NONE',  ( 0.000000000000000000, 0.000000000000000000, 0.000000000000000000 ) ) ;
#202 = DIRECTION ( 'NONE',  ( 0.000000000000000000, 0.000000000000000000, 1.000000000000000000 ) ) ;
#203 = EDGE_CURVE ( 'NONE', #1291, #1016, #1120, .T. ) ;
#204 = ORIENTED_EDGE ( 'NONE', *, *, #1344, .F. ) ;
#205 = CARTESIAN_POINT ( 'NONE',  ( 44.00000000000000000, 3.000000000000002665, -57.99999999999999289 ) ) ;
#206 = CARTESIAN_POINT ( 'NONE',  ( -4.000000000000000000, 18.00000000000000355, -5.999999999999998224 ) ) ;
#207 = CARTESIAN_POINT ( 'NONE',  ( 10.00000000000000178, 3.000000000000002665, -16.52923187665730609 ) ) ;
#208 = CARTESIAN_POINT ( 'NONE',  ( 52.00000000000000000, 21.00000000000000000, -2.000000000000001776 ) ) ;
#209 = DIRECTION ( 'NONE',  ( 0.000000000000000000, 1.000000000000000000, -0.000000000000000000 ) ) ;
#210 = CIRCLE ( 'NONE', #1571, 1.500000000000002220 ) ;
#211 = CIRCLE ( 'NONE', #1161, 2.000000000000001776 ) ;
#212 = ORIENTED_EDGE ( 'NONE', *, *, #657, .T. ) ;
#213 = CARTESIAN_POINT ( 'NONE',  ( 51.00000000000000000, 21.00000000000000000, -51.00000000000000000 ) ) ;
#214 = EDGE_CURVE ( 'NONE', #1046, #1279, #1844, .T. ) ;
#215 = DIRECTION ( 'NONE',  ( -1.000000000000000000, -0.000000000000000000, -0.000000000000000000 ) ) ;
#216 = CARTESIAN_POINT ( 'NONE',  ( 57.99999999999999289, 21.00000000000000000, -51.25000000000000711 ) ) ;
#217 = CARTESIAN_POINT ( 'NONE',  ( -4.000000000000000000, 18.00000000000000355, -5.999999999999998224 ) ) ;
#218 = FACE_OUTER_BOUND ( 'NONE', #662, .T. ) ;
#219 = VECTOR ( 'NONE', #1272, 1000.000000000000000 ) ;
#220 = ORIENTED_EDGE ( 'NONE', *, *, #681, .F. ) ;
#221 = LINE ( 'NONE', #353, #1941 ) ;
#222 = DIRECTION ( 'NONE',  ( 0.000000000000000000, -0.000000000000000000, 1.000000000000000000 ) ) ;
#223 = ADVANCED_FACE ( 'NONE', ( #1525 ), #1213, .F. ) ;
#224 = CARTESIAN_POINT ( 'NONE',  ( 52.00000000000000000, 0.000000000000000000, 0.000000000000000000 ) ) ;
#225 = CYLINDRICAL_SURFACE ( 'NONE', #414, 1.500000000000002220 ) ;
#226 = ORIENTED_EDGE ( 'NONE', *, *, #295, .F. ) ;
#227 = AXIS2_PLACEMENT_3D ( 'NONE', #128, #1634, #1789 ) ;
#228 = EDGE_CURVE ( 'NONE', #144, #134, #1834, .T. ) ;
#229 = LINE ( 'NONE', #680, #790 ) ;
#230 = AXIS2_PLACEMENT_3D ( 'NONE', #1909, #554, #548 ) ;
#231 = ORIENTED_EDGE ( 'NONE', *, *, #325, .F. ) ;
#232 = ORIENTED_EDGE ( 'NONE', *, *, #1788, .T. ) ;
#233 = LINE ( 'NONE', #1595, #1400 ) ;
#234 = LINE ( 'NONE', #393, #1323 ) ;
#235 = DIRECTION ( 'NONE',  ( 1.000000000000000000, -0.000000000000000000, 7.133073868100875101E-33 ) ) ;
#236 = DIRECTION ( 'NONE',  ( 0.000000000000000000, 1.000000000000000000, 0.000000000000000000 ) ) ;
#237 = EDGE_LOOP ( 'NONE', ( #694, #1822, #1407, #1833 ) ) ;
#238 = EDGE_CURVE ( 'NONE', #1479, #1187, #48, .T. ) ;
#239 = EDGE_LOOP ( 'NONE', ( #533, #1591, #450, #116 ) ) ;
#240 = VERTEX_POINT ( 'NONE', #1536 ) ;
#241 = LINE ( 'NONE', #1173, #795 ) ;
#242 = VECTOR ( 'NONE', #949, 1000.000000000000000 ) ;
#243 = FACE_OUTER_BOUND ( 'NONE', #750, .T. ) ;
#244 = DIRECTION ( 'NONE',  ( 0.000000000000000000, 0.000000000000000000, -1.000000000000000000 ) ) ;
#245 = ORIENTED_EDGE ( 'NONE', *, *, #572, .F. ) ;
#246 = LINE ( 'NONE', #406, #820 ) ;
#247 = LINE ( 'NONE', #845, #257 ) ;
#248 = MECHANICAL_DESIGN_GEOMETRIC_PRESENTATION_REPRESENTATION (  '', ( #840 ), #344 ) ;
#249 = EDGE_CURVE ( 'NONE', #1721, #1139, #171, .T. ) ;
#250 = EDGE_LOOP ( 'NONE', ( #897, #614, #385, #558 ) ) ;
#251 = ORIENTED_EDGE ( 'NONE', *, *, #263, .T. ) ;
#252 = DIRECTION ( 'NONE',  ( 0.000000000000000000, -1.000000000000000000, 0.000000000000000000 ) ) ;
#253 = LINE ( 'NONE', #1044, #1768 ) ;
#254 = CARTESIAN_POINT ( 'NONE',  ( -4.000000000000000000, 19.50000000000002132, -48.00000000000000000 ) ) ;
#255 = ORIENTED_EDGE ( 'NONE', *, *, #1947, .F. ) ;
#256 = DIRECTION ( 'NONE',  ( -1.000000000000000000, -0.000000000000000000, -0.000000000000000000 ) ) ;
#257 = VECTOR ( 'NONE', #1376, 1000.000000000000000 ) ;
#258 = CIRCLE ( 'NONE', #323, 3.250000000000002665 ) ;
#259 = EDGE_LOOP ( 'NONE', ( #806, #1252, #917, #1490 ) ) ;
#260 = ORIENTED_EDGE ( 'NONE', *, *, #86, .T. ) ;
#261 = VECTOR ( 'NONE', #61, 1000.000000000000000 ) ;
#262 = CARTESIAN_POINT ( 'NONE',  ( 3.999999999999999112, 21.00000000000000000, -54.00000000000000000 ) ) ;
#263 = EDGE_CURVE ( 'NONE', #972, #541, #221, .T. ) ;
#264 = DIRECTION ( 'NONE',  ( 0.000000000000000000, 0.000000000000000000, 1.000000000000000000 ) ) ;
#265 = ORIENTED_EDGE ( 'NONE', *, *, #1412, .T. ) ;
#266 = EDGE_LOOP ( 'NONE', ( #1403, #1632, #711, #300 ) ) ;
#267 = ORIENTED_EDGE ( 'NONE', *, *, #459, .T. ) ;
#268 = VERTEX_POINT ( 'NONE', #663 ) ;
#269 = DIRECTION ( 'NONE',  ( 1.000000000000000000, 0.000000000000000000, 0.000000000000000000 ) ) ;
#270 = CARTESIAN_POINT ( 'NONE',  ( 57.99999999999999289, 18.00000000000000355, -2.749999999999995559 ) ) ;
#271 = EDGE_CURVE ( 'NONE', #162, #1488, #1468, .T. ) ;
#272 = ORIENTED_EDGE ( 'NONE', *, *, #1727, .T. ) ;
#273 = DIRECTION ( 'NONE',  ( 1.000000000000000000, -0.000000000000000000, -0.000000000000000000 ) ) ;
#274 = AXIS2_PLACEMENT_3D ( 'NONE', #1638, #29, #886 ) ;
#275 = ORIENTED_EDGE ( 'NONE', *, *, #350, .T. ) ;
#276 = ORIENTED_EDGE ( 'NONE', *, *, #998, .T. ) ;
#277 = CARTESIAN_POINT ( 'NONE',  ( -4.000000000000000000, 21.00000000000000000, -51.25000000000000711 ) ) ;
#278 = LINE ( 'NONE', #1653, #90 ) ;
#279 = ORIENTED_EDGE ( 'NONE', *, *, #867, .F. ) ;
#280 = PLANE ( 'NONE',  #666 ) ;
#281 = EDGE_CURVE ( 'NONE', #1746, #698, #1681, .T. ) ;
#282 = LINE ( 'NONE', #1341, #1540 ) ;
#283 = ORIENTED_EDGE ( 'NONE', *, *, #1010, .T. ) ;
#284 = VECTOR ( 'NONE', #1573, 1000.000000000000000 ) ;
#285 = AXIS2_PLACEMENT_3D ( 'NONE', #43, #639, #375 ) ;
#286 = ORIENTED_EDGE ( 'NONE', *, *, #16, .T. ) ;
#287 = AXIS2_PLACEMENT_3D ( 'NONE', #1304, #1914, #1078 ) ;
#288 = DIRECTION ( 'NONE',  ( 7.133073868100875101E-33, 0.000000000000000000, -1.000000000000000000 ) ) ;
#289 =( LENGTH_UNIT ( ) NAMED_UNIT ( * ) SI_UNIT ( .MILLI., .METRE. ) );
#290 = ORIENTED_EDGE ( 'NONE', *, *, #779, .T. ) ;
#291 = FACE_OUTER_BOUND ( 'NONE', #1012, .T. ) ;
#292 = VECTOR ( 'NONE', #1183, 1000.000000000000000 ) ;
#293 = CARTESIAN_POINT ( 'NONE',  ( 2.999999999999999556, 3.000000000000000000, -2.999999999999999556 ) ) ;
#294 = PLANE ( 'NONE',  #184 ) ;
#295 = EDGE_CURVE ( 'NONE', #1255, #1896, #1247, .T. ) ;
#296 = ORIENTED_EDGE ( 'NONE', *, *, #1580, .F. ) ;
#297 = VERTEX_POINT ( 'NONE', #1888 ) ;
#298 = DIRECTION ( 'NONE',  ( 8.659560562354879857E-17, -0.7071067811865517916, 0.7071067811865431318 ) ) ;
#299 = PRESENTATION_STYLE_ASSIGNMENT (( #1513 ) ) ;
#300 = ORIENTED_EDGE ( 'NONE', *, *, #561, .T. ) ;
#301 = LINE ( 'NONE', #159, #516 ) ;
#302 = LINE ( 'NONE', #914, #151 ) ;
#303 = FACE_OUTER_BOUND ( 'NONE', #1843, .T. ) ;
#304 = FACE_BOUND ( 'NONE', #11, .T. ) ;
#305 = AXIS2_PLACEMENT_3D ( 'NONE', #1349, #895, #25 ) ;
#306 = DIRECTION ( 'NONE',  ( -1.000000000000000000, 0.000000000000000000, -1.156482317317871725E-15 ) ) ;
#307 = EDGE_LOOP ( 'NONE', ( #1493, #706, #843, #877 ) ) ;
#308 = EDGE_CURVE ( 'NONE', #98, #1651, #1393, .T. ) ;
#309 = ORIENTED_EDGE ( 'NONE', *, *, #110, .T. ) ;
#310 = APPLICATION_CONTEXT ( 'automotive_design' ) ;
#311 = ADVANCED_FACE ( 'NONE', ( #1560 ), #807, .F. ) ;
#312 = CYLINDRICAL_SURFACE ( 'NONE', #359, 1.500000000000008216 ) ;
#313 = CARTESIAN_POINT ( 'NONE',  ( 54.00000000000000000, 21.00000000000000000, -51.25000000000000711 ) ) ;
#314 = VECTOR ( 'NONE', #354, 1000.000000000000000 ) ;
#315 = ORIENTED_EDGE ( 'NONE', *, *, #1159, .F. ) ;
#316 = PLANE ( 'NONE',  #697 ) ;
#317 = DIRECTION ( 'NONE',  ( 0.000000000000000000, 0.000000000000000000, 1.000000000000000000 ) ) ;
#318 = CYLINDRICAL_SURFACE ( 'NONE', #791, 3.250000000000002665 ) ;
#319 = CARTESIAN_POINT ( 'NONE',  ( 54.00000000000000000, 21.00000000000000000, -54.00000000000000000 ) ) ;
#320 = EDGE_LOOP ( 'NONE', ( #1092, #573, #1837, #1756 ) ) ;
#321 = DIRECTION ( 'NONE',  ( 0.000000000000000000, 1.000000000000000000, -0.000000000000000000 ) ) ;
#322 = EDGE_LOOP ( 'NONE', ( #1131, #593, #1766, #371 ) ) ;
#323 = AXIS2_PLACEMENT_3D ( 'NONE', #704, #1752, #1178 ) ;
#324 = CARTESIAN_POINT ( 'NONE',  ( 57.99999999999999289, 21.00000000000000000, -2.749999999999995559 ) ) ;
#325 = EDGE_CURVE ( 'NONE', #1901, #162, #1854, .T. ) ;
#326 = CARTESIAN_POINT ( 'NONE',  ( 52.00000000000000000, 21.00000000000000000, 0.000000000000000000 ) ) ;
#327 = VECTOR ( 'NONE', #953, 999.9999999999998863 ) ;
#328 = CARTESIAN_POINT ( 'NONE',  ( 57.99999999999999289, 21.00000000000000000, -48.00000000000000000 ) ) ;
#329 = ORIENTED_EDGE ( 'NONE', *, *, #1601, .F. ) ;
#330 = DIRECTION ( 'NONE',  ( 0.000000000000000000, 1.000000000000000000, 0.000000000000000000 ) ) ;
#331 = VERTEX_POINT ( 'NONE', #364 ) ;
#332 = CARTESIAN_POINT ( 'NONE',  ( 46.00000000000000000, 21.00000000000000000, -55.99999999999999289 ) ) ;
#333 = CARTESIAN_POINT ( 'NONE',  ( 57.99999999999999289, 18.00000000000000355, -46.49999999999999289 ) ) ;
#334 = EDGE_CURVE ( 'NONE', #1207, #878, #494, .T. ) ;
#335 = ADVANCED_FACE ( 'NONE', ( #1418 ), #1698, .F. ) ;
#336 = DIRECTION ( 'NONE',  ( 0.000000000000000000, 1.000000000000000000, 0.000000000000000000 ) ) ;
#337 = CARTESIAN_POINT ( 'NONE',  ( 45.00000000000000000, 3.000000000000000000, -51.00000000000000711 ) ) ;
#338 = DIRECTION ( 'NONE',  ( -0.000000000000000000, 1.000000000000000000, -0.000000000000000000 ) ) ;
#339 = AXIS2_PLACEMENT_3D ( 'NONE', #18, #1070, #1670 ) ;
#340 = ORIENTED_EDGE ( 'NONE', *, *, #714, .T. ) ;
#341 = DIRECTION ( 'NONE',  ( 1.000000000000000000, 0.000000000000000000, 1.156482317317871922E-15 ) ) ;
#342 = VERTEX_POINT ( 'NONE', #1722 ) ;
#343 = CARTESIAN_POINT ( 'NONE',  ( 3.851859888774471706E-31, 0.000000000000000000, -54.00000000000000000 ) ) ;
#344 =( GEOMETRIC_REPRESENTATION_CONTEXT ( 3 ) GLOBAL_UNCERTAINTY_ASSIGNED_CONTEXT ( ( #1916 ) ) GLOBAL_UNIT_ASSIGNED_CONTEXT ( ( #289, #1960, #730 ) ) REPRESENTATION_CONTEXT ( 'NONE', 'WORKASPACE' ) );
#345 = ORIENTED_EDGE ( 'NONE', *, *, #1334, .T. ) ;
#346 = DIRECTION ( 'NONE',  ( -1.000000000000000000, 0.000000000000000000, 0.000000000000000000 ) ) ;
#347 = CARTESIAN_POINT ( 'NONE',  ( -4.000000000000000000, 21.00000000000000000, -48.00000000000000000 ) ) ;
#348 = DIRECTION ( 'NONE',  ( 1.000000000000000000, 0.000000000000000000, 0.000000000000000000 ) ) ;
#349 = DIRECTION ( 'NONE',  ( -0.000000000000000000, -0.000000000000000000, -1.000000000000000000 ) ) ;
#350 = EDGE_CURVE ( 'NONE', #1732, #1370, #1107, .T. ) ;
#351 = DIRECTION ( 'NONE',  ( 0.000000000000000000, 1.000000000000000000, 0.000000000000000000 ) ) ;
#352 = ORIENTED_EDGE ( 'NONE', *, *, #172, .F. ) ;
#353 = CARTESIAN_POINT ( 'NONE',  ( 57.99999999999999289, 18.00000000000000355, -9.250000000000001776 ) ) ;
#354 = DIRECTION ( 'NONE',  ( -0.000000000000000000, -1.000000000000000000, -0.000000000000000000 ) ) ;
#355 = DIRECTION ( 'NONE',  ( 1.000000000000000000, 0.000000000000000000, -0.000000000000000000 ) ) ;
#356 = CIRCLE ( 'NONE', #1144, 3.250000000000002665 ) ;
#357 = CONICAL_SURFACE ( 'NONE', #1182, 3.000000000000002665, 0.7853981633974456145 ) ;
#358 = CARTESIAN_POINT ( 'NONE',  ( 48.00000000000000000, 0.000000000000000000, -55.99999999999999289 ) ) ;
#359 = AXIS2_PLACEMENT_3D ( 'NONE', #1502, #1380, #462 ) ;
#360 = CARTESIAN_POINT ( 'NONE',  ( 53.99999999999999289, 21.00000000000000000, -51.00000000000000000 ) ) ;
#361 = ADVANCED_FACE ( 'NONE', ( #655 ), #1431, .F. ) ;
#362 = LINE ( 'NONE', #798, #805 ) ;
#363 = VERTEX_POINT ( 'NONE', #78 ) ;
#364 = CARTESIAN_POINT ( 'NONE',  ( 54.00000000000000000, 21.00000000000000000, -44.75000000000000000 ) ) ;
#365 = PLANE ( 'NONE',  #1934 ) ;
#366 = DIRECTION ( 'NONE',  ( 0.000000000000000000, 0.000000000000000000, 1.000000000000000000 ) ) ;
#367 = DIRECTION ( 'NONE',  ( 0.000000000000000000, 1.000000000000000000, 0.000000000000000000 ) ) ;
#368 = ORIENTED_EDGE ( 'NONE', *, *, #64, .F. ) ;
#369 = EDGE_CURVE ( 'NONE', #1327, #342, #964, .T. ) ;
#370 = EDGE_CURVE ( 'NONE', #476, #1284, #920, .T. ) ;
#371 = ORIENTED_EDGE ( 'NONE', *, *, #369, .T. ) ;
#372 = CARTESIAN_POINT ( 'NONE',  ( 57.99999999999999289, 18.00000000000000355, -48.00000000000000000 ) ) ;
#373 = EDGE_CURVE ( 'NONE', #1539, #92, #759, .T. ) ;
#374 = PRODUCT ( 'Controller_Cover', 'Controller_Cover', '', ( #1726 ) ) ;
#375 = DIRECTION ( 'NONE',  ( 0.000000000000000000, 0.000000000000000000, 1.000000000000000000 ) ) ;
#376 = DIRECTION ( 'NONE',  ( 0.000000000000000000, 0.000000000000000000, 1.000000000000000000 ) ) ;
#377 = VERTEX_POINT ( 'NONE', #205 ) ;
#378 = CARTESIAN_POINT ( 'NONE',  ( 57.99999999999999289, 18.00000000000000355, -5.999999999999998224 ) ) ;
#379 = CIRCLE ( 'NONE', #1489, 3.000000000000002665 ) ;
#380 = CARTESIAN_POINT ( 'NONE',  ( -4.000000000000000000, 18.00000000000000355, -44.75000000000000000 ) ) ;
#381 = PLANE ( 'NONE',  #1905 ) ;
#382 = DIRECTION ( 'NONE',  ( 0.000000000000000000, 1.000000000000000000, 0.000000000000000000 ) ) ;
#383 = DIRECTION ( 'NONE',  ( 0.000000000000000000, 1.000000000000000000, 0.000000000000000000 ) ) ;
#384 = EDGE_CURVE ( 'NONE', #113, #679, #802, .T. ) ;
#385 = ORIENTED_EDGE ( 'NONE', *, *, #1580, .T. ) ;
#386 = EDGE_LOOP ( 'NONE', ( #1074, #1333, #1735, #1945 ) ) ;
#387 = AXIS2_PLACEMENT_3D ( 'NONE', #189, #1109, #1846 ) ;
#388 = CARTESIAN_POINT ( 'NONE',  ( -4.000000000000000000, 21.00000000000000000, -44.75000000000000000 ) ) ;
#389 = CIRCLE ( 'NONE', #1877, 2.000000000000001776 ) ;
#390 = VERTEX_POINT ( 'NONE', #523 ) ;
#391 = ORIENTED_EDGE ( 'NONE', *, *, #458, .T. ) ;
#392 = LINE ( 'NONE', #108, #670 ) ;
#393 = CARTESIAN_POINT ( 'NONE',  ( -4.000000000000000000, 18.00000000000000355, -44.75000000000000000 ) ) ;
#394 = DIRECTION ( 'NONE',  ( -0.000000000000000000, -1.000000000000000000, -0.000000000000000000 ) ) ;
#395 = ORIENTED_EDGE ( 'NONE', *, *, #1925, .T. ) ;
#396 = CARTESIAN_POINT ( 'NONE',  ( 9.000000000000000000, 21.00000000000000000, -51.00000000000000000 ) ) ;
#397 = EDGE_CURVE ( 'NONE', #1370, #1356, #513, .T. ) ;
#398 = EDGE_CURVE ( 'NONE', #1662, #476, #389, .T. ) ;
#399 = VERTEX_POINT ( 'NONE', #99 ) ;
#400 = ORIENTED_EDGE ( 'NONE', *, *, #521, .T. ) ;
#401 = PLANE ( 'NONE',  #1055 ) ;
#402 = VECTOR ( 'NONE', #460, 1000.000000000000000 ) ;
#403 = CARTESIAN_POINT ( 'NONE',  ( -4.000000000000000000, 18.00000000000000355, -5.999999999999998224 ) ) ;
#404 = DIRECTION ( 'NONE',  ( 0.000000000000000000, 1.000000000000000000, 0.000000000000000000 ) ) ;
#405 = ORIENTED_EDGE ( 'NONE', *, *, #51, .F. ) ;
#406 = CARTESIAN_POINT ( 'NONE',  ( 9.000000000000000000, 3.000000000000000000, 0.000000000000000000 ) ) ;
#407 = ADVANCED_FACE ( 'NONE', ( #1292 ), #401, .T. ) ;
#408 = ORIENTED_EDGE ( 'NONE', *, *, #1401, .T. ) ;
#409 = ORIENTED_EDGE ( 'NONE', *, *, #625, .F. ) ;
#410 = DIRECTION ( 'NONE',  ( 0.000000000000000000, 0.000000000000000000, -1.000000000000000000 ) ) ;
#411 = CARTESIAN_POINT ( 'NONE',  ( 57.99999999999999289, 18.00000000000000355, -9.250000000000001776 ) ) ;
#412 = ORIENTED_EDGE ( 'NONE', *, *, #1775, .F. ) ;
#413 = DIRECTION ( 'NONE',  ( -1.000000000000000000, 0.000000000000000000, 0.000000000000000000 ) ) ;
#414 = AXIS2_PLACEMENT_3D ( 'NONE', #986, #687, #549 ) ;
#415 = VECTOR ( 'NONE', #50, 1000.000000000000000 ) ;
#416 = ORIENTED_EDGE ( 'NONE', *, *, #419, .T. ) ;
#417 = AXIS2_PLACEMENT_3D ( 'NONE', #1780, #1897, #708 ) ;
#418 = EDGE_CURVE ( 'NONE', #1210, #1291, #233, .T. ) ;
#419 = EDGE_CURVE ( 'NONE', #522, #1721, #241, .T. ) ;
#420 = ORIENTED_EDGE ( 'NONE', *, *, #571, .T. ) ;
#421 = VECTOR ( 'NONE', #57, 1000.000000000000000 ) ;
#422 = DIRECTION ( 'NONE',  ( -1.000000000000000000, 0.000000000000000000, -1.156482317317871725E-15 ) ) ;
#423 = CARTESIAN_POINT ( 'NONE',  ( 57.99999999999999289, 18.00000000000000355, -2.999999999999995559 ) ) ;
#424 = DIRECTION ( 'NONE',  ( -0.000000000000000000, -1.000000000000000000, 0.000000000000000000 ) ) ;
#425 = ORIENTED_EDGE ( 'NONE', *, *, #1550, .F. ) ;
#426 = DIRECTION ( 'NONE',  ( 0.000000000000000000, 0.000000000000000000, 1.000000000000000000 ) ) ;
#427 = ORIENTED_EDGE ( 'NONE', *, *, #71, .T. ) ;
#428 = PRODUCT_DEFINITION_CONTEXT ( 'detailed design', #310, 'design' ) ;
#429 = ORIENTED_EDGE ( 'NONE', *, *, #1537, .T. ) ;
#430 = EDGE_CURVE ( 'NONE', #342, #1030, #1615, .T. ) ;
#431 = CARTESIAN_POINT ( 'NONE',  ( 3.851859888774471706E-31, 21.00000000000000000, -54.00000000000000000 ) ) ;
#432 = FILL_AREA_STYLE ('',( #452 ) ) ;
#433 = AXIS2_PLACEMENT_3D ( 'NONE', #1101, #1250, #1578 ) ;
#434 = VERTEX_POINT ( 'NONE', #838 ) ;
#435 = LINE ( 'NONE', #1598, #855 ) ;
#436 = ADVANCED_FACE ( 'NONE', ( #1454 ), #1019, .F. ) ;
#437 = FACE_BOUND ( 'NONE', #568, .T. ) ;
#438 = FACE_OUTER_BOUND ( 'NONE', #564, .T. ) ;
#439 = ORIENTED_EDGE ( 'NONE', *, *, #31, .T. ) ;
#440 = ORIENTED_EDGE ( 'NONE', *, *, #883, .F. ) ;
#441 = PLANE ( 'NONE',  #457 ) ;
#442 = CARTESIAN_POINT ( 'NONE',  ( 2.999999999999999556, 21.00000000000000000, -2.999999999999999556 ) ) ;
#443 = ORIENTED_EDGE ( 'NONE', *, *, #659, .T. ) ;
#444 = CARTESIAN_POINT ( 'NONE',  ( 54.00000000000000000, 0.000000000000000000, -2.000000000000001776 ) ) ;
#445 = DIRECTION ( 'NONE',  ( 0.000000000000000000, -1.000000000000000000, 0.000000000000000000 ) ) ;
#446 = ADVANCED_FACE ( 'NONE', ( #860 ), #1929, .T. ) ;
#447 = DIRECTION ( 'NONE',  ( 0.000000000000000000, -1.000000000000000000, 0.000000000000000000 ) ) ;
#448 = EDGE_LOOP ( 'NONE', ( #601, #120, #903, #1471, #951, #425, #1367, #82 ) ) ;
#449 = VECTOR ( 'NONE', #349, 1000.000000000000000 ) ;
#450 = ORIENTED_EDGE ( 'NONE', *, *, #1753, .T. ) ;
#451 = DIRECTION ( 'NONE',  ( 0.000000000000000000, -1.000000000000000000, 0.000000000000000000 ) ) ;
#452 = FILL_AREA_STYLE_COLOUR ( '', #1452 ) ;
#453 = VECTOR ( 'NONE', #1568, 1000.000000000000000 ) ;
#454 = ORIENTED_EDGE ( 'NONE', *, *, #713, .T. ) ;
#455 = CARTESIAN_POINT ( 'NONE',  ( 57.99999999999999289, 18.00000000000000355, -51.00000000000000711 ) ) ;
#456 = CYLINDRICAL_SURFACE ( 'NONE', #1924, 1.500000000000001332 ) ;
#457 = AXIS2_PLACEMENT_3D ( 'NONE', #431, #1025, #288 ) ;
#458 = EDGE_CURVE ( 'NONE', #1915, #1459, #1366, .T. ) ;
#459 = EDGE_CURVE ( 'NONE', #1771, #1692, #990, .T. ) ;
#460 = DIRECTION ( 'NONE',  ( 0.000000000000000000, 1.000000000000000000, 0.000000000000000000 ) ) ;
#461 = VERTEX_POINT ( 'NONE', #691 ) ;
#462 = DIRECTION ( 'NONE',  ( 0.000000000000000000, 0.000000000000000000, 1.000000000000000000 ) ) ;
#463 = CARTESIAN_POINT ( 'NONE',  ( 57.99999999999999289, 18.00000000000000355, -44.75000000000000000 ) ) ;
#464 = ORIENTED_EDGE ( 'NONE', *, *, #909, .F. ) ;
#465 = CARTESIAN_POINT ( 'NONE',  ( 3.999999999999999112, 21.00000000000000000, -56.00000000000000000 ) ) ;
#466 = CARTESIAN_POINT ( 'NONE',  ( 51.00000000000000000, 3.000000000000000000, 0.000000000000000000 ) ) ;
#467 = CIRCLE ( 'NONE', #682, 2.000000000000000444 ) ;
#468 = VECTOR ( 'NONE', #1696, 1000.000000000000000 ) ;
#469 = PLANE ( 'NONE',  #968 ) ;
#470 = PRODUCT_RELATED_PRODUCT_CATEGORY ( 'part', '', ( #374 ) ) ;
#471 = VERTEX_POINT ( 'NONE', #262 ) ;
#472 = EDGE_CURVE ( 'NONE', #1627, #698, #685, .T. ) ;
#473 = ORIENTED_EDGE ( 'NONE', *, *, #370, .T. ) ;
#474 = FACE_BOUND ( 'NONE', #563, .T. ) ;
#475 = CARTESIAN_POINT ( 'NONE',  ( -4.000000000000000000, 18.00000000000000355, -51.25000000000000711 ) ) ;
#476 = VERTEX_POINT ( 'NONE', #982 ) ;
#477 = LINE ( 'NONE', #732, #1646 ) ;
#478 = DIRECTION ( 'NONE',  ( 0.000000000000000000, -1.000000000000000000, 0.000000000000000000 ) ) ;
#479 = FACE_OUTER_BOUND ( 'NONE', #1185, .T. ) ;
#480 = AXIS2_PLACEMENT_3D ( 'NONE', #1455, #1136, #984 ) ;
#481 = ORIENTED_EDGE ( 'NONE', *, *, #998, .F. ) ;
#482 = ORIENTED_EDGE ( 'NONE', *, *, #1050, .F. ) ;
#483 = EDGE_CURVE ( 'NONE', #1006, #1229, #1154, .T. ) ;
#484 = AXIS2_PLACEMENT_3D ( 'NONE', #1089, #1249, #1856 ) ;
#485 = CARTESIAN_POINT ( 'NONE',  ( -4.000000000000000000, 18.00000000000000355, -51.25000000000000711 ) ) ;
#486 = ORIENTED_EDGE ( 'NONE', *, *, #1775, .T. ) ;
#487 = CARTESIAN_POINT ( 'NONE',  ( 10.00000000000000178, 3.000000000000002665, -16.52923187665730609 ) ) ;
#488 = DIRECTION ( 'NONE',  ( 0.000000000000000000, -1.000000000000000000, 0.000000000000000000 ) ) ;
#489 = CARTESIAN_POINT ( 'NONE',  ( 0.000000000000000000, 3.000000000000000000, -2.999999999999999556 ) ) ;
#490 = CARTESIAN_POINT ( 'NONE',  ( 44.00000000000000000, 3.000000000000002665, -54.99999999999999289 ) ) ;
#491 = ORIENTED_EDGE ( 'NONE', *, *, #1075, .F. ) ;
#492 = LINE ( 'NONE', #616, #468 ) ;
#493 = EDGE_LOOP ( 'NONE', ( #1224, #859 ) ) ;
#494 = LINE ( 'NONE', #195, #1151 ) ;
#495 = DIRECTION ( 'NONE',  ( 0.000000000000000000, 0.000000000000000000, 1.000000000000000000 ) ) ;
#496 = AXIS2_PLACEMENT_3D ( 'NONE', #201, #1415, #661 ) ;
#497 = EDGE_CURVE ( 'NONE', #575, #1153, #1604, .T. ) ;
#498 = CARTESIAN_POINT ( 'NONE',  ( 45.99999999999998579, 0.000000000000000000, -57.99999999999999289 ) ) ;
#499 = CIRCLE ( 'NONE', #122, 1.500000000000008216 ) ;
#500 = APPLICATION_PROTOCOL_DEFINITION ( 'draft international standard', 'automotive_design', 1998, #613 ) ;
#501 = ORIENTED_EDGE ( 'NONE', *, *, #876, .T. ) ;
#502 = CARTESIAN_POINT ( 'NONE',  ( 57.99999999999999289, 19.50000000000001421, -48.00000000000000000 ) ) ;
#503 = ORIENTED_EDGE ( 'NONE', *, *, #325, .T. ) ;
#504 = DIRECTION ( 'NONE',  ( -1.000000000000000000, 0.000000000000000000, 0.000000000000000000 ) ) ;
#505 = DIRECTION ( 'NONE',  ( 1.000000000000000000, 0.000000000000000000, 0.000000000000000000 ) ) ;
#506 = FACE_OUTER_BOUND ( 'NONE', #322, .T. ) ;
#507 = EDGE_CURVE ( 'NONE', #471, #1291, #827, .T. ) ;
#508 = CARTESIAN_POINT ( 'NONE',  ( 54.00000000000000000, 21.00000000000000000, -52.00000000000000000 ) ) ;
#509 = SHAPE_DEFINITION_REPRESENTATION ( #970, #1275 ) ;
#510 = ORIENTED_EDGE ( 'NONE', *, *, #1035, .T. ) ;
#511 = DIRECTION ( 'NONE',  ( 0.000000000000000000, 0.000000000000000000, -1.000000000000000000 ) ) ;
#512 = ORIENTED_EDGE ( 'NONE', *, *, #671, .T. ) ;
#513 = LINE ( 'NONE', #213, #1117 ) ;
#514 = VECTOR ( 'NONE', #539, 1000.000000000000000 ) ;
#515 = FACE_OUTER_BOUND ( 'NONE', #1776, .T. ) ;
#516 = VECTOR ( 'NONE', #1225, 1000.000000000000000 ) ;
#517 = DIRECTION ( 'NONE',  ( 0.000000000000000000, 1.000000000000000000, -0.000000000000000000 ) ) ;
#518 = CIRCLE ( 'NONE', #1784, 2.000000000000000000 ) ;
#519 = EDGE_CURVE ( 'NONE', #1682, #878, #392, .T. ) ;
#520 = EDGE_CURVE ( 'NONE', #541, #1451, #849, .T. ) ;
#521 = EDGE_CURVE ( 'NONE', #1356, #1207, #1885, .T. ) ;
#522 = VERTEX_POINT ( 'NONE', #358 ) ;
#523 = CARTESIAN_POINT ( 'NONE',  ( 54.00000000000000000, 21.00000000000000000, -2.000000000000001776 ) ) ;
#524 = DIRECTION ( 'NONE',  ( 0.000000000000000000, 0.000000000000000000, 1.000000000000000000 ) ) ;
#525 = ORIENTED_EDGE ( 'NONE', *, *, #384, .T. ) ;
#526 = CARTESIAN_POINT ( 'NONE',  ( 44.00000000000000000, 20.99999999999999645, -16.52923187665730609 ) ) ;
#527 = EDGE_CURVE ( 'NONE', #1480, #390, #518, .T. ) ;
#528 = ORIENTED_EDGE ( 'NONE', *, *, #1276, .T. ) ;
#529 = CARTESIAN_POINT ( 'NONE',  ( 0.000000000000000000, 3.000000000000000000, 0.000000000000000000 ) ) ;
#530 = FACE_OUTER_BOUND ( 'NONE', #737, .T. ) ;
#531 = PLANE ( 'NONE',  #1098 ) ;
#532 = CARTESIAN_POINT ( 'NONE',  ( 8.878689293818306130E-16, 18.00000000000000355, -51.25000000000000711 ) ) ;
#533 = ORIENTED_EDGE ( 'NONE', *, *, #334, .F. ) ;
#534 = ORIENTED_EDGE ( 'NONE', *, *, #1925, .F. ) ;
#535 = CARTESIAN_POINT ( 'NONE',  ( 3.851859888774471706E-31, 21.00000000000000000, -54.00000000000000000 ) ) ;
#536 = ADVANCED_FACE ( 'NONE', ( #957 ), #762, .F. ) ;
#537 = EDGE_CURVE ( 'NONE', #377, #881, #191, .T. ) ;
#538 = LINE ( 'NONE', #1413, #131 ) ;
#539 = DIRECTION ( 'NONE',  ( 0.000000000000000000, 1.000000000000000000, 0.000000000000000000 ) ) ;
#540 = ORIENTED_EDGE ( 'NONE', *, *, #84, .F. ) ;
#541 = VERTEX_POINT ( 'NONE', #669 ) ;
#542 = VECTOR ( 'NONE', #1096, 1000.000000000000000 ) ;
#543 = AXIS2_PLACEMENT_3D ( 'NONE', #1118, #187, #793 ) ;
#544 = ORIENTED_EDGE ( 'NONE', *, *, #1024, .F. ) ;
#545 = VECTOR ( 'NONE', #1033, 1000.000000000000000 ) ;
#546 = DIRECTION ( 'NONE',  ( 0.000000000000000000, 0.000000000000000000, -1.000000000000000000 ) ) ;
#547 = VERTEX_POINT ( 'NONE', #508 ) ;
#548 = DIRECTION ( 'NONE',  ( 0.000000000000000000, 0.000000000000000000, -1.000000000000000000 ) ) ;
#549 = DIRECTION ( 'NONE',  ( 0.000000000000000000, 0.000000000000000000, 1.000000000000000000 ) ) ;
#550 = CARTESIAN_POINT ( 'NONE',  ( 1.426614773620176662E-32, 0.000000000000000000, -2.000000000000001776 ) ) ;
#551 = EDGE_CURVE ( 'NONE', #1697, #1373, #1110, .T. ) ;
#552 = ORIENTED_EDGE ( 'NONE', *, *, #713, .F. ) ;
#553 = ORIENTED_EDGE ( 'NONE', *, *, #1216, .F. ) ;
#554 = DIRECTION ( 'NONE',  ( -0.000000000000000000, -1.000000000000000000, -0.000000000000000000 ) ) ;
#555 = AXIS2_PLACEMENT_3D ( 'NONE', #1202, #1506, #14 ) ;
#556 = DIRECTION ( 'NONE',  ( -1.000000000000000000, -0.000000000000000000, -0.000000000000000000 ) ) ;
#557 = FACE_OUTER_BOUND ( 'NONE', #1446, .T. ) ;
#558 = ORIENTED_EDGE ( 'NONE', *, *, #974, .T. ) ;
#559 = VERTEX_POINT ( 'NONE', #498 ) ;
#560 = DIRECTION ( 'NONE',  ( -0.000000000000000000, 1.000000000000000000, -0.000000000000000000 ) ) ;
#561 = EDGE_CURVE ( 'NONE', #1957, #1153, #1533, .T. ) ;
#562 = CONICAL_SURFACE ( 'NONE', #480, 3.000000000000002665, 0.7853981633974456145 ) ;
#563 = EDGE_LOOP ( 'NONE', ( #267, #265 ) ) ;
#564 = EDGE_LOOP ( 'NONE', ( #102, #978, #782, #1220 ) ) ;
#565 = DIRECTION ( 'NONE',  ( 0.000000000000000000, 0.000000000000000000, -1.000000000000000000 ) ) ;
#566 = LINE ( 'NONE', #1758, #1234 ) ;
#567 = DIRECTION ( 'NONE',  ( 0.000000000000000000, 1.000000000000000000, 0.000000000000000000 ) ) ;
#568 = EDGE_LOOP ( 'NONE', ( #1379, #1917 ) ) ;
#569 = CARTESIAN_POINT ( 'NONE',  ( 57.99999999999999289, 18.00000000000000355, -2.749999999999995559 ) ) ;
#570 = VECTOR ( 'NONE', #1326, 1000.000000000000000 ) ;
#571 = EDGE_CURVE ( 'NONE', #268, #1790, #83, .T. ) ;
#572 = EDGE_CURVE ( 'NONE', #1682, #268, #804, .T. ) ;
#573 = ORIENTED_EDGE ( 'NONE', *, *, #1537, .F. ) ;
#574 = EDGE_CURVE ( 'NONE', #756, #7, #1414, .T. ) ;
#575 = VERTEX_POINT ( 'NONE', #1858 ) ;
#576 = CARTESIAN_POINT ( 'NONE',  ( 57.99999999999999289, 18.00000000000000355, -48.00000000000000000 ) ) ;
#577 = CARTESIAN_POINT ( 'NONE',  ( 3.709198411412454122E-31, 21.00000000000000000, -52.00000000000000000 ) ) ;
#578 = ORIENTED_EDGE ( 'NONE', *, *, #1289, .F. ) ;
#579 = CARTESIAN_POINT ( 'NONE',  ( 6.000000000000000000, 0.000000000000000000, -57.99999999999999289 ) ) ;
#580 = VECTOR ( 'NONE', #672, 1000.000000000000000 ) ;
#581 = CARTESIAN_POINT ( 'NONE',  ( 57.99999999999999289, 18.00000000000000355, -5.999999999999998224 ) ) ;
#582 = ORIENTED_EDGE ( 'NONE', *, *, #1063, .F. ) ;
#583 = ORIENTED_EDGE ( 'NONE', *, *, #38, .T. ) ;
#584 = EDGE_CURVE ( 'NONE', #1459, #1915, #73, .T. ) ;
#585 = CARTESIAN_POINT ( 'NONE',  ( 54.00000000000000000, 18.00000000000000355, -51.25000000000000711 ) ) ;
#586 = CIRCLE ( 'NONE', #1510, 1.500000000000002220 ) ;
#587 = ORIENTED_EDGE ( 'NONE', *, *, #1149, .T. ) ;
#588 = DIRECTION ( 'NONE',  ( -0.000000000000000000, -0.000000000000000000, -1.000000000000000000 ) ) ;
#589 = LINE ( 'NONE', #1114, #242 ) ;
#590 = CIRCLE ( 'NONE', #1103, 2.000000000000001776 ) ;
#591 = DIRECTION ( 'NONE',  ( -1.000000000000000000, 0.000000000000000000, 0.000000000000000000 ) ) ;
#592 = ORIENTED_EDGE ( 'NONE', *, *, #1463, .T. ) ;
#593 = ORIENTED_EDGE ( 'NONE', *, *, #935, .T. ) ;
#594 = DIRECTION ( 'NONE',  ( -1.000000000000000000, -0.000000000000000000, -0.000000000000000000 ) ) ;
#595 = FACE_OUTER_BOUND ( 'NONE', #1018, .T. ) ;
#596 = EDGE_CURVE ( 'NONE', #735, #1746, #1733, .T. ) ;
#597 = ORIENTED_EDGE ( 'NONE', *, *, #1278, .T. ) ;
#598 = CARTESIAN_POINT ( 'NONE',  ( 1.999999999999999556, 21.00000000000000000, -52.00000000000000000 ) ) ;
#599 = FACE_OUTER_BOUND ( 'NONE', #1197, .T. ) ;
#600 = CARTESIAN_POINT ( 'NONE',  ( -4.000000000000000000, 18.00000000000000355, -9.250000000000001776 ) ) ;
#601 = ORIENTED_EDGE ( 'NONE', *, *, #84, .T. ) ;
#602 = AXIS2_PLACEMENT_3D ( 'NONE', #1009, #1785, #1763 ) ;
#603 = EDGE_LOOP ( 'NONE', ( #1296, #439, #501, #1932 ) ) ;
#604 = AXIS2_PLACEMENT_3D ( 'NONE', #1922, #426, #1329 ) ;
#605 = DIRECTION ( 'NONE',  ( 0.000000000000000000, 1.000000000000000000, 0.000000000000000000 ) ) ;
#606 = DIRECTION ( 'NONE',  ( -0.000000000000000000, 1.000000000000000000, -0.000000000000000000 ) ) ;
#607 = AXIS2_PLACEMENT_3D ( 'NONE', #372, #815, #638 ) ;
#608 = EDGE_LOOP ( 'NONE', ( #1734, #429, #628, #6, #1828, #923, #23, #831, #525, #395, #1116, #716 ) ) ;
#609 = DIRECTION ( 'NONE',  ( 0.000000000000000000, -1.000000000000000000, 0.000000000000000000 ) ) ;
#610 = DIRECTION ( 'NONE',  ( 8.659560562354876159E-17, -0.7071067811865521247, 0.7071067811865430208 ) ) ;
#611 = EDGE_CURVE ( 'NONE', #98, #788, #650, .T. ) ;
#612 = LINE ( 'NONE', #1657, #1630 ) ;
#613 = APPLICATION_CONTEXT ( 'automotive_design' ) ;
#614 = ORIENTED_EDGE ( 'NONE', *, *, #1601, .T. ) ;
#615 = ORIENTED_EDGE ( 'NONE', *, *, #1463, .F. ) ;
#616 = CARTESIAN_POINT ( 'NONE',  ( 54.00000000000000000, 21.00000000000000000, -54.00000000000000000 ) ) ;
#617 = ORIENTED_EDGE ( 'NONE', *, *, #281, .F. ) ;
#618 = CARTESIAN_POINT ( 'NONE',  ( 54.00000000000000000, 21.00000000000000000, -54.00000000000000000 ) ) ;
#619 = DIRECTION ( 'NONE',  ( 0.000000000000000000, 0.000000000000000000, -1.000000000000000000 ) ) ;
#620 = DIRECTION ( 'NONE',  ( -1.000000000000000000, 0.000000000000000000, 0.000000000000000000 ) ) ;
#621 = AXIS2_PLACEMENT_3D ( 'NONE', #1547, #642, #936 ) ;
#622 = DIRECTION ( 'NONE',  ( -0.000000000000000000, -1.000000000000000000, -0.000000000000000000 ) ) ;
#623 = EDGE_CURVE ( 'NONE', #1187, #1539, #1725, .T. ) ;
#624 = ORIENTED_EDGE ( 'NONE', *, *, #228, .T. ) ;
#625 = EDGE_CURVE ( 'NONE', #972, #1795, #967, .T. ) ;
#626 = ORIENTED_EDGE ( 'NONE', *, *, #124, .F. ) ;
#627 = CARTESIAN_POINT ( 'NONE',  ( 45.00000000000000000, 21.00000000000000000, 0.000000000000000000 ) ) ;
#628 = ORIENTED_EDGE ( 'NONE', *, *, #180, .F. ) ;
#629 = DIRECTION ( 'NONE',  ( 0.000000000000000000, 1.000000000000000000, -0.000000000000000000 ) ) ;
#630 = DIRECTION ( 'NONE',  ( 0.000000000000000000, 1.000000000000000000, 0.000000000000000000 ) ) ;
#631 = DIRECTION ( 'NONE',  ( 0.000000000000000000, 0.000000000000000000, -1.000000000000000000 ) ) ;
#632 = EDGE_LOOP ( 'NONE', ( #147, #1232, #512, #1238 ) ) ;
#633 = VECTOR ( 'NONE', #1596, 1000.000000000000000 ) ;
#634 = EDGE_CURVE ( 'NONE', #1139, #559, #1548, .T. ) ;
#635 = CARTESIAN_POINT ( 'NONE',  ( -4.000000000000000000, 21.00000000000000000, -49.50000000000000000 ) ) ;
#636 = VECTOR ( 'NONE', #620, 1000.000000000000000 ) ;
#637 = ORIENTED_EDGE ( 'NONE', *, *, #398, .F. ) ;
#638 = DIRECTION ( 'NONE',  ( 0.000000000000000000, 0.000000000000000000, 1.000000000000000000 ) ) ;
#639 = DIRECTION ( 'NONE',  ( 0.000000000000000000, 1.000000000000000000, 0.000000000000000000 ) ) ;
#640 = AXIS2_PLACEMENT_3D ( 'NONE', #54, #1543, #1880 ) ;
#641 = FACE_OUTER_BOUND ( 'NONE', #1894, .T. ) ;
#642 = DIRECTION ( 'NONE',  ( 0.000000000000000000, 1.000000000000000000, 0.000000000000000000 ) ) ;
#643 = CARTESIAN_POINT ( 'NONE',  ( 0.000000000000000000, 21.00000000000000000, -54.99999999999999289 ) ) ;
#644 = VERTEX_POINT ( 'NONE', #1703 ) ;
#645 = CARTESIAN_POINT ( 'NONE',  ( -4.000000000000000000, 18.00000000000000355, -51.00000000000000711 ) ) ;
#646 = ORIENTED_EDGE ( 'NONE', *, *, #1629, .T. ) ;
#647 = DIRECTION ( 'NONE',  ( 0.000000000000000000, 0.000000000000000000, -1.000000000000000000 ) ) ;
#648 = EDGE_CURVE ( 'NONE', #1382, #1441, #722, .T. ) ;
#649 = CARTESIAN_POINT ( 'NONE',  ( 3.851859888774471706E-31, 21.00000000000000000, -51.00000000000000000 ) ) ;
#650 = LINE ( 'NONE', #1267, #1711 ) ;
#651 = AXIS2_PLACEMENT_3D ( 'NONE', #165, #1950, #1191 ) ;
#652 = LINE ( 'NONE', #1693, #667 ) ;
#653 = CARTESIAN_POINT ( 'NONE',  ( 57.99999999999999289, 18.00000000000000355, -5.999999999999998224 ) ) ;
#654 = ORIENTED_EDGE ( 'NONE', *, *, #1658, .F. ) ;
#655 = FACE_OUTER_BOUND ( 'NONE', #250, .T. ) ;
#656 = CYLINDRICAL_SURFACE ( 'NONE', #1079, 3.250000000000002665 ) ;
#657 = EDGE_CURVE ( 'NONE', #1071, #972, #1847, .T. ) ;
#658 = VECTOR ( 'NONE', #1605, 1000.000000000000000 ) ;
#659 = EDGE_CURVE ( 'NONE', #268, #67, #198, .T. ) ;
#660 = DIRECTION ( 'NONE',  ( 0.000000000000000000, 0.000000000000000000, -1.000000000000000000 ) ) ;
#661 = DIRECTION ( 'NONE',  ( 1.000000000000000000, 0.000000000000000000, 0.000000000000000000 ) ) ;
#662 = EDGE_LOOP ( 'NONE', ( #1322, #553, #969, #654 ) ) ;
#663 = CARTESIAN_POINT ( 'NONE',  ( 44.00000000000000000, 20.99999999999999645, -54.99999999999999289 ) ) ;
#664 = CARTESIAN_POINT ( 'NONE',  ( 3.851859888774471706E-31, 21.00000000000000000, -54.00000000000000000 ) ) ;
#665 = FACE_OUTER_BOUND ( 'NONE', #1457, .T. ) ;
#666 = AXIS2_PLACEMENT_3D ( 'NONE', #103, #413, #721 ) ;
#667 = VECTOR ( 'NONE', #1130, 1000.000000000000000 ) ;
#668 = AXIS2_PLACEMENT_3D ( 'NONE', #1864, #1125, #675 ) ;
#669 = CARTESIAN_POINT ( 'NONE',  ( 54.00000000000000000, 18.00000000000000355, -9.250000000000001776 ) ) ;
#670 = VECTOR ( 'NONE', #252, 1000.000000000000000 ) ;
#671 = EDGE_CURVE ( 'NONE', #1869, #1255, #229, .T. ) ;
#672 = DIRECTION ( 'NONE',  ( -0.000000000000000000, 1.000000000000000000, -0.000000000000000000 ) ) ;
#673 = VECTOR ( 'NONE', #1939, 1000.000000000000000 ) ;
#674 = ORIENTED_EDGE ( 'NONE', *, *, #271, .T. ) ;
#675 = DIRECTION ( 'NONE',  ( 0.000000000000000000, 0.000000000000000000, -1.000000000000000000 ) ) ;
#676 = DIRECTION ( 'NONE',  ( -0.000000000000000000, -0.000000000000000000, -1.000000000000000000 ) ) ;
#677 = CARTESIAN_POINT ( 'NONE',  ( 0.000000000000000000, 21.00000000000000000, 0.000000000000000000 ) ) ;
#678 = DIRECTION ( 'NONE',  ( 0.000000000000000000, 0.000000000000000000, 1.000000000000000000 ) ) ;
#679 = VERTEX_POINT ( 'NONE', #1286 ) ;
#680 = CARTESIAN_POINT ( 'NONE',  ( 9.000000000000000000, 21.00000000000000000, 0.000000000000000000 ) ) ;
#681 = EDGE_CURVE ( 'NONE', #1229, #194, #950, .T. ) ;
#682 = AXIS2_PLACEMENT_3D ( 'NONE', #761, #1045, #1626 ) ;
#683 = VERTEX_POINT ( 'NONE', #1140 ) ;
#684 = EDGE_LOOP ( 'NONE', ( #167, #1390, #1453, #1593 ) ) ;
#685 = LINE ( 'NONE', #380, #1305 ) ;
#686 = VECTOR ( 'NONE', #594, 1000.000000000000000 ) ;
#687 = DIRECTION ( 'NONE',  ( 0.000000000000000000, 1.000000000000000000, 0.000000000000000000 ) ) ;
#688 = ORIENTED_EDGE ( 'NONE', *, *, #1717, .T. ) ;
#689 = LINE ( 'NONE', #579, #1241 ) ;
#690 = ORIENTED_EDGE ( 'NONE', *, *, #1160, .T. ) ;
#691 = CARTESIAN_POINT ( 'NONE',  ( 3.709198411412454122E-31, 0.000000000000000000, -52.00000000000000000 ) ) ;
#692 = ADVANCED_FACE ( 'NONE', ( #856 ), #1754, .T. ) ;
#693 = PLANE ( 'NONE',  #44 ) ;
#694 = ORIENTED_EDGE ( 'NONE', *, *, #203, .F. ) ;
#695 = FACE_OUTER_BOUND ( 'NONE', #186, .T. ) ;
#696 = AXIS2_PLACEMENT_3D ( 'NONE', #1138, #236, #1606 ) ;
#697 = AXIS2_PLACEMENT_3D ( 'NONE', #34, #894, #1515 ) ;
#698 = VERTEX_POINT ( 'NONE', #388 ) ;
#699 = CARTESIAN_POINT ( 'NONE',  ( 54.00000000000000000, 18.00000000000000355, -2.749999999999995559 ) ) ;
#700 = DIRECTION ( 'NONE',  ( -0.000000000000000000, 1.000000000000000000, -0.000000000000000000 ) ) ;
#701 = FACE_OUTER_BOUND ( 'NONE', #237, .T. ) ;
#702 = EDGE_CURVE ( 'NONE', #1284, #1639, #705, .T. ) ;
#703 = ORIENTED_EDGE ( 'NONE', *, *, #458, .F. ) ;
#704 = CARTESIAN_POINT ( 'NONE',  ( 57.99999999999999289, 18.00000000000000355, -48.00000000000000000 ) ) ;
#705 = LINE ( 'NONE', #1169, #1361 ) ;
#706 = ORIENTED_EDGE ( 'NONE', *, *, #611, .F. ) ;
#707 = EDGE_LOOP ( 'NONE', ( #674, #115 ) ) ;
#708 = DIRECTION ( 'NONE',  ( 0.000000000000000000, 0.000000000000000000, 1.000000000000000000 ) ) ;
#709 = AXIS2_PLACEMENT_3D ( 'NONE', #1944, #1836, #174 ) ;
#710 = DIRECTION ( 'NONE',  ( 1.000000000000000000, 0.000000000000000000, -0.000000000000000000 ) ) ;
#711 = ORIENTED_EDGE ( 'NONE', *, *, #1689, .T. ) ;
#712 = LINE ( 'NONE', #866, #1302 ) ;
#713 = EDGE_CURVE ( 'NONE', #434, #399, #757, .T. ) ;
#714 = EDGE_CURVE ( 'NONE', #399, #1006, #247, .T. ) ;
#715 = ADVANCED_FACE ( 'NONE', ( #1804, #1816, #437, #304, #1518 ), #754, .F. ) ;
#716 = ORIENTED_EDGE ( 'NONE', *, *, #1839, .F. ) ;
#717 = ORIENTED_EDGE ( 'NONE', *, *, #1244, .T. ) ;
#718 = CARTESIAN_POINT ( 'NONE',  ( 8.000000000000000000, 21.00000000000000000, -57.99999999999999289 ) ) ;
#719 = VECTOR ( 'NONE', #700, 1000.000000000000000 ) ;
#720 = ORIENTED_EDGE ( 'NONE', *, *, #1377, .T. ) ;
#721 = DIRECTION ( 'NONE',  ( 0.000000000000000000, 0.000000000000000000, 1.000000000000000000 ) ) ;
#722 = CIRCLE ( 'NONE', #1679, 3.000000000000002665 ) ;
#723 = AXIS2_PLACEMENT_3D ( 'NONE', #1008, #1609, #1773 ) ;
#724 = CARTESIAN_POINT ( 'NONE',  ( 57.99999999999999289, 18.00000000000000355, -48.00000000000000000 ) ) ;
#725 = VECTOR ( 'NONE', #273, 1000.000000000000000 ) ;
#726 = ADVANCED_FACE ( 'NONE', ( #506 ), #1724, .F. ) ;
#727 = VERTEX_POINT ( 'NONE', #1731 ) ;
#728 = VERTEX_POINT ( 'NONE', #1562 ) ;
#729 = LINE ( 'NONE', #111, #733 ) ;
#730 =( NAMED_UNIT ( * ) SI_UNIT ( $, .STERADIAN. ) SOLID_ANGLE_UNIT ( ) );
#731 = ORIENTED_EDGE ( 'NONE', *, *, #109, .F. ) ;
#732 = CARTESIAN_POINT ( 'NONE',  ( 2.999999999999999556, 3.000000000000000000, 2.139922160430262120E-32 ) ) ;
#733 = VECTOR ( 'NONE', #1309, 1000.000000000000000 ) ;
#734 = DIRECTION ( 'NONE',  ( 0.000000000000000000, 1.000000000000000000, -0.000000000000000000 ) ) ;
#735 = VERTEX_POINT ( 'NONE', #785 ) ;
#736 = EDGE_CURVE ( 'NONE', #1373, #1879, #853, .T. ) ;
#737 = EDGE_LOOP ( 'NONE', ( #826, #1728, #1429, #77 ) ) ;
#738 = DIRECTION ( 'NONE',  ( -1.000000000000000000, 0.000000000000000000, -0.000000000000000000 ) ) ;
#739 = SURFACE_SIDE_STYLE ('',( #1482 ) ) ;
#740 = AXIS2_PLACEMENT_3D ( 'NONE', #1222, #873, #22 ) ;
#741 = ORIENTED_EDGE ( 'NONE', *, *, #1132, .T. ) ;
#742 = CARTESIAN_POINT ( 'NONE',  ( 2.999999999999999556, 3.000000000000000000, -51.00000000000000000 ) ) ;
#743 = LINE ( 'NONE', #1803, #1599 ) ;
#744 = DIRECTION ( 'NONE',  ( 0.000000000000000000, 1.000000000000000000, 0.000000000000000000 ) ) ;
#745 = DIRECTION ( 'NONE',  ( -1.000000000000000000, 0.000000000000000000, -0.000000000000000000 ) ) ;
#746 = ORIENTED_EDGE ( 'NONE', *, *, #799, .T. ) ;
#747 = EDGE_LOOP ( 'NONE', ( #204, #626, #255, #637 ) ) ;
#748 = CARTESIAN_POINT ( 'NONE',  ( 57.99999999999999289, 21.00000000000000000, -9.250000000000001776 ) ) ;
#749 = DIRECTION ( 'NONE',  ( 0.000000000000000000, 1.000000000000000000, 0.000000000000000000 ) ) ;
#750 = EDGE_LOOP ( 'NONE', ( #464, #1353, #1618, #33 ) ) ;
#751 = CARTESIAN_POINT ( 'NONE',  ( 1.999999999999999112, 21.00000000000000000, 0.000000000000000000 ) ) ;
#752 = ADVANCED_FACE ( 'NONE', ( #70 ), #1882, .T. ) ;
#753 = CARTESIAN_POINT ( 'NONE',  ( 1.999999999999999556, 21.00000000000000000, -54.00000000000000000 ) ) ;
#754 = PLANE ( 'NONE',  #1555 ) ;
#755 = DIRECTION ( 'NONE',  ( -0.000000000000000000, -1.000000000000000000, -0.000000000000000000 ) ) ;
#756 = VERTEX_POINT ( 'NONE', #1545 ) ;
#757 = CIRCLE ( 'NONE', #1494, 3.250000000000002665 ) ;
#758 = ORIENTED_EDGE ( 'NONE', *, *, #109, .T. ) ;
#759 = CIRCLE ( 'NONE', #858, 1.500000000000010880 ) ;
#760 = PLANE ( 'NONE',  #1955 ) ;
#761 = CARTESIAN_POINT ( 'NONE',  ( 1.999999999999999112, 0.000000000000000000, -1.999999999999999556 ) ) ;
#762 = CONICAL_SURFACE ( 'NONE', #1368, 3.000000000000002665, 0.7853981633974421728 ) ;
#763 = ORIENTED_EDGE ( 'NONE', *, *, #397, .F. ) ;
#764 = FACE_OUTER_BOUND ( 'NONE', #1819, .T. ) ;
#765 = AXIS2_PLACEMENT_3D ( 'NONE', #164, #1808, #1076 ) ;
#766 = DIRECTION ( 'NONE',  ( -1.000000000000000000, 0.000000000000000000, 0.000000000000000000 ) ) ;
#767 = ADVANCED_FACE ( 'NONE', ( #665 ), #1259, .T. ) ;
#768 = ADVANCED_FACE ( 'NONE', ( #641 ), #1572, .T. ) ;
#769 = DIRECTION ( 'NONE',  ( 0.000000000000000000, 0.000000000000000000, -1.000000000000000000 ) ) ;
#770 = ORIENTED_EDGE ( 'NONE', *, *, #1778, .T. ) ;
#771 = FACE_OUTER_BOUND ( 'NONE', #53, .T. ) ;
#772 = ORIENTED_EDGE ( 'NONE', *, *, #671, .F. ) ;
#773 = FACE_OUTER_BOUND ( 'NONE', #175, .T. ) ;
#774 = DIRECTION ( 'NONE',  ( 0.000000000000000000, 0.000000000000000000, -1.000000000000000000 ) ) ;
#775 = AXIS2_PLACEMENT_3D ( 'NONE', #1857, #1433, #631 ) ;
#776 = EDGE_CURVE ( 'NONE', #331, #7, #944, .T. ) ;
#777 = CARTESIAN_POINT ( 'NONE',  ( 5.898059818321154218E-14, 21.00000000000000000, -51.00000000000005684 ) ) ;
#778 = ORIENTED_EDGE ( 'NONE', *, *, #1648, .T. ) ;
#779 = EDGE_CURVE ( 'NONE', #1872, #881, #1710, .T. ) ;
#780 = ORIENTED_EDGE ( 'NONE', *, *, #1135, .F. ) ;
#781 = DIRECTION ( 'NONE',  ( -0.000000000000000000, -1.000000000000000000, -0.000000000000000000 ) ) ;
#782 = ORIENTED_EDGE ( 'NONE', *, *, #1566, .F. ) ;
#783 = CARTESIAN_POINT ( 'NONE',  ( 8.000000000000000000, 0.000000000000000000, -55.99999999999999289 ) ) ;
#784 = FACE_OUTER_BOUND ( 'NONE', #848, .T. ) ;
#785 = CARTESIAN_POINT ( 'NONE',  ( 8.878689293818306130E-16, 21.00000000000000000, -51.25000000000000711 ) ) ;
#786 = CARTESIAN_POINT ( 'NONE',  ( 3.851859888774471706E-31, 21.00000000000000000, -54.00000000000000000 ) ) ;
#787 = DIRECTION ( 'NONE',  ( -0.000000000000000000, -1.000000000000000000, -0.000000000000000000 ) ) ;
#788 = VERTEX_POINT ( 'NONE', #216 ) ;
#789 = EDGE_CURVE ( 'NONE', #1901, #1511, #1113, .T. ) ;
#790 = VECTOR ( 'NONE', #946, 1000.000000000000000 ) ;
#791 = AXIS2_PLACEMENT_3D ( 'NONE', #196, #1825, #495 ) ;
#792 = ORIENTED_EDGE ( 'NONE', *, *, #1276, .F. ) ;
#793 = DIRECTION ( 'NONE',  ( 0.000000000000000000, 0.000000000000000000, 1.000000000000000000 ) ) ;
#794 = LINE ( 'NONE', #1528, #542 ) ;
#795 = VECTOR ( 'NONE', #1297, 1000.000000000000000 ) ;
#796 = DIRECTION ( 'NONE',  ( 0.000000000000000000, 0.000000000000000000, -1.000000000000000000 ) ) ;
#797 = AXIS2_PLACEMENT_3D ( 'NONE', #360, #1704, #341 ) ;
#798 = CARTESIAN_POINT ( 'NONE',  ( 57.99999999999999289, 18.00000000000000355, -45.00000000000000000 ) ) ;
#799 = EDGE_CURVE ( 'NONE', #881, #1152, #1579, .T. ) ;
#800 = EDGE_CURVE ( 'NONE', #7, #788, #1397, .T. ) ;
#801 = ORIENTED_EDGE ( 'NONE', *, *, #1344, .T. ) ;
#802 = LINE ( 'NONE', #1411, #261 ) ;
#803 = DIRECTION ( 'NONE',  ( -0.000000000000000000, -0.000000000000000000, -1.000000000000000000 ) ) ;
#804 = LINE ( 'NONE', #643, #1777 ) ;
#805 = VECTOR ( 'NONE', #610, 999.9999999999998863 ) ;
#806 = ORIENTED_EDGE ( 'NONE', *, *, #800, .F. ) ;
#807 = PLANE ( 'NONE',  #955 ) ;
#808 = LINE ( 'NONE', #62, #1422 ) ;
#809 = CARTESIAN_POINT ( 'NONE',  ( 57.99999999999999289, 19.50000000000001421, -48.00000000000000000 ) ) ;
#810 = ADVANCED_FACE ( 'NONE', ( #557 ), #1175, .T. ) ;
#811 = DIRECTION ( 'NONE',  ( 0.000000000000000000, 1.000000000000000000, 0.000000000000000000 ) ) ;
#812 = VECTOR ( 'NONE', #1146, 1000.000000000000000 ) ;
#813 =( NAMED_UNIT ( * ) SI_UNIT ( $, .STERADIAN. ) SOLID_ANGLE_UNIT ( ) );
#814 = VERTEX_POINT ( 'NONE', #830 ) ;
#815 = DIRECTION ( 'NONE',  ( 0.000000000000000000, 1.000000000000000000, 0.000000000000000000 ) ) ;
#816 = CIRCLE ( 'NONE', #1874, 1.500000000000001332 ) ;
#817 = LINE ( 'NONE', #954, #1673 ) ;
#818 = LINE ( 'NONE', #777, #833 ) ;
#819 = CARTESIAN_POINT ( 'NONE',  ( -4.000000000000000000, 19.50000000000002132, -48.00000000000000000 ) ) ;
#820 = VECTOR ( 'NONE', #1943, 1000.000000000000000 ) ;
#821 = ORIENTED_EDGE ( 'NONE', *, *, #862, .F. ) ;
#822 = EDGE_CURVE ( 'NONE', #1451, #1650, #1740, .T. ) ;
#823 = DIRECTION ( 'NONE',  ( 0.000000000000000000, 1.000000000000000000, 0.000000000000000000 ) ) ;
#824 = CONICAL_SURFACE ( 'NONE', #1402, 3.000000000000002665, 0.7853981633974418397 ) ;
#825 = ORIENTED_EDGE ( 'NONE', *, *, #1260, .T. ) ;
#826 = ORIENTED_EDGE ( 'NONE', *, *, #1838, .F. ) ;
#827 = LINE ( 'NONE', #1317, #1557 ) ;
#828 = LINE ( 'NONE', #1281, #314 ) ;
#829 = DIRECTION ( 'NONE',  ( 7.133073868100875101E-33, 0.000000000000000000, -1.000000000000000000 ) ) ;
#830 = CARTESIAN_POINT ( 'NONE',  ( 54.00000000000000000, 21.00000000000000000, -9.250000000000001776 ) ) ;
#831 = ORIENTED_EDGE ( 'NONE', *, *, #1592, .T. ) ;
#832 = ORIENTED_EDGE ( 'NONE', *, *, #623, .F. ) ;
#833 = VECTOR ( 'NONE', #1282, 1000.000000000000000 ) ;
#834 = CIRCLE ( 'NONE', #1383, 3.000000000000002665 ) ;
#835 = ADVANCED_FACE ( 'NONE', ( #1293 ), #693, .F. ) ;
#836 = EDGE_LOOP ( 'NONE', ( #846, #1607, #49, #1162 ) ) ;
#837 = EDGE_LOOP ( 'NONE', ( #290, #746, #481, #158 ) ) ;
#838 = CARTESIAN_POINT ( 'NONE',  ( -4.000000000000000000, 21.00000000000000000, -9.250000000000001776 ) ) ;
#839 = CIRCLE ( 'NONE', #1269, 2.000000000000001776 ) ;
#840 = STYLED_ITEM ( 'NONE', ( #299 ), #1001 ) ;
#841 = CARTESIAN_POINT ( 'NONE',  ( 1.999999999999999112, 21.00000000000000000, 0.000000000000000000 ) ) ;
#842 = CARTESIAN_POINT ( 'NONE',  ( 0.000000000000000000, 21.00000000000000000, -2.999999999999999556 ) ) ;
#843 = ORIENTED_EDGE ( 'NONE', *, *, #308, .T. ) ;
#844 = DIRECTION ( 'NONE',  ( -7.133073868100873733E-33, 0.000000000000000000, 1.000000000000000000 ) ) ;
#845 = CARTESIAN_POINT ( 'NONE',  ( -4.000000000000000000, 21.00000000000000000, -2.749999999999995559 ) ) ;
#846 = ORIENTED_EDGE ( 'NONE', *, *, #238, .T. ) ;
#847 = ADVANCED_FACE ( 'NONE', ( #701 ), #1911, .T. ) ;
#848 = EDGE_LOOP ( 'NONE', ( #1659, #1172, #1002, #416 ) ) ;
#849 = LINE ( 'NONE', #699, #173 ) ;
#850 = CARTESIAN_POINT ( 'NONE',  ( 9.000000000000000000, 21.00000000000000000, -54.99999999999999289 ) ) ;
#851 = CARTESIAN_POINT ( 'NONE',  ( 6.000000000000000000, 21.00000000000000000, -57.99999999999999289 ) ) ;
#852 = ORIENTED_EDGE ( 'NONE', *, *, #1011, .F. ) ;
#853 = CIRCLE ( 'NONE', #983, 1.500000000000001332 ) ;
#854 = ORIENTED_EDGE ( 'NONE', *, *, #1701, .F. ) ;
#855 = VECTOR ( 'NONE', #1761, 1000.000000000000000 ) ;
#856 = FACE_OUTER_BOUND ( 'NONE', #307, .T. ) ;
#857 = AXIS2_PLACEMENT_3D ( 'NONE', #465, #1047, #178 ) ;
#858 = AXIS2_PLACEMENT_3D ( 'NONE', #1736, #1256, #1708 ) ;
#859 = ORIENTED_EDGE ( 'NONE', *, *, #876, .F. ) ;
#860 = FACE_OUTER_BOUND ( 'NONE', #1181, .T. ) ;
#861 = EDGE_CURVE ( 'NONE', #1016, #461, #1920, .T. ) ;
#862 = EDGE_CURVE ( 'NONE', #1479, #1692, #1005, .T. ) ;
#863 = CARTESIAN_POINT ( 'NONE',  ( 8.000000000000000000, 21.00000000000000000, -55.99999999999999289 ) ) ;
#864 = DIRECTION ( 'NONE',  ( 0.000000000000000000, 0.000000000000000000, -1.000000000000000000 ) ) ;
#865 = ORIENTED_EDGE ( 'NONE', *, *, #867, .T. ) ;
#866 = CARTESIAN_POINT ( 'NONE',  ( -4.000000000000000000, 18.00000000000000355, -49.50000000000000000 ) ) ;
#867 = EDGE_CURVE ( 'NONE', #37, #735, #1444, .T. ) ;
#868 = ORIENTED_EDGE ( 'NONE', *, *, #659, .F. ) ;
#869 = ORIENTED_EDGE ( 'NONE', *, *, #86, .F. ) ;
#870 = VECTOR ( 'NONE', #382, 1000.000000000000000 ) ;
#871 = VECTOR ( 'NONE', #605, 1000.000000000000000 ) ;
#872 = DIRECTION ( 'NONE',  ( 0.000000000000000000, 0.000000000000000000, 1.000000000000000000 ) ) ;
#873 = DIRECTION ( 'NONE',  ( 0.000000000000000000, 1.000000000000000000, 0.000000000000000000 ) ) ;
#874 = ORIENTED_EDGE ( 'NONE', *, *, #281, .T. ) ;
#875 = EDGE_LOOP ( 'NONE', ( #142, #1352, #1942, #1549 ) ) ;
#876 = EDGE_CURVE ( 'NONE', #1879, #1373, #1299, .T. ) ;
#877 = ORIENTED_EDGE ( 'NONE', *, *, #1839, .T. ) ;
#878 = VERTEX_POINT ( 'NONE', #101 ) ;
#879 = LINE ( 'NONE', #1190, #673 ) ;
#880 = DIRECTION ( 'NONE',  ( 0.000000000000000000, 0.000000000000000000, 1.000000000000000000 ) ) ;
#881 = VERTEX_POINT ( 'NONE', #1166 ) ;
#882 = LINE ( 'NONE', #130, #1427 ) ;
#883 = EDGE_CURVE ( 'NONE', #1697, #727, #816, .T. ) ;
#884 = VECTOR ( 'NONE', #112, 1000.000000000000000 ) ;
#885 = AXIS2_PLACEMENT_3D ( 'NONE', #179, #915, #774 ) ;
#886 = DIRECTION ( 'NONE',  ( 0.000000000000000000, 0.000000000000000000, -1.000000000000000000 ) ) ;
#887 = VECTOR ( 'NONE', #1802, 1000.000000000000000 ) ;
#888 = ORIENTED_EDGE ( 'NONE', *, *, #571, .F. ) ;
#889 = VECTOR ( 'NONE', #346, 1000.000000000000000 ) ;
#890 = ORIENTED_EDGE ( 'NONE', *, *, #1230, .T. ) ;
#891 = DIRECTION ( 'NONE',  ( 0.000000000000000000, -1.000000000000000000, 0.000000000000000000 ) ) ;
#892 = LINE ( 'NONE', #475, #1862 ) ;
#893 = ORIENTED_EDGE ( 'NONE', *, *, #521, .F. ) ;
#894 = DIRECTION ( 'NONE',  ( 1.000000000000000000, 0.000000000000000000, 0.000000000000000000 ) ) ;
#895 = DIRECTION ( 'NONE',  ( 0.000000000000000000, -1.000000000000000000, 0.000000000000000000 ) ) ;
#896 = DIRECTION ( 'NONE',  ( 1.000000000000000000, 0.000000000000000000, -0.000000000000000000 ) ) ;
#897 = ORIENTED_EDGE ( 'NONE', *, *, #1244, .F. ) ;
#898 = EDGE_CURVE ( 'NONE', #727, #1697, #163, .T. ) ;
#899 = ORIENTED_EDGE ( 'NONE', *, *, #16, .F. ) ;
#900 = PLANE ( 'NONE',  #765 ) ;
#901 = DIRECTION ( 'NONE',  ( 0.000000000000000000, -1.000000000000000000, 0.000000000000000000 ) ) ;
#902 = AXIS2_PLACEMENT_3D ( 'NONE', #1516, #766, #202 ) ;
#903 = ORIENTED_EDGE ( 'NONE', *, *, #1674, .F. ) ;
#904 = DIRECTION ( 'NONE',  ( 1.000000000000000000, 0.000000000000000000, -0.000000000000000000 ) ) ;
#905 = DIRECTION ( 'NONE',  ( 0.000000000000000000, -0.7071067811865497932, -0.7071067811865452413 ) ) ;
#906 = DIRECTION ( 'NONE',  ( 1.000000000000000000, 0.000000000000000000, 0.000000000000000000 ) ) ;
#907 = ORIENTED_EDGE ( 'NONE', *, *, #418, .T. ) ;
#908 = ORIENTED_EDGE ( 'NONE', *, *, #1215, .T. ) ;
#909 = EDGE_CURVE ( 'NONE', #996, #144, #356, .T. ) ;
#910 = CARTESIAN_POINT ( 'NONE',  ( 57.99999999999999289, 18.00000000000000355, -9.000000000000001776 ) ) ;
#911 = CYLINDRICAL_SURFACE ( 'NONE', #227, 2.000000000000001776 ) ;
#912 = EDGE_LOOP ( 'NONE', ( #1338, #1685, #928, #491 ) ) ;
#913 = CARTESIAN_POINT ( 'NONE',  ( 8.878689293818306130E-16, 18.00000000000000355, -2.749999999999995559 ) ) ;
#914 = CARTESIAN_POINT ( 'NONE',  ( 57.99999999999999289, 18.00000000000000355, -9.000000000000001776 ) ) ;
#915 = DIRECTION ( 'NONE',  ( 0.000000000000000000, -1.000000000000000000, 0.000000000000000000 ) ) ;
#916 = CARTESIAN_POINT ( 'NONE',  ( 57.99999999999999289, 19.50000000000000355, -7.500000000000009770 ) ) ;
#917 = ORIENTED_EDGE ( 'NONE', *, *, #51, .T. ) ;
#918 = AXIS2_PLACEMENT_3D ( 'NONE', #842, #244, #1301 ) ;
#919 = VECTOR ( 'NONE', #1933, 1000.000000000000000 ) ;
#920 = CIRCLE ( 'NONE', #1718, 2.000000000000001776 ) ;
#921 = LINE ( 'NONE', #1534, #94 ) ;
#922 = EDGE_CURVE ( 'NONE', #1901, #363, #1781, .T. ) ;
#923 = ORIENTED_EDGE ( 'NONE', *, *, #822, .T. ) ;
#924 = DIRECTION ( 'NONE',  ( 0.000000000000000000, 0.000000000000000000, -1.000000000000000000 ) ) ;
#925 = DIRECTION ( 'NONE',  ( 0.000000000000000000, 0.000000000000000000, 1.000000000000000000 ) ) ;
#926 = ADVANCED_FACE ( 'NONE', ( #1465 ), #225, .F. ) ;
#927 = FACE_OUTER_BOUND ( 'NONE', #912, .T. ) ;
#928 = ORIENTED_EDGE ( 'NONE', *, *, #1637, .T. ) ;
#929 = DIRECTION ( 'NONE',  ( 1.000000000000000000, 0.000000000000000000, -0.000000000000000000 ) ) ;
#930 = ORIENTED_EDGE ( 'NONE', *, *, #1298, .T. ) ;
#931 = CARTESIAN_POINT ( 'NONE',  ( 0.000000000000000000, 21.00000000000000000, -51.00000000000000000 ) ) ;
#932 = FACE_OUTER_BOUND ( 'NONE', #1200, .T. ) ;
#933 = AXIS2_PLACEMENT_3D ( 'NONE', #1824, #1558, #1565 ) ;
#934 = DIRECTION ( 'NONE',  ( -0.000000000000000000, -1.000000000000000000, -0.000000000000000000 ) ) ;
#935 = EDGE_CURVE ( 'NONE', #1030, #728, #1589, .T. ) ;
#936 = DIRECTION ( 'NONE',  ( 0.000000000000000000, 0.000000000000000000, 1.000000000000000000 ) ) ;
#937 = CARTESIAN_POINT ( 'NONE',  ( 57.99999999999999289, 18.00000000000000355, -9.250000000000001776 ) ) ;
#938 = VERTEX_POINT ( 'NONE', #1750 ) ;
#939 = CIRCLE ( 'NONE', #1700, 2.000000000000001776 ) ;
#940 = VECTOR ( 'NONE', #10, 1000.000000000000000 ) ;
#941 = ORIENTED_EDGE ( 'NONE', *, *, #1827, .T. ) ;
#942 = DIRECTION ( 'NONE',  ( 2.081668171172166620E-14, 0.000000000000000000, -1.000000000000000000 ) ) ;
#943 = FACE_OUTER_BOUND ( 'NONE', #259, .T. ) ;
#944 = LINE ( 'NONE', #1553, #1903 ) ;
#945 = FACE_OUTER_BOUND ( 'NONE', #1951, .T. ) ;
#946 = DIRECTION ( 'NONE',  ( -0.000000000000000000, 0.000000000000000000, 1.000000000000000000 ) ) ;
#947 = EDGE_CURVE ( 'NONE', #240, #996, #994, .T. ) ;
#948 = CARTESIAN_POINT ( 'NONE',  ( -4.000000000000000000, 18.00000000000000355, -5.999999999999998224 ) ) ;
#949 = DIRECTION ( 'NONE',  ( -1.000000000000000000, 0.000000000000000000, 0.000000000000000000 ) ) ;
#950 = CIRCLE ( 'NONE', #602, 2.000000000000000444 ) ;
#951 = ORIENTED_EDGE ( 'NONE', *, *, #537, .F. ) ;
#952 = CLOSED_SHELL ( 'NONE', ( #1714, #1087, #1623, #536, #1764, #335, #1420, #1362, #1123, #715, #361, #2, #726, #835, #1526, #1713, #1037, #810, #1449, #1946, #1313, #143, #1180, #752, #1266, #311, #223, #155, #1357, #132, #847, #1450, #1355, #1485, #1499, #975, #446, #1799, #52, #1111, #1072, #1611, #1073, #1509, #1556, #926, #767, #1855, #768, #1801, #1321, #1438, #407, #692, #1099, #1204, #1243, #1926, #97, #436 ) ) ;
#953 = DIRECTION ( 'NONE',  ( 0.000000000000000000, -0.7071067811865521247, -0.7071067811865430208 ) ) ;
#954 = CARTESIAN_POINT ( 'NONE',  ( 8.878689293818306130E-16, 18.00000000000000355, -51.25000000000000711 ) ) ;
#955 = AXIS2_PLACEMENT_3D ( 'NONE', #529, #973, #42 ) ;
#956 = VECTOR ( 'NONE', #1231, 1000.000000000000000 ) ;
#957 = FACE_OUTER_BOUND ( 'NONE', #1654, .T. ) ;
#958 = DIRECTION ( 'NONE',  ( 0.000000000000000000, 0.000000000000000000, -1.000000000000000000 ) ) ;
#959 = ORIENTED_EDGE ( 'NONE', *, *, #166, .T. ) ;
#960 = CARTESIAN_POINT ( 'NONE',  ( -4.000000000000000000, 18.00000000000000355, -9.000000000000001776 ) ) ;
#961 = EDGE_CURVE ( 'NONE', #996, #434, #1319, .T. ) ;
#962 = CARTESIAN_POINT ( 'NONE',  ( 2.999999999999999556, 21.00000000000000000, -51.00000000000000000 ) ) ;
#963 = ORIENTED_EDGE ( 'NONE', *, *, #898, .F. ) ;
#964 = LINE ( 'NONE', #1265, #453 ) ;
#965 = DIRECTION ( 'NONE',  ( 0.000000000000000000, 1.000000000000000000, 0.000000000000000000 ) ) ;
#966 = DIRECTION ( 'NONE',  ( 0.000000000000000000, 1.000000000000000000, 0.000000000000000000 ) ) ;
#967 = LINE ( 'NONE', #937, #1462 ) ;
#968 = AXIS2_PLACEMENT_3D ( 'NONE', #600, #1680, #745 ) ;
#969 = ORIENTED_EDGE ( 'NONE', *, *, #1013, .T. ) ;
#970 = PRODUCT_DEFINITION_SHAPE ( 'NONE', 'NONE',  #1546 ) ;
#971 = CYLINDRICAL_SURFACE ( 'NONE', #1398, 1.500000000000002220 ) ;
#972 = VERTEX_POINT ( 'NONE', #411 ) ;
#973 = DIRECTION ( 'NONE',  ( 0.000000000000000000, -1.000000000000000000, 0.000000000000000000 ) ) ;
#974 = EDGE_CURVE ( 'NONE', #1246, #1480, #1474, .T. ) ;
#975 = ADVANCED_FACE ( 'NONE', ( #595 ), #911, .T. ) ;
#976 = PLANE ( 'NONE',  #1051 ) ;
#977 = DIRECTION ( 'NONE',  ( 0.000000000000000000, 0.000000000000000000, 1.000000000000000000 ) ) ;
#978 = ORIENTED_EDGE ( 'NONE', *, *, #1569, .F. ) ;
#979 = CARTESIAN_POINT ( 'NONE',  ( -4.000000000000000000, 18.00000000000000355, -46.50000000000000000 ) ) ;
#980 = APPLICATION_PROTOCOL_DEFINITION ( 'draft international standard', 'automotive_design', 1998, #310 ) ;
#981 = ORIENTED_EDGE ( 'NONE', *, *, #1912, .F. ) ;
#982 = CARTESIAN_POINT ( 'NONE',  ( 6.000000000000000000, 0.000000000000000000, -55.99999999999999289 ) ) ;
#983 = AXIS2_PLACEMENT_3D ( 'NONE', #347, #1421, #366 ) ;
#984 = DIRECTION ( 'NONE',  ( 0.000000000000000000, 0.000000000000000000, -1.000000000000000000 ) ) ;
#985 = CARTESIAN_POINT ( 'NONE',  ( 54.00000000000000000, 18.00000000000000355, -9.250000000000001776 ) ) ;
#986 = CARTESIAN_POINT ( 'NONE',  ( -4.000000000000000000, 18.00000000000000355, -5.999999999999998224 ) ) ;
#987 = VECTOR ( 'NONE', #1628, 1000.000000000000000 ) ;
#988 = VERTEX_POINT ( 'NONE', #146 ) ;
#989 = ORIENTED_EDGE ( 'NONE', *, *, #1298, .F. ) ;
#990 = CIRCLE ( 'NONE', #1331, 3.000000000000002665 ) ;
#991 = EDGE_CURVE ( 'NONE', #644, #1207, #1066, .T. ) ;
#992 = VERTEX_POINT ( 'NONE', #313 ) ;
#993 = DIRECTION ( 'NONE',  ( 1.000000000000000000, 0.000000000000000000, -0.000000000000000000 ) ) ;
#994 = LINE ( 'NONE', #1759, #884 ) ;
#995 = ORIENTED_EDGE ( 'NONE', *, *, #584, .F. ) ;
#996 = VERTEX_POINT ( 'NONE', #157 ) ;
#997 = DIRECTION ( 'NONE',  ( 0.000000000000000000, 0.000000000000000000, -1.000000000000000000 ) ) ;
#998 = EDGE_CURVE ( 'NONE', #1796, #1152, #1372, .T. ) ;
#999 = CONICAL_SURFACE ( 'NONE', #1032, 3.000000000000002665, 0.7853981633974450594 ) ;
#1000 = ORIENTED_EDGE ( 'NONE', *, *, #1923, .T. ) ;
#1001 = MANIFOLD_SOLID_BREP ( 'Chamfer1', #952 ) ;
#1002 = ORIENTED_EDGE ( 'NONE', *, *, #1423, .F. ) ;
#1003 = DIRECTION ( 'NONE',  ( 0.000000000000000000, 1.000000000000000000, 0.000000000000000000 ) ) ;
#1004 = DIRECTION ( 'NONE',  ( 0.000000000000000000, 1.000000000000000000, 0.000000000000000000 ) ) ;
#1005 = LINE ( 'NONE', #1931, #1743 ) ;
#1006 = VERTEX_POINT ( 'NONE', #1821 ) ;
#1007 = FACE_OUTER_BOUND ( 'NONE', #608, .T. ) ;
#1008 = CARTESIAN_POINT ( 'NONE',  ( 50.00000000000000000, 0.000000000000000000, -56.00000000000000711 ) ) ;
#1009 = CARTESIAN_POINT ( 'NONE',  ( 1.999999999999999112, 21.00000000000000000, -1.999999999999999556 ) ) ;
#1010 = EDGE_CURVE ( 'NONE', #728, #1721, #590, .T. ) ;
#1011 = EDGE_CURVE ( 'NONE', #297, #756, #1940, .T. ) ;
#1012 = EDGE_LOOP ( 'NONE', ( #443, #1316, #854, #888 ) ) ;
#1013 = EDGE_CURVE ( 'NONE', #575, #1382, #1809, .T. ) ;
#1014 = CARTESIAN_POINT ( 'NONE',  ( 57.99999999999999289, 18.00000000000000355, -5.999999999999998224 ) ) ;
#1015 = CARTESIAN_POINT ( 'NONE',  ( 3.709198411412454122E-31, 21.00000000000000000, -52.00000000000000000 ) ) ;
#1016 = VERTEX_POINT ( 'NONE', #577 ) ;
#1017 = AXIS2_PLACEMENT_3D ( 'NONE', #378, #1424, #74 ) ;
#1018 = EDGE_LOOP ( 'NONE', ( #981, #534, #578, #1621 ) ) ;
#1019 = CONICAL_SURFACE ( 'NONE', #230, 3.000000000000002665, 0.7853981633974418397 ) ;
#1020 = VECTOR ( 'NONE', #1875, 1000.000000000000000 ) ;
#1021 = ORIENTED_EDGE ( 'NONE', *, *, #714, .F. ) ;
#1022 = ORIENTED_EDGE ( 'NONE', *, *, #922, .F. ) ;
#1023 = DIRECTION ( 'NONE',  ( 0.000000000000000000, 1.000000000000000000, -0.000000000000000000 ) ) ;
#1024 = EDGE_CURVE ( 'NONE', #1651, #297, #278, .T. ) ;
#1025 = DIRECTION ( 'NONE',  ( 1.000000000000000000, -0.000000000000000000, 7.133073868100875101E-33 ) ) ;
#1026 = DIRECTION ( 'NONE',  ( 0.000000000000000000, 0.000000000000000000, -1.000000000000000000 ) ) ;
#1027 = EDGE_LOOP ( 'NONE', ( #1830, #279, #1779, #1059 ) ) ;
#1028 = CARTESIAN_POINT ( 'NONE',  ( 57.99999999999999289, 18.00000000000000355, -2.749999999999995559 ) ) ;
#1029 = CARTESIAN_POINT ( 'NONE',  ( 57.99999999999999289, 18.00000000000000355, -51.25000000000000711 ) ) ;
#1030 = VERTEX_POINT ( 'NONE', #1337 ) ;
#1031 = ORIENTED_EDGE ( 'NONE', *, *, #1159, .T. ) ;
#1032 = AXIS2_PLACEMENT_3D ( 'NONE', #581, #622, #1649 ) ;
#1033 = DIRECTION ( 'NONE',  ( -1.000000000000000000, -0.000000000000000000, -0.000000000000000000 ) ) ;
#1034 = CARTESIAN_POINT ( 'NONE',  ( -4.000000000000000000, 18.00000000000000355, -9.000000000000001776 ) ) ;
#1035 = EDGE_CURVE ( 'NONE', #92, #1539, #1829, .T. ) ;
#1036 = EDGE_LOOP ( 'NONE', ( #552, #1751, #1417, #778 ) ) ;
#1037 = ADVANCED_FACE ( 'NONE', ( #1798 ), #1492, .T. ) ;
#1038 = CARTESIAN_POINT ( 'NONE',  ( 57.99999999999999289, 21.00000000000000000, -44.75000000000000000 ) ) ;
#1039 = AXIS2_PLACEMENT_3D ( 'NONE', #1057, #321, #1345 ) ;
#1040 = AXIS2_PLACEMENT_3D ( 'NONE', #502, #1706, #58 ) ;
#1041 = CARTESIAN_POINT ( 'NONE',  ( 6.000000000000000000, 21.00000000000000000, -54.99999999999999289 ) ) ;
#1042 = ORIENTED_EDGE ( 'NONE', *, *, #776, .T. ) ;
#1043 = ORIENTED_EDGE ( 'NONE', *, *, #397, .T. ) ;
#1044 = CARTESIAN_POINT ( 'NONE',  ( 6.000000000000000000, 21.00000000000000000, -57.99999999999999289 ) ) ;
#1045 = DIRECTION ( 'NONE',  ( 0.000000000000000000, -1.000000000000000000, 0.000000000000000000 ) ) ;
#1046 = VERTEX_POINT ( 'NONE', #442 ) ;
#1047 = DIRECTION ( 'NONE',  ( 0.000000000000000000, -1.000000000000000000, 0.000000000000000000 ) ) ;
#1048 = CARTESIAN_POINT ( 'NONE',  ( 8.878689293818306130E-16, 18.00000000000000355, -2.749999999999995559 ) ) ;
#1049 = VECTOR ( 'NONE', #630, 1000.000000000000000 ) ;
#1050 = EDGE_CURVE ( 'NONE', #1347, #20, #467, .T. ) ;
#1051 = AXIS2_PLACEMENT_3D ( 'NONE', #664, #1730, #1738 ) ;
#1052 = FACE_OUTER_BOUND ( 'NONE', #88, .T. ) ;
#1053 = AXIS2_PLACEMENT_3D ( 'NONE', #1193, #1644, #904 ) ;
#1054 = ORIENTED_EDGE ( 'NONE', *, *, #596, .T. ) ;
#1055 = AXIS2_PLACEMENT_3D ( 'NONE', #1767, #1442, #993 ) ;
#1056 = ORIENTED_EDGE ( 'NONE', *, *, #192, .T. ) ;
#1057 = CARTESIAN_POINT ( 'NONE',  ( 57.99999999999999289, 21.00000000000000000, -48.00000000000000000 ) ) ;
#1058 = DIRECTION ( 'NONE',  ( 1.000000000000000000, -0.000000000000000000, -0.000000000000000000 ) ) ;
#1059 = ORIENTED_EDGE ( 'NONE', *, *, #1063, .T. ) ;
#1060 = LINE ( 'NONE', #324, #1363 ) ;
#1061 = CARTESIAN_POINT ( 'NONE',  ( -4.000000000000000000, 21.00000000000000000, -46.50000000000000000 ) ) ;
#1062 = DIRECTION ( 'NONE',  ( 0.000000000000000000, -0.000000000000000000, -1.000000000000000000 ) ) ;
#1063 = EDGE_CURVE ( 'NONE', #1755, #1746, #892, .T. ) ;
#1064 = ORIENTED_EDGE ( 'NONE', *, *, #472, .T. ) ;
#1065 = CARTESIAN_POINT ( 'NONE',  ( 44.00000000000000000, 3.000000000000002665, -54.99999999999999289 ) ) ;
#1066 = LINE ( 'NONE', #1665, #570 ) ;
#1067 = ORIENTED_EDGE ( 'NONE', *, *, #1486, .F. ) ;
#1068 = CARTESIAN_POINT ( 'NONE',  ( -4.000000000000000000, 18.00000000000000355, -2.749999999999995559 ) ) ;
#1069 = PLANE ( 'NONE',  #902 ) ;
#1070 = DIRECTION ( 'NONE',  ( 1.000000000000000000, 0.000000000000000000, 0.000000000000000000 ) ) ;
#1071 = VERTEX_POINT ( 'NONE', #270 ) ;
#1072 = ADVANCED_FACE ( 'NONE', ( #1332 ), #1081, .F. ) ;
#1073 = ADVANCED_FACE ( 'NONE', ( #479 ), #469, .T. ) ;
#1074 = ORIENTED_EDGE ( 'NONE', *, *, #238, .F. ) ;
#1075 = EDGE_CURVE ( 'NONE', #1872, #938, #282, .T. ) ;
#1076 = DIRECTION ( 'NONE',  ( 0.000000000000000000, -0.000000000000000000, -1.000000000000000000 ) ) ;
#1077 = ORIENTED_EDGE ( 'NONE', *, *, #398, .T. ) ;
#1078 = DIRECTION ( 'NONE',  ( 0.000000000000000000, 0.000000000000000000, -1.000000000000000000 ) ) ;
#1079 = AXIS2_PLACEMENT_3D ( 'NONE', #206, #1881, #524 ) ;
#1080 = CARTESIAN_POINT ( 'NONE',  ( 0.000000000000000000, 3.000000000000000000, -54.99999999999999289 ) ) ;
#1081 = CYLINDRICAL_SURFACE ( 'NONE', #709, 1.500000000000001332 ) ;
#1082 = ORIENTED_EDGE ( 'NONE', *, *, #974, .F. ) ;
#1083 = AXIS2_PLACEMENT_3D ( 'NONE', #1029, #997, #1448 ) ;
#1084 = DIRECTION ( 'NONE',  ( 0.000000000000000000, 0.000000000000000000, -1.000000000000000000 ) ) ;
#1085 = ORIENTED_EDGE ( 'NONE', *, *, #861, .T. ) ;
#1086 = DIRECTION ( 'NONE',  ( 1.000000000000000000, 0.000000000000000000, 0.000000000000000000 ) ) ;
#1087 = ADVANCED_FACE ( 'NONE', ( #133 ), #999, .F. ) ;
#1088 = DIRECTION ( 'NONE',  ( 0.000000000000000000, 0.000000000000000000, -1.000000000000000000 ) ) ;
#1089 = CARTESIAN_POINT ( 'NONE',  ( 54.00000000000000000, 21.00000000000000000, -54.00000000000000000 ) ) ;
#1090 = CARTESIAN_POINT ( 'NONE',  ( 1.999999999999999556, 0.000000000000000000, -54.00000000000000000 ) ) ;
#1091 = CARTESIAN_POINT ( 'NONE',  ( 57.99999999999999289, 18.00000000000000355, -44.75000000000000000 ) ) ;
#1092 = ORIENTED_EDGE ( 'NONE', *, *, #776, .F. ) ;
#1093 = LINE ( 'NONE', #1959, #956 ) ;
#1094 = ORIENTED_EDGE ( 'NONE', *, *, #991, .T. ) ;
#1095 = DIRECTION ( 'NONE',  ( 0.000000000000000000, 0.000000000000000000, -1.000000000000000000 ) ) ;
#1096 = DIRECTION ( 'NONE',  ( -7.133073868100873733E-33, 0.000000000000000000, 1.000000000000000000 ) ) ;
#1097 = EDGE_CURVE ( 'NONE', #363, #154, #499, .T. ) ;
#1098 = AXIS2_PLACEMENT_3D ( 'NONE', #1137, #235, #829 ) ;
#1099 = ADVANCED_FACE ( 'NONE', ( #1956, #1052 ), #1498, .F. ) ;
#1100 = CIRCLE ( 'NONE', #1039, 1.500000000000008216 ) ;
#1101 = CARTESIAN_POINT ( 'NONE',  ( -4.000000000000000000, 18.00000000000000355, -48.00000000000000000 ) ) ;
#1102 = DIRECTION ( 'NONE',  ( -1.000000000000000000, -0.000000000000000000, -0.000000000000000000 ) ) ;
#1103 = AXIS2_PLACEMENT_3D ( 'NONE', #1503, #901, #1523 ) ;
#1104 = CARTESIAN_POINT ( 'NONE',  ( -4.000000000000000000, 18.00000000000000355, -48.00000000000000000 ) ) ;
#1105 = CARTESIAN_POINT ( 'NONE',  ( 52.00000000000000000, 21.00000000000000000, -52.00000000000000000 ) ) ;
#1106 = ORIENTED_EDGE ( 'NONE', *, *, #1219, .T. ) ;
#1107 = LINE ( 'NONE', #1404, #1908 ) ;
#1108 = DIRECTION ( 'NONE',  ( 1.000000000000000000, 0.000000000000000000, -0.000000000000000000 ) ) ;
#1109 = DIRECTION ( 'NONE',  ( 0.000000000000000000, 0.000000000000000000, -1.000000000000000000 ) ) ;
#1110 = LINE ( 'NONE', #979, #421 ) ;
#1111 = ADVANCED_FACE ( 'NONE', ( #1794, #438 ), #1196, .T. ) ;
#1112 = LINE ( 'NONE', #1884, #1437 ) ;
#1113 = CIRCLE ( 'NONE', #1425, 1.500000000000008216 ) ;
#1114 = CARTESIAN_POINT ( 'NONE',  ( 57.99999999999999289, 21.00000000000000000, -51.25000000000000711 ) ) ;
#1115 = AXIS2_PLACEMENT_3D ( 'NONE', #1505, #629, #1348 ) ;
#1116 = ORIENTED_EDGE ( 'NONE', *, *, #1788, .F. ) ;
#1117 = VECTOR ( 'NONE', #68, 1000.000000000000000 ) ;
#1118 = CARTESIAN_POINT ( 'NONE',  ( 57.99999999999999289, 18.00000000000000355, -5.999999999999998224 ) ) ;
#1119 = LINE ( 'NONE', #1577, #219 ) ;
#1120 = CIRCLE ( 'NONE', #1497, 2.000000000000001776 ) ;
#1121 = DIRECTION ( 'NONE',  ( 0.000000000000000000, 1.000000000000000000, 0.000000000000000000 ) ) ;
#1122 = FACE_OUTER_BOUND ( 'NONE', #1264, .T. ) ;
#1123 = ADVANCED_FACE ( 'NONE', ( #927 ), #294, .T. ) ;
#1124 = EDGE_LOOP ( 'NONE', ( #1142, #486, #1859, #1581, #1574, #865, #869, #1085, #592, #646, #125, #1807 ) ) ;
#1125 = DIRECTION ( 'NONE',  ( 0.000000000000000000, 1.000000000000000000, -0.000000000000000000 ) ) ;
#1126 = FACE_OUTER_BOUND ( 'NONE', #1567, .T. ) ;
#1127 = EDGE_LOOP ( 'NONE', ( #528, #930, #400, #1342, #87, #183, #1396, #1642, #153, #126, #688, #309 ) ) ;
#1128 = DIRECTION ( 'NONE',  ( 0.000000000000000000, -1.000000000000000000, 0.000000000000000000 ) ) ;
#1129 = AXIS2_PLACEMENT_3D ( 'NONE', #724, #1378, #1186 ) ;
#1130 = DIRECTION ( 'NONE',  ( -0.000000000000000000, 1.000000000000000000, -0.000000000000000000 ) ) ;
#1131 = ORIENTED_EDGE ( 'NONE', *, *, #430, .T. ) ;
#1132 = EDGE_CURVE ( 'NONE', #1327, #728, #1351, .T. ) ;
#1133 = ORIENTED_EDGE ( 'NONE', *, *, #214, .F. ) ;
#1134 = DIRECTION ( 'NONE',  ( -0.000000000000000000, 1.000000000000000000, -0.000000000000000000 ) ) ;
#1135 = EDGE_CURVE ( 'NONE', #113, #1246, #1694, .T. ) ;
#1136 = DIRECTION ( 'NONE',  ( -0.000000000000000000, -1.000000000000000000, -0.000000000000000000 ) ) ;
#1137 = CARTESIAN_POINT ( 'NONE',  ( 2.999999999999999556, 21.00000000000000000, -54.00000000000000000 ) ) ;
#1138 = CARTESIAN_POINT ( 'NONE',  ( -4.000000000000000000, 21.00000000000000000, -48.00000000000000000 ) ) ;
#1139 = VERTEX_POINT ( 'NONE', #1826 ) ;
#1140 = CARTESIAN_POINT ( 'NONE',  ( 57.99999999999999289, 21.00000000000000000, -2.749999999999995559 ) ) ;
#1141 = ORIENTED_EDGE ( 'NONE', *, *, #1817, .T. ) ;
#1142 = ORIENTED_EDGE ( 'NONE', *, *, #1935, .T. ) ;
#1143 = DIRECTION ( 'NONE',  ( -1.000000000000000000, -0.000000000000000000, -0.000000000000000000 ) ) ;
#1144 = AXIS2_PLACEMENT_3D ( 'NONE', #1434, #567, #264 ) ;
#1145 = VECTOR ( 'NONE', #1203, 1000.000000000000000 ) ;
#1146 = DIRECTION ( 'NONE',  ( 0.000000000000000000, -1.000000000000000000, 0.000000000000000000 ) ) ;
#1147 = CARTESIAN_POINT ( 'NONE',  ( 54.00000000000000000, 18.00000000000000355, -2.749999999999995559 ) ) ;
#1148 = CONICAL_SURFACE ( 'NONE', #287, 3.000000000000002665, 0.7853981633974450594 ) ;
#1149 = EDGE_CURVE ( 'NONE', #1187, #1479, #1660, .T. ) ;
#1150 = FACE_OUTER_BOUND ( 'NONE', #1635, .T. ) ;
#1151 = VECTOR ( 'NONE', #1095, 1000.000000000000000 ) ;
#1152 = VERTEX_POINT ( 'NONE', #1507 ) ;
#1153 = VERTEX_POINT ( 'NONE', #1805 ) ;
#1154 = LINE ( 'NONE', #535, #1849 ) ;
#1155 = CARTESIAN_POINT ( 'NONE',  ( 1.426614773620172557E-32, 21.00000000000000000, -2.000000000000001776 ) ) ;
#1156 = CARTESIAN_POINT ( 'NONE',  ( 50.00000000000000000, 21.00000000000000000, -54.00000000000000711 ) ) ;
#1157 = ORIENTED_EDGE ( 'NONE', *, *, #483, .T. ) ;
#1158 = LINE ( 'NONE', #1028, #987 ) ;
#1159 = EDGE_CURVE ( 'NONE', #698, #1887, #1217, .T. ) ;
#1160 = EDGE_CURVE ( 'NONE', #1479, #92, #152, .T. ) ;
#1161 = AXIS2_PLACEMENT_3D ( 'NONE', #9, #451, #1084 ) ;
#1162 = ORIENTED_EDGE ( 'NONE', *, *, #1160, .F. ) ;
#1163 = ORIENTED_EDGE ( 'NONE', *, *, #1778, .F. ) ;
#1164 = DIRECTION ( 'NONE',  ( 0.000000000000000000, 0.000000000000000000, -1.000000000000000000 ) ) ;
#1165 = FACE_OUTER_BOUND ( 'NONE', #1948, .T. ) ;
#1166 = CARTESIAN_POINT ( 'NONE',  ( 10.00000000000000178, 3.000000000000002665, -57.99999999999999289 ) ) ;
#1167 = EDGE_LOOP ( 'NONE', ( #352, #1765, #583, #427 ) ) ;
#1168 = LINE ( 'NONE', #114, #75 ) ;
#1169 = CARTESIAN_POINT ( 'NONE',  ( 8.000000000000000000, 21.00000000000000000, -57.99999999999999289 ) ) ;
#1170 = EDGE_CURVE ( 'NONE', #1896, #1046, #612, .T. ) ;
#1171 = EDGE_LOOP ( 'NONE', ( #989, #1559, #275, #1043 ) ) ;
#1172 = ORIENTED_EDGE ( 'NONE', *, *, #935, .F. ) ;
#1173 = CARTESIAN_POINT ( 'NONE',  ( 48.00000000000000000, 21.00000000000000000, -55.99999999999999289 ) ) ;
#1174 = CARTESIAN_POINT ( 'NONE',  ( 10.00000000000000178, 3.000000000000002665, -54.99999999999999289 ) ) ;
#1175 = PLANE ( 'NONE',  #918 ) ;
#1176 = EDGE_LOOP ( 'NONE', ( #832, #587, #690, #510 ) ) ;
#1177 = AXIS2_PLACEMENT_3D ( 'NONE', #1867, #966, #376 ) ;
#1178 = DIRECTION ( 'NONE',  ( 0.000000000000000000, 0.000000000000000000, 1.000000000000000000 ) ) ;
#1179 = ORIENTED_EDGE ( 'NONE', *, *, #1170, .T. ) ;
#1180 = ADVANCED_FACE ( 'NONE', ( #161 ), #1364, .T. ) ;
#1181 = EDGE_LOOP ( 'NONE', ( #617, #582, #1106, #1064 ) ) ;
#1182 = AXIS2_PLACEMENT_3D ( 'NONE', #948, #1716, #1262 ) ;
#1183 = DIRECTION ( 'NONE',  ( -1.000000000000000000, 0.000000000000000000, 0.000000000000000000 ) ) ;
#1184 = ORIENTED_EDGE ( 'NONE', *, *, #681, .T. ) ;
#1185 = EDGE_LOOP ( 'NONE', ( #1705, #412, #30, #1524 ) ) ;
#1186 = DIRECTION ( 'NONE',  ( 0.000000000000000000, -0.000000000000000000, 1.000000000000000000 ) ) ;
#1187 = VERTEX_POINT ( 'NONE', #916 ) ;
#1188 = VECTOR ( 'NONE', #306, 1000.000000000000000 ) ;
#1189 = ORIENTED_EDGE ( 'NONE', *, *, #572, .T. ) ;
#1190 = CARTESIAN_POINT ( 'NONE',  ( 44.00000000000000000, 3.000000000000002665, -16.52923187665730609 ) ) ;
#1191 = DIRECTION ( 'NONE',  ( 0.000000000000000000, -0.000000000000000000, -1.000000000000000000 ) ) ;
#1192 = ORIENTED_EDGE ( 'NONE', *, *, #1097, .F. ) ;
#1193 = CARTESIAN_POINT ( 'NONE',  ( 6.000000000000000000, 21.00000000000000000, -54.99999999999999289 ) ) ;
#1194 = EDGE_CURVE ( 'NONE', #1046, #1732, #1387, .T. ) ;
#1195 = LINE ( 'NONE', #466, #1343 ) ;
#1196 = PLANE ( 'NONE',  #1447 ) ;
#1197 = EDGE_LOOP ( 'NONE', ( #1810, #1082, #780, #107 ) ) ;
#1198 = ORIENTED_EDGE ( 'NONE', *, *, #373, .F. ) ;
#1199 = FACE_OUTER_BOUND ( 'NONE', #875, .T. ) ;
#1200 = EDGE_LOOP ( 'NONE', ( #1521, #1306, #1466, #1928 ) ) ;
#1201 = CARTESIAN_POINT ( 'NONE',  ( 2.999999999999999556, 21.00000000000000000, -2.999999999999999556 ) ) ;
#1202 = CARTESIAN_POINT ( 'NONE',  ( 3.999999999999999112, 21.00000000000000000, -56.00000000000000000 ) ) ;
#1203 = DIRECTION ( 'NONE',  ( -1.000000000000000000, -0.000000000000000000, -0.000000000000000000 ) ) ;
#1204 = ADVANCED_FACE ( 'NONE', ( #945 ), #1443, .F. ) ;
#1205 = AXIS2_PLACEMENT_3D ( 'NONE', #819, #91, #864 ) ;
#1206 = DIRECTION ( 'NONE',  ( 0.000000000000000000, 0.000000000000000000, -1.000000000000000000 ) ) ;
#1207 = VERTEX_POINT ( 'NONE', #337 ) ;
#1208 = AXIS2_PLACEMENT_3D ( 'NONE', #168, #1677, #924 ) ;
#1209 = CIRCLE ( 'NONE', #1469, 2.000000000000001776 ) ;
#1210 = VERTEX_POINT ( 'NONE', #1090 ) ;
#1211 = DIRECTION ( 'NONE',  ( 0.000000000000000000, 0.000000000000000000, 1.000000000000000000 ) ) ;
#1212 = ORIENTED_EDGE ( 'NONE', *, *, #789, .F. ) ;
#1213 = PLANE ( 'NONE',  #1531 ) ;
#1214 = CARTESIAN_POINT ( 'NONE',  ( -4.000000000000000000, 21.00000000000000000, -5.999999999999998224 ) ) ;
#1215 = EDGE_CURVE ( 'NONE', #541, #814, #1739, .T. ) ;
#1216 = EDGE_CURVE ( 'NONE', #575, #1520, #586, .T. ) ;
#1217 = LINE ( 'NONE', #141, #1381 ) ;
#1218 = ORIENTED_EDGE ( 'NONE', *, *, #789, .T. ) ;
#1219 = EDGE_CURVE ( 'NONE', #1755, #1627, #1762, .T. ) ;
#1220 = ORIENTED_EDGE ( 'NONE', *, *, #1624, .F. ) ;
#1221 = CARTESIAN_POINT ( 'NONE',  ( -4.000000000000000000, 19.50000000000001066, -5.999999999999998224 ) ) ;
#1222 = CARTESIAN_POINT ( 'NONE',  ( 57.99999999999999289, 21.00000000000000000, -5.999999999999998224 ) ) ;
#1223 = CONICAL_SURFACE ( 'NONE', #433, 3.000000000000002665, 0.7853981633974421728 ) ;
#1224 = ORIENTED_EDGE ( 'NONE', *, *, #736, .F. ) ;
#1225 = DIRECTION ( 'NONE',  ( 0.000000000000000000, -1.000000000000000000, 0.000000000000000000 ) ) ;
#1226 = CYLINDRICAL_SURFACE ( 'NONE', #1314, 1.500000000000010880 ) ;
#1227 = CARTESIAN_POINT ( 'NONE',  ( 57.99999999999999289, 19.50000000000000355, -4.499999999999986677 ) ) ;
#1228 = DIRECTION ( 'NONE',  ( 0.000000000000000000, 0.000000000000000000, 1.000000000000000000 ) ) ;
#1229 = VERTEX_POINT ( 'NONE', #1690 ) ;
#1230 = EDGE_CURVE ( 'NONE', #1887, #1913, #190, .T. ) ;
#1231 = DIRECTION ( 'NONE',  ( 0.000000000000000000, 1.000000000000000000, 0.000000000000000000 ) ) ;
#1232 = ORIENTED_EDGE ( 'NONE', *, *, #1637, .F. ) ;
#1233 = DIRECTION ( 'NONE',  ( 1.000000000000000000, -0.000000000000000000, -0.000000000000000000 ) ) ;
#1234 = VECTOR ( 'NONE', #1318, 1000.000000000000000 ) ;
#1235 = CARTESIAN_POINT ( 'NONE',  ( -4.000000000000000000, 18.00000000000000355, -2.999999999999995559 ) ) ;
#1236 = DIRECTION ( 'NONE',  ( 0.000000000000000000, 0.000000000000000000, 1.000000000000000000 ) ) ;
#1237 = DIRECTION ( 'NONE',  ( 1.000000000000000000, 0.000000000000000000, 0.000000000000000000 ) ) ;
#1238 = ORIENTED_EDGE ( 'NONE', *, *, #27, .T. ) ;
#1239 = VECTOR ( 'NONE', #1102, 1000.000000000000000 ) ;
#1240 = CIRCLE ( 'NONE', #723, 2.000000000000001776 ) ;
#1241 = VECTOR ( 'NONE', #256, 1000.000000000000000 ) ;
#1242 = VECTOR ( 'NONE', #1003, 1000.000000000000000 ) ;
#1243 = ADVANCED_FACE ( 'NONE', ( #46 ), #1223, .F. ) ;
#1244 = EDGE_CURVE ( 'NONE', #194, #1480, #1702, .T. ) ;
#1245 = LINE ( 'NONE', #1675, #871 ) ;
#1246 = VERTEX_POINT ( 'NONE', #224 ) ;
#1247 = LINE ( 'NONE', #931, #889 ) ;
#1248 = CARTESIAN_POINT ( 'NONE',  ( 8.878689293818306130E-16, 18.00000000000000355, -44.75000000000000000 ) ) ;
#1249 = DIRECTION ( 'NONE',  ( -1.156482317317871922E-15, 0.000000000000000000, 1.000000000000000000 ) ) ;
#1250 = DIRECTION ( 'NONE',  ( -0.000000000000000000, -1.000000000000000000, -0.000000000000000000 ) ) ;
#1251 = CARTESIAN_POINT ( 'NONE',  ( -4.000000000000000000, 21.00000000000000000, -51.25000000000000711 ) ) ;
#1252 = ORIENTED_EDGE ( 'NONE', *, *, #574, .F. ) ;
#1253 = PLANE ( 'NONE',  #797 ) ;
#1254 = CARTESIAN_POINT ( 'NONE',  ( 3.192050555975140872E-31, 21.00000000000000000, -44.75000000000000000 ) ) ;
#1255 = VERTEX_POINT ( 'NONE', #1588 ) ;
#1256 = DIRECTION ( 'NONE',  ( 0.000000000000000000, 1.000000000000000000, 0.000000000000000000 ) ) ;
#1257 = CARTESIAN_POINT ( 'NONE',  ( -4.000000000000000000, 19.50000000000001066, -4.499999999999996447 ) ) ;
#1258 = VECTOR ( 'NONE', #1237, 1000.000000000000000 ) ;
#1259 = CYLINDRICAL_SURFACE ( 'NONE', #1177, 3.250000000000002665 ) ;
#1260 = EDGE_CURVE ( 'NONE', #1370, #644, #818, .T. ) ;
#1261 = CARTESIAN_POINT ( 'NONE',  ( -4.000000000000000000, 18.00000000000000355, -48.00000000000000000 ) ) ;
#1262 = DIRECTION ( 'NONE',  ( 0.000000000000000000, 0.000000000000000000, -1.000000000000000000 ) ) ;
#1263 = CYLINDRICAL_SURFACE ( 'NONE', #555, 2.000000000000001776 ) ;
#1264 = EDGE_LOOP ( 'NONE', ( #893, #763, #825, #1094 ) ) ;
#1265 = CARTESIAN_POINT ( 'NONE',  ( 52.00000000000000000, 21.00000000000000000, -54.00000000000000000 ) ) ;
#1266 = ADVANCED_FACE ( 'NONE', ( #1890 ), #531, .T. ) ;
#1267 = CARTESIAN_POINT ( 'NONE',  ( 57.99999999999999289, 18.00000000000000355, -51.25000000000000711 ) ) ;
#1268 = AXIS2_PLACEMENT_3D ( 'NONE', #1283, #424, #1892 ) ;
#1269 = AXIS2_PLACEMENT_3D ( 'NONE', #1105, #1409, #1871 ) ;
#1270 = ORIENTED_EDGE ( 'NONE', *, *, #1947, .T. ) ;
#1271 = CARTESIAN_POINT ( 'NONE',  ( 3.999999999999999112, 0.000000000000000000, -56.00000000000000000 ) ) ;
#1272 = DIRECTION ( 'NONE',  ( 0.000000000000000000, 1.000000000000000000, 0.000000000000000000 ) ) ;
#1273 = VECTOR ( 'NONE', #19, 1000.000000000000000 ) ;
#1274 = CARTESIAN_POINT ( 'NONE',  ( 57.99999999999999289, 18.00000000000000355, -7.500000000000008882 ) ) ;
#1275 = ADVANCED_BREP_SHAPE_REPRESENTATION ( 'Controller_Cover', ( #1001, #496 ), #1791 ) ;
#1276 = EDGE_CURVE ( 'NONE', #1279, #1575, #181, .T. ) ;
#1277 = EDGE_CURVE ( 'NONE', #788, #992, #589, .T. ) ;
#1278 = EDGE_CURVE ( 'NONE', #134, #1006, #1813, .T. ) ;
#1279 = VERTEX_POINT ( 'NONE', #293 ) ;
#1280 = DIRECTION ( 'NONE',  ( 0.000000000000000000, -1.000000000000000000, 0.000000000000000000 ) ) ;
#1281 = CARTESIAN_POINT ( 'NONE',  ( 44.00000000000000000, 3.000000000000002665, -57.99999999999999289 ) ) ;
#1282 = DIRECTION ( 'NONE',  ( -1.000000000000000000, 0.000000000000000000, -1.156482317317871922E-15 ) ) ;
#1283 = CARTESIAN_POINT ( 'NONE',  ( 1.999999999999999556, 21.00000000000000000, -52.00000000000000000 ) ) ;
#1284 = VERTEX_POINT ( 'NONE', #1340 ) ;
#1285 = VECTOR ( 'NONE', #1832, 1000.000000000000114 ) ;
#1286 = CARTESIAN_POINT ( 'NONE',  ( 54.00000000000000000, 0.000000000000000000, -52.00000000000000000 ) ) ;
#1287 = VECTOR ( 'NONE', #1645, 1000.000000000000000 ) ;
#1288 = ORIENTED_EDGE ( 'NONE', *, *, #898, .T. ) ;
#1289 = EDGE_CURVE ( 'NONE', #342, #679, #1793, .T. ) ;
#1290 = DIRECTION ( 'NONE',  ( 0.000000000000000000, 0.000000000000000000, -1.000000000000000000 ) ) ;
#1291 = VERTEX_POINT ( 'NONE', #753 ) ;
#1292 = FACE_OUTER_BOUND ( 'NONE', #320, .T. ) ;
#1293 = FACE_OUTER_BOUND ( 'NONE', #448, .T. ) ;
#1294 = ORIENTED_EDGE ( 'NONE', *, *, #166, .F. ) ;
#1295 = LINE ( 'NONE', #1902, #12 ) ;
#1296 = ORIENTED_EDGE ( 'NONE', *, *, #883, .T. ) ;
#1297 = DIRECTION ( 'NONE',  ( -0.000000000000000000, 1.000000000000000000, -0.000000000000000000 ) ) ;
#1298 = EDGE_CURVE ( 'NONE', #1575, #1356, #1195, .T. ) ;
#1299 = CIRCLE ( 'NONE', #696, 1.500000000000001332 ) ;
#1300 = CARTESIAN_POINT ( 'NONE',  ( 54.00000000000000000, 21.00000000000000000, -2.749999999999995559 ) ) ;
#1301 = DIRECTION ( 'NONE',  ( -1.000000000000000000, 0.000000000000000000, -0.000000000000000000 ) ) ;
#1302 = VECTOR ( 'NONE', #1320, 1000.000000000000000 ) ;
#1303 = ORIENTED_EDGE ( 'NONE', *, *, #1898, .T. ) ;
#1304 = CARTESIAN_POINT ( 'NONE',  ( 57.99999999999999289, 18.00000000000000355, -5.999999999999998224 ) ) ;
#1305 = VECTOR ( 'NONE', #117, 1000.000000000000000 ) ;
#1306 = ORIENTED_EDGE ( 'NONE', *, *, #249, .F. ) ;
#1307 = ORIENTED_EDGE ( 'NONE', *, *, #1912, .T. ) ;
#1308 = CARTESIAN_POINT ( 'NONE',  ( 54.00000000000000000, 0.000000000000000000, -54.00000000000000000 ) ) ;
#1309 = DIRECTION ( 'NONE',  ( 0.000000000000000000, 1.000000000000000000, 0.000000000000000000 ) ) ;
#1310 = CARTESIAN_POINT ( 'NONE',  ( -4.000000000000000000, 18.00000000000000355, -9.250000000000001776 ) ) ;
#1311 = ORIENTED_EDGE ( 'NONE', *, *, #124, .T. ) ;
#1312 = DIRECTION ( 'NONE',  ( -1.000000000000000000, 0.000000000000000000, 0.000000000000000000 ) ) ;
#1313 = ADVANCED_FACE ( 'NONE', ( #160 ), #1069, .T. ) ;
#1314 = AXIS2_PLACEMENT_3D ( 'NONE', #1668, #1359, #317 ) ;
#1315 = ORIENTED_EDGE ( 'NONE', *, *, #1401, .F. ) ;
#1316 = ORIENTED_EDGE ( 'NONE', *, *, #1550, .T. ) ;
#1317 = CARTESIAN_POINT ( 'NONE',  ( 3.851859888774471706E-31, 21.00000000000000000, -54.00000000000000000 ) ) ;
#1318 = DIRECTION ( 'NONE',  ( 0.000000000000000000, 1.000000000000000000, 0.000000000000000000 ) ) ;
#1319 = LINE ( 'NONE', #1310, #8 ) ;
#1320 = DIRECTION ( 'NONE',  ( 0.000000000000000000, 1.000000000000000000, 0.000000000000000000 ) ) ;
#1321 = ADVANCED_FACE ( 'NONE', ( #149 ), #1226, .F. ) ;
#1322 = ORIENTED_EDGE ( 'NONE', *, *, #28, .F. ) ;
#1323 = VECTOR ( 'NONE', #269, 1000.000000000000000 ) ;
#1324 = ORIENTED_EDGE ( 'NONE', *, *, #71, .F. ) ;
#1325 = LINE ( 'NONE', #1155, #719 ) ;
#1326 = DIRECTION ( 'NONE',  ( 0.000000000000000000, -1.000000000000000000, 0.000000000000000000 ) ) ;
#1327 = VERTEX_POINT ( 'NONE', #1719 ) ;
#1328 = VECTOR ( 'NONE', #1128, 1000.000000000000000 ) ;
#1329 = DIRECTION ( 'NONE',  ( 1.000000000000000000, 0.000000000000000000, -0.000000000000000000 ) ) ;
#1330 = AXIS2_PLACEMENT_3D ( 'NONE', #653, #209, #546 ) ;
#1331 = AXIS2_PLACEMENT_3D ( 'NONE', #1014, #1023, #410 ) ;
#1332 = FACE_OUTER_BOUND ( 'NONE', #1800, .T. ) ;
#1333 = ORIENTED_EDGE ( 'NONE', *, *, #862, .T. ) ;
#1334 = EDGE_CURVE ( 'NONE', #1187, #1771, #302, .T. ) ;
#1335 = ORIENTED_EDGE ( 'NONE', *, *, #1377, .F. ) ;
#1336 = CARTESIAN_POINT ( 'NONE',  ( -4.000000000000000000, 19.50000000000002132, -46.50000000000000000 ) ) ;
#1337 = CARTESIAN_POINT ( 'NONE',  ( 50.00000000000000000, 0.000000000000000000, -54.00000000000000711 ) ) ;
#1338 = ORIENTED_EDGE ( 'NONE', *, *, #1661, .T. ) ;
#1339 = CYLINDRICAL_SURFACE ( 'NONE', #106, 2.000000000000001776 ) ;
#1340 = CARTESIAN_POINT ( 'NONE',  ( 8.000000000000000000, 0.000000000000000000, -57.99999999999999289 ) ) ;
#1341 = CARTESIAN_POINT ( 'NONE',  ( 0.000000000000000000, 3.000000000000000000, -54.99999999999999289 ) ) ;
#1342 = ORIENTED_EDGE ( 'NONE', *, *, #334, .T. ) ;
#1343 = VECTOR ( 'NONE', #511, 1000.000000000000000 ) ;
#1344 = EDGE_CURVE ( 'NONE', #471, #1662, #743, .T. ) ;
#1345 = DIRECTION ( 'NONE',  ( 0.000000000000000000, 0.000000000000000000, -1.000000000000000000 ) ) ;
#1346 = CARTESIAN_POINT ( 'NONE',  ( 10.00000000000000178, 20.99999999999999645, -16.52923187665730609 ) ) ;
#1347 = VERTEX_POINT ( 'NONE', #1375 ) ;
#1348 = DIRECTION ( 'NONE',  ( 0.000000000000000000, 0.000000000000000000, -1.000000000000000000 ) ) ;
#1349 = CARTESIAN_POINT ( 'NONE',  ( 52.00000000000000000, 21.00000000000000000, -2.000000000000001776 ) ) ;
#1350 = VECTOR ( 'NONE', #1058, 1000.000000000000000 ) ;
#1351 = LINE ( 'NONE', #319, #1188 ) ;
#1352 = ORIENTED_EDGE ( 'NONE', *, *, #38, .F. ) ;
#1353 = ORIENTED_EDGE ( 'NONE', *, *, #947, .F. ) ;
#1354 = LINE ( 'NONE', #1842, #1369 ) ;
#1355 = ADVANCED_FACE ( 'NONE', ( #599 ), #1870, .T. ) ;
#1356 = VERTEX_POINT ( 'NONE', #1408 ) ;
#1357 = ADVANCED_FACE ( 'NONE', ( #1656 ), #1263, .F. ) ;
#1358 = DIRECTION ( 'NONE',  ( -0.000000000000000000, 1.000000000000000000, -0.000000000000000000 ) ) ;
#1359 = DIRECTION ( 'NONE',  ( 0.000000000000000000, 1.000000000000000000, 0.000000000000000000 ) ) ;
#1360 = FACE_OUTER_BOUND ( 'NONE', #1171, .T. ) ;
#1361 = VECTOR ( 'NONE', #560, 1000.000000000000000 ) ;
#1362 = ADVANCED_FACE ( 'NONE', ( #3 ), #456, .F. ) ;
#1363 = VECTOR ( 'NONE', #1233, 1000.000000000000000 ) ;
#1364 = PLANE ( 'NONE',  #339 ) ;
#1365 = CARTESIAN_POINT ( 'NONE',  ( 5.898059818321154218E-14, 3.000000000000000000, -51.00000000000005684 ) ) ;
#1366 = CIRCLE ( 'NONE', #76, 3.000000000000002665 ) ;
#1367 = ORIENTED_EDGE ( 'NONE', *, *, #1737, .F. ) ;
#1368 = AXIS2_PLACEMENT_3D ( 'NONE', #1563, #787, #47 ) ;
#1369 = VECTOR ( 'NONE', #185, 1000.000000000000000 ) ;
#1370 = VERTEX_POINT ( 'NONE', #1861 ) ;
#1371 = DIRECTION ( 'NONE',  ( 0.000000000000000000, -0.000000000000000000, 1.000000000000000000 ) ) ;
#1372 = LINE ( 'NONE', #1346, #940 ) ;
#1373 = VERTEX_POINT ( 'NONE', #1061 ) ;
#1374 = CARTESIAN_POINT ( 'NONE',  ( 8.000000000000000000, 21.00000000000000000, -55.99999999999999289 ) ) ;
#1375 = CARTESIAN_POINT ( 'NONE',  ( 1.999999999999999112, 0.000000000000000000, 0.000000000000000000 ) ) ;
#1376 = DIRECTION ( 'NONE',  ( 1.000000000000000000, 0.000000000000000000, 0.000000000000000000 ) ) ;
#1377 = EDGE_CURVE ( 'NONE', #1511, #1488, #362, .T. ) ;
#1378 = DIRECTION ( 'NONE',  ( 0.000000000000000000, 1.000000000000000000, 0.000000000000000000 ) ) ;
#1379 = ORIENTED_EDGE ( 'NONE', *, *, #561, .F. ) ;
#1380 = DIRECTION ( 'NONE',  ( 0.000000000000000000, 1.000000000000000000, 0.000000000000000000 ) ) ;
#1381 = VECTOR ( 'NONE', #906, 1000.000000000000000 ) ;
#1382 = VERTEX_POINT ( 'NONE', #960 ) ;
#1383 = AXIS2_PLACEMENT_3D ( 'NONE', #1684, #330, #1211 ) ;
#1384 = CARTESIAN_POINT ( 'NONE',  ( 57.99999999999999289, 21.00000000000000000, -46.49999999999999289 ) ) ;
#1385 = CYLINDRICAL_SURFACE ( 'NONE', #1745, 2.000000000000001776 ) ;
#1386 = DIRECTION ( 'NONE',  ( 1.000000000000000000, -0.000000000000000000, -0.000000000000000000 ) ) ;
#1387 = LINE ( 'NONE', #80, #1258 ) ;
#1388 = EDGE_CURVE ( 'NONE', #1153, #1957, #210, .T. ) ;
#1389 = ORIENTED_EDGE ( 'NONE', *, *, #1753, .F. ) ;
#1390 = ORIENTED_EDGE ( 'NONE', *, *, #497, .T. ) ;
#1391 = CARTESIAN_POINT ( 'NONE',  ( 57.99999999999999289, 18.00000000000000355, -2.749999999999995559 ) ) ;
#1392 = ORIENTED_EDGE ( 'NONE', *, *, #308, .F. ) ;
#1393 = LINE ( 'NONE', #1729, #1647 ) ;
#1394 = CYLINDRICAL_SURFACE ( 'NONE', #285, 2.000000000000001776 ) ;
#1395 = DIRECTION ( 'NONE',  ( 0.000000000000000000, 0.000000000000000000, 1.000000000000000000 ) ) ;
#1396 = ORIENTED_EDGE ( 'NONE', *, *, #537, .T. ) ;
#1397 = CIRCLE ( 'NONE', #197, 3.250000000000002665 ) ;
#1398 = AXIS2_PLACEMENT_3D ( 'NONE', #150, #744, #4 ) ;
#1399 = LINE ( 'NONE', #85, #415 ) ;
#1400 = VECTOR ( 'NONE', #89, 1000.000000000000000 ) ;
#1401 = EDGE_CURVE ( 'NONE', #1511, #1901, #1664, .T. ) ;
#1402 = AXIS2_PLACEMENT_3D ( 'NONE', #576, #1769, #1625 ) ;
#1403 = ORIENTED_EDGE ( 'NONE', *, *, #497, .F. ) ;
#1404 = CARTESIAN_POINT ( 'NONE',  ( 51.00000000000000000, 21.00000000000000000, 0.000000000000000000 ) ) ;
#1405 = PLANE ( 'NONE',  #136 ) ;
#1406 = DIRECTION ( 'NONE',  ( 0.000000000000000000, 0.000000000000000000, -1.000000000000000000 ) ) ;
#1407 = ORIENTED_EDGE ( 'NONE', *, *, #1898, .F. ) ;
#1408 = CARTESIAN_POINT ( 'NONE',  ( 51.00000000000000000, 3.000000000000000000, -51.00000000000000000 ) ) ;
#1409 = DIRECTION ( 'NONE',  ( -0.000000000000000000, 1.000000000000000000, -0.000000000000000000 ) ) ;
#1410 = ORIENTED_EDGE ( 'NONE', *, *, #922, .T. ) ;
#1411 = CARTESIAN_POINT ( 'NONE',  ( 54.00000000000000000, 0.000000000000000000, -54.00000000000000000 ) ) ;
#1412 = EDGE_CURVE ( 'NONE', #1692, #1771, #1496, .T. ) ;
#1413 = CARTESIAN_POINT ( 'NONE',  ( 0.000000000000000000, 0.000000000000000000, 0.000000000000000000 ) ) ;
#1414 = LINE ( 'NONE', #1091, #1643 ) ;
#1415 = DIRECTION ( 'NONE',  ( 0.000000000000000000, 0.000000000000000000, 1.000000000000000000 ) ) ;
#1416 = FACE_OUTER_BOUND ( 'NONE', #684, .T. ) ;
#1417 = ORIENTED_EDGE ( 'NONE', *, *, #909, .T. ) ;
#1418 = FACE_OUTER_BOUND ( 'NONE', #836, .T. ) ;
#1419 = LINE ( 'NONE', #841, #812 ) ;
#1420 = ADVANCED_FACE ( 'NONE', ( #1416 ), #971, .F. ) ;
#1421 = DIRECTION ( 'NONE',  ( 0.000000000000000000, 1.000000000000000000, 0.000000000000000000 ) ) ;
#1422 = VECTOR ( 'NONE', #1432, 1000.000000000000000 ) ;
#1423 = EDGE_CURVE ( 'NONE', #522, #1030, #1240, .T. ) ;
#1424 = DIRECTION ( 'NONE',  ( 0.000000000000000000, 1.000000000000000000, -0.000000000000000000 ) ) ;
#1425 = AXIS2_PLACEMENT_3D ( 'NONE', #809, #934, #977 ) ;
#1426 = ORIENTED_EDGE ( 'NONE', *, *, #1876, .T. ) ;
#1427 = VECTOR ( 'NONE', #1312, 1000.000000000000000 ) ;
#1428 = CARTESIAN_POINT ( 'NONE',  ( 1.999999999999999556, 0.000000000000000000, -52.00000000000000000 ) ) ;
#1429 = ORIENTED_EDGE ( 'NONE', *, *, #648, .F. ) ;
#1430 = VECTOR ( 'NONE', #609, 1000.000000000000000 ) ;
#1431 = PLANE ( 'NONE',  #640 ) ;
#1432 = DIRECTION ( 'NONE',  ( 0.000000000000000000, -1.000000000000000000, 0.000000000000000000 ) ) ;
#1433 = DIRECTION ( 'NONE',  ( 0.000000000000000000, 1.000000000000000000, -0.000000000000000000 ) ) ;
#1434 = CARTESIAN_POINT ( 'NONE',  ( -4.000000000000000000, 18.00000000000000355, -5.999999999999998224 ) ) ;
#1435 = ORIENTED_EDGE ( 'NONE', *, *, #203, .T. ) ;
#1436 = CARTESIAN_POINT ( 'NONE',  ( 44.00000000000000000, 3.000000000000002665, -57.99999999999999289 ) ) ;
#1437 = VECTOR ( 'NONE', #958, 1000.000000000000000 ) ;
#1438 = ADVANCED_FACE ( 'NONE', ( #943 ), #318, .T. ) ;
#1439 = LINE ( 'NONE', #1564, #580 ) ;
#1440 = DIRECTION ( 'NONE',  ( 0.000000000000000000, -1.000000000000000000, 0.000000000000000000 ) ) ;
#1441 = VERTEX_POINT ( 'NONE', #1235 ) ;
#1442 = DIRECTION ( 'NONE',  ( 0.000000000000000000, -0.000000000000000000, 1.000000000000000000 ) ) ;
#1443 = CYLINDRICAL_SURFACE ( 'NONE', #621, 1.500000000000008216 ) ;
#1444 = LINE ( 'NONE', #532, #104 ) ;
#1445 = ORIENTED_EDGE ( 'NONE', *, *, #702, .F. ) ;
#1446 = EDGE_LOOP ( 'NONE', ( #792, #1133, #1508, #1056 ) ) ;
#1447 = AXIS2_PLACEMENT_3D ( 'NONE', #1519, #447, #1062 ) ;
#1448 = DIRECTION ( 'NONE',  ( -1.000000000000000000, 0.000000000000000000, -0.000000000000000000 ) ) ;
#1449 = ADVANCED_FACE ( 'NONE', ( #1360 ), #1405, .T. ) ;
#1450 = ADVANCED_FACE ( 'NONE', ( #303 ), #1517, .T. ) ;
#1451 = VERTEX_POINT ( 'NONE', #170 ) ;
#1452 = COLOUR_RGB ( '',0.7921568627450980005, 0.8196078431372548767, 0.9333333333333333481 ) ;
#1453 = ORIENTED_EDGE ( 'NONE', *, *, #1388, .T. ) ;
#1454 = FACE_OUTER_BOUND ( 'NONE', #1921, .T. ) ;
#1455 = CARTESIAN_POINT ( 'NONE',  ( -4.000000000000000000, 18.00000000000000355, -5.999999999999998224 ) ) ;
#1456 = DIRECTION ( 'NONE',  ( 8.659560562354904508E-17, -0.7071067811865497932, 0.7071067811865452413 ) ) ;
#1457 = EDGE_LOOP ( 'NONE', ( #1294, #1324, #212, #60 ) ) ;
#1458 = CARTESIAN_POINT ( 'NONE',  ( 57.99999999999999289, 21.00000000000000000, -4.499999999999987566 ) ) ;
#1459 = VERTEX_POINT ( 'NONE', #1678 ) ;
#1460 = ORIENTED_EDGE ( 'NONE', *, *, #1737, .T. ) ;
#1461 = DIRECTION ( 'NONE',  ( -7.133073868100873733E-33, 0.000000000000000000, 1.000000000000000000 ) ) ;
#1462 = VECTOR ( 'NONE', #823, 1000.000000000000000 ) ;
#1463 = EDGE_CURVE ( 'NONE', #461, #20, #794, .T. ) ;
#1464 = CARTESIAN_POINT ( 'NONE',  ( 45.00000000000000000, 21.00000000000000000, -54.99999999999999289 ) ) ;
#1465 = FACE_OUTER_BOUND ( 'NONE', #266, .T. ) ;
#1466 = ORIENTED_EDGE ( 'NONE', *, *, #419, .F. ) ;
#1467 = ORIENTED_EDGE ( 'NONE', *, *, #384, .F. ) ;
#1468 = CIRCLE ( 'NONE', #607, 3.000000000000002665 ) ;
#1469 = AXIS2_PLACEMENT_3D ( 'NONE', #863, #1473, #118 ) ;
#1470 = ORIENTED_EDGE ( 'NONE', *, *, #1194, .F. ) ;
#1471 = ORIENTED_EDGE ( 'NONE', *, *, #799, .F. ) ;
#1472 = DIRECTION ( 'NONE',  ( 0.000000000000000000, 1.000000000000000000, -0.000000000000000000 ) ) ;
#1473 = DIRECTION ( 'NONE',  ( -0.000000000000000000, 1.000000000000000000, -0.000000000000000000 ) ) ;
#1474 = LINE ( 'NONE', #119, #1937 ) ;
#1475 = EDGE_CURVE ( 'NONE', #878, #1790, #26, .T. ) ;
#1476 = VERTEX_POINT ( 'NONE', #1248 ) ;
#1477 = ORIENTED_EDGE ( 'NONE', *, *, #1135, .T. ) ;
#1478 = VECTOR ( 'NONE', #169, 1000.000000000000000 ) ;
#1479 = VERTEX_POINT ( 'NONE', #1227 ) ;
#1480 = VERTEX_POINT ( 'NONE', #326 ) ;
#1481 = LINE ( 'NONE', #850, #1840 ) ;
#1482 = SURFACE_STYLE_FILL_AREA ( #432 ) ;
#1483 = ORIENTED_EDGE ( 'NONE', *, *, #1277, .T. ) ;
#1484 = PLANE ( 'NONE',  #604 ) ;
#1485 = ADVANCED_FACE ( 'NONE', ( #932 ), #1385, .T. ) ;
#1486 = EDGE_CURVE ( 'NONE', #1511, #154, #1687, .T. ) ;
#1487 = EDGE_CURVE ( 'NONE', #1913, #434, #1699, .T. ) ;
#1488 = VERTEX_POINT ( 'NONE', #1814 ) ;
#1489 = AXIS2_PLACEMENT_3D ( 'NONE', #403, #1004, #872 ) ;
#1490 = ORIENTED_EDGE ( 'NONE', *, *, #611, .T. ) ;
#1491 = LINE ( 'NONE', #627, #200 ) ;
#1492 = PLANE ( 'NONE',  #651 ) ;
#1493 = ORIENTED_EDGE ( 'NONE', *, *, #1277, .F. ) ;
#1494 = AXIS2_PLACEMENT_3D ( 'NONE', #95, #1600, #1774 ) ;
#1495 = CARTESIAN_POINT ( 'NONE',  ( 57.99999999999999289, 18.00000000000000355, -51.25000000000000711 ) ) ;
#1496 = CIRCLE ( 'NONE', #1330, 3.000000000000002665 ) ;
#1497 = AXIS2_PLACEMENT_3D ( 'NONE', #598, #1358, #13 ) ;
#1498 = PLANE ( 'NONE',  #1129 ) ;
#1499 = ADVANCED_FACE ( 'NONE', ( #784 ), #1394, .F. ) ;
#1500 = ORIENTED_EDGE ( 'NONE', *, *, #110, .F. ) ;
#1501 = EDGE_LOOP ( 'NONE', ( #1500, #899, #1179, #1806 ) ) ;
#1502 = CARTESIAN_POINT ( 'NONE',  ( 57.99999999999999289, 18.00000000000000355, -48.00000000000000000 ) ) ;
#1503 = CARTESIAN_POINT ( 'NONE',  ( 50.00000000000000000, 21.00000000000000000, -56.00000000000000711 ) ) ;
#1504 = ORIENTED_EDGE ( 'NONE', *, *, #800, .T. ) ;
#1505 = CARTESIAN_POINT ( 'NONE',  ( 57.99999999999999289, 21.00000000000000000, -5.999999999999998224 ) ) ;
#1506 = DIRECTION ( 'NONE',  ( 0.000000000000000000, 1.000000000000000000, 0.000000000000000000 ) ) ;
#1507 = CARTESIAN_POINT ( 'NONE',  ( 10.00000000000000178, 20.99999999999999645, -57.99999999999999289 ) ) ;
#1508 = ORIENTED_EDGE ( 'NONE', *, *, #1194, .T. ) ;
#1509 = ADVANCED_FACE ( 'NONE', ( #1126 ), #381, .T. ) ;
#1510 = AXIS2_PLACEMENT_3D ( 'NONE', #36, #1848, #1395 ) ;
#1511 = VERTEX_POINT ( 'NONE', #1709 ) ;
#1512 = CARTESIAN_POINT ( 'NONE',  ( -4.000000000000000000, 18.00000000000000355, -45.00000000000000000 ) ) ;
#1513 = SURFACE_STYLE_USAGE ( .BOTH. , #739 ) ;
#1514 = ORIENTED_EDGE ( 'NONE', *, *, #172, .T. ) ;
#1515 = DIRECTION ( 'NONE',  ( 0.000000000000000000, 0.000000000000000000, -1.000000000000000000 ) ) ;
#1516 = CARTESIAN_POINT ( 'NONE',  ( 45.00000000000000000, 21.00000000000000000, -57.99999999999999289 ) ) ;
#1517 = CYLINDRICAL_SURFACE ( 'NONE', #885, 2.000000000000000444 ) ;
#1518 = FACE_BOUND ( 'NONE', #1938, .T. ) ;
#1519 = CARTESIAN_POINT ( 'NONE',  ( -4.000000000000000000, 18.00000000000000355, -48.00000000000000000 ) ) ;
#1520 = VERTEX_POINT ( 'NONE', #1257 ) ;
#1521 = ORIENTED_EDGE ( 'NONE', *, *, #634, .F. ) ;
#1522 = DIRECTION ( 'NONE',  ( 0.000000000000000000, 0.000000000000000000, -1.000000000000000000 ) ) ;
#1523 = DIRECTION ( 'NONE',  ( 0.000000000000000000, 0.000000000000000000, -1.000000000000000000 ) ) ;
#1524 = ORIENTED_EDGE ( 'NONE', *, *, #961, .T. ) ;
#1525 = FACE_OUTER_BOUND ( 'NONE', #837, .T. ) ;
#1526 = ADVANCED_FACE ( 'NONE', ( #515 ), #976, .F. ) ;
#1527 = DIRECTION ( 'NONE',  ( 0.000000000000000000, 1.000000000000000000, -0.000000000000000000 ) ) ;
#1528 = CARTESIAN_POINT ( 'NONE',  ( 3.851859888774471706E-31, 0.000000000000000000, -54.00000000000000000 ) ) ;
#1529 = VECTOR ( 'NONE', #1900, 1000.000000000000000 ) ;
#1530 = DIRECTION ( 'NONE',  ( -7.133073868100875101E-33, 0.000000000000000000, 1.000000000000000000 ) ) ;
#1531 = AXIS2_PLACEMENT_3D ( 'NONE', #487, #1823, #1667 ) ;
#1532 = ORIENTED_EDGE ( 'NONE', *, *, #584, .T. ) ;
#1533 = CIRCLE ( 'NONE', #1878, 1.500000000000002220 ) ;
#1534 = CARTESIAN_POINT ( 'NONE',  ( -4.000000000000000000, 18.00000000000000355, -51.00000000000000711 ) ) ;
#1535 = ORIENTED_EDGE ( 'NONE', *, *, #1475, .F. ) ;
#1536 = CARTESIAN_POINT ( 'NONE',  ( 8.878689293818306130E-16, 18.00000000000000355, -9.250000000000001776 ) ) ;
#1537 = EDGE_CURVE ( 'NONE', #297, #331, #1119, .T. ) ;
#1538 = DIRECTION ( 'NONE',  ( -7.133073868100873733E-33, 0.000000000000000000, 1.000000000000000000 ) ) ;
#1539 = VERTEX_POINT ( 'NONE', #1865 ) ;
#1540 = VECTOR ( 'NONE', #591, 1000.000000000000000 ) ;
#1541 = FACE_OUTER_BOUND ( 'NONE', #1027, .T. ) ;
#1542 = EDGE_LOOP ( 'NONE', ( #1907, #1077, #473, #540, #1141, #193, #1741, #1744, #1467, #1477, #296, #41, #615, #1303 ) ) ;
#1543 = DIRECTION ( 'NONE',  ( 0.000000000000000000, 0.000000000000000000, -1.000000000000000000 ) ) ;
#1544 = DIRECTION ( 'NONE',  ( 0.000000000000000000, 1.000000000000000000, 0.000000000000000000 ) ) ;
#1545 = CARTESIAN_POINT ( 'NONE',  ( 57.99999999999999289, 18.00000000000000355, -44.75000000000000000 ) ) ;
#1546 = PRODUCT_DEFINITION ( 'UNKNOWN', '', #56, #428 ) ;
#1547 = CARTESIAN_POINT ( 'NONE',  ( 57.99999999999999289, 18.00000000000000355, -48.00000000000000000 ) ) ;
#1548 = LINE ( 'NONE', #1583, #284 ) ;
#1549 = ORIENTED_EDGE ( 'NONE', *, *, #263, .F. ) ;
#1550 = EDGE_CURVE ( 'NONE', #67, #377, #828, .T. ) ;
#1551 = ORIENTED_EDGE ( 'NONE', *, *, #1170, .F. ) ;
#1552 = DIRECTION ( 'NONE',  ( -1.000000000000000000, 0.000000000000000000, 0.000000000000000000 ) ) ;
#1553 = CARTESIAN_POINT ( 'NONE',  ( 57.99999999999999289, 21.00000000000000000, -44.75000000000000000 ) ) ;
#1554 = CARTESIAN_POINT ( 'NONE',  ( -4.000000000000000000, 21.00000000000000000, -5.999999999999998224 ) ) ;
#1555 = AXIS2_PLACEMENT_3D ( 'NONE', #1835, #478, #63 ) ;
#1556 = ADVANCED_FACE ( 'NONE', ( #1723, #243 ), #365, .F. ) ;
#1557 = VECTOR ( 'NONE', #1143, 1000.000000000000000 ) ;
#1558 = DIRECTION ( 'NONE',  ( 0.000000000000000000, -1.000000000000000000, 0.000000000000000000 ) ) ;
#1559 = ORIENTED_EDGE ( 'NONE', *, *, #192, .F. ) ;
#1560 = FACE_OUTER_BOUND ( 'NONE', #1127, .T. ) ;
#1561 = CARTESIAN_POINT ( 'NONE',  ( -4.000000000000000000, 18.00000000000000355, -51.25000000000000711 ) ) ;
#1562 = CARTESIAN_POINT ( 'NONE',  ( 50.00000000000000000, 21.00000000000000000, -54.00000000000000711 ) ) ;
#1563 = CARTESIAN_POINT ( 'NONE',  ( -4.000000000000000000, 18.00000000000000355, -48.00000000000000000 ) ) ;
#1564 = CARTESIAN_POINT ( 'NONE',  ( 6.000000000000000000, 21.00000000000000000, -56.00000000000000000 ) ) ;
#1565 = DIRECTION ( 'NONE',  ( 0.000000000000000000, 0.000000000000000000, -1.000000000000000000 ) ) ;
#1566 = EDGE_CURVE ( 'NONE', #1476, #37, #817, .T. ) ;
#1567 = EDGE_LOOP ( 'NONE', ( #1021, #1622, #624, #597 ) ) ;
#1568 = DIRECTION ( 'NONE',  ( 0.000000000000000000, -1.000000000000000000, 0.000000000000000000 ) ) ;
#1569 = EDGE_CURVE ( 'NONE', #37, #1755, #1570, .T. ) ;
#1570 = LINE ( 'NONE', #1561, #1582 ) ;
#1571 = AXIS2_PLACEMENT_3D ( 'NONE', #1214, #1527, #619 ) ;
#1572 = PLANE ( 'NONE',  #387 ) ;
#1573 = DIRECTION ( 'NONE',  ( 0.000000000000000000, -1.000000000000000000, 0.000000000000000000 ) ) ;
#1574 = ORIENTED_EDGE ( 'NONE', *, *, #1566, .T. ) ;
#1575 = VERTEX_POINT ( 'NONE', #1899 ) ;
#1576 = DIRECTION ( 'NONE',  ( 0.000000000000000000, 0.000000000000000000, -1.000000000000000000 ) ) ;
#1577 = CARTESIAN_POINT ( 'NONE',  ( 54.00000000000000000, 18.00000000000000355, -44.75000000000000000 ) ) ;
#1578 = DIRECTION ( 'NONE',  ( 0.000000000000000000, 0.000000000000000000, -1.000000000000000000 ) ) ;
#1579 = LINE ( 'NONE', #35, #1049 ) ;
#1580 = EDGE_CURVE ( 'NONE', #1347, #1246, #538, .T. ) ;
#1581 = ORIENTED_EDGE ( 'NONE', *, *, #1923, .F. ) ;
#1582 = VECTOR ( 'NONE', #215, 1000.000000000000000 ) ;
#1583 = CARTESIAN_POINT ( 'NONE',  ( 46.00000000000000000, 21.00000000000000000, -57.99999999999999289 ) ) ;
#1584 = AXIS2_PLACEMENT_3D ( 'NONE', #1261, #1691, #660 ) ;
#1585 = ORIENTED_EDGE ( 'NONE', *, *, #1149, .F. ) ;
#1586 = EDGE_LOOP ( 'NONE', ( #1787, #1590 ) ) ;
#1587 = CARTESIAN_POINT ( 'NONE',  ( -4.000000000000000000, 18.00000000000000355, -7.500000000000000888 ) ) ;
#1588 = CARTESIAN_POINT ( 'NONE',  ( 9.000000000000000000, 21.00000000000000000, -51.00000000000000000 ) ) ;
#1589 = LINE ( 'NONE', #1156, #1529 ) ;
#1590 = ORIENTED_EDGE ( 'NONE', *, *, #1658, .T. ) ;
#1591 = ORIENTED_EDGE ( 'NONE', *, *, #991, .F. ) ;
#1592 = EDGE_CURVE ( 'NONE', #390, #113, #808, .T. ) ;
#1593 = ORIENTED_EDGE ( 'NONE', *, *, #1689, .F. ) ;
#1594 = EDGE_LOOP ( 'NONE', ( #1851, #272, #1311, #1772, #1435, #260, #1054, #874, #1031, #890, #1666, #454, #340, #1157, #1184, #717, #1936, #941, #1514, #959, #758, #39, #1042, #1504, #1483, #232, #1307, #741, #283, #1614, #1460, #868, #245, #1389, #177, #1786, #1470, #1551, #226, #772, #368, #276 ) ) ;
#1595 = CARTESIAN_POINT ( 'NONE',  ( 1.999999999999999556, 21.00000000000000000, -54.00000000000000000 ) ) ;
#1596 = DIRECTION ( 'NONE',  ( 0.000000000000000000, -1.000000000000000000, 0.000000000000000000 ) ) ;
#1597 = ORIENTED_EDGE ( 'NONE', *, *, #1866, .T. ) ;
#1598 = CARTESIAN_POINT ( 'NONE',  ( 2.999999999999999556, 21.00000000000000000, -51.00000000000000000 ) ) ;
#1599 = VECTOR ( 'NONE', #445, 1000.000000000000000 ) ;
#1600 = DIRECTION ( 'NONE',  ( 0.000000000000000000, 1.000000000000000000, 0.000000000000000000 ) ) ;
#1601 = EDGE_CURVE ( 'NONE', #194, #1347, #1419, .T. ) ;
#1602 = ORIENTED_EDGE ( 'NONE', *, *, #472, .F. ) ;
#1603 = ORIENTED_EDGE ( 'NONE', *, *, #1629, .F. ) ;
#1604 = LINE ( 'NONE', #1587, #1242 ) ;
#1605 = DIRECTION ( 'NONE',  ( 0.000000000000000000, 1.000000000000000000, -0.000000000000000000 ) ) ;
#1606 = DIRECTION ( 'NONE',  ( 0.000000000000000000, 0.000000000000000000, 1.000000000000000000 ) ) ;
#1607 = ORIENTED_EDGE ( 'NONE', *, *, #623, .T. ) ;
#1608 = LINE ( 'NONE', #396, #919 ) ;
#1609 = DIRECTION ( 'NONE',  ( -0.000000000000000000, 1.000000000000000000, -0.000000000000000000 ) ) ;
#1610 = ORIENTED_EDGE ( 'NONE', *, *, #1717, .F. ) ;
#1611 = ADVANCED_FACE ( 'NONE', ( #1889 ), #656, .T. ) ;
#1612 = VECTOR ( 'NONE', #367, 1000.000000000000000 ) ;
#1613 = UNCERTAINTY_MEASURE_WITH_UNIT (LENGTH_MEASURE( 1.000000000000000082E-05 ), #1860, 'distance_accuracy_value', 'NONE');
#1614 = ORIENTED_EDGE ( 'NONE', *, *, #249, .T. ) ;
#1615 = LINE ( 'NONE', #1308, #199 ) ;
#1616 = CARTESIAN_POINT ( 'NONE',  ( 48.00000000000000000, 21.00000000000000000, -55.99999999999999289 ) ) ;
#1617 = CARTESIAN_POINT ( 'NONE',  ( 57.99999999999999289, 18.00000000000000355, -49.50000000000000711 ) ) ;
#1618 = ORIENTED_EDGE ( 'NONE', *, *, #1935, .F. ) ;
#1619 = ORIENTED_EDGE ( 'NONE', *, *, #1727, .F. ) ;
#1620 = AXIS2_PLACEMENT_3D ( 'NONE', #485, #1522, #738 ) ;
#1621 = ORIENTED_EDGE ( 'NONE', *, *, #369, .F. ) ;
#1622 = ORIENTED_EDGE ( 'NONE', *, *, #1648, .F. ) ;
#1623 = ADVANCED_FACE ( 'NONE', ( #530 ), #562, .F. ) ;
#1624 = EDGE_CURVE ( 'NONE', #1627, #1476, #234, .T. ) ;
#1625 = DIRECTION ( 'NONE',  ( 0.000000000000000000, 0.000000000000000000, -1.000000000000000000 ) ) ;
#1626 = DIRECTION ( 'NONE',  ( 0.000000000000000000, 0.000000000000000000, -1.000000000000000000 ) ) ;
#1627 = VERTEX_POINT ( 'NONE', #1949 ) ;
#1628 = DIRECTION ( 'NONE',  ( 0.000000000000000000, 1.000000000000000000, 0.000000000000000000 ) ) ;
#1629 = EDGE_CURVE ( 'NONE', #20, #1229, #1325, .T. ) ;
#1630 = VECTOR ( 'NONE', #1530, 1000.000000000000000 ) ;
#1631 = ORIENTED_EDGE ( 'NONE', *, *, #551, .T. ) ;
#1632 = ORIENTED_EDGE ( 'NONE', *, *, #1216, .T. ) ;
#1633 = LINE ( 'NONE', #1930, #545 ) ;
#1634 = DIRECTION ( 'NONE',  ( 0.000000000000000000, -1.000000000000000000, 0.000000000000000000 ) ) ;
#1635 = EDGE_LOOP ( 'NONE', ( #315, #1602, #1683, #1000 ) ) ;
#1636 = LINE ( 'NONE', #569, #725 ) ;
#1637 = EDGE_CURVE ( 'NONE', #1869, #938, #1481, .T. ) ;
#1638 = CARTESIAN_POINT ( 'NONE',  ( 52.00000000000000000, 0.000000000000000000, -2.000000000000001776 ) ) ;
#1639 = VERTEX_POINT ( 'NONE', #718 ) ;
#1640 = ORIENTED_EDGE ( 'NONE', *, *, #1841, .F. ) ;
#1641 = CARTESIAN_POINT ( 'NONE',  ( 9.000000000000000000, 3.000000000000000000, -51.00000000000000000 ) ) ;
#1642 = ORIENTED_EDGE ( 'NONE', *, *, #779, .F. ) ;
#1643 = VECTOR ( 'NONE', #65, 1000.000000000000000 ) ;
#1644 = DIRECTION ( 'NONE',  ( 0.000000000000000000, 0.000000000000000000, 1.000000000000000000 ) ) ;
#1645 = DIRECTION ( 'NONE',  ( 0.000000000000000000, 1.000000000000000000, 0.000000000000000000 ) ) ;
#1646 = VECTOR ( 'NONE', #1655, 1000.000000000000000 ) ;
#1647 = VECTOR ( 'NONE', #504, 1000.000000000000000 ) ;
#1648 = EDGE_CURVE ( 'NONE', #144, #399, #566, .T. ) ;
#1649 = DIRECTION ( 'NONE',  ( 0.000000000000000000, 0.000000000000000000, -1.000000000000000000 ) ) ;
#1650 = VERTEX_POINT ( 'NONE', #1300 ) ;
#1651 = VERTEX_POINT ( 'NONE', #585 ) ;
#1652 = CARTESIAN_POINT ( 'NONE',  ( 9.000000000000000000, 21.00000000000000000, -54.99999999999999289 ) ) ;
#1653 = CARTESIAN_POINT ( 'NONE',  ( 54.00000000000000000, 18.00000000000000355, -51.25000000000000711 ) ) ;
#1654 = EDGE_LOOP ( 'NONE', ( #440, #770, #703, #1707 ) ) ;
#1655 = DIRECTION ( 'NONE',  ( -7.133073868100875101E-33, 0.000000000000000000, 1.000000000000000000 ) ) ;
#1656 = FACE_OUTER_BOUND ( 'NONE', #747, .T. ) ;
#1657 = CARTESIAN_POINT ( 'NONE',  ( 2.999999999999999556, 21.00000000000000000, 2.139922160430262120E-32 ) ) ;
#1658 = EDGE_CURVE ( 'NONE', #1441, #1382, #379, .T. ) ;
#1659 = ORIENTED_EDGE ( 'NONE', *, *, #1010, .F. ) ;
#1660 = CIRCLE ( 'NONE', #1954, 1.500000000000010880 ) ;
#1661 = EDGE_CURVE ( 'NONE', #1872, #1796, #1910, .T. ) ;
#1662 = VERTEX_POINT ( 'NONE', #1797 ) ;
#1663 = DIRECTION ( 'NONE',  ( 0.000000000000000000, 0.000000000000000000, 1.000000000000000000 ) ) ;
#1664 = CIRCLE ( 'NONE', #1040, 1.500000000000008216 ) ;
#1665 = CARTESIAN_POINT ( 'NONE',  ( 45.00000000000000000, 21.00000000000000000, -51.00000000000000711 ) ) ;
#1666 = ORIENTED_EDGE ( 'NONE', *, *, #1487, .T. ) ;
#1667 = DIRECTION ( 'NONE',  ( 0.000000000000000000, 0.000000000000000000, 1.000000000000000000 ) ) ;
#1668 = CARTESIAN_POINT ( 'NONE',  ( 57.99999999999999289, 18.00000000000000355, -5.999999999999998224 ) ) ;
#1669 = DIRECTION ( 'NONE',  ( -1.000000000000000000, 0.000000000000000000, 0.000000000000000000 ) ) ;
#1670 = DIRECTION ( 'NONE',  ( 0.000000000000000000, 0.000000000000000000, -1.000000000000000000 ) ) ;
#1671 = ORIENTED_EDGE ( 'NONE', *, *, #1486, .T. ) ;
#1672 = ORIENTED_EDGE ( 'NONE', *, *, #1035, .F. ) ;
#1673 = VECTOR ( 'NONE', #676, 1000.000000000000000 ) ;
#1674 = EDGE_CURVE ( 'NONE', #1152, #1639, #253, .T. ) ;
#1675 = CARTESIAN_POINT ( 'NONE',  ( 54.00000000000000000, 18.00000000000000355, -51.25000000000000711 ) ) ;
#1676 = VERTEX_POINT ( 'NONE', #1641 ) ;
#1677 = DIRECTION ( 'NONE',  ( -0.000000000000000000, -1.000000000000000000, -0.000000000000000000 ) ) ;
#1678 = CARTESIAN_POINT ( 'NONE',  ( -4.000000000000000000, 18.00000000000000355, -45.00000000000000000 ) ) ;
#1679 = AXIS2_PLACEMENT_3D ( 'NONE', #217, #811, #1883 ) ;
#1680 = DIRECTION ( 'NONE',  ( 0.000000000000000000, 0.000000000000000000, -1.000000000000000000 ) ) ;
#1681 = CIRCLE ( 'NONE', #668, 3.250000000000002665 ) ;
#1682 = VERTEX_POINT ( 'NONE', #1464 ) ;
#1683 = ORIENTED_EDGE ( 'NONE', *, *, #1624, .T. ) ;
#1684 = CARTESIAN_POINT ( 'NONE',  ( 57.99999999999999289, 18.00000000000000355, -48.00000000000000000 ) ) ;
#1685 = ORIENTED_EDGE ( 'NONE', *, *, #64, .T. ) ;
#1686 = CARTESIAN_POINT ( 'NONE',  ( -4.000000000000000000, 18.00000000000000355, -2.749999999999995559 ) ) ;
#1687 = LINE ( 'NONE', #333, #45 ) ;
#1688 = CARTESIAN_POINT ( 'NONE',  ( 57.99999999999999289, 21.00000000000000000, -48.00000000000000000 ) ) ;
#1689 = EDGE_CURVE ( 'NONE', #1520, #1957, #729, .T. ) ;
#1690 = CARTESIAN_POINT ( 'NONE',  ( 1.426614773620176662E-32, 21.00000000000000000, -2.000000000000001776 ) ) ;
#1691 = DIRECTION ( 'NONE',  ( 0.000000000000000000, 1.000000000000000000, -0.000000000000000000 ) ) ;
#1692 = VERTEX_POINT ( 'NONE', #423 ) ;
#1693 = CARTESIAN_POINT ( 'NONE',  ( 54.00000000000000000, 21.00000000000000000, -52.00000000000000000 ) ) ;
#1694 = CIRCLE ( 'NONE', #274, 2.000000000000000000 ) ;
#1695 = AXIS2_PLACEMENT_3D ( 'NONE', #1221, #781, #1663 ) ;
#1696 = DIRECTION ( 'NONE',  ( -0.000000000000000000, -0.000000000000000000, -1.000000000000000000 ) ) ;
#1697 = VERTEX_POINT ( 'NONE', #1336 ) ;
#1698 = CYLINDRICAL_SURFACE ( 'NONE', #543, 1.500000000000010880 ) ;
#1699 = LINE ( 'NONE', #188, #1145 ) ;
#1700 = AXIS2_PLACEMENT_3D ( 'NONE', #1428, #1440, #1290 ) ;
#1701 = EDGE_CURVE ( 'NONE', #1790, #377, #879, .T. ) ;
#1702 = LINE ( 'NONE', #677, #182 ) ;
#1703 = CARTESIAN_POINT ( 'NONE',  ( 45.00000000000000000, 21.00000000000000000, -51.00000000000000711 ) ) ;
#1704 = DIRECTION ( 'NONE',  ( -1.156482317317871922E-15, 0.000000000000000000, 1.000000000000000000 ) ) ;
#1705 = ORIENTED_EDGE ( 'NONE', *, *, #1487, .F. ) ;
#1706 = DIRECTION ( 'NONE',  ( -0.000000000000000000, -1.000000000000000000, -0.000000000000000000 ) ) ;
#1707 = ORIENTED_EDGE ( 'NONE', *, *, #1876, .F. ) ;
#1708 = DIRECTION ( 'NONE',  ( 0.000000000000000000, 0.000000000000000000, 1.000000000000000000 ) ) ;
#1709 = CARTESIAN_POINT ( 'NONE',  ( 57.99999999999999289, 19.50000000000001421, -46.49999999999999289 ) ) ;
#1710 = LINE ( 'NONE', #207, #1811 ) ;
#1711 = VECTOR ( 'NONE', #1121, 1000.000000000000000 ) ;
#1712 = DIRECTION ( 'NONE',  ( -1.000000000000000000, 0.000000000000000000, 0.000000000000000000 ) ) ;
#1713 = ADVANCED_FACE ( 'NONE', ( #1919 ), #441, .F. ) ;
#1714 = ADVANCED_FACE ( 'NONE', ( #1165 ), #824, .F. ) ;
#1715 = VECTOR ( 'NONE', #383, 1000.000000000000000 ) ;
#1716 = DIRECTION ( 'NONE',  ( -0.000000000000000000, -1.000000000000000000, -0.000000000000000000 ) ) ;
#1717 = EDGE_CURVE ( 'NONE', #1676, #105, #127, .T. ) ;
#1718 = AXIS2_PLACEMENT_3D ( 'NONE', #783, #1280, #647 ) ;
#1719 = CARTESIAN_POINT ( 'NONE',  ( 52.00000000000000000, 21.00000000000000000, -54.00000000000000000 ) ) ;
#1720 = VECTOR ( 'NONE', #298, 1000.000000000000114 ) ;
#1721 = VERTEX_POINT ( 'NONE', #1616 ) ;
#1722 = CARTESIAN_POINT ( 'NONE',  ( 52.00000000000000000, 0.000000000000000000, -54.00000000000000000 ) ) ;
#1723 = FACE_BOUND ( 'NONE', #1586, .T. ) ;
#1724 = PLANE ( 'NONE',  #484 ) ;
#1725 = LINE ( 'NONE', #1274, #1612 ) ;
#1726 = PRODUCT_CONTEXT ( 'NONE', #613, 'mechanical' ) ;
#1727 = EDGE_CURVE ( 'NONE', #1639, #988, #1209, .T. ) ;
#1728 = ORIENTED_EDGE ( 'NONE', *, *, #28, .T. ) ;
#1729 = CARTESIAN_POINT ( 'NONE',  ( 57.99999999999999289, 18.00000000000000355, -51.25000000000000711 ) ) ;
#1730 = DIRECTION ( 'NONE',  ( 0.000000000000000000, 0.000000000000000000, 1.000000000000000000 ) ) ;
#1731 = CARTESIAN_POINT ( 'NONE',  ( -4.000000000000000000, 19.50000000000002132, -49.50000000000000000 ) ) ;
#1732 = VERTEX_POINT ( 'NONE', #138 ) ;
#1733 = LINE ( 'NONE', #1251, #1239 ) ;
#1734 = ORIENTED_EDGE ( 'NONE', *, *, #1024, .T. ) ;
#1735 = ORIENTED_EDGE ( 'NONE', *, *, #459, .F. ) ;
#1736 = CARTESIAN_POINT ( 'NONE',  ( 57.99999999999999289, 21.00000000000000000, -5.999999999999998224 ) ) ;
#1737 = EDGE_CURVE ( 'NONE', #1139, #67, #1633, .T. ) ;
#1738 = DIRECTION ( 'NONE',  ( 1.000000000000000000, 0.000000000000000000, -0.000000000000000000 ) ) ;
#1739 = LINE ( 'NONE', #985, #870 ) ;
#1740 = LINE ( 'NONE', #1147, #514 ) ;
#1741 = ORIENTED_EDGE ( 'NONE', *, *, #430, .F. ) ;
#1742 = ORIENTED_EDGE ( 'NONE', *, *, #507, .F. ) ;
#1743 = VECTOR ( 'NONE', #1456, 1000.000000000000000 ) ;
#1744 = ORIENTED_EDGE ( 'NONE', *, *, #1289, .T. ) ;
#1745 = AXIS2_PLACEMENT_3D ( 'NONE', #1845, #488, #1088 ) ;
#1746 = VERTEX_POINT ( 'NONE', #277 ) ;
#1747 = AXIS2_PLACEMENT_3D ( 'NONE', #332, #1134, #942 ) ;
#1748 = CARTESIAN_POINT ( 'NONE',  ( -4.000000000000000000, 18.00000000000000355, -48.00000000000000000 ) ) ;
#1749 = CARTESIAN_POINT ( 'NONE',  ( -4.000000000000000000, 18.00000000000000355, -2.749999999999995559 ) ) ;
#1750 = CARTESIAN_POINT ( 'NONE',  ( 9.000000000000000000, 3.000000000000000000, -54.99999999999999289 ) ) ;
#1751 = ORIENTED_EDGE ( 'NONE', *, *, #961, .F. ) ;
#1752 = DIRECTION ( 'NONE',  ( 0.000000000000000000, 1.000000000000000000, 0.000000000000000000 ) ) ;
#1753 = EDGE_CURVE ( 'NONE', #644, #1682, #1491, .T. ) ;
#1754 = PLANE ( 'NONE',  #1083 ) ;
#1755 = VERTEX_POINT ( 'NONE', #1820 ) ;
#1756 = ORIENTED_EDGE ( 'NONE', *, *, #574, .T. ) ;
#1757 = DIRECTION ( 'NONE',  ( -0.000000000000000000, 1.000000000000000000, -0.000000000000000000 ) ) ;
#1758 = CARTESIAN_POINT ( 'NONE',  ( -4.000000000000000000, 18.00000000000000355, -2.749999999999995559 ) ) ;
#1759 = CARTESIAN_POINT ( 'NONE',  ( -4.000000000000000000, 18.00000000000000355, -9.250000000000001776 ) ) ;
#1760 = ORIENTED_EDGE ( 'NONE', *, *, #736, .T. ) ;
#1761 = DIRECTION ( 'NONE',  ( -0.000000000000000000, -1.000000000000000000, 0.000000000000000000 ) ) ;
#1762 = CIRCLE ( 'NONE', #775, 3.250000000000002665 ) ;
#1763 = DIRECTION ( 'NONE',  ( 0.000000000000000000, 0.000000000000000000, -1.000000000000000000 ) ) ;
#1764 = ADVANCED_FACE ( 'NONE', ( #771 ), #312, .F. ) ;
#1765 = ORIENTED_EDGE ( 'NONE', *, *, #822, .F. ) ;
#1766 = ORIENTED_EDGE ( 'NONE', *, *, #1132, .F. ) ;
#1767 = CARTESIAN_POINT ( 'NONE',  ( 57.99999999999999289, 18.00000000000000355, -44.75000000000000000 ) ) ;
#1768 = VECTOR ( 'NONE', #556, 1000.000000000000000 ) ;
#1769 = DIRECTION ( 'NONE',  ( -0.000000000000000000, -1.000000000000000000, -0.000000000000000000 ) ) ;
#1770 = DIRECTION ( 'NONE',  ( 0.000000000000000000, 1.000000000000000000, 0.000000000000000000 ) ) ;
#1771 = VERTEX_POINT ( 'NONE', #910 ) ;
#1772 = ORIENTED_EDGE ( 'NONE', *, *, #507, .T. ) ;
#1773 = DIRECTION ( 'NONE',  ( 0.000000000000000000, 0.000000000000000000, -1.000000000000000000 ) ) ;
#1774 = DIRECTION ( 'NONE',  ( 0.000000000000000000, 0.000000000000000000, 1.000000000000000000 ) ) ;
#1775 = EDGE_CURVE ( 'NONE', #240, #1913, #1093, .T. ) ;
#1776 = EDGE_LOOP ( 'NONE', ( #1742, #801, #1904, #907 ) ) ;
#1777 = VECTOR ( 'NONE', #1712, 1000.000000000000000 ) ;
#1778 = EDGE_CURVE ( 'NONE', #1697, #1459, #156, .T. ) ;
#1779 = ORIENTED_EDGE ( 'NONE', *, *, #1569, .T. ) ;
#1780 = CARTESIAN_POINT ( 'NONE',  ( -4.000000000000000000, 18.00000000000000355, -48.00000000000000000 ) ) ;
#1781 = LINE ( 'NONE', #1617, #1715 ) ;
#1782 = ORIENTED_EDGE ( 'NONE', *, *, #31, .F. ) ;
#1783 = ORIENTED_EDGE ( 'NONE', *, *, #271, .F. ) ;
#1784 = AXIS2_PLACEMENT_3D ( 'NONE', #208, #338, #1406 ) ;
#1785 = DIRECTION ( 'NONE',  ( -0.000000000000000000, 1.000000000000000000, -0.000000000000000000 ) ) ;
#1786 = ORIENTED_EDGE ( 'NONE', *, *, #350, .F. ) ;
#1787 = ORIENTED_EDGE ( 'NONE', *, *, #648, .T. ) ;
#1788 = EDGE_CURVE ( 'NONE', #992, #547, #1354, .T. ) ;
#1789 = DIRECTION ( 'NONE',  ( 0.000000000000000000, 0.000000000000000000, -1.000000000000000000 ) ) ;
#1790 = VERTEX_POINT ( 'NONE', #1065 ) ;
#1791 =( GEOMETRIC_REPRESENTATION_CONTEXT ( 3 ) GLOBAL_UNCERTAINTY_ASSIGNED_CONTEXT ( ( #1613 ) ) GLOBAL_UNIT_ASSIGNED_CONTEXT ( ( #1860, #66, #813 ) ) REPRESENTATION_CONTEXT ( 'NONE', 'WORKASPACE' ) );
#1792 = CARTESIAN_POINT ( 'NONE',  ( 8.878689293818306130E-16, 18.00000000000000355, -51.25000000000000711 ) ) ;
#1793 = CIRCLE ( 'NONE', #933, 2.000000000000001776 ) ;
#1794 = FACE_BOUND ( 'NONE', #137, .T. ) ;
#1795 = VERTEX_POINT ( 'NONE', #748 ) ;
#1796 = VERTEX_POINT ( 'NONE', #145 ) ;
#1797 = CARTESIAN_POINT ( 'NONE',  ( 3.999999999999999112, 0.000000000000000000, -54.00000000000000000 ) ) ;
#1798 = FACE_OUTER_BOUND ( 'NONE', #1542, .T. ) ;
#1799 = ADVANCED_FACE ( 'NONE', ( #1541 ), #21, .T. ) ;
#1800 = EDGE_LOOP ( 'NONE', ( #1782, #1288, #1631, #1760 ) ) ;
#1801 = ADVANCED_FACE ( 'NONE', ( #474, #1199 ), #900, .T. ) ;
#1802 = DIRECTION ( 'NONE',  ( -1.000000000000000000, 0.000000000000000000, 0.000000000000000000 ) ) ;
#1803 = CARTESIAN_POINT ( 'NONE',  ( 3.999999999999999112, 0.000000000000000000, -54.00000000000000000 ) ) ;
#1804 = FACE_OUTER_BOUND ( 'NONE', #1594, .T. ) ;
#1805 = CARTESIAN_POINT ( 'NONE',  ( -4.000000000000000000, 21.00000000000000000, -7.500000000000000888 ) ) ;
#1806 = ORIENTED_EDGE ( 'NONE', *, *, #214, .T. ) ;
#1807 = ORIENTED_EDGE ( 'NONE', *, *, #1278, .F. ) ;
#1808 = DIRECTION ( 'NONE',  ( 0.000000000000000000, -1.000000000000000000, 0.000000000000000000 ) ) ;
#1809 = LINE ( 'NONE', #1034, #1285 ) ;
#1810 = ORIENTED_EDGE ( 'NONE', *, *, #527, .F. ) ;
#1811 = VECTOR ( 'NONE', #803, 1000.000000000000000 ) ;
#1812 = DIRECTION ( 'NONE',  ( 0.000000000000000000, -1.000000000000000000, 0.000000000000000000 ) ) ;
#1813 = LINE ( 'NONE', #1048, #1287 ) ;
#1814 = CARTESIAN_POINT ( 'NONE',  ( 57.99999999999999289, 18.00000000000000355, -45.00000000000000000 ) ) ;
#1815 = CIRCLE ( 'NONE', #1115, 3.250000000000002665 ) ;
#1816 = FACE_BOUND ( 'NONE', #493, .T. ) ;
#1817 = EDGE_CURVE ( 'NONE', #559, #522, #211, .T. ) ;
#1818 = CARTESIAN_POINT ( 'NONE',  ( 57.99999999999999289, 19.50000000000000355, -5.999999999999998224 ) ) ;
#1819 = EDGE_LOOP ( 'NONE', ( #420, #1535, #1927, #1189 ) ) ;
#1820 = CARTESIAN_POINT ( 'NONE',  ( -4.000000000000000000, 18.00000000000000355, -51.25000000000000711 ) ) ;
#1821 = CARTESIAN_POINT ( 'NONE',  ( 1.961595313727736034E-32, 21.00000000000000000, -2.749999999999995559 ) ) ;
#1822 = ORIENTED_EDGE ( 'NONE', *, *, #418, .F. ) ;
#1823 = DIRECTION ( 'NONE',  ( -1.000000000000000000, 0.000000000000000000, 0.000000000000000000 ) ) ;
#1824 = CARTESIAN_POINT ( 'NONE',  ( 52.00000000000000000, 0.000000000000000000, -52.00000000000000000 ) ) ;
#1825 = DIRECTION ( 'NONE',  ( 0.000000000000000000, 1.000000000000000000, 0.000000000000000000 ) ) ;
#1826 = CARTESIAN_POINT ( 'NONE',  ( 45.99999999999998579, 21.00000000000000000, -57.99999999999999289 ) ) ;
#1827 = EDGE_CURVE ( 'NONE', #390, #1650, #492, .T. ) ;
#1828 = ORIENTED_EDGE ( 'NONE', *, *, #520, .T. ) ;
#1829 = CIRCLE ( 'NONE', #740, 1.500000000000010880 ) ;
#1830 = ORIENTED_EDGE ( 'NONE', *, *, #596, .F. ) ;
#1831 = FACE_OUTER_BOUND ( 'NONE', #1167, .T. ) ;
#1832 = DIRECTION ( 'NONE',  ( 0.000000000000000000, -0.7071067811865493491, -0.7071067811865456854 ) ) ;
#1833 = ORIENTED_EDGE ( 'NONE', *, *, #861, .F. ) ;
#1834 = LINE ( 'NONE', #1068, #17 ) ;
#1835 = CARTESIAN_POINT ( 'NONE',  ( 0.000000000000000000, 21.00000000000000000, 0.000000000000000000 ) ) ;
#1836 = DIRECTION ( 'NONE',  ( 0.000000000000000000, 1.000000000000000000, 0.000000000000000000 ) ) ;
#1837 = ORIENTED_EDGE ( 'NONE', *, *, #1011, .T. ) ;
#1838 = EDGE_CURVE ( 'NONE', #1520, #575, #123, .T. ) ;
#1839 = EDGE_CURVE ( 'NONE', #1651, #992, #1245, .T. ) ;
#1840 = VECTOR ( 'NONE', #891, 1000.000000000000000 ) ;
#1841 = EDGE_CURVE ( 'NONE', #1488, #162, #834, .T. ) ;
#1842 = CARTESIAN_POINT ( 'NONE',  ( 54.00000000000000000, 21.00000000000000000, -54.00000000000000000 ) ) ;
#1843 = EDGE_LOOP ( 'NONE', ( #220, #1603, #482, #329 ) ) ;
#1844 = LINE ( 'NONE', #1201, #1430 ) ;
#1845 = CARTESIAN_POINT ( 'NONE',  ( 46.00000000000000000, 21.00000000000000000, -55.99999999999999289 ) ) ;
#1846 = DIRECTION ( 'NONE',  ( -1.000000000000000000, 0.000000000000000000, -0.000000000000000000 ) ) ;
#1847 = CIRCLE ( 'NONE', #1017, 3.250000000000002665 ) ;
#1848 = DIRECTION ( 'NONE',  ( -0.000000000000000000, -1.000000000000000000, -0.000000000000000000 ) ) ;
#1849 = VECTOR ( 'NONE', #1461, 1000.000000000000000 ) ;
#1850 = ORIENTED_EDGE ( 'NONE', *, *, #1097, .T. ) ;
#1851 = ORIENTED_EDGE ( 'NONE', *, *, #1674, .T. ) ;
#1852 = LINE ( 'NONE', #343, #686 ) ;
#1853 = EDGE_LOOP ( 'NONE', ( #1610, #139, #129, #286 ) ) ;
#1854 = LINE ( 'NONE', #1873, #327 ) ;
#1855 = ADVANCED_FACE ( 'NONE', ( #1831 ), #760, .T. ) ;
#1856 = DIRECTION ( 'NONE',  ( 1.000000000000000000, 0.000000000000000000, 1.156482317317871922E-15 ) ) ;
#1857 = CARTESIAN_POINT ( 'NONE',  ( -4.000000000000000000, 18.00000000000000355, -48.00000000000000000 ) ) ;
#1858 = CARTESIAN_POINT ( 'NONE',  ( -4.000000000000000000, 19.50000000000001066, -7.500000000000000888 ) ) ;
#1859 = ORIENTED_EDGE ( 'NONE', *, *, #1230, .F. ) ;
#1860 =( LENGTH_UNIT ( ) NAMED_UNIT ( * ) SI_UNIT ( .MILLI., .METRE. ) );
#1861 = CARTESIAN_POINT ( 'NONE',  ( 51.00000000000000000, 21.00000000000000000, -51.00000000000000000 ) ) ;
#1862 = VECTOR ( 'NONE', #749, 1000.000000000000000 ) ;
#1863 = ORIENTED_EDGE ( 'NONE', *, *, #1866, .F. ) ;
#1864 = CARTESIAN_POINT ( 'NONE',  ( -4.000000000000000000, 21.00000000000000000, -48.00000000000000000 ) ) ;
#1865 = CARTESIAN_POINT ( 'NONE',  ( 57.99999999999999289, 21.00000000000000000, -7.500000000000009770 ) ) ;
#1866 = EDGE_CURVE ( 'NONE', #154, #363, #1100, .T. ) ;
#1867 = CARTESIAN_POINT ( 'NONE',  ( 57.99999999999999289, 18.00000000000000355, -5.999999999999998224 ) ) ;
#1868 = CARTESIAN_POINT ( 'NONE',  ( -4.000000000000000000, 21.00000000000000000, -4.499999999999996447 ) ) ;
#1869 = VERTEX_POINT ( 'NONE', #1652 ) ;
#1870 = CYLINDRICAL_SURFACE ( 'NONE', #305, 2.000000000000000000 ) ;
#1871 = DIRECTION ( 'NONE',  ( 0.000000000000000000, 0.000000000000000000, -1.000000000000000000 ) ) ;
#1872 = VERTEX_POINT ( 'NONE', #40 ) ;
#1873 = CARTESIAN_POINT ( 'NONE',  ( 57.99999999999999289, 18.00000000000000355, -51.00000000000000711 ) ) ;
#1874 = AXIS2_PLACEMENT_3D ( 'NONE', #254, #394, #1026 ) ;
#1875 = DIRECTION ( 'NONE',  ( -1.000000000000000000, 0.000000000000000000, 0.000000000000000000 ) ) ;
#1876 = EDGE_CURVE ( 'NONE', #727, #1915, #921, .T. ) ;
#1877 = AXIS2_PLACEMENT_3D ( 'NONE', #1271, #1757, #1164 ) ;
#1878 = AXIS2_PLACEMENT_3D ( 'NONE', #1554, #517, #796 ) ;
#1879 = VERTEX_POINT ( 'NONE', #635 ) ;
#1880 = DIRECTION ( 'NONE',  ( -1.000000000000000000, 0.000000000000000000, -0.000000000000000000 ) ) ;
#1881 = DIRECTION ( 'NONE',  ( 0.000000000000000000, 1.000000000000000000, 0.000000000000000000 ) ) ;
#1882 = PLANE ( 'NONE',  #135 ) ;
#1883 = DIRECTION ( 'NONE',  ( 0.000000000000000000, 0.000000000000000000, 1.000000000000000000 ) ) ;
#1884 = CARTESIAN_POINT ( 'NONE',  ( 8.878689293818306130E-16, 18.00000000000000355, -2.749999999999995559 ) ) ;
#1885 = LINE ( 'NONE', #1365, #1273 ) ;
#1886 = EDGE_CURVE ( 'NONE', #1662, #1210, #1852, .T. ) ;
#1887 = VERTEX_POINT ( 'NONE', #1254 ) ;
#1888 = CARTESIAN_POINT ( 'NONE',  ( 54.00000000000000000, 18.00000000000000355, -44.75000000000000000 ) ) ;
#1889 = FACE_OUTER_BOUND ( 'NONE', #1036, .T. ) ;
#1890 = FACE_OUTER_BOUND ( 'NONE', #1501, .T. ) ;
#1891 = VECTOR ( 'NONE', #1538, 1000.000000000000000 ) ;
#1892 = DIRECTION ( 'NONE',  ( 0.000000000000000000, 0.000000000000000000, -1.000000000000000000 ) ) ;
#1893 = ORIENTED_EDGE ( 'NONE', *, *, #1412, .F. ) ;
#1894 = EDGE_LOOP ( 'NONE', ( #731, #409, #251, #908 ) ) ;
#1895 = CARTESIAN_POINT ( 'NONE',  ( 57.99999999999999289, 19.50000000000001421, -49.50000000000000711 ) ) ;
#1896 = VERTEX_POINT ( 'NONE', #962 ) ;
#1897 = DIRECTION ( 'NONE',  ( 0.000000000000000000, 1.000000000000000000, 0.000000000000000000 ) ) ;
#1898 = EDGE_CURVE ( 'NONE', #461, #1210, #939, .T. ) ;
#1899 = CARTESIAN_POINT ( 'NONE',  ( 51.00000000000000000, 3.000000000000000000, -2.999999999999999556 ) ) ;
#1900 = DIRECTION ( 'NONE',  ( -0.000000000000000000, 1.000000000000000000, -0.000000000000000000 ) ) ;
#1901 = VERTEX_POINT ( 'NONE', #1895 ) ;
#1902 = CARTESIAN_POINT ( 'NONE',  ( 3.851859888774471706E-31, 21.00000000000000000, -54.00000000000000000 ) ) ;
#1903 = VECTOR ( 'NONE', #1386, 1000.000000000000000 ) ;
#1904 = ORIENTED_EDGE ( 'NONE', *, *, #1886, .T. ) ;
#1905 = AXIS2_PLACEMENT_3D ( 'NONE', #1749, #69, #1108 ) ;
#1906 = CIRCLE ( 'NONE', #857, 2.000000000000001776 ) ;
#1907 = ORIENTED_EDGE ( 'NONE', *, *, #1886, .F. ) ;
#1908 = VECTOR ( 'NONE', #1576, 1000.000000000000000 ) ;
#1909 = CARTESIAN_POINT ( 'NONE',  ( 57.99999999999999289, 18.00000000000000355, -48.00000000000000000 ) ) ;
#1910 = LINE ( 'NONE', #1174, #658 ) ;
#1911 = CYLINDRICAL_SURFACE ( 'NONE', #1268, 2.000000000000001776 ) ;
#1912 = EDGE_CURVE ( 'NONE', #547, #1327, #839, .T. ) ;
#1913 = VERTEX_POINT ( 'NONE', #59 ) ;
#1914 = DIRECTION ( 'NONE',  ( -0.000000000000000000, -1.000000000000000000, -0.000000000000000000 ) ) ;
#1915 = VERTEX_POINT ( 'NONE', #645 ) ;
#1916 = UNCERTAINTY_MEASURE_WITH_UNIT (LENGTH_MEASURE( 1.000000000000000082E-05 ), #289, 'distance_accuracy_value', 'NONE');
#1917 = ORIENTED_EDGE ( 'NONE', *, *, #1388, .F. ) ;
#1918 = DIRECTION ( 'NONE',  ( -0.000000000000000000, -0.000000000000000000, 1.000000000000000000 ) ) ;
#1919 = FACE_OUTER_BOUND ( 'NONE', #1124, .T. ) ;
#1920 = LINE ( 'NONE', #1015, #633 ) ;
#1921 = EDGE_LOOP ( 'NONE', ( #1335, #1212, #503, #1640 ) ) ;
#1922 = CARTESIAN_POINT ( 'NONE',  ( -4.000000000000000000, 18.00000000000000355, -44.75000000000000000 ) ) ;
#1923 = EDGE_CURVE ( 'NONE', #1476, #1887, #1399, .T. ) ;
#1924 = AXIS2_PLACEMENT_3D ( 'NONE', #1104, #351, #1953 ) ;
#1925 = EDGE_CURVE ( 'NONE', #679, #547, #652, .T. ) ;
#1926 = ADVANCED_FACE ( 'NONE', ( #218 ), #357, .F. ) ;
#1927 = ORIENTED_EDGE ( 'NONE', *, *, #519, .F. ) ;
#1928 = ORIENTED_EDGE ( 'NONE', *, *, #1817, .F. ) ;
#1929 = CYLINDRICAL_SURFACE ( 'NONE', #417, 3.250000000000002665 ) ;
#1930 = CARTESIAN_POINT ( 'NONE',  ( 6.000000000000000000, 21.00000000000000000, -57.99999999999999289 ) ) ;
#1931 = CARTESIAN_POINT ( 'NONE',  ( 57.99999999999999289, 18.00000000000000355, -2.999999999999995559 ) ) ;
#1932 = ORIENTED_EDGE ( 'NONE', *, *, #551, .F. ) ;
#1933 = DIRECTION ( 'NONE',  ( 0.000000000000000000, -1.000000000000000000, 0.000000000000000000 ) ) ;
#1934 = AXIS2_PLACEMENT_3D ( 'NONE', #79, #965, #222 ) ;
#1935 = EDGE_CURVE ( 'NONE', #134, #240, #1112, .T. ) ;
#1936 = ORIENTED_EDGE ( 'NONE', *, *, #527, .T. ) ;
#1937 = VECTOR ( 'NONE', #606, 1000.000000000000000 ) ;
#1938 = EDGE_LOOP ( 'NONE', ( #1863, #1192 ) ) ;
#1939 = DIRECTION ( 'NONE',  ( -0.000000000000000000, -0.000000000000000000, -1.000000000000000000 ) ) ;
#1940 = LINE ( 'NONE', #463, #1350 ) ;
#1941 = VECTOR ( 'NONE', #1552, 1000.000000000000000 ) ;
#1942 = ORIENTED_EDGE ( 'NONE', *, *, #520, .F. ) ;
#1943 = DIRECTION ( 'NONE',  ( -0.000000000000000000, 0.000000000000000000, 1.000000000000000000 ) ) ;
#1944 = CARTESIAN_POINT ( 'NONE',  ( -4.000000000000000000, 18.00000000000000355, -48.00000000000000000 ) ) ;
#1945 = ORIENTED_EDGE ( 'NONE', *, *, #1334, .F. ) ;
#1946 = ADVANCED_FACE ( 'NONE', ( #1122 ), #1253, .T. ) ;
#1947 = EDGE_CURVE ( 'NONE', #476, #988, #1439, .T. ) ;
#1948 = EDGE_LOOP ( 'NONE', ( #1315, #720, #1783, #231 ) ) ;
#1949 = CARTESIAN_POINT ( 'NONE',  ( -4.000000000000000000, 18.00000000000000355, -44.75000000000000000 ) ) ;
#1950 = DIRECTION ( 'NONE',  ( 0.000000000000000000, -1.000000000000000000, 0.000000000000000000 ) ) ;
#1951 = EDGE_LOOP ( 'NONE', ( #1022, #1218, #1671, #1597 ) ) ;
#1952 = PLANE ( 'NONE',  #1053 ) ;
#1953 = DIRECTION ( 'NONE',  ( 0.000000000000000000, 0.000000000000000000, 1.000000000000000000 ) ) ;
#1954 = AXIS2_PLACEMENT_3D ( 'NONE', #1818, #755, #1206 ) ;
#1955 = AXIS2_PLACEMENT_3D ( 'NONE', #1391, #1371, #929 ) ;
#1956 = FACE_BOUND ( 'NONE', #707, .T. ) ;
#1957 = VERTEX_POINT ( 'NONE', #1868 ) ;
#1958 = ORIENTED_EDGE ( 'NONE', *, *, #370, .F. ) ;
#1959 = CARTESIAN_POINT ( 'NONE',  ( 8.878689293818306130E-16, 18.00000000000000355, -9.250000000000001776 ) ) ;
#1960 =( NAMED_UNIT ( * ) PLANE_ANGLE_UNIT ( ) SI_UNIT ( $, .RADIAN. ) );
#1961 = EDGE_LOOP ( 'NONE', ( #1163, #963, #1426, #995 ) ) ;
ENDSEC;
END-ISO-10303-21;
