ISO-10303-21;
HEADER;
FILE_DESCRIPTION (( 'STEP AP214' ),
    '1' );
FILE_NAME ('Cover_Under.STEP',
    '2026-07-28T10:12:32',
    ( '' ),
    ( '' ),
    'SwSTEP 2.0',
    'SolidWorks 2024',
    '' );
FILE_SCHEMA (( 'AUTOMOTIVE_DESIGN' ));
ENDSEC;

DATA;
#1 = CYLINDRICAL_SURFACE ( 'NONE', #340, 2.000000000000001776 ) ;
#2 = CARTESIAN_POINT ( 'NONE',  ( 20.92861960804579624, 12.40938682214885880, 79.20000000000000284 ) ) ;
#3 = ORIENTED_EDGE ( 'NONE', *, *, #555, .F. ) ;
#4 = DIRECTION ( 'NONE',  ( 0.000000000000000000, 0.000000000000000000, 1.000000000000000000 ) ) ;
#5 = EDGE_CURVE ( 'NONE', #1186, #2094, #929, .T. ) ;
#6 = DIRECTION ( 'NONE',  ( -0.000000000000000000, -0.000000000000000000, -1.000000000000000000 ) ) ;
#7 = ORIENTED_EDGE ( 'NONE', *, *, #163, .F. ) ;
#8 = EDGE_CURVE ( 'NONE', #1313, #1790, #171, .T. ) ;
#9 = EDGE_CURVE ( 'NONE', #1092, #2032, #2438, .T. ) ;
#10 = VECTOR ( 'NONE', #2008, 1000.000000000000000 ) ;
#11 = PLANE ( 'NONE',  #742 ) ;
#12 = DIRECTION ( 'NONE',  ( 0.000000000000000000, 0.000000000000000000, -1.000000000000000000 ) ) ;
#13 = EDGE_LOOP ( 'NONE', ( #1777, #310, #1922, #2229 ) ) ;
#14 = CARTESIAN_POINT ( 'NONE',  ( 77.25413388012447058, -15.09944781907615940, 77.70000000000000284 ) ) ;
#15 = DIRECTION ( 'NONE',  ( -0.000000000000000000, -0.000000000000000000, -1.000000000000000000 ) ) ;
#16 = EDGE_LOOP ( 'NONE', ( #620, #922, #1957, #1823 ) ) ;
#17 = DIRECTION ( 'NONE',  ( 0.000000000000000000, 0.000000000000000000, -1.000000000000000000 ) ) ;
#18 = LINE ( 'NONE', #1338, #1575 ) ;
#19 = EDGE_CURVE ( 'NONE', #1328, #1816, #1361, .T. ) ;
#20 = FACE_BOUND ( 'NONE', #1446, .T. ) ;
#21 = DIRECTION ( 'NONE',  ( 0.000000000000000000, 0.000000000000000000, 1.000000000000000000 ) ) ;
#22 = AXIS2_PLACEMENT_3D ( 'NONE', #1497, #572, #2258 ) ;
#23 = EDGE_LOOP ( 'NONE', ( #1582, #1533 ) ) ;
#24 = CYLINDRICAL_SURFACE ( 'NONE', #1746, 3.525000000000000355 ) ;
#25 = CARTESIAN_POINT ( 'NONE',  ( 57.52404622943284096, -8.834738891675796069, 89.20000000000000284 ) ) ;
#26 = ORIENTED_EDGE ( 'NONE', *, *, #790, .F. ) ;
#27 = CARTESIAN_POINT ( 'NONE',  ( 65.57555218092382177, -0.1291338801246277312, 97.90000000000001990 ) ) ;
#28 = CIRCLE ( 'NONE', #1930, 12.00000000000002487 ) ;
#29 = CARTESIAN_POINT ( 'NONE',  ( 77.12500000000000000, -21.50000000000000000, 90.70000000000000284 ) ) ;
#30 = AXIS2_PLACEMENT_3D ( 'NONE', #2153, #1730, #2330 ) ;
#31 = DIRECTION ( 'NONE',  ( 1.000000000000000000, 0.000000000000000000, 0.000000000000000000 ) ) ;
#32 = CARTESIAN_POINT ( 'NONE',  ( 77.25413388012447058, -15.09944781907615940, 97.90000000000001990 ) ) ;
#33 = APPLICATION_CONTEXT ( 'automotive_design' ) ;
#34 = CIRCLE ( 'NONE', #1552, 3.525000000000000355 ) ;
#35 = EDGE_CURVE ( 'NONE', #1214, #1354, #1794, .T. ) ;
#36 = ORIENTED_EDGE ( 'NONE', *, *, #1796, .T. ) ;
#37 = DIRECTION ( 'NONE',  ( -0.000000000000000000, -0.000000000000000000, -1.000000000000000000 ) ) ;
#38 = LINE ( 'NONE', #438, #1344 ) ;
#39 = ORIENTED_EDGE ( 'NONE', *, *, #2053, .T. ) ;
#40 = CYLINDRICAL_SURFACE ( 'NONE', #53, 3.000000000000001332 ) ;
#41 = FACE_OUTER_BOUND ( 'NONE', #343, .T. ) ;
#42 = VERTEX_POINT ( 'NONE', #1382 ) ;
#43 = LINE ( 'NONE', #1554, #1275 ) ;
#44 = EDGE_CURVE ( 'NONE', #1536, #567, #1596, .T. ) ;
#45 = ORIENTED_EDGE ( 'NONE', *, *, #192, .T. ) ;
#46 = DIRECTION ( 'NONE',  ( -1.000000000000000000, 0.000000000000000000, -0.000000000000000000 ) ) ;
#47 = CIRCLE ( 'NONE', #1564, 12.00000000000002487 ) ;
#48 = VECTOR ( 'NONE', #911, 1000.000000000000000 ) ;
#49 = CARTESIAN_POINT ( 'NONE',  ( 77.25413388012447058, -15.09944781907615940, 97.90000000000001990 ) ) ;
#50 = DIRECTION ( 'NONE',  ( -1.000000000000000000, 0.000000000000000000, 0.000000000000000000 ) ) ;
#51 = CIRCLE ( 'NONE', #299, 20.00000000000000355 ) ;
#52 = CARTESIAN_POINT ( 'NONE',  ( 18.24953604138439900, 8.182568928778708894, 79.20000000000000284 ) ) ;
#53 = AXIS2_PLACEMENT_3D ( 'NONE', #196, #440, #1939 ) ;
#54 = EDGE_CURVE ( 'NONE', #1770, #1479, #1561, .T. ) ;
#55 = EDGE_LOOP ( 'NONE', ( #481, #39, #1045, #1315 ) ) ;
#56 = AXIS2_PLACEMENT_3D ( 'NONE', #251, #1762, #58 ) ;
#57 = ORIENTED_EDGE ( 'NONE', *, *, #319, .F. ) ;
#58 = DIRECTION ( 'NONE',  ( 1.000000000000000000, 0.000000000000000000, 0.000000000000000000 ) ) ;
#59 = PRODUCT_DEFINITION_SHAPE ( 'NONE', 'NONE',  #920 ) ;
#60 = VERTEX_POINT ( 'NONE', #1198 ) ;
#61 = LINE ( 'NONE', #2329, #2031 ) ;
#62 = CARTESIAN_POINT ( 'NONE',  ( 87.71061050272419379, 10.76823338735817792, 82.70000000000000284 ) ) ;
#63 = DIRECTION ( 'NONE',  ( -0.000000000000000000, -0.000000000000000000, -1.000000000000000000 ) ) ;
#64 = ADVANCED_FACE ( 'NONE', ( #1767, #1970 ), #281, .T. ) ;
#65 = AXIS2_PLACEMENT_3D ( 'NONE', #783, #2122, #971 ) ;
#66 = CARTESIAN_POINT ( 'NONE',  ( 0.000000000000000000, 14.00000000000000000, 79.20000000000000284 ) ) ;
#67 = EDGE_CURVE ( 'NONE', #1150, #392, #1780, .T. ) ;
#68 = ORIENTED_EDGE ( 'NONE', *, *, #999, .F. ) ;
#69 = AXIS2_PLACEMENT_3D ( 'NONE', #1038, #1407, #1445 ) ;
#70 = ADVANCED_FACE ( 'NONE', ( #644, #1606, #825 ), #78, .T. ) ;
#71 = ORIENTED_EDGE ( 'NONE', *, *, #827, .F. ) ;
#72 = ORIENTED_EDGE ( 'NONE', *, *, #163, .T. ) ;
#73 = CYLINDRICAL_SURFACE ( 'NONE', #302, 20.00000000000000355 ) ;
#74 = ORIENTED_EDGE ( 'NONE', *, *, #1619, .T. ) ;
#75 = DIRECTION ( 'NONE',  ( 1.000000000000000000, 0.000000000000000000, 0.000000000000000000 ) ) ;
#76 = CARTESIAN_POINT ( 'NONE',  ( 89.89323338735817970, -10.58561050272418136, 82.70000000000000284 ) ) ;
#77 = AXIS2_PLACEMENT_3D ( 'NONE', #155, #1266, #2421 ) ;
#78 = PLANE ( 'NONE',  #1874 ) ;
#79 = CARTESIAN_POINT ( 'NONE',  ( 63.01438949727582184, -10.76823338735819391, 82.70000000000000284 ) ) ;
#80 = CIRCLE ( 'NONE', #2230, 3.525000000000000355 ) ;
#81 = ORIENTED_EDGE ( 'NONE', *, *, #333, .T. ) ;
#82 = APPLICATION_PROTOCOL_DEFINITION ( 'draft international standard', 'automotive_design', 1998, #33 ) ;
#83 = ORIENTED_EDGE ( 'NONE', *, *, #1990, .F. ) ;
#84 = EDGE_CURVE ( 'NONE', #1354, #1770, #1042, .T. ) ;
#85 = ADVANCED_FACE ( 'NONE', ( #853 ), #2368, .F. ) ;
#86 = DIRECTION ( 'NONE',  ( 0.000000000000000000, 0.000000000000000000, 1.000000000000000000 ) ) ;
#87 = ORIENTED_EDGE ( 'NONE', *, *, #608, .F. ) ;
#88 = CARTESIAN_POINT ( 'NONE',  ( 70.06438949727582610, -10.76823338735819391, 82.70000000000000284 ) ) ;
#89 = CARTESIAN_POINT ( 'NONE',  ( 64.53938949727583463, -10.76823338735819391, 89.20000000000000284 ) ) ;
#90 = DIRECTION ( 'NONE',  ( 0.000000000000000000, 0.000000000000000000, 1.000000000000000000 ) ) ;
#91 = CYLINDRICAL_SURFACE ( 'NONE', #2463, 1.999999999999988010 ) ;
#92 = VECTOR ( 'NONE', #1522, 1000.000000000000000 ) ;
#93 = DIRECTION ( 'NONE',  ( -0.000000000000000000, -0.000000000000000000, 1.000000000000000000 ) ) ;
#94 = AXIS2_PLACEMENT_3D ( 'NONE', #1947, #1414, #484 ) ;
#95 = ORIENTED_EDGE ( 'NONE', *, *, #455, .F. ) ;
#96 = CIRCLE ( 'NONE', #219, 2.000000000000001776 ) ;
#97 = VERTEX_POINT ( 'NONE', #1620 ) ;
#98 = EDGE_LOOP ( 'NONE', ( #546, #503, #2065, #2401 ) ) ;
#99 = DIRECTION ( 'NONE',  ( 0.000000000000000000, -0.000000000000000000, 1.000000000000000000 ) ) ;
#100 = ORIENTED_EDGE ( 'NONE', *, *, #212, .F. ) ;
#101 = EDGE_CURVE ( 'NONE', #1341, #701, #1758, .T. ) ;
#102 = CARTESIAN_POINT ( 'NONE',  ( 66.35676661264180609, 10.58561050272417248, 77.70000000000000284 ) ) ;
#103 = DIRECTION ( 'NONE',  ( -0.000000000000000000, -0.000000000000000000, -1.000000000000000000 ) ) ;
#104 = DIRECTION ( 'NONE',  ( 0.000000000000000000, 0.000000000000000000, 1.000000000000000000 ) ) ;
#105 = LINE ( 'NONE', #2391, #2016 ) ;
#106 = DIRECTION ( 'NONE',  ( -1.000000000000000000, 0.000000000000000000, 0.000000000000000000 ) ) ;
#107 = ORIENTED_EDGE ( 'NONE', *, *, #748, .F. ) ;
#108 = AXIS2_PLACEMENT_3D ( 'NONE', #1529, #248, #1327 ) ;
#109 = EDGE_LOOP ( 'NONE', ( #938, #1184 ) ) ;
#110 = CARTESIAN_POINT ( 'NONE',  ( 57.29282491146929601, 11.72006937418067096, 79.20000000000000284 ) ) ;
#111 = VERTEX_POINT ( 'NONE', #1098 ) ;
#112 = CARTESIAN_POINT ( 'NONE',  ( 77.25413388012447058, -15.09944781907615940, 97.90000000000001990 ) ) ;
#113 = CARTESIAN_POINT ( 'NONE',  ( 78.44408427876824419, -77.11371889401721091, 86.20000000000001705 ) ) ;
#114 = EDGE_CURVE ( 'NONE', #687, #849, #2432, .T. ) ;
#115 = DIRECTION ( 'NONE',  ( 0.8345984957439479546, -0.5508587395167107159, 0.000000000000000000 ) ) ;
#116 = CARTESIAN_POINT ( 'NONE',  ( 74.99586611987551521, 15.09944781907616651, 89.20000000000000284 ) ) ;
#117 = AXIS2_PLACEMENT_3D ( 'NONE', #1208, #1959, #1356 ) ;
#118 = CARTESIAN_POINT ( 'NONE',  ( 95.77444781907615834, 0.1291338801246277312, 97.90000000000001990 ) ) ;
#119 = AXIS2_PLACEMENT_3D ( 'NONE', #240, #976, #1897 ) ;
#120 = ORIENTED_EDGE ( 'NONE', *, *, #1130, .F. ) ;
#121 = AXIS2_PLACEMENT_3D ( 'NONE', #2037, #348, #1099 ) ;
#122 = EDGE_LOOP ( 'NONE', ( #2205, #1080 ) ) ;
#123 = CARTESIAN_POINT ( 'NONE',  ( 62.83176661264180751, 10.58561050272417248, 77.70000000000000284 ) ) ;
#124 = ORIENTED_EDGE ( 'NONE', *, *, #8, .F. ) ;
#125 = ORIENTED_EDGE ( 'NONE', *, *, #1040, .F. ) ;
#126 = DIRECTION ( 'NONE',  ( -0.000000000000000000, -0.000000000000000000, -1.000000000000000000 ) ) ;
#127 = DIRECTION ( 'NONE',  ( 0.000000000000000000, 0.000000000000000000, 1.000000000000000000 ) ) ;
#128 = DIRECTION ( 'NONE',  ( -1.000000000000000000, 0.000000000000000000, 0.000000000000000000 ) ) ;
#129 = EDGE_CURVE ( 'NONE', #799, #1493, #2030, .T. ) ;
#130 = DIRECTION ( 'NONE',  ( -0.000000000000000000, -0.000000000000000000, -1.000000000000000000 ) ) ;
#131 = DIRECTION ( 'NONE',  ( 1.000000000000000000, 0.000000000000000000, 0.000000000000000000 ) ) ;
#132 = ORIENTED_EDGE ( 'NONE', *, *, #492, .F. ) ;
#133 = CYLINDRICAL_SURFACE ( 'NONE', #1441, 3.525000000000000355 ) ;
#134 = ADVANCED_FACE ( 'NONE', ( #2010 ), #2221, .F. ) ;
#135 = CIRCLE ( 'NONE', #806, 3.525000000000000355 ) ;
#136 = VERTEX_POINT ( 'NONE', #722 ) ;
#137 = AXIS2_PLACEMENT_3D ( 'NONE', #729, #1869, #1672 ) ;
#138 = VERTEX_POINT ( 'NONE', #512 ) ;
#139 = CARTESIAN_POINT ( 'NONE',  ( 91.23561050272418527, 10.76823338735817792, 82.70000000000000284 ) ) ;
#140 = CYLINDRICAL_SURFACE ( 'NONE', #1231, 2.999999999999996891 ) ;
#141 = DIRECTION ( 'NONE',  ( -0.9998108513511149154, -0.01944894651539719882, 0.000000000000000000 ) ) ;
#142 = CARTESIAN_POINT ( 'NONE',  ( 87.89323338735817970, -10.58561050272418136, 89.20000000000000284 ) ) ;
#143 = DIRECTION ( 'NONE',  ( -1.000000000000000000, 0.000000000000000000, 0.000000000000000000 ) ) ;
#144 = VERTEX_POINT ( 'NONE', #1073 ) ;
#145 = DIRECTION ( 'NONE',  ( 1.000000000000000000, 0.000000000000000000, 0.000000000000000000 ) ) ;
#146 = EDGE_CURVE ( 'NONE', #1016, #136, #1251, .T. ) ;
#147 = AXIS2_PLACEMENT_3D ( 'NONE', #1349, #1140, #804 ) ;
#148 = ORIENTED_EDGE ( 'NONE', *, *, #44, .T. ) ;
#149 = ADVANCED_FACE ( 'NONE', ( #2023 ), #1643, .F. ) ;
#150 = COLOUR_RGB ( '',0.7921568627450980005, 0.8196078431372548767, 0.9333333333333333481 ) ;
#151 = EDGE_LOOP ( 'NONE', ( #1942, #894, #1450, #1296 ) ) ;
#152 = LINE ( 'NONE', #1481, #1759 ) ;
#153 = CARTESIAN_POINT ( 'NONE',  ( 64.35676661264180609, 10.58561050272417248, 122.9000000000000057 ) ) ;
#154 = DIRECTION ( 'NONE',  ( 0.000000000000000000, 0.000000000000000000, 1.000000000000000000 ) ) ;
#155 = CARTESIAN_POINT ( 'NONE',  ( 20.98696644759190377, 9.409954268095500396, 89.20000000000000284 ) ) ;
#156 = CARTESIAN_POINT ( 'NONE',  ( 77.12500000000000000, -21.50000000000000000, 77.70000000000000284 ) ) ;
#157 = ORIENTED_EDGE ( 'NONE', *, *, #1072, .F. ) ;
#158 = DIRECTION ( 'NONE',  ( 1.000000000000000000, 0.000000000000000000, 0.000000000000000000 ) ) ;
#159 = AXIS2_PLACEMENT_3D ( 'NONE', #259, #270, #1632 ) ;
#160 = CIRCLE ( 'NONE', #363, 3.549999999999997602 ) ;
#161 = VERTEX_POINT ( 'NONE', #1265 ) ;
#162 = AXIS2_PLACEMENT_3D ( 'NONE', #375, #1123, #389 ) ;
#163 = EDGE_CURVE ( 'NONE', #1240, #1082, #1987, .T. ) ;
#164 = ORIENTED_EDGE ( 'NONE', *, *, #523, .F. ) ;
#165 = LINE ( 'NONE', #884, #420 ) ;
#166 = CARTESIAN_POINT ( 'NONE',  ( 80.80413388012446774, -15.09944781907615940, 97.90000000000001990 ) ) ;
#167 = DIRECTION ( 'NONE',  ( -1.000000000000000000, 0.000000000000000000, 0.000000000000000000 ) ) ;
#168 = DIRECTION ( 'NONE',  ( -0.000000000000000000, -0.000000000000000000, -1.000000000000000000 ) ) ;
#169 = EDGE_LOOP ( 'NONE', ( #198, #1297, #593, #2451 ) ) ;
#170 = CYLINDRICAL_SURFACE ( 'NONE', #1954, 3.549999999999997602 ) ;
#171 = CIRCLE ( 'NONE', #2397, 2.999999999999996891 ) ;
#172 = VECTOR ( 'NONE', #887, 1000.000000000000000 ) ;
#173 = VECTOR ( 'NONE', #947, 1000.000000000000000 ) ;
#174 = CIRCLE ( 'NONE', #384, 20.00000000000000355 ) ;
#175 = VERTEX_POINT ( 'NONE', #1288 ) ;
#176 = FACE_OUTER_BOUND ( 'NONE', #2417, .T. ) ;
#177 = AXIS2_PLACEMENT_3D ( 'NONE', #1927, #235, #993 ) ;
#178 = CARTESIAN_POINT ( 'NONE',  ( 0.000000000000000000, 12.00000000000000000, 86.20000000000001705 ) ) ;
#179 = FACE_OUTER_BOUND ( 'NONE', #1992, .T. ) ;
#180 = EDGE_CURVE ( 'NONE', #567, #1186, #898, .T. ) ;
#181 = DIRECTION ( 'NONE',  ( 0.000000000000000000, 0.000000000000000000, 1.000000000000000000 ) ) ;
#182 = CIRCLE ( 'NONE', #56, 2.000000000000001776 ) ;
#183 = CARTESIAN_POINT ( 'NONE',  ( 98.62494082805960716, -0.05044194619384917422, 89.20000000000000284 ) ) ;
#184 = EDGE_LOOP ( 'NONE', ( #1697, #433 ) ) ;
#185 = DIRECTION ( 'NONE',  ( 1.000000000000000000, 0.000000000000000000, 0.000000000000000000 ) ) ;
#186 = ORIENTED_EDGE ( 'NONE', *, *, #985, .F. ) ;
#187 = ORIENTED_EDGE ( 'NONE', *, *, #1489, .F. ) ;
#188 = ORIENTED_EDGE ( 'NONE', *, *, #2261, .F. ) ;
#189 = AXIS2_PLACEMENT_3D ( 'NONE', #1688, #1367, #1555 ) ;
#190 = FILL_AREA_STYLE_COLOUR ( '', #150 ) ;
#191 = PLANE ( 'NONE',  #650 ) ;
#192 = EDGE_CURVE ( 'NONE', #869, #799, #1164, .T. ) ;
#193 = CARTESIAN_POINT ( 'NONE',  ( 18.45307813555104559, -11.01600844591853523, 89.20000000000000284 ) ) ;
#194 = DIRECTION ( 'NONE',  ( 0.000000000000000000, 0.000000000000000000, 1.000000000000000000 ) ) ;
#195 = EDGE_LOOP ( 'NONE', ( #1925, #1686, #81, #1782 ) ) ;
#196 = CARTESIAN_POINT ( 'NONE',  ( 20.98696644759190377, 9.409954268095500396, 79.20000000000000284 ) ) ;
#197 = ADVANCED_FACE ( 'NONE', ( #2036 ), #1655, .F. ) ;
#198 = ORIENTED_EDGE ( 'NONE', *, *, #1353, .T. ) ;
#199 = DIRECTION ( 'NONE',  ( -0.000000000000000000, -0.000000000000000000, -1.000000000000000000 ) ) ;
#200 = AXIS2_PLACEMENT_3D ( 'NONE', #658, #2381, #2370 ) ;
#201 = CIRCLE ( 'NONE', #1744, 13.99999999999999822 ) ;
#202 = DIRECTION ( 'NONE',  ( 1.000000000000000000, 0.000000000000000000, 0.000000000000000000 ) ) ;
#203 = CARTESIAN_POINT ( 'NONE',  ( 62.02555218092383171, -0.1291338801246277312, 97.90000000000001990 ) ) ;
#204 = ORIENTED_EDGE ( 'NONE', *, *, #1785, .F. ) ;
#205 = DIRECTION ( 'NONE',  ( -1.000000000000000000, 0.000000000000000000, 0.000000000000000000 ) ) ;
#206 = DIRECTION ( 'NONE',  ( -0.01944894651539729596, -0.9998108513511148043, 0.000000000000000000 ) ) ;
#207 = ORIENTED_EDGE ( 'NONE', *, *, #1192, .F. ) ;
#208 = DIRECTION ( 'NONE',  ( -1.000000000000000000, 0.000000000000000000, 0.000000000000000000 ) ) ;
#209 = EDGE_CURVE ( 'NONE', #1000, #385, #973, .T. ) ;
#210 = CYLINDRICAL_SURFACE ( 'NONE', #1771, 3.525000000000000355 ) ;
#211 = ORIENTED_EDGE ( 'NONE', *, *, #1860, .F. ) ;
#212 = EDGE_CURVE ( 'NONE', #1933, #1492, #2245, .T. ) ;
#213 = EDGE_LOOP ( 'NONE', ( #406, #1161 ) ) ;
#214 = CIRCLE ( 'NONE', #1246, 2.000000000000001776 ) ;
#215 = AXIS2_PLACEMENT_3D ( 'NONE', #1248, #1993, #254 ) ;
#216 = DIRECTION ( 'NONE',  ( 0.000000000000000000, 0.000000000000000000, -1.000000000000000000 ) ) ;
#217 = LINE ( 'NONE', #1532, #556 ) ;
#218 = ORIENTED_EDGE ( 'NONE', *, *, #257, .F. ) ;
#219 = AXIS2_PLACEMENT_3D ( 'NONE', #2250, #2239, #1647 ) ;
#220 = LINE ( 'NONE', #425, #544 ) ;
#221 = DIRECTION ( 'NONE',  ( 0.000000000000000000, 0.000000000000000000, -1.000000000000000000 ) ) ;
#222 = ORIENTED_EDGE ( 'NONE', *, *, #1271, .T. ) ;
#223 = CARTESIAN_POINT ( 'NONE',  ( 20.98696644759190377, 9.409954268095500396, 79.20000000000000284 ) ) ;
#224 = CYLINDRICAL_SURFACE ( 'NONE', #147, 3.549999999999997602 ) ;
#225 = EDGE_CURVE ( 'NONE', #1708, #1560, #549, .T. ) ;
#226 = EDGE_CURVE ( 'NONE', #60, #1069, #214, .T. ) ;
#227 = DIRECTION ( 'NONE',  ( -0.000000000000000000, 0.000000000000000000, -1.000000000000000000 ) ) ;
#228 = FACE_OUTER_BOUND ( 'NONE', #579, .T. ) ;
#229 = CIRCLE ( 'NONE', #267, 21.49999999999999289 ) ;
#230 = EDGE_LOOP ( 'NONE', ( #634, #978, #271, #2058 ) ) ;
#231 = CARTESIAN_POINT ( 'NONE',  ( 57.80774915679204184, 21.12829621020735260, 89.20000000000000284 ) ) ;
#232 = CIRCLE ( 'NONE', #1613, 3.525000000000000355 ) ;
#233 = DIRECTION ( 'NONE',  ( 0.000000000000000000, 0.000000000000000000, 1.000000000000000000 ) ) ;
#234 = EDGE_LOOP ( 'NONE', ( #148, #648, #428, #803 ) ) ;
#235 = DIRECTION ( 'NONE',  ( -0.000000000000000000, -0.000000000000000000, -1.000000000000000000 ) ) ;
#236 = CARTESIAN_POINT ( 'NONE',  ( 77.12500000000000000, 0.000000000000000000, 79.20000000000000284 ) ) ;
#237 = EDGE_CURVE ( 'NONE', #811, #1664, #1865, .T. ) ;
#238 = ORIENTED_EDGE ( 'NONE', *, *, #831, .T. ) ;
#239 = CIRCLE ( 'NONE', #277, 2.000000000000001776 ) ;
#240 = CARTESIAN_POINT ( 'NONE',  ( 77.12500000000000000, 0.000000000000000000, 77.70000000000000284 ) ) ;
#241 = AXIS2_PLACEMENT_3D ( 'NONE', #914, #2011, #1472 ) ;
#242 = ORIENTED_EDGE ( 'NONE', *, *, #475, .F. ) ;
#243 = EDGE_CURVE ( 'NONE', #2319, #1610, #500, .T. ) ;
#244 = CARTESIAN_POINT ( 'NONE',  ( 60.13240375363249512, -13.17200337108739916, 79.20000000000000284 ) ) ;
#245 = CARTESIAN_POINT ( 'NONE',  ( 64.42340811621966168, -91.37627967197508383, 79.20000000000000284 ) ) ;
#246 = ORIENTED_EDGE ( 'NONE', *, *, #2338, .F. ) ;
#247 = CARTESIAN_POINT ( 'NONE',  ( 66.53938949727582042, -10.76823338735819391, 82.70000000000000284 ) ) ;
#248 = DIRECTION ( 'NONE',  ( 0.000000000000000000, 0.000000000000000000, -1.000000000000000000 ) ) ;
#249 = ORIENTED_EDGE ( 'NONE', *, *, #1419, .F. ) ;
#250 = VERTEX_POINT ( 'NONE', #2390 ) ;
#251 = CARTESIAN_POINT ( 'NONE',  ( 66.35676661264180609, 10.58561050272417248, 122.9000000000000057 ) ) ;
#252 = ORIENTED_EDGE ( 'NONE', *, *, #2278, .T. ) ;
#253 = EDGE_CURVE ( 'NONE', #1069, #60, #807, .T. ) ;
#254 = DIRECTION ( 'NONE',  ( 1.000000000000000000, 0.000000000000000000, 0.000000000000000000 ) ) ;
#255 = AXIS2_PLACEMENT_3D ( 'NONE', #547, #126, #1308 ) ;
#256 = LINE ( 'NONE', #1547, #2098 ) ;
#257 = EDGE_CURVE ( 'NONE', #1573, #2197, #1443, .T. ) ;
#258 = CARTESIAN_POINT ( 'NONE',  ( 87.71061050272419379, 10.76823338735817792, 122.9000000000000057 ) ) ;
#259 = CARTESIAN_POINT ( 'NONE',  ( 76.99586611987552942, 15.09944781907616651, 122.9000000000000057 ) ) ;
#260 = ORIENTED_EDGE ( 'NONE', *, *, #700, .T. ) ;
#261 = EDGE_LOOP ( 'NONE', ( #1658, #2100 ) ) ;
#262 = VERTEX_POINT ( 'NONE', #2468 ) ;
#263 = CARTESIAN_POINT ( 'NONE',  ( -14.02067616254858429, -14.26256077795786226, 89.20000000000000284 ) ) ;
#264 = ORIENTED_EDGE ( 'NONE', *, *, #1258, .T. ) ;
#265 = CARTESIAN_POINT ( 'NONE',  ( 87.89323338735817970, -10.58561050272418136, 89.20000000000000284 ) ) ;
#266 = DIRECTION ( 'NONE',  ( 0.01944894651539719882, -0.9998108513511149154, 0.000000000000000000 ) ) ;
#267 = AXIS2_PLACEMENT_3D ( 'NONE', #616, #2127, #798 ) ;
#268 = ORIENTED_EDGE ( 'NONE', *, *, #253, .T. ) ;
#269 = ADVANCED_FACE ( 'NONE', ( #1699 ), #766, .F. ) ;
#270 = DIRECTION ( 'NONE',  ( 0.000000000000000000, 0.000000000000000000, 1.000000000000000000 ) ) ;
#271 = ORIENTED_EDGE ( 'NONE', *, *, #1317, .T. ) ;
#272 = VERTEX_POINT ( 'NONE', #1331 ) ;
#273 = ADVANCED_FACE ( 'NONE', ( #1910, #2073 ), #191, .T. ) ;
#274 = ORIENTED_EDGE ( 'NONE', *, *, #857, .F. ) ;
#275 = CYLINDRICAL_SURFACE ( 'NONE', #728, 10.09999999999999964 ) ;
#276 = ORIENTED_EDGE ( 'NONE', *, *, #716, .T. ) ;
#277 = AXIS2_PLACEMENT_3D ( 'NONE', #1392, #221, #1924 ) ;
#278 = CARTESIAN_POINT ( 'NONE',  ( 66.35676661264180609, 10.58561050272417248, 82.70000000000000284 ) ) ;
#279 = DIRECTION ( 'NONE',  ( 0.000000000000000000, 0.000000000000000000, 1.000000000000000000 ) ) ;
#280 = AXIS2_PLACEMENT_3D ( 'NONE', #707, #747, #2210 ) ;
#281 = PLANE ( 'NONE',  #846 ) ;
#282 = CARTESIAN_POINT ( 'NONE',  ( 20.98696644759190377, 9.409954268095500396, 89.20000000000000284 ) ) ;
#283 = DIRECTION ( 'NONE',  ( -0.000000000000000000, 0.000000000000000000, 1.000000000000000000 ) ) ;
#284 = ORIENTED_EDGE ( 'NONE', *, *, #434, .F. ) ;
#285 = ORIENTED_EDGE ( 'NONE', *, *, #716, .F. ) ;
#286 = EDGE_LOOP ( 'NONE', ( #1772, #1142 ) ) ;
#287 = EDGE_CURVE ( 'NONE', #1350, #136, #411, .T. ) ;
#288 = LINE ( 'NONE', #1217, #1471 ) ;
#289 = ORIENTED_EDGE ( 'NONE', *, *, #1585, .F. ) ;
#290 = DIRECTION ( 'NONE',  ( -0.000000000000000000, -0.000000000000000000, -1.000000000000000000 ) ) ;
#291 = CARTESIAN_POINT ( 'NONE',  ( 87.89323338735817970, -10.58561050272418136, 82.70000000000000284 ) ) ;
#292 = CARTESIAN_POINT ( 'NONE',  ( 92.22444781907616118, 0.1291338801246277312, 97.90000000000001990 ) ) ;
#293 = DIRECTION ( 'NONE',  ( -0.000000000000000000, -0.000000000000000000, -1.000000000000000000 ) ) ;
#294 = CIRCLE ( 'NONE', #738, 20.00000000000000355 ) ;
#295 = ADVANCED_BREP_SHAPE_REPRESENTATION ( 'Cover_Under', ( #713, #1400 ), #1600 ) ;
#296 = CARTESIAN_POINT ( 'NONE',  ( 63.01438949727582184, -10.76823338735819391, 77.70000000000000284 ) ) ;
#297 = AXIS2_PLACEMENT_3D ( 'NONE', #265, #1801, #2165 ) ;
#298 = ORIENTED_EDGE ( 'NONE', *, *, #1027, .F. ) ;
#299 = AXIS2_PLACEMENT_3D ( 'NONE', #916, #954, #206 ) ;
#300 = ORIENTED_EDGE ( 'NONE', *, *, #1704, .F. ) ;
#301 = ORIENTED_EDGE ( 'NONE', *, *, #1345, .T. ) ;
#302 = AXIS2_PLACEMENT_3D ( 'NONE', #1991, #304, #1601 ) ;
#303 = EDGE_CURVE ( 'NONE', #272, #2088, #1157, .T. ) ;
#304 = DIRECTION ( 'NONE',  ( -0.000000000000000000, -0.000000000000000000, -1.000000000000000000 ) ) ;
#305 = CARTESIAN_POINT ( 'NONE',  ( 73.70413388012447342, -15.09944781907615940, 97.90000000000001990 ) ) ;
#306 = CARTESIAN_POINT ( 'NONE',  ( 76.99586611987552942, 15.09944781907616651, 122.9000000000000057 ) ) ;
#307 = CARTESIAN_POINT ( 'NONE',  ( 80.54586611987552658, 15.09944781907616651, 97.90000000000001990 ) ) ;
#308 = DIRECTION ( 'NONE',  ( 0.000000000000000000, 0.000000000000000000, -1.000000000000000000 ) ) ;
#309 = DIRECTION ( 'NONE',  ( 1.000000000000000000, 0.000000000000000000, 0.000000000000000000 ) ) ;
#310 = ORIENTED_EDGE ( 'NONE', *, *, #1518, .F. ) ;
#311 = VECTOR ( 'NONE', #2324, 1000.000000000000000 ) ;
#312 = EDGE_LOOP ( 'NONE', ( #480, #1650, #1478, #327 ) ) ;
#313 = EDGE_CURVE ( 'NONE', #687, #2285, #294, .T. ) ;
#314 = CARTESIAN_POINT ( 'NONE',  ( 20.92861960804579624, -12.40938682214885880, 79.20000000000000284 ) ) ;
#315 = ORIENTED_EDGE ( 'NONE', *, *, #734, .F. ) ;
#316 = LINE ( 'NONE', #704, #740 ) ;
#317 = LINE ( 'NONE', #2367, #2003 ) ;
#318 = CARTESIAN_POINT ( 'NONE',  ( 97.12500000000000000, 2.449293598294706513E-15, 179.4685424949238381 ) ) ;
#319 = EDGE_CURVE ( 'NONE', #2416, #1751, #1898, .T. ) ;
#320 = DIRECTION ( 'NONE',  ( 0.000000000000000000, 0.000000000000000000, -1.000000000000000000 ) ) ;
#321 = AXIS2_PLACEMENT_3D ( 'NONE', #1535, #792, #2115 ) ;
#322 = CARTESIAN_POINT ( 'NONE',  ( 89.71061050272419379, 10.76823338735817792, 82.70000000000000284 ) ) ;
#323 = ORIENTED_EDGE ( 'NONE', *, *, #1130, .T. ) ;
#324 = AXIS2_PLACEMENT_3D ( 'NONE', #1792, #1267, #2012 ) ;
#325 = ORIENTED_EDGE ( 'NONE', *, *, #335, .F. ) ;
#326 = EDGE_LOOP ( 'NONE', ( #784, #2019, #2051, #1506 ) ) ;
#327 = ORIENTED_EDGE ( 'NONE', *, *, #333, .F. ) ;
#328 = ORIENTED_EDGE ( 'NONE', *, *, #430, .T. ) ;
#329 = DIRECTION ( 'NONE',  ( 0.000000000000000000, 0.000000000000000000, 1.000000000000000000 ) ) ;
#331 = EDGE_CURVE ( 'NONE', #42, #2449, #1044, .T. ) ;
#330 = DIRECTION ( 'NONE',  ( -0.000000000000000000, 0.000000000000000000, -1.000000000000000000 ) ) ;
#332 = DIRECTION ( 'NONE',  ( 0.8345984957439479546, -0.5508587395167107159, 0.000000000000000000 ) ) ;
#333 = EDGE_CURVE ( 'NONE', #522, #1955, #217, .T. ) ;
#334 = FACE_BOUND ( 'NONE', #184, .T. ) ;
#335 = EDGE_CURVE ( 'NONE', #1387, #262, #1141, .T. ) ;
#336 = AXIS2_PLACEMENT_3D ( 'NONE', #258, #1580, #815 ) ;
#337 = DIRECTION ( 'NONE',  ( -0.000000000000000000, -0.000000000000000000, 1.000000000000000000 ) ) ;
#338 = ORIENTED_EDGE ( 'NONE', *, *, #864, .T. ) ;
#339 = CARTESIAN_POINT ( 'NONE',  ( 77.25413388012447058, -15.09944781907615940, 97.90000000000001990 ) ) ;
#340 = AXIS2_PLACEMENT_3D ( 'NONE', #779, #618, #205 ) ;
#341 = VERTEX_POINT ( 'NONE', #777 ) ;
#342 = CIRCLE ( 'NONE', #137, 2.000000000000001776 ) ;
#343 = EDGE_LOOP ( 'NONE', ( #834, #1634, #1379, #1584 ) ) ;
#344 = ORIENTED_EDGE ( 'NONE', *, *, #1574, .T. ) ;
#345 = DIRECTION ( 'NONE',  ( 0.8345984957439479546, 0.5508587395167107159, 0.000000000000000000 ) ) ;
#346 = CARTESIAN_POINT ( 'NONE',  ( 87.71061050272419379, 10.76823338735817792, 89.20000000000000284 ) ) ;
#347 = CARTESIAN_POINT ( 'NONE',  ( 54.78902942423745515, -10.06749315563054026, 79.20000000000000284 ) ) ;
#348 = DIRECTION ( 'NONE',  ( 0.000000000000000000, 0.000000000000000000, 1.000000000000000000 ) ) ;
#349 = FACE_OUTER_BOUND ( 'NONE', #981, .T. ) ;
#350 = EDGE_CURVE ( 'NONE', #1201, #1081, #517, .T. ) ;
#351 = ORIENTED_EDGE ( 'NONE', *, *, #999, .T. ) ;
#352 = CARTESIAN_POINT ( 'NONE',  ( 77.12500000000000000, -21.50000000000000000, 79.20000000000000284 ) ) ;
#353 = CIRCLE ( 'NONE', #1100, 2.000000000000001776 ) ;
#354 = EDGE_LOOP ( 'NONE', ( #822, #829, #2372, #1834 ) ) ;
#355 = AXIS2_PLACEMENT_3D ( 'NONE', #1507, #1864, #897 ) ;
#356 = ORIENTED_EDGE ( 'NONE', *, *, #226, .T. ) ;
#357 = FACE_OUTER_BOUND ( 'NONE', #743, .T. ) ;
#358 = SURFACE_SIDE_STYLE ('',( #2256 ) ) ;
#359 = DIRECTION ( 'NONE',  ( -0.000000000000000000, -0.000000000000000000, -1.000000000000000000 ) ) ;
#360 = CARTESIAN_POINT ( 'NONE',  ( 87.89323338735817970, -10.58561050272418136, 82.70000000000000284 ) ) ;
#361 = DIRECTION ( 'NONE',  ( 1.000000000000000000, 0.000000000000000000, 0.000000000000000000 ) ) ;
#362 = ORIENTED_EDGE ( 'NONE', *, *, #54, .F. ) ;
#363 = AXIS2_PLACEMENT_3D ( 'NONE', #1469, #1876, #1097 ) ;
#364 = FACE_OUTER_BOUND ( 'NONE', #2273, .T. ) ;
#365 = VECTOR ( 'NONE', #450, 1000.000000000000000 ) ;
#366 = VECTOR ( 'NONE', #1299, 1000.000000000000114 ) ;
#367 = ORIENTED_EDGE ( 'NONE', *, *, #958, .F. ) ;
#368 = CIRCLE ( 'NONE', #1666, 10.09999999999999787 ) ;
#369 = EDGE_CURVE ( 'NONE', #1408, #1055, #1336, .T. ) ;
#370 = ORIENTED_EDGE ( 'NONE', *, *, #1635, .T. ) ;
#371 = VERTEX_POINT ( 'NONE', #1340 ) ;
#372 = DIRECTION ( 'NONE',  ( -0.01944894651539729596, 0.9998108513511148043, 0.000000000000000000 ) ) ;
#373 = DIRECTION ( 'NONE',  ( 0.000000000000000000, 0.000000000000000000, 1.000000000000000000 ) ) ;
#374 = CARTESIAN_POINT ( 'NONE',  ( 77.25413388012447058, -15.09944781907615940, 77.70000000000000284 ) ) ;
#375 = CARTESIAN_POINT ( 'NONE',  ( 78.44408427876824419, -77.11371889401721091, 79.20000000000000284 ) ) ;
#376 = LINE ( 'NONE', #1892, #925 ) ;
#377 = EDGE_LOOP ( 'NONE', ( #1806, #120, #1066, #590 ) ) ;
#378 = CARTESIAN_POINT ( 'NONE',  ( 94.22444781907616118, 0.1291338801246279533, 77.70000000000000284 ) ) ;
#379 = AXIS2_PLACEMENT_3D ( 'NONE', #391, #2284, #2075 ) ;
#380 = ORIENTED_EDGE ( 'NONE', *, *, #639, .T. ) ;
#381 = AXIS2_PLACEMENT_3D ( 'NONE', #1059, #449, #1196 ) ;
#382 = EDGE_CURVE ( 'NONE', #902, #2174, #1537, .T. ) ;
#383 = AXIS2_PLACEMENT_3D ( 'NONE', #1325, #739, #543 ) ;
#384 = AXIS2_PLACEMENT_3D ( 'NONE', #1113, #1137, #2062 ) ;
#385 = VERTEX_POINT ( 'NONE', #1134 ) ;
#386 = EDGE_CURVE ( 'NONE', #737, #689, #353, .T. ) ;
#387 = DIRECTION ( 'NONE',  ( -1.000000000000000000, 0.000000000000000000, 0.000000000000000000 ) ) ;
#388 = DIRECTION ( 'NONE',  ( -1.000000000000000000, 0.000000000000000000, 0.000000000000000000 ) ) ;
#389 = DIRECTION ( 'NONE',  ( 1.000000000000000000, 0.000000000000000000, 0.000000000000000000 ) ) ;
#390 = VECTOR ( 'NONE', #2304, 999.9999999999998863 ) ;
#391 = CARTESIAN_POINT ( 'NONE',  ( 77.12500000000000000, 0.000000000000000000, 79.20000000000000284 ) ) ;
#392 = VERTEX_POINT ( 'NONE', #1921 ) ;
#393 = CARTESIAN_POINT ( 'NONE',  ( 57.52404622943284807, -8.834738891675801398, 79.20000000000000284 ) ) ;
#394 = DIRECTION ( 'NONE',  ( -1.000000000000000000, 0.000000000000000000, 0.000000000000000000 ) ) ;
#395 = ADVANCED_FACE ( 'NONE', ( #228 ), #987, .F. ) ;
#396 = CARTESIAN_POINT ( 'NONE',  ( 0.000000000000000000, 0.000000000000000000, 89.20000000000000284 ) ) ;
#397 = CARTESIAN_POINT ( 'NONE',  ( 87.71061050272419379, 10.76823338735817792, 82.70000000000000284 ) ) ;
#398 = VECTOR ( 'NONE', #168, 1000.000000000000000 ) ;
#399 = VERTEX_POINT ( 'NONE', #561 ) ;
#400 = FACE_OUTER_BOUND ( 'NONE', #2043, .T. ) ;
#401 = DIRECTION ( 'NONE',  ( 0.000000000000000000, 1.000000000000000000, 0.000000000000000000 ) ) ;
#402 = EDGE_CURVE ( 'NONE', #1006, #2277, #2060, .T. ) ;
#403 = ORIENTED_EDGE ( 'NONE', *, *, #225, .T. ) ;
#404 = CARTESIAN_POINT ( 'NONE',  ( 0.000000000000000000, 0.000000000000000000, 79.20000000000000284 ) ) ;
#405 = DIRECTION ( 'NONE',  ( 0.000000000000000000, 1.000000000000000000, 0.000000000000000000 ) ) ;
#406 = ORIENTED_EDGE ( 'NONE', *, *, #335, .T. ) ;
#407 = VECTOR ( 'NONE', #181, 1000.000000000000000 ) ;
#408 = ORIENTED_EDGE ( 'NONE', *, *, #350, .T. ) ;
#409 = AXIS2_PLACEMENT_3D ( 'NONE', #1808, #640, #1612 ) ;
#410 = CARTESIAN_POINT ( 'NONE',  ( 65.57555218092382177, -0.1291338801246277312, 122.9000000000000057 ) ) ;
#411 = LINE ( 'NONE', #788, #92 ) ;
#412 = ORIENTED_EDGE ( 'NONE', *, *, #1773, .F. ) ;
#413 = DIRECTION ( 'NONE',  ( 1.000000000000000000, 0.000000000000000000, 0.000000000000000000 ) ) ;
#414 = DIRECTION ( 'NONE',  ( -1.000000000000000000, 0.000000000000000000, 0.000000000000000000 ) ) ;
#415 = ORIENTED_EDGE ( 'NONE', *, *, #226, .F. ) ;
#416 = CARTESIAN_POINT ( 'NONE',  ( 54.78902942423745515, -10.06749315563054026, 79.20000000000000284 ) ) ;
#417 = ADVANCED_FACE ( 'NONE', ( #179 ), #942, .F. ) ;
#418 = LINE ( 'NONE', #1562, #311 ) ;
#419 = AXIS2_PLACEMENT_3D ( 'NONE', #1417, #486, #1982 ) ;
#420 = VECTOR ( 'NONE', #2232, 1000.000000000000000 ) ;
#421 = CARTESIAN_POINT ( 'NONE',  ( 58.47555218092382745, -0.1291338801246272872, 122.9000000000000057 ) ) ;
#422 = CARTESIAN_POINT ( 'NONE',  ( 66.35676661264180609, 10.58561050272417248, 77.70000000000000284 ) ) ;
#423 = EDGE_LOOP ( 'NONE', ( #2076, #1988, #1102, #1393 ) ) ;
#424 = VECTOR ( 'NONE', #1079, 1000.000000000000000 ) ;
#425 = CARTESIAN_POINT ( 'NONE',  ( 18.45307813555104559, -11.01600844591853701, 79.20000000000000284 ) ) ;
#426 = LINE ( 'NONE', #1381, #365 ) ;
#427 = VERTEX_POINT ( 'NONE', #2315 ) ;
#428 = ORIENTED_EDGE ( 'NONE', *, *, #1691, .F. ) ;
#429 = LINE ( 'NONE', #1174, #1203 ) ;
#430 = EDGE_CURVE ( 'NONE', #1665, #436, #229, .T. ) ;
#431 = FACE_OUTER_BOUND ( 'NONE', #1364, .T. ) ;
#432 = EDGE_LOOP ( 'NONE', ( #204, #727 ) ) ;
#433 = ORIENTED_EDGE ( 'NONE', *, *, #700, .F. ) ;
#434 = EDGE_CURVE ( 'NONE', #750, #1341, #1553, .T. ) ;
#435 = DIRECTION ( 'NONE',  ( 0.000000000000000000, 0.000000000000000000, -1.000000000000000000 ) ) ;
#436 = VERTEX_POINT ( 'NONE', #29 ) ;
#437 = PLANE ( 'NONE',  #1249 ) ;
#438 = CARTESIAN_POINT ( 'NONE',  ( 64.42340811621966168, -91.37627967197508383, 79.20000000000000284 ) ) ;
#439 = CARTESIAN_POINT ( 'NONE',  ( 78.44408427876824419, -77.11371889401721091, 86.20000000000001705 ) ) ;
#440 = DIRECTION ( 'NONE',  ( 0.000000000000000000, 0.000000000000000000, 1.000000000000000000 ) ) ;
#441 = CARTESIAN_POINT ( 'NONE',  ( 84.18561050272418811, 10.76823338735817792, 82.70000000000000284 ) ) ;
#442 = ORIENTED_EDGE ( 'NONE', *, *, #1813, .F. ) ;
#443 = VECTOR ( 'NONE', #721, 1000.000000000000000 ) ;
#444 = AXIS2_PLACEMENT_3D ( 'NONE', #282, #1781, #826 ) ;
#445 = ADVANCED_FACE ( 'NONE', ( #431 ), #577, .F. ) ;
#446 = CARTESIAN_POINT ( 'NONE',  ( 87.71061050272419379, 10.76823338735817792, 82.70000000000000284 ) ) ;
#447 = AXIS2_PLACEMENT_3D ( 'NONE', #244, #573, #585 ) ;
#448 = EDGE_LOOP ( 'NONE', ( #284, #2465, #370, #1179 ) ) ;
#449 = DIRECTION ( 'NONE',  ( 0.000000000000000000, 0.000000000000000000, -1.000000000000000000 ) ) ;
#450 = DIRECTION ( 'NONE',  ( -0.000000000000000000, -0.000000000000000000, -1.000000000000000000 ) ) ;
#451 = DIRECTION ( 'NONE',  ( -0.8446294373469527272, -0.5353513926076686191, 0.000000000000000000 ) ) ;
#452 = FACE_OUTER_BOUND ( 'NONE', #805, .T. ) ;
#453 = EDGE_LOOP ( 'NONE', ( #647, #1883, #2316, #1725 ) ) ;
#454 = EDGE_LOOP ( 'NONE', ( #268, #356 ) ) ;
#455 = EDGE_CURVE ( 'NONE', #532, #1433, #627, .T. ) ;
#456 = DIRECTION ( 'NONE',  ( 0.000000000000000000, 0.000000000000000000, -1.000000000000000000 ) ) ;
#457 = AXIS2_PLACEMENT_3D ( 'NONE', #439, #473, #2154 ) ;
#458 = ADVANCED_FACE ( 'NONE', ( #983 ), #589, .F. ) ;
#459 = ORIENTED_EDGE ( 'NONE', *, *, #1689, .T. ) ;
#460 = FACE_BOUND ( 'NONE', #964, .T. ) ;
#461 = CIRCLE ( 'NONE', #215, 20.00000000000000355 ) ;
#462 = CYLINDRICAL_SURFACE ( 'NONE', #117, 12.00000000000000000 ) ;
#463 = ORIENTED_EDGE ( 'NONE', *, *, #1860, .T. ) ;
#464 = CIRCLE ( 'NONE', #2323, 3.525000000000000355 ) ;
#465 = EDGE_CURVE ( 'NONE', #1350, #1313, #18, .T. ) ;
#466 = DIRECTION ( 'NONE',  ( 0.9998108513511149154, -0.01944894651539719882, 0.000000000000000000 ) ) ;
#467 = ORIENTED_EDGE ( 'NONE', *, *, #129, .T. ) ;
#468 = EDGE_LOOP ( 'NONE', ( #1870, #2015 ) ) ;
#469 = DIRECTION ( 'NONE',  ( -0.000000000000000000, -0.000000000000000000, 1.000000000000000000 ) ) ;
#470 = ORIENTED_EDGE ( 'NONE', *, *, #2291, .T. ) ;
#471 = CARTESIAN_POINT ( 'NONE',  ( 66.53938949727582042, -10.76823338735819391, 122.9000000000000057 ) ) ;
#472 = CARTESIAN_POINT ( 'NONE',  ( 39.31250000000000000, 0.000000000000000000, 79.20000000000000284 ) ) ;
#473 = DIRECTION ( 'NONE',  ( -0.000000000000000000, -0.000000000000000000, 1.000000000000000000 ) ) ;
#474 = CARTESIAN_POINT ( 'NONE',  ( 76.99586611987552942, 15.09944781907616651, 97.90000000000001990 ) ) ;
#475 = EDGE_CURVE ( 'NONE', #436, #1665, #1611, .T. ) ;
#476 = DIRECTION ( 'NONE',  ( 1.000000000000000000, 0.000000000000000000, -0.000000000000000000 ) ) ;
#477 = ORIENTED_EDGE ( 'NONE', *, *, #84, .F. ) ;
#478 = AXIS2_PLACEMENT_3D ( 'NONE', #901, #2383, #309 ) ;
#479 = ORIENTED_EDGE ( 'NONE', *, *, #1648, .F. ) ;
#480 = ORIENTED_EDGE ( 'NONE', *, *, #816, .F. ) ;
#481 = ORIENTED_EDGE ( 'NONE', *, *, #1919, .F. ) ;
#482 = DIRECTION ( 'NONE',  ( -1.000000000000000000, 0.000000000000000000, 0.000000000000000000 ) ) ;
#483 = ORIENTED_EDGE ( 'NONE', *, *, #1388, .T. ) ;
#484 = DIRECTION ( 'NONE',  ( 1.000000000000000000, 0.000000000000000000, 0.000000000000000000 ) ) ;
#485 = DIRECTION ( 'NONE',  ( 0.000000000000000000, 0.000000000000000000, 1.000000000000000000 ) ) ;
#486 = DIRECTION ( 'NONE',  ( 0.000000000000000000, 0.000000000000000000, 1.000000000000000000 ) ) ;
#487 = EDGE_CURVE ( 'NONE', #750, #1965, #1926, .T. ) ;
#488 = FACE_OUTER_BOUND ( 'NONE', #1386, .T. ) ;
#489 = FACE_OUTER_BOUND ( 'NONE', #195, .T. ) ;
#490 = ADVANCED_FACE ( 'NONE', ( #1153 ), #210, .F. ) ;
#491 = VERTEX_POINT ( 'NONE', #623 ) ;
#492 = EDGE_CURVE ( 'NONE', #1150, #1573, #1651, .T. ) ;
#493 = ORIENTED_EDGE ( 'NONE', *, *, #2429, .T. ) ;
#494 = FACE_OUTER_BOUND ( 'NONE', #1464, .T. ) ;
#495 = VERTEX_POINT ( 'NONE', #1896 ) ;
#496 = DIRECTION ( 'NONE',  ( 0.000000000000000000, 0.000000000000000000, 1.000000000000000000 ) ) ;
#497 = DIRECTION ( 'NONE',  ( -0.000000000000000000, 0.000000000000000000, 1.000000000000000000 ) ) ;
#498 = CARTESIAN_POINT ( 'NONE',  ( 62.02555218092383171, -0.1291338801246277312, 97.90000000000001990 ) ) ;
#499 = DIRECTION ( 'NONE',  ( 0.000000000000000000, 0.000000000000000000, -1.000000000000000000 ) ) ;
#500 = CIRCLE ( 'NONE', #1877, 3.000000000000002220 ) ;
#501 = FACE_OUTER_BOUND ( 'NONE', #533, .T. ) ;
#502 = CIRCLE ( 'NONE', #808, 3.549999999999997602 ) ;
#503 = ORIENTED_EDGE ( 'NONE', *, *, #1072, .T. ) ;
#504 = ADVANCED_FACE ( 'NONE', ( #1760, #1005 ), #763, .T. ) ;
#505 = ORIENTED_EDGE ( 'NONE', *, *, #1962, .T. ) ;
#506 = AXIS2_PLACEMENT_3D ( 'NONE', #663, #847, #871 ) ;
#507 = ADVANCED_FACE ( 'NONE', ( #771 ), #1928, .T. ) ;
#508 = CARTESIAN_POINT ( 'NONE',  ( 77.12500000000000000, 0.000000000000000000, 77.70000000000000284 ) ) ;
#509 = VERTEX_POINT ( 'NONE', #994 ) ;
#510 = DIRECTION ( 'NONE',  ( -0.01944894651539709474, 0.9998108513511149154, 0.000000000000000000 ) ) ;
#511 = DIRECTION ( 'NONE',  ( -0.000000000000000000, -0.000000000000000000, -1.000000000000000000 ) ) ;
#512 = CARTESIAN_POINT ( 'NONE',  ( 70.06438949727582610, -10.76823338735819391, 82.70000000000000284 ) ) ;
#513 = CARTESIAN_POINT ( 'NONE',  ( 77.12500000000000000, 10.10000000000000142, 122.9000000000000057 ) ) ;
#514 = DIRECTION ( 'NONE',  ( 1.000000000000000000, 0.000000000000000000, 0.000000000000000000 ) ) ;
#515 = ORIENTED_EDGE ( 'NONE', *, *, #2291, .F. ) ;
#516 = PRODUCT_CONTEXT ( 'NONE', #33, 'mechanical' ) ;
#517 = CIRCLE ( 'NONE', #752, 2.000000000000001776 ) ;
#518 = ORIENTED_EDGE ( 'NONE', *, *, #582, .F. ) ;
#519 = PRODUCT_DEFINITION_CONTEXT ( 'detailed design', #935, 'design' ) ;
#520 = ADVANCED_FACE ( 'NONE', ( #41 ), #224, .F. ) ;
#521 = LINE ( 'NONE', #1452, #1820 ) ;
#522 = VERTEX_POINT ( 'NONE', #441 ) ;
#523 = EDGE_CURVE ( 'NONE', #995, #598, #418, .T. ) ;
#524 = CARTESIAN_POINT ( 'NONE',  ( 54.73068258469125169, 13.06692570968390044, 79.20000000000000284 ) ) ;
#525 = CARTESIAN_POINT ( 'NONE',  ( 78.44408427876824419, -77.11371889401721091, 89.20000000000000284 ) ) ;
#526 = CARTESIAN_POINT ( 'NONE',  ( 27.41391424961059897, 12.53554283300825922, 89.20000000000000284 ) ) ;
#527 = FACE_BOUND ( 'NONE', #564, .T. ) ;
#528 = CARTESIAN_POINT ( 'NONE',  ( 98.62494082805964979, -0.05044194619384929218, 79.20000000000000284 ) ) ;
#529 = ORIENTED_EDGE ( 'NONE', *, *, #1603, .T. ) ;
#530 = AXIS2_PLACEMENT_3D ( 'NONE', #1998, #93, #1064 ) ;
#531 = LINE ( 'NONE', #565, #891 ) ;
#532 = VERTEX_POINT ( 'NONE', #1374 ) ;
#533 = EDGE_LOOP ( 'NONE', ( #1329, #1501, #2299, #2437 ) ) ;
#534 = ADVANCED_FACE ( 'NONE', ( #1163 ), #960, .F. ) ;
#535 = DIRECTION ( 'NONE',  ( -0.000000000000000000, -0.000000000000000000, -1.000000000000000000 ) ) ;
#536 = DIRECTION ( 'NONE',  ( 0.000000000000000000, 1.000000000000000000, 0.000000000000000000 ) ) ;
#537 = DIRECTION ( 'NONE',  ( 0.000000000000000000, 0.000000000000000000, 1.000000000000000000 ) ) ;
#538 = FACE_BOUND ( 'NONE', #261, .T. ) ;
#539 = DIRECTION ( 'NONE',  ( -1.000000000000000000, 0.000000000000000000, 0.000000000000000000 ) ) ;
#540 = ADVANCED_FACE ( 'NONE', ( #1941, #1220 ), #1592, .T. ) ;
#541 = ORIENTED_EDGE ( 'NONE', *, *, #487, .F. ) ;
#542 = AXIS2_PLACEMENT_3D ( 'NONE', #2083, #21, #584 ) ;
#543 = DIRECTION ( 'NONE',  ( 0.000000000000000000, 1.000000000000000000, 0.000000000000000000 ) ) ;
#544 = VECTOR ( 'NONE', #1171, 1000.000000000000000 ) ;
#545 = EDGE_LOOP ( 'NONE', ( #1065, #7 ) ) ;
#546 = ORIENTED_EDGE ( 'NONE', *, *, #1720, .F. ) ;
#547 = CARTESIAN_POINT ( 'NONE',  ( 92.22444781907616118, 0.1291338801246277312, 89.20000000000000284 ) ) ;
#548 = CARTESIAN_POINT ( 'NONE',  ( 60.13240375363249512, -13.17200337108739916, 79.20000000000000284 ) ) ;
#549 = LINE ( 'NONE', #2407, #172 ) ;
#550 = EDGE_CURVE ( 'NONE', #2249, #1094, #984, .T. ) ;
#551 = CYLINDRICAL_SURFACE ( 'NONE', #876, 2.000000000000001776 ) ;
#552 = CARTESIAN_POINT ( 'NONE',  ( 0.000000000000000000, 12.00000000000000000, 89.20000000000000284 ) ) ;
#553 = ORIENTED_EDGE ( 'NONE', *, *, #2322, .F. ) ;
#554 = LINE ( 'NONE', #1185, #775 ) ;
#555 = EDGE_CURVE ( 'NONE', #144, #1006, #680, .T. ) ;
#556 = VECTOR ( 'NONE', #1320, 1000.000000000000000 ) ;
#557 = VECTOR ( 'NONE', #1455, 1000.000000000000000 ) ;
#558 = ORIENTED_EDGE ( 'NONE', *, *, #1679, .T. ) ;
#559 = DIRECTION ( 'NONE',  ( 0.000000000000000000, 0.000000000000000000, 1.000000000000000000 ) ) ;
#560 = CARTESIAN_POINT ( 'NONE',  ( 68.35676661264180609, 10.58561050272417248, 122.9000000000000057 ) ) ;
#561 = CARTESIAN_POINT ( 'NONE',  ( 91.23561050272418527, 10.76823338735817792, 77.70000000000000284 ) ) ;
#562 = DIRECTION ( 'NONE',  ( 0.000000000000000000, 0.000000000000000000, -1.000000000000000000 ) ) ;
#563 = DIRECTION ( 'NONE',  ( 1.000000000000000000, 0.000000000000000000, 0.000000000000000000 ) ) ;
#564 = EDGE_LOOP ( 'NONE', ( #1743, #1809 ) ) ;
#565 = CARTESIAN_POINT ( 'NONE',  ( 77.12500000000000000, 21.50000000000000000, 79.20000000000000284 ) ) ;
#566 = EDGE_CURVE ( 'NONE', #1205, #427, #1617, .T. ) ;
#567 = VERTEX_POINT ( 'NONE', #1035 ) ;
#568 = CIRCLE ( 'NONE', #1819, 3.000000000000001332 ) ;
#569 = EDGE_CURVE ( 'NONE', #2353, #2179, #2406, .T. ) ;
#570 = EDGE_LOOP ( 'NONE', ( #1673, #2039, #2462, #1545 ) ) ;
#571 = CARTESIAN_POINT ( 'NONE',  ( 0.000000000000000000, 14.00000000000000000, 86.20000000000001705 ) ) ;
#572 = DIRECTION ( 'NONE',  ( -0.000000000000000000, -0.000000000000000000, 1.000000000000000000 ) ) ;
#573 = DIRECTION ( 'NONE',  ( 0.01944894651539719882, 0.9998108513511149154, 0.000000000000000000 ) ) ;
#574 = CARTESIAN_POINT ( 'NONE',  ( 87.71061050272419379, 10.76823338735817792, 77.70000000000000284 ) ) ;
#575 = ORIENTED_EDGE ( 'NONE', *, *, #1887, .T. ) ;
#576 = DIRECTION ( 'NONE',  ( 0.000000000000000000, 0.000000000000000000, 1.000000000000000000 ) ) ;
#577 = CYLINDRICAL_SURFACE ( 'NONE', #2132, 2.000000000000001776 ) ;
#578 = CIRCLE ( 'NONE', #379, 21.50000000000000000 ) ;
#579 = EDGE_LOOP ( 'NONE', ( #1845, #2399, #2158, #100 ) ) ;
#580 = ADVANCED_FACE ( 'NONE', ( #1605 ), #1802, .F. ) ;
#581 = CIRCLE ( 'NONE', #383, 12.00000000000000000 ) ;
#582 = EDGE_CURVE ( 'NONE', #491, #1492, #1018, .T. ) ;
#583 = SURFACE_STYLE_USAGE ( .BOTH. , #358 ) ;
#584 = DIRECTION ( 'NONE',  ( 1.000000000000000000, 0.000000000000000000, 0.000000000000000000 ) ) ;
#585 = DIRECTION ( 'NONE',  ( 0.000000000000000000, 0.000000000000000000, -1.000000000000000000 ) ) ;
#586 = CARTESIAN_POINT ( 'NONE',  ( 62.02555218092383171, -0.1291338801246277312, 77.70000000000000284 ) ) ;
#587 = ORIENTED_EDGE ( 'NONE', *, *, #566, .T. ) ;
#588 = CYLINDRICAL_SURFACE ( 'NONE', #2160, 14.00000000000000000 ) ;
#589 = CYLINDRICAL_SURFACE ( 'NONE', #710, 13.99999999999999822 ) ;
#590 = ORIENTED_EDGE ( 'NONE', *, *, #2180, .T. ) ;
#591 = ORIENTED_EDGE ( 'NONE', *, *, #1058, .F. ) ;
#592 = ORIENTED_EDGE ( 'NONE', *, *, #19, .F. ) ;
#593 = ORIENTED_EDGE ( 'NONE', *, *, #1504, .F. ) ;
#594 = EDGE_CURVE ( 'NONE', #1069, #509, #317, .T. ) ;
#595 = CARTESIAN_POINT ( 'NONE',  ( 64.35676661264180609, 10.58561050272417248, 89.20000000000000284 ) ) ;
#596 = DIRECTION ( 'NONE',  ( 0.000000000000000000, 0.000000000000000000, -1.000000000000000000 ) ) ;
#597 = ADVANCED_FACE ( 'NONE', ( #667 ), #1071, .F. ) ;
#598 = VERTEX_POINT ( 'NONE', #76 ) ;
#599 = CYLINDRICAL_SURFACE ( 'NONE', #2279, 20.00000000000000355 ) ;
#600 = CARTESIAN_POINT ( 'NONE',  ( 20.92861960804579624, -12.40938682214885880, 89.20000000000000284 ) ) ;
#601 = ORIENTED_EDGE ( 'NONE', *, *, #1723, .F. ) ;
#602 = FACE_OUTER_BOUND ( 'NONE', #570, .T. ) ;
#603 = DIRECTION ( 'NONE',  ( 0.000000000000000000, -1.000000000000000000, 0.000000000000000000 ) ) ;
#604 = AXIS2_PLACEMENT_3D ( 'NONE', #1581, #1211, #1199 ) ;
#605 = CIRCLE ( 'NONE', #2385, 3.549999999999997602 ) ;
#606 = CARTESIAN_POINT ( 'NONE',  ( 62.02555218092383171, -0.1291338801246277312, 77.70000000000000284 ) ) ;
#607 = DIRECTION ( 'NONE',  ( 0.000000000000000000, 0.000000000000000000, -1.000000000000000000 ) ) ;
#608 = EDGE_CURVE ( 'NONE', #2032, #1092, #1774, .T. ) ;
#609 = ORIENTED_EDGE ( 'NONE', *, *, #475, .T. ) ;
#610 = DIRECTION ( 'NONE',  ( -1.000000000000000000, 0.000000000000000000, -0.000000000000000000 ) ) ;
#611 = CARTESIAN_POINT ( 'NONE',  ( 77.12500000000000000, 0.000000000000000000, 179.4685424949238381 ) ) ;
#612 = ORIENTED_EDGE ( 'NONE', *, *, #1574, .F. ) ;
#613 = FACE_OUTER_BOUND ( 'NONE', #312, .T. ) ;
#614 = DIRECTION ( 'NONE',  ( 0.000000000000000000, 0.000000000000000000, -1.000000000000000000 ) ) ;
#615 = CARTESIAN_POINT ( 'NONE',  ( 97.12500000000000000, 2.449293598294706119E-15, 90.70000000000000284 ) ) ;
#616 = CARTESIAN_POINT ( 'NONE',  ( 77.12500000000000000, 0.000000000000000000, 90.70000000000000284 ) ) ;
#617 = ORIENTED_EDGE ( 'NONE', *, *, #845, .T. ) ;
#618 = DIRECTION ( 'NONE',  ( -0.000000000000000000, -0.000000000000000000, -1.000000000000000000 ) ) ;
#619 = CARTESIAN_POINT ( 'NONE',  ( 92.22444781907616118, 0.1291338801246277312, 77.70000000000000284 ) ) ;
#620 = ORIENTED_EDGE ( 'NONE', *, *, #555, .T. ) ;
#621 = CIRCLE ( 'NONE', #2326, 20.00000000000000355 ) ;
#622 =( LENGTH_UNIT ( ) NAMED_UNIT ( * ) SI_UNIT ( .MILLI., .METRE. ) );
#623 = CARTESIAN_POINT ( 'NONE',  ( 73.44586611987551805, 15.09944781907616651, 122.9000000000000057 ) ) ;
#624 = ADVANCED_FACE ( 'NONE', ( #1415 ), #1969, .T. ) ;
#625 = ORIENTED_EDGE ( 'NONE', *, *, #2041, .T. ) ;
#626 = LINE ( 'NONE', #797, #2207 ) ;
#627 = CIRCLE ( 'NONE', #108, 13.99999999999999822 ) ;
#628 = ORIENTED_EDGE ( 'NONE', *, *, #1530, .F. ) ;
#629 = DIRECTION ( 'NONE',  ( -1.000000000000000000, 0.000000000000000000, 0.000000000000000000 ) ) ;
#630 = CARTESIAN_POINT ( 'NONE',  ( 92.44408427876824419, -77.11371889401721091, 79.20000000000000284 ) ) ;
#631 = CARTESIAN_POINT ( 'NONE',  ( 87.71061050272419379, 10.76823338735817792, 82.70000000000000284 ) ) ;
#632 = CARTESIAN_POINT ( 'NONE',  ( -1.469576158976823947E-15, -12.00000000000000000, 86.20000000000001705 ) ) ;
#633 = ORIENTED_EDGE ( 'NONE', *, *, #2310, .F. ) ;
#634 = ORIENTED_EDGE ( 'NONE', *, *, #180, .F. ) ;
#635 = EDGE_CURVE ( 'NONE', #892, #799, #1049, .T. ) ;
#636 = ADVANCED_FACE ( 'NONE', ( #1629 ), #837, .F. ) ;
#637 = ORIENTED_EDGE ( 'NONE', *, *, #84, .T. ) ;
#638 = VECTOR ( 'NONE', #1037, 1000.000000000000000 ) ;
#639 = EDGE_CURVE ( 'NONE', #2402, #1933, #2295, .T. ) ;
#640 = DIRECTION ( 'NONE',  ( 0.000000000000000000, 0.000000000000000000, 1.000000000000000000 ) ) ;
#641 = VERTEX_POINT ( 'NONE', #1442 ) ;
#642 = DIRECTION ( 'NONE',  ( 0.000000000000000000, 0.000000000000000000, -1.000000000000000000 ) ) ;
#643 = DIRECTION ( 'NONE',  ( -1.000000000000000000, 0.000000000000000000, 0.000000000000000000 ) ) ;
#644 = FACE_OUTER_BOUND ( 'NONE', #2081, .T. ) ;
#645 = DIRECTION ( 'NONE',  ( -0.9998108513511149154, -0.01944894651539709474, 0.000000000000000000 ) ) ;
#646 = VERTEX_POINT ( 'NONE', #2208 ) ;
#647 = ORIENTED_EDGE ( 'NONE', *, *, #2007, .F. ) ;
#648 = ORIENTED_EDGE ( 'NONE', *, *, #180, .T. ) ;
#649 = CARTESIAN_POINT ( 'NONE',  ( 89.89323338735817970, -10.58561050272418136, 122.9000000000000057 ) ) ;
#650 = AXIS2_PLACEMENT_3D ( 'NONE', #397, #607, #1738 ) ;
#651 = ORIENTED_EDGE ( 'NONE', *, *, #1906, .T. ) ;
#652 = EDGE_CURVE ( 'NONE', #2032, #1433, #885, .T. ) ;
#653 = DIRECTION ( 'NONE',  ( -1.000000000000000000, 0.000000000000000000, 0.000000000000000000 ) ) ;
#654 = CIRCLE ( 'NONE', #1166, 1.999999999999988010 ) ;
#655 = FACE_OUTER_BOUND ( 'NONE', #2217, .T. ) ;
#656 = ORIENTED_EDGE ( 'NONE', *, *, #2278, .F. ) ;
#657 = CIRCLE ( 'NONE', #1882, 2.999999999999996891 ) ;
#658 = CARTESIAN_POINT ( 'NONE',  ( 0.000000000000000000, 0.000000000000000000, 79.20000000000000284 ) ) ;
#659 = CARTESIAN_POINT ( 'NONE',  ( 78.44408427876824419, -77.11371889401721091, 89.20000000000000284 ) ) ;
#660 = ORIENTED_EDGE ( 'NONE', *, *, #1691, .T. ) ;
#661 = ORIENTED_EDGE ( 'NONE', *, *, #1209, .F. ) ;
#662 = EDGE_LOOP ( 'NONE', ( #2349, #1176, #2147, #1318 ) ) ;
#663 = CARTESIAN_POINT ( 'NONE',  ( 77.12500000000000000, 0.000000000000000000, 79.20000000000000284 ) ) ;
#664 = EDGE_LOOP ( 'NONE', ( #719, #2461 ) ) ;
#665 = ADVANCED_FACE ( 'NONE', ( #2220, #2355, #655 ), #1404, .F. ) ;
#666 = DIRECTION ( 'NONE',  ( -0.000000000000000000, -0.000000000000000000, -1.000000000000000000 ) ) ;
#667 = FACE_OUTER_BOUND ( 'NONE', #2394, .T. ) ;
#668 = AXIS2_PLACEMENT_3D ( 'NONE', #525, #497, #1022 ) ;
#669 = EDGE_CURVE ( 'NONE', #641, #995, #1851, .T. ) ;
#670 = DIRECTION ( 'NONE',  ( -0.8446294373469527272, -0.5353513926076686191, 0.000000000000000000 ) ) ;
#671 = AXIS2_PLACEMENT_3D ( 'NONE', #2192, #2166, #691 ) ;
#672 = DIRECTION ( 'NONE',  ( 0.000000000000000000, 1.000000000000000000, 0.000000000000000000 ) ) ;
#673 = CARTESIAN_POINT ( 'NONE',  ( 75.25413388012447058, -15.09944781907615940, 97.90000000000001990 ) ) ;
#674 = ORIENTED_EDGE ( 'NONE', *, *, #923, .T. ) ;
#675 = EDGE_LOOP ( 'NONE', ( #1609, #1323, #1490, #628 ) ) ;
#676 = DIRECTION ( 'NONE',  ( 0.000000000000000000, 0.000000000000000000, -1.000000000000000000 ) ) ;
#677 = EDGE_LOOP ( 'NONE', ( #1614, #470, #1783, #188, #1229, #246, #1946, #2340 ) ) ;
#678 = AXIS2_PLACEMENT_3D ( 'NONE', #1766, #233, #824 ) ;
#679 = CARTESIAN_POINT ( 'NONE',  ( 68.53938949727580621, -10.76823338735819391, 122.9000000000000057 ) ) ;
#680 = LINE ( 'NONE', #1779, #1376 ) ;
#681 = CIRCLE ( 'NONE', #280, 12.00000000000000000 ) ;
#682 = VERTEX_POINT ( 'NONE', #1319 ) ;
#683 = EDGE_CURVE ( 'NONE', #272, #144, #1412, .T. ) ;
#684 = CARTESIAN_POINT ( 'NONE',  ( 0.000000000000000000, 0.000000000000000000, 86.20000000000001705 ) ) ;
#685 = CARTESIAN_POINT ( 'NONE',  ( 90.22444781907614697, 0.1291338801246277312, 97.90000000000001990 ) ) ;
#686 = ORIENTED_EDGE ( 'NONE', *, *, #958, .T. ) ;
#687 = VERTEX_POINT ( 'NONE', #745 ) ;
#688 = CARTESIAN_POINT ( 'NONE',  ( 98.44402923510277503, -77.16064163466263892, 89.20000000000000284 ) ) ;
#689 = VERTEX_POINT ( 'NONE', #560 ) ;
#690 = CARTESIAN_POINT ( 'NONE',  ( 92.44408427876824419, -77.11371889401721091, 86.20000000000001705 ) ) ;
#691 = DIRECTION ( 'NONE',  ( 1.000000000000000000, 0.000000000000000000, 0.000000000000000000 ) ) ;
#692 = DIRECTION ( 'NONE',  ( 1.000000000000000000, 0.000000000000000000, 0.000000000000000000 ) ) ;
#693 = VECTOR ( 'NONE', #1454, 1000.000000000000000 ) ;
#694 = PLANE ( 'NONE',  #1583 ) ;
#695 = FACE_OUTER_BOUND ( 'NONE', #2150, .T. ) ;
#696 = AXIS2_PLACEMENT_3D ( 'NONE', #770, #982, #1337 ) ;
#697 = EDGE_LOOP ( 'NONE', ( #793, #1078, #558, #1316 ) ) ;
#698 = EDGE_CURVE ( 'NONE', #1082, #1240, #232, .T. ) ;
#699 = ORIENTED_EDGE ( 'NONE', *, *, #2334, .F. ) ;
#700 = EDGE_CURVE ( 'NONE', #1977, #1205, #903, .T. ) ;
#701 = VERTEX_POINT ( 'NONE', #571 ) ;
#702 = CARTESIAN_POINT ( 'NONE',  ( 0.000000000000000000, 12.00000000000000000, 79.20000000000000284 ) ) ;
#703 = ORIENTED_EDGE ( 'NONE', *, *, #1749, .F. ) ;
#704 = CARTESIAN_POINT ( 'NONE',  ( 57.12499999999999289, 0.000000000000000000, 179.4685424949238381 ) ) ;
#705 = DIRECTION ( 'NONE',  ( 1.000000000000000000, 0.000000000000000000, 0.000000000000000000 ) ) ;
#706 = DIRECTION ( 'NONE',  ( -0.8446294373469527272, -0.5353513926076686191, 0.000000000000000000 ) ) ;
#707 = CARTESIAN_POINT ( 'NONE',  ( 0.000000000000000000, 0.000000000000000000, 89.20000000000000284 ) ) ;
#708 = CARTESIAN_POINT ( 'NONE',  ( 87.89323338735817970, -10.58561050272418136, 82.70000000000000284 ) ) ;
#709 = ORIENTED_EDGE ( 'NONE', *, *, #1489, .T. ) ;
#710 = AXIS2_PLACEMENT_3D ( 'NONE', #1735, #795, #2106 ) ;
#711 = DIRECTION ( 'NONE',  ( -0.000000000000000000, -0.000000000000000000, -1.000000000000000000 ) ) ;
#712 = AXIS2_PLACEMENT_3D ( 'NONE', #708, #337, #106 ) ;
#713 = MANIFOLD_SOLID_BREP ( 'Bolt Recesses Front', #2156 ) ;
#714 = EDGE_LOOP ( 'NONE', ( #1212, #2029, #2264, #338 ) ) ;
#715 = CIRCLE ( 'NONE', #2090, 2.000000000000001776 ) ;
#716 = EDGE_CURVE ( 'NONE', #392, #2197, #1422, .T. ) ;
#717 = ADVANCED_FACE ( 'NONE', ( #1676 ), #140, .F. ) ;
#718 = ORIENTED_EDGE ( 'NONE', *, *, #997, .T. ) ;
#719 = ORIENTED_EDGE ( 'NONE', *, *, #748, .T. ) ;
#720 = DIRECTION ( 'NONE',  ( 0.000000000000000000, 0.000000000000000000, -1.000000000000000000 ) ) ;
#721 = DIRECTION ( 'NONE',  ( -0.000000000000000000, -0.000000000000000000, -1.000000000000000000 ) ) ;
#722 = CARTESIAN_POINT ( 'NONE',  ( 20.92861960804579624, 12.40938682214885880, 89.20000000000000284 ) ) ;
#723 = AXIS2_PLACEMENT_3D ( 'NONE', #2144, #839, #1971 ) ;
#724 = CARTESIAN_POINT ( 'NONE',  ( 76.70684764991895577, 21.49593330404894687, 79.20000000000000284 ) ) ;
#725 = AXIS2_PLACEMENT_3D ( 'NONE', #49, #801, #990 ) ;
#726 = CARTESIAN_POINT ( 'NONE',  ( 62.02555218092383171, -0.1291338801246277312, 122.9000000000000057 ) ) ;
#727 = ORIENTED_EDGE ( 'NONE', *, *, #774, .F. ) ;
#728 = AXIS2_PLACEMENT_3D ( 'NONE', #1204, #1056, #2364 ) ;
#729 = CARTESIAN_POINT ( 'NONE',  ( 87.89323338735817970, -10.58561050272418136, 122.9000000000000057 ) ) ;
#730 = EDGE_LOOP ( 'NONE', ( #1646, #2224, #72, #1346 ) ) ;
#731 = CYLINDRICAL_SURFACE ( 'NONE', #255, 2.000000000000001776 ) ;
#732 = CARTESIAN_POINT ( 'NONE',  ( 54.78902942423745515, -10.06749315563054026, 79.20000000000000284 ) ) ;
#733 = DIRECTION ( 'NONE',  ( 0.000000000000000000, 1.000000000000000000, 0.000000000000000000 ) ) ;
#734 = EDGE_CURVE ( 'NONE', #2348, #1268, #1550, .T. ) ;
#735 = FACE_BOUND ( 'NONE', #2241, .T. ) ;
#736 = FACE_OUTER_BOUND ( 'NONE', #859, .T. ) ;
#737 = VERTEX_POINT ( 'NONE', #153 ) ;
#738 = AXIS2_PLACEMENT_3D ( 'NONE', #1508, #1309, #1543 ) ;
#739 = DIRECTION ( 'NONE',  ( 0.000000000000000000, 0.000000000000000000, 1.000000000000000000 ) ) ;
#740 = VECTOR ( 'NONE', #940, 1000.000000000000000 ) ;
#741 = ORIENTED_EDGE ( 'NONE', *, *, #1518, .T. ) ;
#742 = AXIS2_PLACEMENT_3D ( 'NONE', #776, #1909, #1531 ) ;
#743 = EDGE_LOOP ( 'NONE', ( #1390, #2000 ) ) ;
#744 = PLANE ( 'NONE',  #1797 ) ;
#745 = CARTESIAN_POINT ( 'NONE',  ( 97.12500000000000000, 2.449293598294706119E-15, 122.9000000000000057 ) ) ;
#746 = CARTESIAN_POINT ( 'NONE',  ( 20.98696644759190377, -9.409954268095530594, 79.20000000000000284 ) ) ;
#747 = DIRECTION ( 'NONE',  ( 0.000000000000000000, 0.000000000000000000, 1.000000000000000000 ) ) ;
#748 = EDGE_CURVE ( 'NONE', #1138, #2416, #160, .T. ) ;
#749 = DIRECTION ( 'NONE',  ( -1.000000000000000000, 0.000000000000000000, 0.000000000000000000 ) ) ;
#750 = VERTEX_POINT ( 'NONE', #910 ) ;
#751 = CARTESIAN_POINT ( 'NONE',  ( 77.12500000000000000, -10.09999999999999964, 77.70000000000000284 ) ) ;
#752 = AXIS2_PLACEMENT_3D ( 'NONE', #32, #2455, #2270 ) ;
#753 = ORIENTED_EDGE ( 'NONE', *, *, #1480, .T. ) ;
#754 = VERTEX_POINT ( 'NONE', #178 ) ;
#755 = FACE_OUTER_BOUND ( 'NONE', #230, .T. ) ;
#756 = CARTESIAN_POINT ( 'NONE',  ( 66.35676661264180609, 10.58561050272417248, 82.70000000000000284 ) ) ;
#757 = DIRECTION ( 'NONE',  ( 0.000000000000000000, 0.000000000000000000, -1.000000000000000000 ) ) ;
#758 = DIRECTION ( 'NONE',  ( 0.000000000000000000, 0.000000000000000000, 1.000000000000000000 ) ) ;
#759 = EDGE_CURVE ( 'NONE', #1977, #1505, #2419, .T. ) ;
#760 = ORIENTED_EDGE ( 'NONE', *, *, #2382, .F. ) ;
#761 = LINE ( 'NONE', #352, #424 ) ;
#762 = AXIS2_PLACEMENT_3D ( 'NONE', #980, #2309, #966 ) ;
#763 = CYLINDRICAL_SURFACE ( 'NONE', #2172, 21.50000000000000000 ) ;
#764 = ADVANCED_FACE ( 'NONE', ( #755 ), #2233, .F. ) ;
#765 = DIRECTION ( 'NONE',  ( 1.000000000000000000, 0.000000000000000000, 0.000000000000000000 ) ) ;
#766 = CYLINDRICAL_SURFACE ( 'NONE', #542, 12.00000000000002487 ) ;
#767 = FACE_OUTER_BOUND ( 'NONE', #1597, .T. ) ;
#768 = DIRECTION ( 'NONE',  ( 0.000000000000000000, 0.000000000000000000, -1.000000000000000000 ) ) ;
#769 = ORIENTED_EDGE ( 'NONE', *, *, #1106, .T. ) ;
#770 = CARTESIAN_POINT ( 'NONE',  ( 0.000000000000000000, 0.000000000000000000, 79.20000000000000284 ) ) ;
#771 = FACE_OUTER_BOUND ( 'NONE', #1476, .T. ) ;
#772 = EDGE_CURVE ( 'NONE', #1868, #1033, #2244, .T. ) ;
#773 = AXIS2_PLACEMENT_3D ( 'NONE', #2139, #1391, #1235 ) ;
#774 = EDGE_CURVE ( 'NONE', #1261, #1708, #1190, .T. ) ;
#775 = VECTOR ( 'NONE', #1004, 1000.000000000000000 ) ;
#776 = CARTESIAN_POINT ( 'NONE',  ( 77.12500000000000000, 0.000000000000000000, 90.70000000000000284 ) ) ;
#777 = CARTESIAN_POINT ( 'NONE',  ( 57.12499999999999289, 0.000000000000000000, 90.70000000000000284 ) ) ;
#778 = VERTEX_POINT ( 'NONE', #421 ) ;
#779 = CARTESIAN_POINT ( 'NONE',  ( 92.22444781907616118, 0.1291338801246277312, 89.20000000000000284 ) ) ;
#780 = CARTESIAN_POINT ( 'NONE',  ( 77.12500000000000000, -21.50000000000000000, 79.20000000000000284 ) ) ;
#781 = EDGE_LOOP ( 'NONE', ( #2033, #351 ) ) ;
#782 = CARTESIAN_POINT ( 'NONE',  ( 73.44586611987551805, 15.09944781907616651, 97.90000000000001990 ) ) ;
#783 = CARTESIAN_POINT ( 'NONE',  ( 92.22444781907616118, 0.1291338801246277312, 97.90000000000001990 ) ) ;
#784 = ORIENTED_EDGE ( 'NONE', *, *, #2070, .F. ) ;
#785 = EDGE_CURVE ( 'NONE', #2290, #1560, #2266, .T. ) ;
#786 = AXIS2_PLACEMENT_3D ( 'NONE', #2035, #1838, #2072 ) ;
#787 = LINE ( 'NONE', #2137, #1256 ) ;
#788 = CARTESIAN_POINT ( 'NONE',  ( 20.92861960804579624, 12.40938682214885880, 79.20000000000000284 ) ) ;
#789 = ORIENTED_EDGE ( 'NONE', *, *, #1754, .F. ) ;
#790 = EDGE_CURVE ( 'NONE', #250, #1000, #1542, .T. ) ;
#791 = DIRECTION ( 'NONE',  ( 0.000000000000000000, 0.000000000000000000, 1.000000000000000000 ) ) ;
#792 = DIRECTION ( 'NONE',  ( 0.000000000000000000, 0.000000000000000000, 1.000000000000000000 ) ) ;
#793 = ORIENTED_EDGE ( 'NONE', *, *, #313, .F. ) ;
#794 = CARTESIAN_POINT ( 'NONE',  ( 88.67444781907616402, 0.1291338801246281476, 97.90000000000001990 ) ) ;
#795 = DIRECTION ( 'NONE',  ( -0.000000000000000000, -0.000000000000000000, -1.000000000000000000 ) ) ;
#796 = AXIS2_PLACEMENT_3D ( 'NONE', #611, #1197, #414 ) ;
#797 = CARTESIAN_POINT ( 'NONE',  ( 64.44408427876824419, -77.11371889401721091, 86.20000000000001705 ) ) ;
#798 = DIRECTION ( 'NONE',  ( 1.000000000000000000, 0.000000000000000000, 0.000000000000000000 ) ) ;
#799 = VERTEX_POINT ( 'NONE', #1920 ) ;
#800 = DIRECTION ( 'NONE',  ( -1.000000000000000000, 0.000000000000000000, 0.000000000000000000 ) ) ;
#801 = DIRECTION ( 'NONE',  ( -0.000000000000000000, -0.000000000000000000, -1.000000000000000000 ) ) ;
#802 = EDGE_CURVE ( 'NONE', #2353, #682, #1701, .T. ) ;
#803 = ORIENTED_EDGE ( 'NONE', *, *, #1317, .F. ) ;
#804 = DIRECTION ( 'NONE',  ( 1.000000000000000000, 0.000000000000000000, 0.000000000000000000 ) ) ;
#805 = EDGE_LOOP ( 'NONE', ( #1116, #3, #674, #1215 ) ) ;
#806 = AXIS2_PLACEMENT_3D ( 'NONE', #102, #2354, #1219 ) ;
#807 = CIRCLE ( 'NONE', #1598, 2.000000000000001776 ) ;
#808 = AXIS2_PLACEMENT_3D ( 'NONE', #1684, #1115, #158 ) ;
#809 = CARTESIAN_POINT ( 'NONE',  ( 78.44408427876824419, -77.11371889401721091, 89.20000000000000284 ) ) ;
#810 = CIRCLE ( 'NONE', #2202, 3.525000000000000355 ) ;
#811 = VERTEX_POINT ( 'NONE', #986 ) ;
#812 = VECTOR ( 'NONE', #1719, 1000.000000000000000 ) ;
#813 = FACE_OUTER_BOUND ( 'NONE', #213, .T. ) ;
#814 = CARTESIAN_POINT ( 'NONE',  ( 66.53938949727582042, -10.76823338735819391, 82.70000000000000284 ) ) ;
#815 = DIRECTION ( 'NONE',  ( 1.000000000000000000, 0.000000000000000000, 0.000000000000000000 ) ) ;
#816 = EDGE_CURVE ( 'NONE', #1963, #522, #959, .T. ) ;
#817 = AXIS2_PLACEMENT_3D ( 'NONE', #606, #227, #31 ) ;
#818 = DIRECTION ( 'NONE',  ( 0.000000000000000000, 0.000000000000000000, -1.000000000000000000 ) ) ;
#819 = EDGE_CURVE ( 'NONE', #1201, #902, #43, .T. ) ;
#820 = ORIENTED_EDGE ( 'NONE', *, *, #1689, .F. ) ;
#821 = DIRECTION ( 'NONE',  ( -0.000000000000000000, -0.000000000000000000, -1.000000000000000000 ) ) ;
#822 = ORIENTED_EDGE ( 'NONE', *, *, #1224, .F. ) ;
#823 = DIRECTION ( 'NONE',  ( 0.000000000000000000, 0.000000000000000000, 1.000000000000000000 ) ) ;
#824 = DIRECTION ( 'NONE',  ( 0.000000000000000000, 1.000000000000000000, 0.000000000000000000 ) ) ;
#825 = FACE_BOUND ( 'NONE', #2184, .T. ) ;
#826 = DIRECTION ( 'NONE',  ( -0.8446294373469517280, 0.5353513926076699514, 0.000000000000000000 ) ) ;
#827 = EDGE_CURVE ( 'NONE', #1433, #532, #201, .T. ) ;
#828 = ORIENTED_EDGE ( 'NONE', *, *, #1419, .T. ) ;
#829 = ORIENTED_EDGE ( 'NONE', *, *, #257, .T. ) ;
#830 = ORIENTED_EDGE ( 'NONE', *, *, #2334, .T. ) ;
#831 = EDGE_CURVE ( 'NONE', #2331, #892, #2057, .T. ) ;
#832 = CIRCLE ( 'NONE', #1624, 3.549999999999997602 ) ;
#833 = FACE_BOUND ( 'NONE', #1577, .T. ) ;
#834 = ORIENTED_EDGE ( 'NONE', *, *, #331, .F. ) ;
#835 = AXIS2_PLACEMENT_3D ( 'NONE', #1956, #469, #1786 ) ;
#836 = CYLINDRICAL_SURFACE ( 'NONE', #297, 2.000000000000001776 ) ;
#837 = CYLINDRICAL_SURFACE ( 'NONE', #1848, 3.525000000000000355 ) ;
#838 = CARTESIAN_POINT ( 'NONE',  ( 39.31250000000000000, 0.000000000000000000, 89.20000000000000284 ) ) ;
#839 = DIRECTION ( 'NONE',  ( 0.000000000000000000, 0.000000000000000000, -1.000000000000000000 ) ) ;
#840 = EDGE_LOOP ( 'NONE', ( #1567, #1623, #718, #2311 ) ) ;
#841 = DIRECTION ( 'NONE',  ( 1.000000000000000000, 0.000000000000000000, 0.000000000000000000 ) ) ;
#842 = ORIENTED_EDGE ( 'NONE', *, *, #1222, .F. ) ;
#843 = EDGE_CURVE ( 'NONE', #737, #161, #2327, .T. ) ;
#844 = EDGE_LOOP ( 'NONE', ( #238, #1104, #467, #1557 ) ) ;
#845 = EDGE_CURVE ( 'NONE', #868, #495, #1339, .T. ) ;
#846 = AXIS2_PLACEMENT_3D ( 'NONE', #292, #1960, #863 ) ;
#847 = DIRECTION ( 'NONE',  ( 0.000000000000000000, 0.000000000000000000, 1.000000000000000000 ) ) ;
#848 = VECTOR ( 'NONE', #927, 1000.000000000000000 ) ;
#849 = VERTEX_POINT ( 'NONE', #615 ) ;
#850 = PLANE ( 'NONE',  #2360 ) ;
#851 = AXIS2_PLACEMENT_3D ( 'NONE', #2308, #2101, #1355 ) ;
#852 = DIRECTION ( 'NONE',  ( -1.000000000000000000, 0.000000000000000000, 0.000000000000000000 ) ) ;
#853 = FACE_OUTER_BOUND ( 'NONE', #2442, .T. ) ;
#854 = LINE ( 'NONE', #2345, #2302 ) ;
#855 = CARTESIAN_POINT ( 'NONE',  ( 74.99586611987551521, 15.09944781907616651, 97.90000000000001990 ) ) ;
#856 = VERTEX_POINT ( 'NONE', #410 ) ;
#857 = EDGE_CURVE ( 'NONE', #1790, #111, #1994, .T. ) ;
#858 = FACE_OUTER_BOUND ( 'NONE', #2435, .T. ) ;
#859 = EDGE_LOOP ( 'NONE', ( #1908, #1294, #36, #820 ) ) ;
#860 = LINE ( 'NONE', #1021, #2440 ) ;
#861 = DIRECTION ( 'NONE',  ( 1.000000000000000000, 0.000000000000000000, 0.000000000000000000 ) ) ;
#862 = AXIS2_PLACEMENT_3D ( 'NONE', #2275, #2313, #2092 ) ;
#863 = DIRECTION ( 'NONE',  ( 1.000000000000000000, 0.000000000000000000, -0.000000000000000000 ) ) ;
#864 = EDGE_CURVE ( 'NONE', #509, #371, #1885, .T. ) ;
#865 = MECHANICAL_DESIGN_GEOMETRIC_PRESENTATION_REPRESENTATION (  '', ( #2257 ), #2226 ) ;
#866 = FACE_OUTER_BOUND ( 'NONE', #2410, .T. ) ;
#867 = FACE_BOUND ( 'NONE', #2124, .T. ) ;
#868 = VERTEX_POINT ( 'NONE', #1711 ) ;
#869 = VERTEX_POINT ( 'NONE', #2082 ) ;
#870 = ORIENTED_EDGE ( 'NONE', *, *, #2162, .T. ) ;
#871 = DIRECTION ( 'NONE',  ( 0.000000000000000000, -1.000000000000000000, 0.000000000000000000 ) ) ;
#872 = ORIENTED_EDGE ( 'NONE', *, *, #369, .F. ) ;
#873 = CIRCLE ( 'NONE', #2141, 21.50000000000000000 ) ;
#874 = DIRECTION ( 'NONE',  ( -0.8446294373469517280, 0.5353513926076699514, 0.000000000000000000 ) ) ;
#875 = DIRECTION ( 'NONE',  ( 0.000000000000000000, 0.000000000000000000, -1.000000000000000000 ) ) ;
#876 = AXIS2_PLACEMENT_3D ( 'NONE', #142, #1457, #899 ) ;
#877 = DIRECTION ( 'NONE',  ( -0.000000000000000000, -0.000000000000000000, -1.000000000000000000 ) ) ;
#878 = FACE_OUTER_BOUND ( 'NONE', #2262, .T. ) ;
#879 = EDGE_CURVE ( 'NONE', #1092, #532, #626, .T. ) ;
#880 = DIRECTION ( 'NONE',  ( 0.000000000000000000, 0.000000000000000000, 1.000000000000000000 ) ) ;
#881 = EDGE_LOOP ( 'NONE', ( #1371, #2458 ) ) ;
#882 = CYLINDRICAL_SURFACE ( 'NONE', #409, 2.999999999999996891 ) ;
#883 = ORIENTED_EDGE ( 'NONE', *, *, #5, .T. ) ;
#884 = CARTESIAN_POINT ( 'NONE',  ( 18.24953604138439900, -8.182568928778708894, 79.20000000000000284 ) ) ;
#885 = LINE ( 'NONE', #1642, #557 ) ;
#886 = CIRCLE ( 'NONE', #2068, 3.549999999999997602 ) ;
#887 = DIRECTION ( 'NONE',  ( 0.000000000000000000, 0.000000000000000000, -1.000000000000000000 ) ) ;
#888 = AXIS2_PLACEMENT_3D ( 'NONE', #2152, #2377, #1958 ) ;
#889 = CARTESIAN_POINT ( 'NONE',  ( 80.80413388012446774, -15.09944781907615940, 122.9000000000000057 ) ) ;
#890 = FACE_OUTER_BOUND ( 'NONE', #1107, .T. ) ;
#891 = VECTOR ( 'NONE', #1503, 1000.000000000000000 ) ;
#892 = VERTEX_POINT ( 'NONE', #998 ) ;
#893 = DIRECTION ( 'NONE',  ( 1.000000000000000000, 0.000000000000000000, 0.000000000000000000 ) ) ;
#894 = ORIENTED_EDGE ( 'NONE', *, *, #939, .T. ) ;
#895 = ORIENTED_EDGE ( 'NONE', *, *, #1258, .F. ) ;
#896 = LINE ( 'NONE', #2255, #693 ) ;
#897 = DIRECTION ( 'NONE',  ( -0.01944894651539729596, 0.9998108513511148043, 0.000000000000000000 ) ) ;
#898 = LINE ( 'NONE', #1827, #1677 ) ;
#899 = DIRECTION ( 'NONE',  ( -1.000000000000000000, 0.000000000000000000, 0.000000000000000000 ) ) ;
#900 = VECTOR ( 'NONE', #127, 1000.000000000000000 ) ;
#901 = CARTESIAN_POINT ( 'NONE',  ( 77.12500000000000000, 0.000000000000000000, 89.20000000000000284 ) ) ;
#902 = VERTEX_POINT ( 'NONE', #1180 ) ;
#903 = CIRCLE ( 'NONE', #786, 1.999999999999988010 ) ;
#904 = CARTESIAN_POINT ( 'NONE',  ( 18.45307813555104559, -11.01600844591853523, 79.20000000000000284 ) ) ;
#905 = EDGE_LOOP ( 'NONE', ( #1284, #2362, #2128, #1357 ) ) ;
#906 = CIRCLE ( 'NONE', #69, 2.000000000000001776 ) ;
#907 = ADVANCED_FACE ( 'NONE', ( #20, #1366 ), #11, .T. ) ;
#908 = EDGE_LOOP ( 'NONE', ( #95, #71 ) ) ;
#909 = DIRECTION ( 'NONE',  ( -1.000000000000000000, 0.000000000000000000, 0.000000000000000000 ) ) ;
#910 = CARTESIAN_POINT ( 'NONE',  ( -1.714505518806294638E-15, -14.00000000000000000, 79.20000000000000284 ) ) ;
#911 = DIRECTION ( 'NONE',  ( -0.000000000000000000, -0.000000000000000000, -1.000000000000000000 ) ) ;
#912 = AXIS2_PLACEMENT_3D ( 'NONE', #1238, #1223, #1950 ) ;
#913 = ORIENTED_EDGE ( 'NONE', *, *, #1904, .T. ) ;
#914 = CARTESIAN_POINT ( 'NONE',  ( 87.71061050272419379, 10.76823338735817792, 82.70000000000000284 ) ) ;
#915 = AXIS2_PLACEMENT_3D ( 'NONE', #360, #1498, #943 ) ;
#916 = CARTESIAN_POINT ( 'NONE',  ( 0.000000000000000000, 0.000000000000000000, 79.20000000000000284 ) ) ;
#917 = ORIENTED_EDGE ( 'NONE', *, *, #1530, .T. ) ;
#918 = DIRECTION ( 'NONE',  ( -0.000000000000000000, -0.000000000000000000, 1.000000000000000000 ) ) ;
#919 = ORIENTED_EDGE ( 'NONE', *, *, #1091, .F. ) ;
#920 = PRODUCT_DEFINITION ( 'UNKNOWN', '', #2203, #519 ) ;
#921 = EDGE_CURVE ( 'NONE', #2277, #1013, #621, .T. ) ;
#922 = ORIENTED_EDGE ( 'NONE', *, *, #945, .T. ) ;
#923 = EDGE_CURVE ( 'NONE', #144, #1426, #787, .T. ) ;
#924 = FACE_BOUND ( 'NONE', #881, .T. ) ;
#925 = VECTOR ( 'NONE', #1334, 1000.000000000000000 ) ;
#926 = DIRECTION ( 'NONE',  ( 1.000000000000000000, 0.000000000000000000, 0.000000000000000000 ) ) ;
#927 = DIRECTION ( 'NONE',  ( -0.000000000000000000, -0.000000000000000000, 1.000000000000000000 ) ) ;
#928 = FACE_BOUND ( 'NONE', #2159, .T. ) ;
#929 = CIRCLE ( 'NONE', #1244, 2.000000000000001776 ) ;
#930 = DIRECTION ( 'NONE',  ( 1.000000000000000000, 0.000000000000000000, 0.000000000000000000 ) ) ;
#931 = ORIENTED_EDGE ( 'NONE', *, *, #1192, .T. ) ;
#932 = AXIS2_PLACEMENT_3D ( 'NONE', #746, #537, #706 ) ;
#933 = CARTESIAN_POINT ( 'NONE',  ( 77.12500000000000000, 21.50000000000000000, 77.70000000000000284 ) ) ;
#934 = AXIS2_PLACEMENT_3D ( 'NONE', #2424, #576, #893 ) ;
#935 = APPLICATION_CONTEXT ( 'automotive_design' ) ;
#936 = CIRCLE ( 'NONE', #2282, 3.549999999999997602 ) ;
#937 = VECTOR ( 'NONE', #2314, 1000.000000000000000 ) ;
#938 = ORIENTED_EDGE ( 'NONE', *, *, #1798, .T. ) ;
#939 = EDGE_CURVE ( 'NONE', #689, #737, #182, .T. ) ;
#940 = DIRECTION ( 'NONE',  ( -0.000000000000000000, -0.000000000000000000, -1.000000000000000000 ) ) ;
#941 = CARTESIAN_POINT ( 'NONE',  ( 66.53938949727582042, -10.76823338735819391, 77.70000000000000284 ) ) ;
#942 = CYLINDRICAL_SURFACE ( 'NONE', #189, 10.09999999999999964 ) ;
#943 = DIRECTION ( 'NONE',  ( -1.000000000000000000, 0.000000000000000000, 0.000000000000000000 ) ) ;
#944 = CARTESIAN_POINT ( 'NONE',  ( 90.44408427876827261, -77.11371889401721091, 86.20000000000001705 ) ) ;
#945 = EDGE_CURVE ( 'NONE', #1006, #2088, #1054, .T. ) ;
#946 = ORIENTED_EDGE ( 'NONE', *, *, #1871, .T. ) ;
#947 = DIRECTION ( 'NONE',  ( 0.000000000000000000, 0.000000000000000000, -1.000000000000000000 ) ) ;
#948 = AXIS2_PLACEMENT_3D ( 'NONE', #756, #12, #2294 ) ;
#949 = ORIENTED_EDGE ( 'NONE', *, *, #2276, .T. ) ;
#950 =( NAMED_UNIT ( * ) PLANE_ANGLE_UNIT ( ) SI_UNIT ( $, .RADIAN. ) );
#951 = CARTESIAN_POINT ( 'NONE',  ( 94.22444781907616118, 0.1291338801246279533, 89.20000000000000284 ) ) ;
#952 = ADVANCED_FACE ( 'NONE', ( #2204 ), #2352, .F. ) ;
#953 = DIRECTION ( 'NONE',  ( -1.000000000000000000, 0.000000000000000000, 0.000000000000000000 ) ) ;
#954 = DIRECTION ( 'NONE',  ( 0.000000000000000000, 0.000000000000000000, 1.000000000000000000 ) ) ;
#955 = EDGE_LOOP ( 'NONE', ( #1974, #2347, #1030, #2093 ) ) ;
#956 = DIRECTION ( 'NONE',  ( -0.000000000000000000, -0.000000000000000000, 1.000000000000000000 ) ) ;
#957 = AXIS2_PLACEMENT_3D ( 'NONE', #62, #1343, #643 ) ;
#958 = EDGE_CURVE ( 'NONE', #1494, #868, #2078, .T. ) ;
#959 = CIRCLE ( 'NONE', #2344, 3.525000000000000355 ) ;
#960 = CYLINDRICAL_SURFACE ( 'NONE', #1061, 2.000000000000001776 ) ;
#961 = AXIS2_PLACEMENT_3D ( 'NONE', #2149, #1425, #1978 ) ;
#962 = DIRECTION ( 'NONE',  ( 0.8345984957439479546, 0.5508587395167107159, 0.000000000000000000 ) ) ;
#963 = DIRECTION ( 'NONE',  ( 1.000000000000000000, 0.000000000000000000, 0.000000000000000000 ) ) ;
#964 = EDGE_LOOP ( 'NONE', ( #949, #1017 ) ) ;
#965 = FACE_OUTER_BOUND ( 'NONE', #2190, .T. ) ;
#966 = DIRECTION ( 'NONE',  ( 1.000000000000000000, 0.000000000000000000, 0.000000000000000000 ) ) ;
#967 = EDGE_LOOP ( 'NONE', ( #68, #2428, #2112, #612 ) ) ;
#968 = CARTESIAN_POINT ( 'NONE',  ( 57.52404622943284807, -8.834738891675801398, 79.20000000000000284 ) ) ;
#969 = AXIS2_PLACEMENT_3D ( 'NONE', #1221, #1755, #1803 ) ;
#970 = ADVANCED_FACE ( 'NONE', ( #1233 ), #73, .T. ) ;
#971 = DIRECTION ( 'NONE',  ( 1.000000000000000000, 0.000000000000000000, 0.000000000000000000 ) ) ;
#972 = ORIENTED_EDGE ( 'NONE', *, *, #237, .F. ) ;
#973 = CIRCLE ( 'NONE', #2358, 2.000000000000001776 ) ;
#974 = AXIS2_PLACEMENT_3D ( 'NONE', #2300, #1895, #2120 ) ;
#975 = ADVANCED_FACE ( 'NONE', ( #494 ), #275, .F. ) ;
#976 = DIRECTION ( 'NONE',  ( 0.000000000000000000, 0.000000000000000000, 1.000000000000000000 ) ) ;
#977 = CARTESIAN_POINT ( 'NONE',  ( 66.35676661264180609, 10.58561050272417248, 122.9000000000000057 ) ) ;
#978 = ORIENTED_EDGE ( 'NONE', *, *, #1449, .T. ) ;
#979 = CARTESIAN_POINT ( 'NONE',  ( 57.29282491146929601, 11.72006937418067274, 79.20000000000000284 ) ) ;
#980 = CARTESIAN_POINT ( 'NONE',  ( 87.71061050272419379, 10.76823338735817792, 122.9000000000000057 ) ) ;
#981 = EDGE_LOOP ( 'NONE', ( #575, #2131, #1402, #1041 ) ) ;
#982 = DIRECTION ( 'NONE',  ( 0.000000000000000000, 0.000000000000000000, 1.000000000000000000 ) ) ;
#983 = FACE_OUTER_BOUND ( 'NONE', #423, .T. ) ;
#984 = CIRCLE ( 'NONE', #668, 12.00000000000002487 ) ;
#985 = EDGE_CURVE ( 'NONE', #1505, #427, #1074, .T. ) ;
#986 = CARTESIAN_POINT ( 'NONE',  ( 80.80413388012446774, -15.09944781907615940, 97.90000000000001990 ) ) ;
#987 = CYLINDRICAL_SURFACE ( 'NONE', #22, 3.549999999999997602 ) ;
#988 = ORIENTED_EDGE ( 'NONE', *, *, #2219, .F. ) ;
#989 = DIRECTION ( 'NONE',  ( 0.000000000000000000, 0.000000000000000000, 1.000000000000000000 ) ) ;
#990 = DIRECTION ( 'NONE',  ( 1.000000000000000000, 0.000000000000000000, 0.000000000000000000 ) ) ;
#991 = EDGE_LOOP ( 'NONE', ( #164, #1915, #917, #2213 ) ) ;
#992 = ORIENTED_EDGE ( 'NONE', *, *, #921, .F. ) ;
#993 = DIRECTION ( 'NONE',  ( -1.000000000000000000, 0.000000000000000000, 0.000000000000000000 ) ) ;
#994 = CARTESIAN_POINT ( 'NONE',  ( 60.02555218092382461, -0.1291338801246277312, 77.70000000000000284 ) ) ;
#995 = VERTEX_POINT ( 'NONE', #649 ) ;
#996 = CIRCLE ( 'NONE', #162, 20.00000000000000355 ) ;
#997 = EDGE_CURVE ( 'NONE', #2179, #646, #80, .T. ) ;
#998 = CARTESIAN_POINT ( 'NONE',  ( 57.29282491146929601, -11.72006937418067274, 79.20000000000000284 ) ) ;
#999 = EDGE_CURVE ( 'NONE', #250, #1200, #2466, .T. ) ;
#1000 = VERTEX_POINT ( 'NONE', #1032 ) ;
#1001 = DIRECTION ( 'NONE',  ( 0.9998108513511149154, 0.01944894651539709474, 0.000000000000000000 ) ) ;
#1002 = FACE_OUTER_BOUND ( 'NONE', #955, .T. ) ;
#1003 = EDGE_LOOP ( 'NONE', ( #741, #380 ) ) ;
#1004 = DIRECTION ( 'NONE',  ( 0.000000000000000000, 0.000000000000000000, 1.000000000000000000 ) ) ;
#1005 = FACE_OUTER_BOUND ( 'NONE', #677, .T. ) ;
#1006 = VERTEX_POINT ( 'NONE', #263 ) ;
#1007 = CIRCLE ( 'NONE', #1835, 2.000000000000001776 ) ;
#1008 = DIRECTION ( 'NONE',  ( 0.8345984957439479546, -0.5508587395167107159, 0.000000000000000000 ) ) ;
#1009 = EDGE_CURVE ( 'NONE', #111, #1093, #288, .T. ) ;
#1010 = EDGE_LOOP ( 'NONE', ( #609, #328 ) ) ;
#1011 = LINE ( 'NONE', #524, #2201 ) ;
#1012 = CYLINDRICAL_SURFACE ( 'NONE', #30, 2.000000000000001776 ) ;
#1013 = VERTEX_POINT ( 'NONE', #688 ) ;
#1014 = LINE ( 'NONE', #1997, #1274 ) ;
#1015 = ADVANCED_FACE ( 'NONE', ( #1043, #2189, #833, #1019, #1589, #1776, #2375, #1245, #1626, #1401 ), #1436, .F. ) ;
#1016 = VERTEX_POINT ( 'NONE', #1966 ) ;
#1017 = ORIENTED_EDGE ( 'NONE', *, *, #1332, .T. ) ;
#1018 = CIRCLE ( 'NONE', #2045, 3.549999999999997602 ) ;
#1019 = FACE_BOUND ( 'NONE', #1218, .T. ) ;
#1020 = AXIS2_PLACEMENT_3D ( 'NONE', #2269, #1698, #926 ) ;
#1021 = CARTESIAN_POINT ( 'NONE',  ( 18.45307813555104559, 11.01600844591851036, 79.20000000000000284 ) ) ;
#1022 = DIRECTION ( 'NONE',  ( 1.000000000000000000, 0.000000000000000000, 0.000000000000000000 ) ) ;
#1023 = EDGE_LOOP ( 'NONE', ( #1089, #633, #2252, #1512 ) ) ;
#1024 = CARTESIAN_POINT ( 'NONE',  ( -14.02067616254858073, -14.26256077795786048, 79.20000000000000284 ) ) ;
#1025 = ADVANCED_FACE ( 'NONE', ( #858 ), #882, .F. ) ;
#1026 = EDGE_LOOP ( 'NONE', ( #505, #2387 ) ) ;
#1027 = EDGE_CURVE ( 'NONE', #1790, #2044, #1260, .T. ) ;
#1028 = ORIENTED_EDGE ( 'NONE', *, *, #54, .T. ) ;
#1029 = CIRCLE ( 'NONE', #1466, 14.00000000000000000 ) ;
#1030 = ORIENTED_EDGE ( 'NONE', *, *, #2135, .F. ) ;
#1031 = AXIS2_PLACEMENT_3D ( 'NONE', #1487, #2447, #2433 ) ;
#1032 = CARTESIAN_POINT ( 'NONE',  ( 78.99586611987552942, 15.09944781907616651, 77.70000000000000284 ) ) ;
#1033 = VERTEX_POINT ( 'NONE', #314 ) ;
#1034 = CARTESIAN_POINT ( 'NONE',  ( 0.000000000000000000, 14.00000000000000000, 79.20000000000000284 ) ) ;
#1035 = CARTESIAN_POINT ( 'NONE',  ( 89.71061050272419379, 10.76823338735817792, 122.9000000000000057 ) ) ;
#1036 = CARTESIAN_POINT ( 'NONE',  ( 20.98696644759190377, -9.409954268095530594, 89.20000000000000284 ) ) ;
#1037 = DIRECTION ( 'NONE',  ( -0.000000000000000000, -0.000000000000000000, -1.000000000000000000 ) ) ;
#1038 = CARTESIAN_POINT ( 'NONE',  ( 76.99586611987552942, 15.09944781907616651, 97.90000000000001990 ) ) ;
#1039 = ORIENTED_EDGE ( 'NONE', *, *, #146, .F. ) ;
#1040 = EDGE_CURVE ( 'NONE', #1081, #2174, #1067, .T. ) ;
#1041 = ORIENTED_EDGE ( 'NONE', *, *, #566, .F. ) ;
#1042 = CIRCLE ( 'NONE', #2198, 3.000000000000002220 ) ;
#1043 = FACE_BOUND ( 'NONE', #1706, .T. ) ;
#1044 = CIRCLE ( 'NONE', #2332, 3.549999999999997602 ) ;
#1045 = ORIENTED_EDGE ( 'NONE', *, *, #287, .T. ) ;
#1046 = CARTESIAN_POINT ( 'NONE',  ( 68.35676661264180609, 10.58561050272417248, 89.20000000000000284 ) ) ;
#1047 = CIRCLE ( 'NONE', #1527, 3.549999999999997602 ) ;
#1048 = CIRCLE ( 'NONE', #2119, 2.000000000000001776 ) ;
#1049 = LINE ( 'NONE', #2378, #900 ) ;
#1050 = DIRECTION ( 'NONE',  ( 0.000000000000000000, 0.000000000000000000, -1.000000000000000000 ) ) ;
#1051 = CARTESIAN_POINT ( 'NONE',  ( 68.53938949727580621, -10.76823338735819391, 82.70000000000000284 ) ) ;
#1052 = DIRECTION ( 'NONE',  ( -0.000000000000000000, -0.000000000000000000, -1.000000000000000000 ) ) ;
#1053 = ORIENTED_EDGE ( 'NONE', *, *, #831, .F. ) ;
#1054 = CIRCLE ( 'NONE', #1566, 20.00000000000000355 ) ;
#1055 = VERTEX_POINT ( 'NONE', #123 ) ;
#1056 = DIRECTION ( 'NONE',  ( 0.000000000000000000, 0.000000000000000000, -1.000000000000000000 ) ) ;
#1057 = ORIENTED_EDGE ( 'NONE', *, *, #243, .T. ) ;
#1058 = EDGE_CURVE ( 'NONE', #754, #1285, #1272, .T. ) ;
#1059 = CARTESIAN_POINT ( 'NONE',  ( 77.12500000000000000, 0.000000000000000000, 77.70000000000000284 ) ) ;
#1060 = DIRECTION ( 'NONE',  ( -0.000000000000000000, -0.000000000000000000, -1.000000000000000000 ) ) ;
#1061 = AXIS2_PLACEMENT_3D ( 'NONE', #2134, #6, #1187 ) ;
#1062 = DIRECTION ( 'NONE',  ( -0.000000000000000000, -0.000000000000000000, 1.000000000000000000 ) ) ;
#1063 = DIRECTION ( 'NONE',  ( -0.7010338081274292144, -0.7131280388978931128, 0.000000000000000000 ) ) ;
#1064 = DIRECTION ( 'NONE',  ( 1.000000000000000000, 0.000000000000000000, 0.000000000000000000 ) ) ;
#1065 = ORIENTED_EDGE ( 'NONE', *, *, #698, .F. ) ;
#1066 = ORIENTED_EDGE ( 'NONE', *, *, #2363, .T. ) ;
#1067 = LINE ( 'NONE', #1821, #1155 ) ;
#1068 = ORIENTED_EDGE ( 'NONE', *, *, #923, .F. ) ;
#1069 = VERTEX_POINT ( 'NONE', #2216 ) ;
#1070 = CYLINDRICAL_SURFACE ( 'NONE', #2071, 2.000000000000001776 ) ;
#1071 = CYLINDRICAL_SURFACE ( 'NONE', #1216, 3.549999999999997602 ) ;
#1072 = EDGE_CURVE ( 'NONE', #262, #1408, #521, .T. ) ;
#1073 = CARTESIAN_POINT ( 'NONE',  ( -14.02067616254858429, -14.26256077795786226, 79.20000000000000284 ) ) ;
#1074 = CIRCLE ( 'NONE', #835, 1.999999999999988010 ) ;
#1075 = CARTESIAN_POINT ( 'NONE',  ( 20.98696644759190377, 9.409954268095500396, 79.20000000000000284 ) ) ;
#1076 = FACE_OUTER_BOUND ( 'NONE', #377, .T. ) ;
#1077 = ADVANCED_FACE ( 'NONE', ( #489 ), #1984, .F. ) ;
#1078 = ORIENTED_EDGE ( 'NONE', *, *, #114, .T. ) ;
#1079 = DIRECTION ( 'NONE',  ( 0.000000000000000000, 0.000000000000000000, -1.000000000000000000 ) ) ;
#1080 = ORIENTED_EDGE ( 'NONE', *, *, #985, .T. ) ;
#1081 = VERTEX_POINT ( 'NONE', #2223 ) ;
#1082 = VERTEX_POINT ( 'NONE', #296 ) ;
#1083 = ORIENTED_EDGE ( 'NONE', *, *, #243, .F. ) ;
#1084 = LINE ( 'NONE', #139, #1126 ) ;
#1085 = DIRECTION ( 'NONE',  ( -0.002346137032272054262, -0.9999972478167256096, 0.000000000000000000 ) ) ;
#1086 = AXIS2_PLACEMENT_3D ( 'NONE', #112, #1440, #1863 ) ;
#1087 = CARTESIAN_POINT ( 'NONE',  ( 78.44408427876824419, -77.11371889401721091, 86.20000000000001705 ) ) ;
#1088 = CARTESIAN_POINT ( 'NONE',  ( 62.02555218092383171, -0.1291338801246277312, 97.90000000000001990 ) ) ;
#1089 = ORIENTED_EDGE ( 'NONE', *, *, #2415, .F. ) ;
#1090 = DIRECTION ( 'NONE',  ( 0.000000000000000000, 0.000000000000000000, 1.000000000000000000 ) ) ;
#1091 = EDGE_CURVE ( 'NONE', #868, #1268, #2409, .T. ) ;
#1092 = VERTEX_POINT ( 'NONE', #1254 ) ;
#1093 = VERTEX_POINT ( 'NONE', #2359 ) ;
#1094 = VERTEX_POINT ( 'NONE', #1420 ) ;
#1095 = ORIENTED_EDGE ( 'NONE', *, *, #652, .T. ) ;
#1096 = FACE_OUTER_BOUND ( 'NONE', #1435, .T. ) ;
#1097 = DIRECTION ( 'NONE',  ( 1.000000000000000000, 0.000000000000000000, 0.000000000000000000 ) ) ;
#1098 = CARTESIAN_POINT ( 'NONE',  ( 57.52404622943284807, 8.834738891675801398, 79.20000000000000284 ) ) ;
#1099 = DIRECTION ( 'NONE',  ( 1.000000000000000000, 0.000000000000000000, -0.000000000000000000 ) ) ;
#1100 = AXIS2_PLACEMENT_3D ( 'NONE', #977, #1352, #2110 ) ;
#1101 = CARTESIAN_POINT ( 'NONE',  ( 66.35676661264180609, 10.58561050272417248, 82.70000000000000284 ) ) ;
#1102 = ORIENTED_EDGE ( 'NONE', *, *, #879, .T. ) ;
#1103 = CARTESIAN_POINT ( 'NONE',  ( 57.12499999999999289, 0.000000000000000000, 122.9000000000000057 ) ) ;
#1104 = ORIENTED_EDGE ( 'NONE', *, *, #635, .T. ) ;
#1105 = UNCERTAINTY_MEASURE_WITH_UNIT (LENGTH_MEASURE( 1.000000000000000082E-05 ), #1109, 'distance_accuracy_value', 'NONE');
#1106 = EDGE_CURVE ( 'NONE', #1328, #1094, #2392, .T. ) ;
#1107 = EDGE_LOOP ( 'NONE', ( #323, #2091 ) ) ;
#1108 = CARTESIAN_POINT ( 'NONE',  ( 0.000000000000000000, 0.000000000000000000, 79.20000000000000284 ) ) ;
#1109 =( LENGTH_UNIT ( ) NAMED_UNIT ( * ) SI_UNIT ( .MILLI., .METRE. ) );
#1110 = DIRECTION ( 'NONE',  ( 1.000000000000000000, 0.000000000000000000, 0.000000000000000000 ) ) ;
#1111 = CIRCLE ( 'NONE', #1509, 2.000000000000001776 ) ;
#1112 = FACE_OUTER_BOUND ( 'NONE', #2002, .T. ) ;
#1113 = CARTESIAN_POINT ( 'NONE',  ( 77.12500000000000000, 0.000000000000000000, 122.9000000000000057 ) ) ;
#1114 = ORIENTED_EDGE ( 'NONE', *, *, #857, .T. ) ;
#1115 = DIRECTION ( 'NONE',  ( 0.000000000000000000, 0.000000000000000000, 1.000000000000000000 ) ) ;
#1116 = ORIENTED_EDGE ( 'NONE', *, *, #402, .F. ) ;
#1117 = ADVANCED_FACE ( 'NONE', ( #1076 ), #1239, .F. ) ;
#1118 = ORIENTED_EDGE ( 'NONE', *, *, #2167, .T. ) ;
#1119 = ORIENTED_EDGE ( 'NONE', *, *, #785, .F. ) ;
#1120 = DIRECTION ( 'NONE',  ( -0.000000000000000000, -0.000000000000000000, -1.000000000000000000 ) ) ;
#1121 = EDGE_CURVE ( 'NONE', #598, #175, #1587, .T. ) ;
#1122 = CARTESIAN_POINT ( 'NONE',  ( -14.02067616254858073, -14.26256077795786048, 89.20000000000000284 ) ) ;
#1123 = DIRECTION ( 'NONE',  ( -0.000000000000000000, 0.000000000000000000, 1.000000000000000000 ) ) ;
#1124 = DIRECTION ( 'NONE',  ( -0.000000000000000000, -0.000000000000000000, 1.000000000000000000 ) ) ;
#1125 = EDGE_LOOP ( 'NONE', ( #1405, #518 ) ) ;
#1126 = VECTOR ( 'NONE', #535, 1000.000000000000000 ) ;
#1127 = DIRECTION ( 'NONE',  ( 0.000000000000000000, 0.000000000000000000, 1.000000000000000000 ) ) ;
#1128 = AXIS2_PLACEMENT_3D ( 'NONE', #726, #2457, #2260 ) ;
#1129 = CIRCLE ( 'NONE', #1326, 2.999999999999996891 ) ;
#1130 = EDGE_CURVE ( 'NONE', #2449, #42, #2414, .T. ) ;
#1131 = ORIENTED_EDGE ( 'NONE', *, *, #734, .T. ) ;
#1132 = ORIENTED_EDGE ( 'NONE', *, *, #827, .T. ) ;
#1133 = FILL_AREA_STYLE ('',( #190 ) ) ;
#1134 = CARTESIAN_POINT ( 'NONE',  ( 74.99586611987551521, 15.09944781907616651, 77.70000000000000284 ) ) ;
#1135 = ADVANCED_FACE ( 'NONE', ( #867, #695 ), #2195, .F. ) ;
#1136 = CARTESIAN_POINT ( 'NONE',  ( 92.22444781907616118, 0.1291338801246277312, 122.9000000000000057 ) ) ;
#1137 = DIRECTION ( 'NONE',  ( 0.000000000000000000, 0.000000000000000000, 1.000000000000000000 ) ) ;
#1138 = VERTEX_POINT ( 'NONE', #118 ) ;
#1139 = CARTESIAN_POINT ( 'NONE',  ( 77.12500000000000000, -21.50000000000000000, 89.20000000000000284 ) ) ;
#1140 = DIRECTION ( 'NONE',  ( -0.000000000000000000, -0.000000000000000000, 1.000000000000000000 ) ) ;
#1141 = CIRCLE ( 'NONE', #948, 3.525000000000000355 ) ;
#1142 = ORIENTED_EDGE ( 'NONE', *, *, #816, .T. ) ;
#1143 = ORIENTED_EDGE ( 'NONE', *, *, #402, .T. ) ;
#1144 = CARTESIAN_POINT ( 'NONE',  ( 78.99586611987552942, 15.09944781907616651, 89.20000000000000284 ) ) ;
#1145 = CARTESIAN_POINT ( 'NONE',  ( -0.3889789303078983185, 19.99621702702229697, 79.20000000000000284 ) ) ;
#1146 = EDGE_CURVE ( 'NONE', #1493, #2348, #2374, .T. ) ;
#1147 = ORIENTED_EDGE ( 'NONE', *, *, #1224, .T. ) ;
#1148 = DIRECTION ( 'NONE',  ( 0.000000000000000000, 0.000000000000000000, 1.000000000000000000 ) ) ;
#1149 = CYLINDRICAL_SURFACE ( 'NONE', #1152, 1.999999999999988010 ) ;
#1150 = VERTEX_POINT ( 'NONE', #685 ) ;
#1151 = DIRECTION ( 'NONE',  ( -0.000000000000000000, -0.000000000000000000, 1.000000000000000000 ) ) ;
#1152 = AXIS2_PLACEMENT_3D ( 'NONE', #1855, #2298, #1753 ) ;
#1153 = FACE_OUTER_BOUND ( 'NONE', #98, .T. ) ;
#1154 = ORIENTED_EDGE ( 'NONE', *, *, #1544, .T. ) ;
#1155 = VECTOR ( 'NONE', #2163, 1000.000000000000000 ) ;
#1156 = DIRECTION ( 'NONE',  ( -0.000000000000000000, -0.000000000000000000, -1.000000000000000000 ) ) ;
#1157 = LINE ( 'NONE', #1145, #1795 ) ;
#1158 = EDGE_LOOP ( 'NONE', ( #157, #325, #493, #913 ) ) ;
#1159 = CARTESIAN_POINT ( 'NONE',  ( 87.89323338735817970, -10.58561050272418136, 82.70000000000000284 ) ) ;
#1160 = LINE ( 'NONE', #1183, #2095 ) ;
#1161 = ORIENTED_EDGE ( 'NONE', *, *, #1720, .T. ) ;
#1162 = DIRECTION ( 'NONE',  ( -1.000000000000000000, 0.000000000000000000, 0.000000000000000000 ) ) ;
#1163 = FACE_OUTER_BOUND ( 'NONE', #151, .T. ) ;
#1164 = CIRCLE ( 'NONE', #1563, 2.999999999999996891 ) ;
#1165 = EDGE_CURVE ( 'NONE', #1200, #250, #906, .T. ) ;
#1166 = AXIS2_PLACEMENT_3D ( 'NONE', #471, #496, #75 ) ;
#1167 = CIRCLE ( 'NONE', #2243, 21.49999999999999289 ) ;
#1168 = DIRECTION ( 'NONE',  ( -0.000000000000000000, -0.000000000000000000, -1.000000000000000000 ) ) ;
#1169 = DIRECTION ( 'NONE',  ( 0.000000000000000000, 0.000000000000000000, -1.000000000000000000 ) ) ;
#1170 = ORIENTED_EDGE ( 'NONE', *, *, #550, .F. ) ;
#1171 = DIRECTION ( 'NONE',  ( 0.000000000000000000, 0.000000000000000000, 1.000000000000000000 ) ) ;
#1172 = CARTESIAN_POINT ( 'NONE',  ( 62.83176661264180751, 10.58561050272417248, 82.70000000000000284 ) ) ;
#1173 = ORIENTED_EDGE ( 'NONE', *, *, #44, .F. ) ;
#1174 = CARTESIAN_POINT ( 'NONE',  ( 65.57555218092382177, -0.1291338801246277312, 97.90000000000001990 ) ) ;
#1175 = CARTESIAN_POINT ( 'NONE',  ( 77.12500000000000000, 0.000000000000000000, 79.20000000000000284 ) ) ;
#1176 = ORIENTED_EDGE ( 'NONE', *, *, #1873, .T. ) ;
#1177 = EDGE_CURVE ( 'NONE', #682, #2353, #1306, .T. ) ;
#1178 = ADVANCED_FACE ( 'NONE', ( #501 ), #1225, .F. ) ;
#1179 = ORIENTED_EDGE ( 'NONE', *, *, #101, .F. ) ;
#1180 = CARTESIAN_POINT ( 'NONE',  ( 75.25413388012447058, -15.09944781907615940, 77.70000000000000284 ) ) ;
#1181 = EDGE_LOOP ( 'NONE', ( #252, #1439, #2116, #2307 ) ) ;
#1182 = DIRECTION ( 'NONE',  ( -1.000000000000000000, 0.000000000000000000, 0.000000000000000000 ) ) ;
#1183 = CARTESIAN_POINT ( 'NONE',  ( 64.02555218092382461, -0.1291338801246274814, 89.20000000000000284 ) ) ;
#1184 = ORIENTED_EDGE ( 'NONE', *, *, #785, .T. ) ;
#1185 = CARTESIAN_POINT ( 'NONE',  ( 54.73068258469125169, -13.06692570968390044, 79.20000000000000284 ) ) ;
#1186 = VERTEX_POINT ( 'NONE', #322 ) ;
#1187 = DIRECTION ( 'NONE',  ( -1.000000000000000000, 0.000000000000000000, 0.000000000000000000 ) ) ;
#1188 = CIRCLE ( 'NONE', #1818, 14.00000000000000000 ) ;
#1189 = ORIENTED_EDGE ( 'NONE', *, *, #1177, .T. ) ;
#1190 = CIRCLE ( 'NONE', #1938, 10.09999999999999787 ) ;
#1191 = CIRCLE ( 'NONE', #1625, 3.525000000000000355 ) ;
#1192 = EDGE_CURVE ( 'NONE', #1094, #2249, #28, .T. ) ;
#1193 = DIRECTION ( 'NONE',  ( 0.7131280388978930018, -0.7010338081274291033, 0.000000000000000000 ) ) ;
#1194 = ORIENTED_EDGE ( 'NONE', *, *, #225, .F. ) ;
#1195 = ADVANCED_FACE ( 'NONE', ( #890, #1459 ), #2026, .T. ) ;
#1196 = DIRECTION ( 'NONE',  ( 0.000000000000000000, -1.000000000000000000, 0.000000000000000000 ) ) ;
#1197 = DIRECTION ( 'NONE',  ( -0.000000000000000000, -0.000000000000000000, -1.000000000000000000 ) ) ;
#1198 = CARTESIAN_POINT ( 'NONE',  ( 64.02555218092382461, -0.1291338801246274814, 97.90000000000001990 ) ) ;
#1199 = DIRECTION ( 'NONE',  ( 0.8345984957439479546, 0.5508587395167107159, 0.000000000000000000 ) ) ;
#1200 = VERTEX_POINT ( 'NONE', #855 ) ;
#1201 = VERTEX_POINT ( 'NONE', #673 ) ;
#1202 = AXIS2_PLACEMENT_3D ( 'NONE', #1687, #1120, #1875 ) ;
#1203 = VECTOR ( 'NONE', #956, 1000.000000000000000 ) ;
#1204 = CARTESIAN_POINT ( 'NONE',  ( 77.12500000000000000, 0.000000000000000000, 79.20000000000000284 ) ) ;
#1205 = VERTEX_POINT ( 'NONE', #1608 ) ;
#1206 = EDGE_CURVE ( 'NONE', #682, #646, #2371, .T. ) ;
#1207 = DIRECTION ( 'NONE',  ( -0.000000000000000000, -0.000000000000000000, 1.000000000000000000 ) ) ;
#1208 = CARTESIAN_POINT ( 'NONE',  ( 0.000000000000000000, 0.000000000000000000, 79.20000000000000284 ) ) ;
#1209 = EDGE_CURVE ( 'NONE', #371, #509, #715, .T. ) ;
#1210 = CARTESIAN_POINT ( 'NONE',  ( 54.78902942423745515, 10.06749315563054026, 79.20000000000000284 ) ) ;
#1211 = DIRECTION ( 'NONE',  ( 0.000000000000000000, 0.000000000000000000, 1.000000000000000000 ) ) ;
#1212 = ORIENTED_EDGE ( 'NONE', *, *, #1399, .F. ) ;
#1213 = ORIENTED_EDGE ( 'NONE', *, *, #2148, .T. ) ;
#1214 = VERTEX_POINT ( 'NONE', #1703 ) ;
#1215 = ORIENTED_EDGE ( 'NONE', *, *, #1360, .T. ) ;
#1216 = AXIS2_PLACEMENT_3D ( 'NONE', #1811, #1825, #705 ) ;
#1217 = CARTESIAN_POINT ( 'NONE',  ( 57.52404622943284807, 8.834738891675801398, 79.20000000000000284 ) ) ;
#1218 = EDGE_LOOP ( 'NONE', ( #842, #760 ) ) ;
#1219 = DIRECTION ( 'NONE',  ( -1.000000000000000000, 0.000000000000000000, 0.000000000000000000 ) ) ;
#1220 = FACE_BOUND ( 'NONE', #122, .T. ) ;
#1221 = CARTESIAN_POINT ( 'NONE',  ( 0.000000000000000000, 0.000000000000000000, 89.20000000000000284 ) ) ;
#1222 = EDGE_CURVE ( 'NONE', #1955, #399, #810, .T. ) ;
#1223 = DIRECTION ( 'NONE',  ( 0.000000000000000000, 0.000000000000000000, -1.000000000000000000 ) ) ;
#1224 = EDGE_CURVE ( 'NONE', #1573, #1150, #1048, .T. ) ;
#1225 = CYLINDRICAL_SURFACE ( 'NONE', #1416, 12.00000000000002487 ) ;
#1226 = ORIENTED_EDGE ( 'NONE', *, *, #819, .F. ) ;
#1227 = ORIENTED_EDGE ( 'NONE', *, *, #759, .F. ) ;
#1228 = EDGE_CURVE ( 'NONE', #778, #856, #1681, .T. ) ;
#1229 = ORIENTED_EDGE ( 'NONE', *, *, #1556, .F. ) ;
#1230 = CIRCLE ( 'NONE', #723, 21.50000000000000000 ) ;
#1231 = AXIS2_PLACEMENT_3D ( 'NONE', #732, #373, #2445 ) ;
#1232 = AXIS2_PLACEMENT_3D ( 'NONE', #2297, #1148, #1923 ) ;
#1233 = FACE_OUTER_BOUND ( 'NONE', #697, .T. ) ;
#1234 = ORIENTED_EDGE ( 'NONE', *, *, #1360, .F. ) ;
#1235 = DIRECTION ( 'NONE',  ( -1.000000000000000000, 0.000000000000000000, 0.000000000000000000 ) ) ;
#1236 = DIRECTION ( 'NONE',  ( -0.000000000000000000, -0.000000000000000000, -1.000000000000000000 ) ) ;
#1237 = ORIENTED_EDGE ( 'NONE', *, *, #1121, .T. ) ;
#1238 = CARTESIAN_POINT ( 'NONE',  ( 20.98696644759190377, -9.409954268095530594, 79.20000000000000284 ) ) ;
#1239 = CYLINDRICAL_SURFACE ( 'NONE', #530, 3.549999999999997602 ) ;
#1240 = VERTEX_POINT ( 'NONE', #1670 ) ;
#1241 = DIRECTION ( 'NONE',  ( 0.000000000000000000, 0.000000000000000000, 1.000000000000000000 ) ) ;
#1242 = EDGE_CURVE ( 'NONE', #2416, #1138, #1365, .T. ) ;
#1243 = ORIENTED_EDGE ( 'NONE', *, *, #8, .T. ) ;
#1244 = AXIS2_PLACEMENT_3D ( 'NONE', #631, #1937, #2343 ) ;
#1245 = FACE_BOUND ( 'NONE', #2103, .T. ) ;
#1246 = AXIS2_PLACEMENT_3D ( 'NONE', #1300, #359, #1110 ) ;
#1247 = ORIENTED_EDGE ( 'NONE', *, *, #114, .F. ) ;
#1248 = CARTESIAN_POINT ( 'NONE',  ( 77.12500000000000000, 0.000000000000000000, 90.70000000000000284 ) ) ;
#1249 = AXIS2_PLACEMENT_3D ( 'NONE', #1159, #1510, #610 ) ;
#1250 = DIRECTION ( 'NONE',  ( 0.000000000000000000, 0.000000000000000000, -1.000000000000000000 ) ) ;
#1251 = LINE ( 'NONE', #526, #1438 ) ;
#1252 = AXIS2_PLACEMENT_3D ( 'NONE', #1528, #1707, #208 ) ;
#1253 = DIRECTION ( 'NONE',  ( -1.000000000000000000, 0.000000000000000000, 0.000000000000000000 ) ) ;
#1254 = CARTESIAN_POINT ( 'NONE',  ( 64.44408427876824419, -77.11371889401721091, 86.20000000000001705 ) ) ;
#1255 = VERTEX_POINT ( 'NONE', #1473 ) ;
#1256 = VECTOR ( 'NONE', #1193, 1000.000000000000114 ) ;
#1257 = EDGE_LOOP ( 'NONE', ( #1671, #301 ) ) ;
#1258 = EDGE_CURVE ( 'NONE', #2285, #687, #174, .T. ) ;
#1259 = EDGE_CURVE ( 'NONE', #1610, #2335, #51, .T. ) ;
#1260 = LINE ( 'NONE', #110, #2018 ) ;
#1261 = VERTEX_POINT ( 'NONE', #1292 ) ;
#1262 = CARTESIAN_POINT ( 'NONE',  ( 18.24953604138439900, 8.182568928778708894, 79.20000000000000284 ) ) ;
#1263 = CARTESIAN_POINT ( 'NONE',  ( 91.41823338735817117, -10.58561050272418136, 82.70000000000000284 ) ) ;
#1264 = AXIS2_PLACEMENT_3D ( 'NONE', #374, #1169, #2097 ) ;
#1265 = CARTESIAN_POINT ( 'NONE',  ( 64.35676661264180609, 10.58561050272417248, 82.70000000000000284 ) ) ;
#1266 = DIRECTION ( 'NONE',  ( 0.000000000000000000, 0.000000000000000000, 1.000000000000000000 ) ) ;
#1267 = DIRECTION ( 'NONE',  ( -0.000000000000000000, -0.000000000000000000, -1.000000000000000000 ) ) ;
#1268 = VERTEX_POINT ( 'NONE', #183 ) ;
#1269 = SHAPE_DEFINITION_REPRESENTATION ( #59, #295 ) ;
#1270 = ORIENTED_EDGE ( 'NONE', *, *, #1271, .F. ) ;
#1271 = EDGE_CURVE ( 'NONE', #1800, #1751, #886, .T. ) ;
#1272 = LINE ( 'NONE', #702, #1784 ) ;
#1273 = VERTEX_POINT ( 'NONE', #156 ) ;
#1274 = VECTOR ( 'NONE', #308, 1000.000000000000000 ) ;
#1275 = VECTOR ( 'NONE', #821, 1000.000000000000000 ) ;
#1276 = DIRECTION ( 'NONE',  ( 0.000000000000000000, 0.000000000000000000, -1.000000000000000000 ) ) ;
#1277 = DIRECTION ( 'NONE',  ( -1.000000000000000000, 0.000000000000000000, 0.000000000000000000 ) ) ;
#1278 = DIRECTION ( 'NONE',  ( 0.000000000000000000, 0.000000000000000000, -1.000000000000000000 ) ) ;
#1279 = EDGE_CURVE ( 'NONE', #175, #598, #2395, .T. ) ;
#1280 = FACE_BOUND ( 'NONE', #1856, .T. ) ;
#1281 = DIRECTION ( 'NONE',  ( 1.000000000000000000, 0.000000000000000000, 0.000000000000000000 ) ) ;
#1282 = ORIENTED_EDGE ( 'NONE', *, *, #2066, .T. ) ;
#1283 = CARTESIAN_POINT ( 'NONE',  ( 73.44586611987551805, 15.09944781907616651, 97.90000000000001990 ) ) ;
#1284 = ORIENTED_EDGE ( 'NONE', *, *, #569, .F. ) ;
#1285 = VERTEX_POINT ( 'NONE', #552 ) ;
#1286 = DIRECTION ( 'NONE',  ( 0.000000000000000000, 0.000000000000000000, 1.000000000000000000 ) ) ;
#1287 = VECTOR ( 'NONE', #1062, 1000.000000000000000 ) ;
#1288 = CARTESIAN_POINT ( 'NONE',  ( 85.89323338735817970, -10.58561050272418136, 82.70000000000000284 ) ) ;
#1289 = AXIS2_PLACEMENT_3D ( 'NONE', #2366, #666, #629 ) ;
#1290 = FACE_BOUND ( 'NONE', #432, .T. ) ;
#1291 = EDGE_CURVE ( 'NONE', #1453, #111, #578, .T. ) ;
#1292 = CARTESIAN_POINT ( 'NONE',  ( 77.12500000000000000, -10.10000000000000142, 122.9000000000000057 ) ) ;
#1293 = CIRCLE ( 'NONE', #1252, 3.525000000000000355 ) ;
#1294 = ORIENTED_EDGE ( 'NONE', *, *, #319, .T. ) ;
#1295 = DIRECTION ( 'NONE',  ( 0.000000000000000000, 0.000000000000000000, 1.000000000000000000 ) ) ;
#1296 = ORIENTED_EDGE ( 'NONE', *, *, #1332, .F. ) ;
#1297 = ORIENTED_EDGE ( 'NONE', *, *, #434, .T. ) ;
#1298 = LINE ( 'NONE', #1262, #10 ) ;
#1299 = DIRECTION ( 'NONE',  ( -0.9998108513511149154, 0.01944894651539719882, 0.000000000000000000 ) ) ;
#1300 = CARTESIAN_POINT ( 'NONE',  ( 62.02555218092383171, -0.1291338801246277312, 97.90000000000001990 ) ) ;
#1301 = LINE ( 'NONE', #724, #407 ) ;
#1302 = CARTESIAN_POINT ( 'NONE',  ( 92.22444781907616118, 0.1291338801246277312, 97.90000000000001990 ) ) ;
#1303 = ADVANCED_FACE ( 'NONE', ( #736 ), #1525, .F. ) ;
#1304 = ORIENTED_EDGE ( 'NONE', *, *, #939, .F. ) ;
#1305 = LINE ( 'NONE', #1844, #1879 ) ;
#1306 = CIRCLE ( 'NONE', #1854, 3.525000000000000355 ) ;
#1307 = ORIENTED_EDGE ( 'NONE', *, *, #129, .F. ) ;
#1308 = DIRECTION ( 'NONE',  ( -1.000000000000000000, 0.000000000000000000, 0.000000000000000000 ) ) ;
#1309 = DIRECTION ( 'NONE',  ( 0.000000000000000000, 0.000000000000000000, 1.000000000000000000 ) ) ;
#1310 = DIRECTION ( 'NONE',  ( -0.8446294373469517280, 0.5353513926076699514, 0.000000000000000000 ) ) ;
#1311 = CIRCLE ( 'NONE', #1232, 10.09999999999999964 ) ;
#1312 = DIRECTION ( 'NONE',  ( 1.000000000000000000, 0.000000000000000000, 0.000000000000000000 ) ) ;
#1313 = VERTEX_POINT ( 'NONE', #1902 ) ;
#1314 = DIRECTION ( 'NONE',  ( 0.8345984957439479546, 0.5508587395167107159, 0.000000000000000000 ) ) ;
#1315 = ORIENTED_EDGE ( 'NONE', *, *, #1648, .T. ) ;
#1316 = ORIENTED_EDGE ( 'NONE', *, *, #2148, .F. ) ;
#1317 = EDGE_CURVE ( 'NONE', #1536, #2094, #376, .T. ) ;
#1318 = ORIENTED_EDGE ( 'NONE', *, *, #843, .F. ) ;
#1319 = CARTESIAN_POINT ( 'NONE',  ( 84.36823338735817401, -10.58561050272418136, 82.70000000000000284 ) ) ;
#1320 = DIRECTION ( 'NONE',  ( -0.000000000000000000, -0.000000000000000000, -1.000000000000000000 ) ) ;
#1321 = LINE ( 'NONE', #231, #1348 ) ;
#1322 = DIRECTION ( 'NONE',  ( 0.000000000000000000, 0.000000000000000000, 1.000000000000000000 ) ) ;
#1323 = ORIENTED_EDGE ( 'NONE', *, *, #523, .T. ) ;
#1324 = AXIS2_PLACEMENT_3D ( 'NONE', #1667, #510, #2046 ) ;
#1325 = CARTESIAN_POINT ( 'NONE',  ( 0.000000000000000000, 0.000000000000000000, 86.20000000000001705 ) ) ;
#1326 = AXIS2_PLACEMENT_3D ( 'NONE', #2052, #1833, #1314 ) ;
#1327 = DIRECTION ( 'NONE',  ( -1.000000000000000000, 0.000000000000000000, 0.000000000000000000 ) ) ;
#1328 = VERTEX_POINT ( 'NONE', #944 ) ;
#1329 = ORIENTED_EDGE ( 'NONE', *, *, #1931, .F. ) ;
#1330 = CARTESIAN_POINT ( 'NONE',  ( 54.78902942423745515, 10.06749315563054026, 79.20000000000000284 ) ) ;
#1331 = CARTESIAN_POINT ( 'NONE',  ( -0.3889789303078983185, 19.99621702702229697, 79.20000000000000284 ) ) ;
#1332 = EDGE_CURVE ( 'NONE', #2161, #161, #1618, .T. ) ;
#1333 = CYLINDRICAL_SURFACE ( 'NONE', #851, 2.000000000000001776 ) ;
#1334 = DIRECTION ( 'NONE',  ( -0.000000000000000000, -0.000000000000000000, -1.000000000000000000 ) ) ;
#1335 = ORIENTED_EDGE ( 'NONE', *, *, #1990, .T. ) ;
#1336 = CIRCLE ( 'NONE', #1891, 3.525000000000000355 ) ;
#1337 = DIRECTION ( 'NONE',  ( 0.000000000000000000, 1.000000000000000000, 0.000000000000000000 ) ) ;
#1338 = CARTESIAN_POINT ( 'NONE',  ( 15.76358626343309766, 12.30891336045972118, 79.20000000000000284 ) ) ;
#1339 = LINE ( 'NONE', #1378, #390 ) ;
#1340 = CARTESIAN_POINT ( 'NONE',  ( 64.02555218092382461, -0.1291338801246274814, 77.70000000000000284 ) ) ;
#1341 = VERTEX_POINT ( 'NONE', #1657 ) ;
#1342 = DIRECTION ( 'NONE',  ( 1.000000000000000000, 0.000000000000000000, 0.000000000000000000 ) ) ;
#1343 = DIRECTION ( 'NONE',  ( 0.000000000000000000, 0.000000000000000000, -1.000000000000000000 ) ) ;
#1344 = VECTOR ( 'NONE', #1935, 1000.000000000000000 ) ;
#1345 = EDGE_CURVE ( 'NONE', #1999, #811, #1742, .T. ) ;
#1346 = ORIENTED_EDGE ( 'NONE', *, *, #1480, .F. ) ;
#1347 = DIRECTION ( 'NONE',  ( 0.000000000000000000, 0.000000000000000000, -1.000000000000000000 ) ) ;
#1348 = VECTOR ( 'NONE', #1001, 1000.000000000000114 ) ;
#1349 = CARTESIAN_POINT ( 'NONE',  ( 62.02555218092383171, -0.1291338801246277312, 97.90000000000001990 ) ) ;
#1350 = VERTEX_POINT ( 'NONE', #2 ) ;
#1351 = CARTESIAN_POINT ( 'NONE',  ( 87.89323338735817970, -10.58561050272418136, 82.70000000000000284 ) ) ;
#1352 = DIRECTION ( 'NONE',  ( 0.000000000000000000, 0.000000000000000000, 1.000000000000000000 ) ) ;
#1353 = EDGE_CURVE ( 'NONE', #1965, #750, #1029, .T. ) ;
#1354 = VERTEX_POINT ( 'NONE', #2237 ) ;
#1355 = DIRECTION ( 'NONE',  ( -1.000000000000000000, 0.000000000000000000, 0.000000000000000000 ) ) ;
#1356 = DIRECTION ( 'NONE',  ( 0.000000000000000000, 1.000000000000000000, 0.000000000000000000 ) ) ;
#1357 = ORIENTED_EDGE ( 'NONE', *, *, #1813, .T. ) ;
#1358 = ADVANCED_FACE ( 'NONE', ( #349 ), #1149, .F. ) ;
#1359 = LINE ( 'NONE', #2089, #2121 ) ;
#1360 = EDGE_CURVE ( 'NONE', #1426, #2277, #38, .T. ) ;
#1361 = CIRCLE ( 'NONE', #457, 12.00000000000002487 ) ;
#1362 = CARTESIAN_POINT ( 'NONE',  ( 66.35676661264180609, 10.58561050272417248, 82.70000000000000284 ) ) ;
#1363 = AXIS2_PLACEMENT_3D ( 'NONE', #347, #154, #1668 ) ;
#1364 = EDGE_LOOP ( 'NONE', ( #415, #2042, #1474, #1714 ) ) ;
#1365 = CIRCLE ( 'NONE', #2441, 3.549999999999997602 ) ;
#1366 = FACE_OUTER_BOUND ( 'NONE', #1010, .T. ) ;
#1367 = DIRECTION ( 'NONE',  ( 0.000000000000000000, 0.000000000000000000, -1.000000000000000000 ) ) ;
#1368 = ORIENTED_EDGE ( 'NONE', *, *, #1345, .F. ) ;
#1369 = CARTESIAN_POINT ( 'NONE',  ( 66.35676661264180609, 10.58561050272417248, 82.70000000000000284 ) ) ;
#1370 = FACE_OUTER_BOUND ( 'NONE', #967, .T. ) ;
#1371 = ORIENTED_EDGE ( 'NONE', *, *, #19, .T. ) ;
#1372 = CARTESIAN_POINT ( 'NONE',  ( 62.83176661264180751, 10.58561050272417248, 82.70000000000000284 ) ) ;
#1373 = ADVANCED_FACE ( 'NONE', ( #1948 ), #2318, .T. ) ;
#1374 = CARTESIAN_POINT ( 'NONE',  ( 64.44408427876824419, -77.11371889401721091, 79.20000000000000284 ) ) ;
#1375 = ORIENTED_EDGE ( 'NONE', *, *, #1754, .T. ) ;
#1376 = VECTOR ( 'NONE', #279, 1000.000000000000000 ) ;
#1377 = EDGE_CURVE ( 'NONE', #522, #1963, #2182, .T. ) ;
#1378 = CARTESIAN_POINT ( 'NONE',  ( 98.62451630437375627, -0.2313872668117759324, 79.20000000000000284 ) ) ;
#1379 = ORIENTED_EDGE ( 'NONE', *, *, #1228, .T. ) ;
#1380 = CARTESIAN_POINT ( 'NONE',  ( 80.54586611987552658, 15.09944781907616651, 97.90000000000001990 ) ) ;
#1381 = CARTESIAN_POINT ( 'NONE',  ( 63.01438949727582184, -10.76823338735819391, 82.70000000000000284 ) ) ;
#1382 = CARTESIAN_POINT ( 'NONE',  ( 58.47555218092382745, -0.1291338801246272872, 97.90000000000001990 ) ) ;
#1383 = LINE ( 'NONE', #393, #1989 ) ;
#1384 = ORIENTED_EDGE ( 'NONE', *, *, #386, .F. ) ;
#1385 = VECTOR ( 'NONE', #293, 1000.000000000000000 ) ;
#1386 = EDGE_LOOP ( 'NONE', ( #298, #1114, #1894, #2138 ) ) ;
#1387 = VERTEX_POINT ( 'NONE', #1172 ) ;
#1388 = EDGE_CURVE ( 'NONE', #1081, #1201, #2425, .T. ) ;
#1389 = DIRECTION ( 'NONE',  ( 0.000000000000000000, 1.000000000000000000, 0.000000000000000000 ) ) ;
#1390 = ORIENTED_EDGE ( 'NONE', *, *, #9, .T. ) ;
#1391 = DIRECTION ( 'NONE',  ( 0.000000000000000000, 0.000000000000000000, -1.000000000000000000 ) ) ;
#1392 = CARTESIAN_POINT ( 'NONE',  ( 76.99586611987552942, 15.09944781907616651, 77.70000000000000284 ) ) ;
#1393 = ORIENTED_EDGE ( 'NONE', *, *, #455, .T. ) ;
#1394 = DIRECTION ( 'NONE',  ( 1.000000000000000000, 0.000000000000000000, 0.000000000000000000 ) ) ;
#1395 = ORIENTED_EDGE ( 'NONE', *, *, #1520, .F. ) ;
#1396 = ORIENTED_EDGE ( 'NONE', *, *, #2070, .T. ) ;
#1397 = ORIENTED_EDGE ( 'NONE', *, *, #1704, .T. ) ;
#1398 = CIRCLE ( 'NONE', #934, 3.549999999999997602 ) ;
#1399 = EDGE_CURVE ( 'NONE', #60, #371, #1160, .T. ) ;
#1400 = AXIS2_PLACEMENT_3D ( 'NONE', #1832, #1241, #841 ) ;
#1401 = FACE_OUTER_BOUND ( 'NONE', #23, .T. ) ;
#1402 = ORIENTED_EDGE ( 'NONE', *, *, #1451, .F. ) ;
#1403 = CARTESIAN_POINT ( 'NONE',  ( 84.18561050272418811, 10.76823338735817792, 77.70000000000000284 ) ) ;
#1404 = PLANE ( 'NONE',  #1654 ) ;
#1405 = ORIENTED_EDGE ( 'NONE', *, *, #1586, .F. ) ;
#1406 = LINE ( 'NONE', #66, #1899 ) ;
#1407 = DIRECTION ( 'NONE',  ( -0.000000000000000000, -0.000000000000000000, -1.000000000000000000 ) ) ;
#1408 = VERTEX_POINT ( 'NONE', #2130 ) ;
#1409 = ORIENTED_EDGE ( 'NONE', *, *, #1279, .T. ) ;
#1410 = VECTOR ( 'NONE', #1236, 1000.000000000000000 ) ;
#1411 = DIRECTION ( 'NONE',  ( -0.01944894651539729596, 0.9998108513511148043, 0.000000000000000000 ) ) ;
#1412 = CIRCLE ( 'NONE', #355, 20.00000000000000355 ) ;
#1413 = EDGE_LOOP ( 'NONE', ( #408, #483 ) ) ;
#1414 = DIRECTION ( 'NONE',  ( -0.000000000000000000, -0.000000000000000000, 1.000000000000000000 ) ) ;
#1415 = FACE_OUTER_BOUND ( 'NONE', #453, .T. ) ;
#1416 = AXIS2_PLACEMENT_3D ( 'NONE', #2211, #880, #514 ) ;
#1417 = CARTESIAN_POINT ( 'NONE',  ( 20.98696644759190377, -9.409954268095530594, 79.20000000000000284 ) ) ;
#1418 = DIRECTION ( 'NONE',  ( 0.000000000000000000, 0.000000000000000000, 1.000000000000000000 ) ) ;
#1419 = EDGE_CURVE ( 'NONE', #1268, #1013, #256, .T. ) ;
#1420 = CARTESIAN_POINT ( 'NONE',  ( 90.44408427876827261, -77.11371889401721091, 89.20000000000000284 ) ) ;
#1421 = ORIENTED_EDGE ( 'NONE', *, *, #101, .T. ) ;
#1422 = CIRCLE ( 'NONE', #2380, 2.000000000000001776 ) ;
#1423 = EDGE_LOOP ( 'NONE', ( #264, #2267 ) ) ;
#1424 = CIRCLE ( 'NONE', #2056, 1.999999999999988010 ) ;
#1425 = DIRECTION ( 'NONE',  ( -0.000000000000000000, -0.000000000000000000, -1.000000000000000000 ) ) ;
#1426 = VERTEX_POINT ( 'NONE', #245 ) ;
#1427 = FACE_OUTER_BOUND ( 'NONE', #714, .T. ) ;
#1428 = DIRECTION ( 'NONE',  ( -1.000000000000000000, 0.000000000000000000, 0.000000000000000000 ) ) ;
#1429 = CARTESIAN_POINT ( 'NONE',  ( 78.44408427876824419, -77.11371889401721091, 86.20000000000001705 ) ) ;
#1430 = DIRECTION ( 'NONE',  ( -0.000000000000000000, -0.000000000000000000, -1.000000000000000000 ) ) ;
#1431 = DIRECTION ( 'NONE',  ( 0.000000000000000000, 0.000000000000000000, -1.000000000000000000 ) ) ;
#1432 = EDGE_CURVE ( 'NONE', #385, #1000, #239, .T. ) ;
#1433 = VERTEX_POINT ( 'NONE', #630 ) ;
#1434 = ADVANCED_FACE ( 'NONE', ( #1002 ), #2102, .T. ) ;
#1435 = EDGE_LOOP ( 'NONE', ( #2253, #1817, #1636, #1519 ) ) ;
#1436 = PLANE ( 'NONE',  #2145 ) ;
#1437 = AXIS2_PLACEMENT_3D ( 'NONE', #1628, #1286, #345 ) ;
#1438 = VECTOR ( 'NONE', #141, 1000.000000000000114 ) ;
#1439 = ORIENTED_EDGE ( 'NONE', *, *, #1009, .F. ) ;
#1440 = DIRECTION ( 'NONE',  ( 0.000000000000000000, 0.000000000000000000, 1.000000000000000000 ) ) ;
#1441 = AXIS2_PLACEMENT_3D ( 'NONE', #2064, #711, #2263 ) ;
#1442 = CARTESIAN_POINT ( 'NONE',  ( 85.89323338735817970, -10.58561050272418136, 122.9000000000000057 ) ) ;
#1443 = LINE ( 'NONE', #951, #2199 ) ;
#1444 = FACE_OUTER_BOUND ( 'NONE', #991, .T. ) ;
#1445 = DIRECTION ( 'NONE',  ( 1.000000000000000000, 0.000000000000000000, 0.000000000000000000 ) ) ;
#1446 = EDGE_LOOP ( 'NONE', ( #83, #1693 ) ) ;
#1447 =( NAMED_UNIT ( * ) PLANE_ANGLE_UNIT ( ) SI_UNIT ( $, .RADIAN. ) );
#1448 = AXIS2_PLACEMENT_3D ( 'NONE', #1330, #1944, #962 ) ;
#1449 = EDGE_CURVE ( 'NONE', #567, #1536, #1700, .T. ) ;
#1450 = ORIENTED_EDGE ( 'NONE', *, *, #843, .T. ) ;
#1451 = EDGE_CURVE ( 'NONE', #427, #1505, #1424, .T. ) ;
#1452 = CARTESIAN_POINT ( 'NONE',  ( 69.88176661264181178, 10.58561050272417248, 82.70000000000000284 ) ) ;
#1453 = VERTEX_POINT ( 'NONE', #1741 ) ;
#1454 = DIRECTION ( 'NONE',  ( 0.000000000000000000, 0.000000000000000000, 1.000000000000000000 ) ) ;
#1455 = DIRECTION ( 'NONE',  ( -0.000000000000000000, -0.000000000000000000, -1.000000000000000000 ) ) ;
#1456 = CARTESIAN_POINT ( 'NONE',  ( 66.53938949727582042, -10.76823338735819391, 77.70000000000000284 ) ) ;
#1457 = DIRECTION ( 'NONE',  ( -0.000000000000000000, -0.000000000000000000, -1.000000000000000000 ) ) ;
#1458 = AXIS2_PLACEMENT_3D ( 'NONE', #1088, #1841, #476 ) ;
#1459 = FACE_BOUND ( 'NONE', #454, .T. ) ;
#1460 = ORIENTED_EDGE ( 'NONE', *, *, #2007, .T. ) ;
#1461 = CARTESIAN_POINT ( 'NONE',  ( 77.12500000000000000, -21.50000000000000000, 79.20000000000000284 ) ) ;
#1462 = EDGE_LOOP ( 'NONE', ( #2361, #592, #769, #931 ) ) ;
#1463 = EDGE_CURVE ( 'NONE', #2197, #392, #1111, .T. ) ;
#1464 = EDGE_LOOP ( 'NONE', ( #2227, #651, #2423, #1194 ) ) ;
#1465 = EDGE_LOOP ( 'NONE', ( #26, #1985, #344, #2365 ) ) ;
#1466 = AXIS2_PLACEMENT_3D ( 'NONE', #2087, #768, #401 ) ;
#1467 = ADVANCED_FACE ( 'NONE', ( #1370 ), #1012, .F. ) ;
#1468 = FACE_OUTER_BOUND ( 'NONE', #1257, .T. ) ;
#1469 = CARTESIAN_POINT ( 'NONE',  ( 92.22444781907616118, 0.1291338801246277312, 97.90000000000001990 ) ) ;
#1470 = DIRECTION ( 'NONE',  ( 0.000000000000000000, 0.000000000000000000, -1.000000000000000000 ) ) ;
#1471 = VECTOR ( 'NONE', #86, 1000.000000000000000 ) ;
#1472 = DIRECTION ( 'NONE',  ( -1.000000000000000000, 0.000000000000000000, 0.000000000000000000 ) ) ;
#1473 = CARTESIAN_POINT ( 'NONE',  ( 73.70413388012447342, -15.09944781907615940, 122.9000000000000057 ) ) ;
#1474 = ORIENTED_EDGE ( 'NONE', *, *, #1209, .T. ) ;
#1475 = DIRECTION ( 'NONE',  ( -0.000000000000000000, -0.000000000000000000, 1.000000000000000000 ) ) ;
#1476 = EDGE_LOOP ( 'NONE', ( #515, #242, #870, #1131, #919, #367, #1717, #2404 ) ) ;
#1477 = UNCERTAINTY_MEASURE_WITH_UNIT (LENGTH_MEASURE( 1.000000000000000082E-05 ), #622, 'distance_accuracy_value', 'NONE');
#1478 = ORIENTED_EDGE ( 'NONE', *, *, #2382, .T. ) ;
#1479 = VERTEX_POINT ( 'NONE', #600 ) ;
#1480 = EDGE_CURVE ( 'NONE', #1588, #1082, #426, .T. ) ;
#1481 = CARTESIAN_POINT ( 'NONE',  ( -1.469576158976823947E-15, -12.00000000000000000, 79.20000000000000284 ) ) ;
#1482 = AXIS2_PLACEMENT_3D ( 'NONE', #1867, #1682, #930 ) ;
#1483 = DIRECTION ( 'NONE',  ( -1.000000000000000000, 0.000000000000000000, 0.000000000000000000 ) ) ;
#1484 = AXIS2_PLACEMENT_3D ( 'NONE', #1456, #1278, #128 ) ;
#1485 = CARTESIAN_POINT ( 'NONE',  ( 54.78902942423745515, -10.06749315563054026, 89.20000000000000284 ) ) ;
#1486 = CIRCLE ( 'NONE', #381, 21.50000000000000000 ) ;
#1487 = CARTESIAN_POINT ( 'NONE',  ( 0.000000000000000000, 0.000000000000000000, 89.20000000000000284 ) ) ;
#1488 = CARTESIAN_POINT ( 'NONE',  ( 84.36823338735817401, -10.58561050272418136, 82.70000000000000284 ) ) ;
#1489 = EDGE_CURVE ( 'NONE', #2325, #754, #1663, .T. ) ;
#1490 = ORIENTED_EDGE ( 'NONE', *, *, #1279, .F. ) ;
#1491 = CARTESIAN_POINT ( 'NONE',  ( 92.22444781907616118, 0.1291338801246277312, 97.90000000000001990 ) ) ;
#1492 = VERTEX_POINT ( 'NONE', #1579 ) ;
#1493 = VERTEX_POINT ( 'NONE', #25 ) ;
#1494 = VERTEX_POINT ( 'NONE', #780 ) ;
#1495 = CARTESIAN_POINT ( 'NONE',  ( 78.44408427876824419, -77.11371889401721091, 86.20000000000001705 ) ) ;
#1496 = CARTESIAN_POINT ( 'NONE',  ( 77.12500000000000000, 0.000000000000000000, 89.20000000000000284 ) ) ;
#1497 = CARTESIAN_POINT ( 'NONE',  ( 76.99586611987552942, 15.09944781907616651, 97.90000000000001990 ) ) ;
#1498 = DIRECTION ( 'NONE',  ( -0.000000000000000000, -0.000000000000000000, -1.000000000000000000 ) ) ;
#1499 = VECTOR ( 'NONE', #1918, 1000.000000000000000 ) ;
#1500 = DIRECTION ( 'NONE',  ( -0.000000000000000000, 0.000000000000000000, -1.000000000000000000 ) ) ;
#1501 = ORIENTED_EDGE ( 'NONE', *, *, #2021, .T. ) ;
#1502 = ADVANCED_FACE ( 'NONE', ( #1716 ), #462, .F. ) ;
#1503 = DIRECTION ( 'NONE',  ( 0.000000000000000000, 0.000000000000000000, -1.000000000000000000 ) ) ;
#1504 = EDGE_CURVE ( 'NONE', #701, #1341, #1188, .T. ) ;
#1505 = VERTEX_POINT ( 'NONE', #1051 ) ;
#1506 = ORIENTED_EDGE ( 'NONE', *, *, #1749, .T. ) ;
#1507 = CARTESIAN_POINT ( 'NONE',  ( 0.000000000000000000, 0.000000000000000000, 79.20000000000000284 ) ) ;
#1508 = CARTESIAN_POINT ( 'NONE',  ( 77.12500000000000000, 0.000000000000000000, 122.9000000000000057 ) ) ;
#1509 = AXIS2_PLACEMENT_3D ( 'NONE', #619, #1914, #1569 ) ;
#1510 = DIRECTION ( 'NONE',  ( 0.000000000000000000, 0.000000000000000000, -1.000000000000000000 ) ) ;
#1511 = CARTESIAN_POINT ( 'NONE',  ( 92.22444781907616118, 0.1291338801246277312, 122.9000000000000057 ) ) ;
#1512 = ORIENTED_EDGE ( 'NONE', *, *, #2196, .T. ) ;
#1513 = PRODUCT ( 'Cover_Under', 'Cover_Under', '', ( #516 ) ) ;
#1514 = CARTESIAN_POINT ( 'NONE',  ( 77.25413388012447058, -15.09944781907615940, 122.9000000000000057 ) ) ;
#1515 = EDGE_CURVE ( 'NONE', #2289, #1273, #1230, .T. ) ;
#1516 = DIRECTION ( 'NONE',  ( -1.000000000000000000, 0.000000000000000000, 0.000000000000000000 ) ) ;
#1517 = ORIENTED_EDGE ( 'NONE', *, *, #1544, .F. ) ;
#1518 = EDGE_CURVE ( 'NONE', #1933, #2402, #832, .T. ) ;
#1519 = ORIENTED_EDGE ( 'NONE', *, *, #1662, .F. ) ;
#1520 = EDGE_CURVE ( 'NONE', #1903, #1214, #2265, .T. ) ;
#1521 = CARTESIAN_POINT ( 'NONE',  ( 68.53938949727580621, -10.76823338735819391, 89.20000000000000284 ) ) ;
#1522 = DIRECTION ( 'NONE',  ( 0.000000000000000000, 0.000000000000000000, 1.000000000000000000 ) ) ;
#1523 = PLANE ( 'NONE',  #447 ) ;
#1524 = AXIS2_PLACEMENT_3D ( 'NONE', #1429, #1050, #50 ) ;
#1525 = CYLINDRICAL_SURFACE ( 'NONE', #1482, 3.549999999999997602 ) ;
#1526 = ORIENTED_EDGE ( 'NONE', *, *, #1449, .F. ) ;
#1527 = AXIS2_PLACEMENT_3D ( 'NONE', #1514, #1127, #1659 ) ;
#1528 = CARTESIAN_POINT ( 'NONE',  ( 87.71061050272419379, 10.76823338735817792, 77.70000000000000284 ) ) ;
#1529 = CARTESIAN_POINT ( 'NONE',  ( 78.44408427876824419, -77.11371889401721091, 79.20000000000000284 ) ) ;
#1530 = EDGE_CURVE ( 'NONE', #641, #175, #2155, .T. ) ;
#1531 = DIRECTION ( 'NONE',  ( 1.000000000000000000, 0.000000000000000000, -0.000000000000000000 ) ) ;
#1532 = CARTESIAN_POINT ( 'NONE',  ( 84.18561050272418811, 10.76823338735817792, 82.70000000000000284 ) ) ;
#1533 = ORIENTED_EDGE ( 'NONE', *, *, #1515, .T. ) ;
#1534 = DIRECTION ( 'NONE',  ( 1.000000000000000000, 0.000000000000000000, 0.000000000000000000 ) ) ;
#1535 = CARTESIAN_POINT ( 'NONE',  ( 0.000000000000000000, 0.000000000000000000, 79.20000000000000284 ) ) ;
#1536 = VERTEX_POINT ( 'NONE', #1791 ) ;
#1537 = CIRCLE ( 'NONE', #1264, 2.000000000000001776 ) ;
#1538 = FACE_OUTER_BOUND ( 'NONE', #448, .T. ) ;
#1539 = DIRECTION ( 'NONE',  ( 0.000000000000000000, 0.000000000000000000, -1.000000000000000000 ) ) ;
#1540 = AXIS2_PLACEMENT_3D ( 'NONE', #2170, #1645, #1281 ) ;
#1541 = ADVANCED_FACE ( 'NONE', ( #488 ), #1594, .F. ) ;
#1542 = LINE ( 'NONE', #1144, #2143 ) ;
#1543 = DIRECTION ( 'NONE',  ( 1.000000000000000000, 0.000000000000000000, 0.000000000000000000 ) ) ;
#1544 = EDGE_CURVE ( 'NONE', #1033, #2319, #1936, .T. ) ;
#1545 = ORIENTED_EDGE ( 'NONE', *, *, #2135, .T. ) ;
#1546 = DIRECTION ( 'NONE',  ( 0.000000000000000000, 0.000000000000000000, 1.000000000000000000 ) ) ;
#1547 = CARTESIAN_POINT ( 'NONE',  ( 98.62451630437375627, -0.2313872668117759324, 89.20000000000000284 ) ) ;
#1548 = AXIS2_PLACEMENT_3D ( 'NONE', #2272, #194, #2038 ) ;
#1549 = ORIENTED_EDGE ( 'NONE', *, *, #1871, .F. ) ;
#1550 = CIRCLE ( 'NONE', #2303, 21.49999999999999289 ) ;
#1551 = FACE_OUTER_BOUND ( 'NONE', #1023, .T. ) ;
#1552 = AXIS2_PLACEMENT_3D ( 'NONE', #1890, #757, #800 ) ;
#1553 = LINE ( 'NONE', #2288, #1499 ) ;
#1554 = CARTESIAN_POINT ( 'NONE',  ( 75.25413388012447058, -15.09944781907615940, 89.20000000000000284 ) ) ;
#1555 = DIRECTION ( 'NONE',  ( 0.000000000000000000, 1.000000000000000000, 0.000000000000000000 ) ) ;
#1556 = EDGE_CURVE ( 'NONE', #2331, #1494, #873, .T. ) ;
#1557 = ORIENTED_EDGE ( 'NONE', *, *, #2338, .T. ) ;
#1558 = FACE_OUTER_BOUND ( 'NONE', #730, .T. ) ;
#1559 = DIRECTION ( 'NONE',  ( -1.000000000000000000, 0.000000000000000000, 0.000000000000000000 ) ) ;
#1560 = VERTEX_POINT ( 'NONE', #1621 ) ;
#1561 = CIRCLE ( 'NONE', #1713, 3.000000000000002220 ) ;
#1562 = CARTESIAN_POINT ( 'NONE',  ( 89.89323338735817970, -10.58561050272418136, 89.20000000000000284 ) ) ;
#1563 = AXIS2_PLACEMENT_3D ( 'NONE', #1852, #1839, #115 ) ;
#1564 = AXIS2_PLACEMENT_3D ( 'NONE', #1591, #1207, #653 ) ;
#1565 = DIRECTION ( 'NONE',  ( 0.000000000000000000, 0.000000000000000000, -1.000000000000000000 ) ) ;
#1566 = AXIS2_PLACEMENT_3D ( 'NONE', #396, #676, #1411 ) ;
#1567 = ORIENTED_EDGE ( 'NONE', *, *, #802, .F. ) ;
#1568 = LINE ( 'NONE', #88, #1639 ) ;
#1569 = DIRECTION ( 'NONE',  ( 1.000000000000000000, 0.000000000000000000, 0.000000000000000000 ) ) ;
#1570 = CARTESIAN_POINT ( 'NONE',  ( 20.98696644759190377, -9.409954268095530594, 89.20000000000000284 ) ) ;
#1571 = ADVANCED_FACE ( 'NONE', ( #878 ), #91, .F. ) ;
#1572 = FACE_OUTER_BOUND ( 'NONE', #169, .T. ) ;
#1573 = VERTEX_POINT ( 'NONE', #2357 ) ;
#1574 = EDGE_CURVE ( 'NONE', #1200, #385, #1769, .T. ) ;
#1575 = VECTOR ( 'NONE', #1907, 1000.000000000000114 ) ;
#1576 = DIRECTION ( 'NONE',  ( 0.000000000000000000, 0.000000000000000000, -1.000000000000000000 ) ) ;
#1577 = EDGE_LOOP ( 'NONE', ( #2005, #872 ) ) ;
#1578 = FACE_OUTER_BOUND ( 'NONE', #1003, .T. ) ;
#1579 = CARTESIAN_POINT ( 'NONE',  ( 80.54586611987552658, 15.09944781907616651, 122.9000000000000057 ) ) ;
#1580 = DIRECTION ( 'NONE',  ( 0.000000000000000000, 0.000000000000000000, 1.000000000000000000 ) ) ;
#1581 = CARTESIAN_POINT ( 'NONE',  ( 54.78902942423745515, 10.06749315563054026, 79.20000000000000284 ) ) ;
#1582 = ORIENTED_EDGE ( 'NONE', *, *, #2001, .T. ) ;
#1583 = AXIS2_PLACEMENT_3D ( 'NONE', #1024, #1063, #1961 ) ;
#1584 = ORIENTED_EDGE ( 'NONE', *, *, #2363, .F. ) ;
#1585 = EDGE_CURVE ( 'NONE', #1453, #272, #854, .T. ) ;
#1586 = EDGE_CURVE ( 'NONE', #1492, #491, #1859, .T. ) ;
#1587 = CIRCLE ( 'NONE', #712, 2.000000000000001776 ) ;
#1588 = VERTEX_POINT ( 'NONE', #79 ) ;
#1589 = FACE_BOUND ( 'NONE', #468, .T. ) ;
#1590 = ORIENTED_EDGE ( 'NONE', *, *, #1976, .F. ) ;
#1591 = CARTESIAN_POINT ( 'NONE',  ( 78.44408427876824419, -77.11371889401721091, 86.20000000000001705 ) ) ;
#1592 = PLANE ( 'NONE',  #2452 ) ;
#1593 = DIRECTION ( 'NONE',  ( 0.000000000000000000, -0.000000000000000000, 1.000000000000000000 ) ) ;
#1594 = CYLINDRICAL_SURFACE ( 'NONE', #604, 2.999999999999996891 ) ;
#1595 = ORIENTED_EDGE ( 'NONE', *, *, #1027, .T. ) ;
#1596 = CIRCLE ( 'NONE', #336, 2.000000000000001776 ) ;
#1597 = EDGE_LOOP ( 'NONE', ( #992, #1234, #1375, #625 ) ) ;
#1598 = AXIS2_PLACEMENT_3D ( 'NONE', #498, #877, #692 ) ;
#1599 = AXIS2_PLACEMENT_3D ( 'NONE', #1849, #720, #874 ) ;
#1600 =( GEOMETRIC_REPRESENTATION_CONTEXT ( 3 ) GLOBAL_UNCERTAINTY_ASSIGNED_CONTEXT ( ( #1477 ) ) GLOBAL_UNIT_ASSIGNED_CONTEXT ( ( #622, #1447, #2014 ) ) REPRESENTATION_CONTEXT ( 'NONE', 'WORKASPACE' ) );
#1601 = DIRECTION ( 'NONE',  ( -1.000000000000000000, 0.000000000000000000, 0.000000000000000000 ) ) ;
#1602 = EDGE_LOOP ( 'NONE', ( #1247, #895, #1213, #1335 ) ) ;
#1603 = EDGE_CURVE ( 'NONE', #1479, #869, #105, .T. ) ;
#1604 = DIRECTION ( 'NONE',  ( -0.000000000000000000, -0.000000000000000000, -1.000000000000000000 ) ) ;
#1605 = FACE_OUTER_BOUND ( 'NONE', #2080, .T. ) ;
#1606 = FACE_BOUND ( 'NONE', #2384, .T. ) ;
#1607 = DIRECTION ( 'NONE',  ( 0.000000000000000000, -1.000000000000000000, 0.000000000000000000 ) ) ;
#1608 = CARTESIAN_POINT ( 'NONE',  ( 64.53938949727583463, -10.76823338735819391, 122.9000000000000057 ) ) ;
#1609 = ORIENTED_EDGE ( 'NONE', *, *, #669, .T. ) ;
#1610 = VERTEX_POINT ( 'NONE', #2194 ) ;
#1611 = CIRCLE ( 'NONE', #862, 21.49999999999999289 ) ;
#1612 = DIRECTION ( 'NONE',  ( 0.8345984957439479546, 0.5508587395167107159, 0.000000000000000000 ) ) ;
#1613 = AXIS2_PLACEMENT_3D ( 'NONE', #941, #2431, #387 ) ;
#1614 = ORIENTED_EDGE ( 'NONE', *, *, #430, .F. ) ;
#1615 = ADVANCED_FACE ( 'NONE', ( #866 ), #2169, .F. ) ;
#1616 = PLANE ( 'NONE',  #888 ) ;
#1617 = LINE ( 'NONE', #89, #2084 ) ;
#1618 = CIRCLE ( 'NONE', #1972, 2.000000000000001776 ) ;
#1619 = EDGE_CURVE ( 'NONE', #1479, #1033, #1014, .T. ) ;
#1620 = CARTESIAN_POINT ( 'NONE',  ( 76.70684764991895577, 21.49593330404896818, 89.20000000000000284 ) ) ;
#1621 = CARTESIAN_POINT ( 'NONE',  ( 77.12500000000000000, 10.09999999999999964, 77.70000000000000284 ) ) ;
#1622 = DIRECTION ( 'NONE',  ( 0.000000000000000000, -0.000000000000000000, 1.000000000000000000 ) ) ;
#1623 = ORIENTED_EDGE ( 'NONE', *, *, #569, .T. ) ;
#1624 = AXIS2_PLACEMENT_3D ( 'NONE', #474, #1814, #1394 ) ;
#1625 = AXIS2_PLACEMENT_3D ( 'NONE', #1669, #320, #2236 ) ;
#1626 = FACE_BOUND ( 'NONE', #109, .T. ) ;
#1627 = ORIENTED_EDGE ( 'NONE', *, *, #492, .T. ) ;
#1628 = CARTESIAN_POINT ( 'NONE',  ( 54.78902942423745515, 10.06749315563054026, 89.20000000000000284 ) ) ;
#1629 = FACE_OUTER_BOUND ( 'NONE', #905, .T. ) ;
#1630 = CARTESIAN_POINT ( 'NONE',  ( 76.99586611987552942, 15.09944781907616651, 77.70000000000000284 ) ) ;
#1631 = ADVANCED_FACE ( 'NONE', ( #452 ), #694, .T. ) ;
#1632 = DIRECTION ( 'NONE',  ( 1.000000000000000000, 0.000000000000000000, 0.000000000000000000 ) ) ;
#1633 = CARTESIAN_POINT ( 'NONE',  ( 90.44408427876827261, -77.11371889401721091, 79.20000000000000284 ) ) ;
#1634 = ORIENTED_EDGE ( 'NONE', *, *, #2187, .T. ) ;
#1635 = EDGE_CURVE ( 'NONE', #1965, #701, #1406, .T. ) ;
#1636 = ORIENTED_EDGE ( 'NONE', *, *, #1773, .T. ) ;
#1637 = AXIS2_PLACEMENT_3D ( 'NONE', #2448, #2434, #539 ) ;
#1638 = DIRECTION ( 'NONE',  ( -0.000000000000000000, -0.000000000000000000, -1.000000000000000000 ) ) ;
#1639 = VECTOR ( 'NONE', #1604, 1000.000000000000000 ) ;
#1640 = ORIENTED_EDGE ( 'NONE', *, *, #2085, .F. ) ;
#1641 = DIRECTION ( 'NONE',  ( -0.000000000000000000, -0.000000000000000000, -1.000000000000000000 ) ) ;
#1642 = CARTESIAN_POINT ( 'NONE',  ( 92.44408427876824419, -77.11371889401721091, 86.20000000000001705 ) ) ;
#1643 = CYLINDRICAL_SURFACE ( 'NONE', #932, 3.000000000000002220 ) ;
#1644 = CYLINDRICAL_SURFACE ( 'NONE', #1940, 13.99999999999999822 ) ;
#1645 = DIRECTION ( 'NONE',  ( 0.000000000000000000, 0.000000000000000000, 1.000000000000000000 ) ) ;
#1646 = ORIENTED_EDGE ( 'NONE', *, *, #2369, .F. ) ;
#1647 = DIRECTION ( 'NONE',  ( -1.000000000000000000, 0.000000000000000000, 0.000000000000000000 ) ) ;
#1648 = EDGE_CURVE ( 'NONE', #136, #1903, #2228, .T. ) ;
#1649 = EDGE_LOOP ( 'NONE', ( #1836, #830, #2336, #45 ) ) ;
#1650 = ORIENTED_EDGE ( 'NONE', *, *, #2067, .T. ) ;
#1651 = CIRCLE ( 'NONE', #65, 2.000000000000001776 ) ;
#1652 = LINE ( 'NONE', #2218, #2118 ) ;
#1653 = DIRECTION ( 'NONE',  ( 0.000000000000000000, 0.000000000000000000, 1.000000000000000000 ) ) ;
#1654 = AXIS2_PLACEMENT_3D ( 'NONE', #472, #2280, #536 ) ;
#1655 = CYLINDRICAL_SURFACE ( 'NONE', #1363, 2.999999999999996891 ) ;
#1656 = CARTESIAN_POINT ( 'NONE',  ( 77.12500000000000000, 21.50000000000000000, 90.70000000000000284 ) ) ;
#1657 = CARTESIAN_POINT ( 'NONE',  ( -1.714505518806294638E-15, -14.00000000000000000, 86.20000000000001705 ) ) ;
#1658 = ORIENTED_EDGE ( 'NONE', *, *, #2180, .F. ) ;
#1659 = DIRECTION ( 'NONE',  ( 1.000000000000000000, 0.000000000000000000, 0.000000000000000000 ) ) ;
#1660 = EDGE_LOOP ( 'NONE', ( #828, #1847, #2426, #1739 ) ) ;
#1661 = ADVANCED_FACE ( 'NONE', ( #1444 ), #551, .F. ) ;
#1662 = EDGE_CURVE ( 'NONE', #1453, #97, #1301, .T. ) ;
#1663 = CIRCLE ( 'NONE', #678, 12.00000000000000000 ) ;
#1664 = VERTEX_POINT ( 'NONE', #889 ) ;
#1665 = VERTEX_POINT ( 'NONE', #1656 ) ;
#1666 = AXIS2_PLACEMENT_3D ( 'NONE', #1715, #989, #413 ) ;
#1667 = CARTESIAN_POINT ( 'NONE',  ( 76.70684764991895577, 21.49593330404894687, 79.20000000000000284 ) ) ;
#1668 = DIRECTION ( 'NONE',  ( 0.8345984957439479546, -0.5508587395167107159, 0.000000000000000000 ) ) ;
#1669 = CARTESIAN_POINT ( 'NONE',  ( 66.35676661264180609, 10.58561050272417248, 82.70000000000000284 ) ) ;
#1670 = CARTESIAN_POINT ( 'NONE',  ( 70.06438949727582610, -10.76823338735819391, 77.70000000000000284 ) ) ;
#1671 = ORIENTED_EDGE ( 'NONE', *, *, #2310, .T. ) ;
#1672 = DIRECTION ( 'NONE',  ( 1.000000000000000000, 0.000000000000000000, 0.000000000000000000 ) ) ;
#1673 = ORIENTED_EDGE ( 'NONE', *, *, #1723, .T. ) ;
#1674 = ORIENTED_EDGE ( 'NONE', *, *, #350, .F. ) ;
#1675 = PLANE ( 'NONE',  #1086 ) ;
#1676 = FACE_OUTER_BOUND ( 'NONE', #1649, .T. ) ;
#1677 = VECTOR ( 'NONE', #1812, 1000.000000000000000 ) ;
#1678 = CARTESIAN_POINT ( 'NONE',  ( 20.98696644759190377, -9.409954268095530594, 79.20000000000000284 ) ) ;
#1679 = EDGE_CURVE ( 'NONE', #849, #341, #2186, .T. ) ;
#1680 = CARTESIAN_POINT ( 'NONE',  ( 88.67444781907616402, 0.1291338801246281476, 122.9000000000000057 ) ) ;
#1681 = CIRCLE ( 'NONE', #1128, 3.549999999999997602 ) ;
#1682 = DIRECTION ( 'NONE',  ( -0.000000000000000000, -0.000000000000000000, 1.000000000000000000 ) ) ;
#1683 = ORIENTED_EDGE ( 'NONE', *, *, #1504, .T. ) ;
#1684 = CARTESIAN_POINT ( 'NONE',  ( 77.25413388012447058, -15.09944781907615940, 122.9000000000000057 ) ) ;
#1685 = AXIS2_PLACEMENT_3D ( 'NONE', #1726, #1565, #1008 ) ;
#1686 = ORIENTED_EDGE ( 'NONE', *, *, #1377, .F. ) ;
#1687 = CARTESIAN_POINT ( 'NONE',  ( 77.25413388012447058, -15.09944781907615940, 89.20000000000000284 ) ) ;
#1688 = CARTESIAN_POINT ( 'NONE',  ( 77.12500000000000000, 0.000000000000000000, 79.20000000000000284 ) ) ;
#1689 = EDGE_CURVE ( 'NONE', #1138, #1800, #1840, .T. ) ;
#1690 = CARTESIAN_POINT ( 'NONE',  ( 77.12500000000000000, 0.000000000000000000, 90.70000000000000284 ) ) ;
#1691 = EDGE_CURVE ( 'NONE', #2094, #1186, #2268, .T. ) ;
#1692 = DIRECTION ( 'NONE',  ( -0.000000000000000000, -0.000000000000000000, -1.000000000000000000 ) ) ;
#1693 = ORIENTED_EDGE ( 'NONE', *, *, #1679, .F. ) ;
#1694 = CARTESIAN_POINT ( 'NONE',  ( 68.35676661264180609, 10.58561050272417248, 82.70000000000000284 ) ) ;
#1695 = ORIENTED_EDGE ( 'NONE', *, *, #772, .F. ) ;
#1696 = ORIENTED_EDGE ( 'NONE', *, *, #2085, .T. ) ;
#1697 = ORIENTED_EDGE ( 'NONE', *, *, #1887, .F. ) ;
#1698 = DIRECTION ( 'NONE',  ( 0.000000000000000000, 0.000000000000000000, 1.000000000000000000 ) ) ;
#1699 = FACE_OUTER_BOUND ( 'NONE', #1462, .T. ) ;
#1700 = CIRCLE ( 'NONE', #762, 2.000000000000001776 ) ;
#1701 = CIRCLE ( 'NONE', #2017, 3.525000000000000355 ) ;
#1702 = CARTESIAN_POINT ( 'NONE',  ( 66.44408427876821577, -77.11371889401721091, 86.20000000000001705 ) ) ;
#1703 = CARTESIAN_POINT ( 'NONE',  ( 18.24953604138439900, 8.182568928778708894, 89.20000000000000284 ) ) ;
#1704 = EDGE_CURVE ( 'NONE', #2176, #1285, #681, .T. ) ;
#1705 = VECTOR ( 'NONE', #1973, 1000.000000000000000 ) ;
#1706 = EDGE_LOOP ( 'NONE', ( #442, #1911 ) ) ;
#1707 = DIRECTION ( 'NONE',  ( 0.000000000000000000, 0.000000000000000000, -1.000000000000000000 ) ) ;
#1708 = VERTEX_POINT ( 'NONE', #513 ) ;
#1709 = DIRECTION ( 'NONE',  ( 0.000000000000000000, 0.000000000000000000, -1.000000000000000000 ) ) ;
#1710 = ADVANCED_FACE ( 'NONE', ( #2025 ), #2259, .F. ) ;
#1711 = CARTESIAN_POINT ( 'NONE',  ( 98.62494082805960716, -0.05044194619384917422, 79.20000000000000284 ) ) ;
#1712 = DIRECTION ( 'NONE',  ( -0.000000000000000000, -0.000000000000000000, 1.000000000000000000 ) ) ;
#1713 = AXIS2_PLACEMENT_3D ( 'NONE', #1570, #104, #451 ) ;
#1714 = ORIENTED_EDGE ( 'NONE', *, *, #594, .F. ) ;
#1715 = CARTESIAN_POINT ( 'NONE',  ( 77.12500000000000000, 0.000000000000000000, 122.9000000000000057 ) ) ;
#1716 = FACE_OUTER_BOUND ( 'NONE', #326, .T. ) ;
#1717 = ORIENTED_EDGE ( 'NONE', *, *, #2261, .T. ) ;
#1718 = VECTOR ( 'NONE', #290, 1000.000000000000000 ) ;
#1719 = DIRECTION ( 'NONE',  ( -0.000000000000000000, -0.000000000000000000, -1.000000000000000000 ) ) ;
#1720 = EDGE_CURVE ( 'NONE', #262, #1387, #1191, .T. ) ;
#1721 = VECTOR ( 'NONE', #2028, 1000.000000000000000 ) ;
#1722 = CARTESIAN_POINT ( 'NONE',  ( 62.02555218092383171, -0.1291338801246277312, 89.20000000000000284 ) ) ;
#1723 = EDGE_CURVE ( 'NONE', #2335, #1728, #568, .T. ) ;
#1724 = ADVANCED_FACE ( 'NONE', ( #1112 ), #1644, .F. ) ;
#1725 = ORIENTED_EDGE ( 'NONE', *, *, #465, .T. ) ;
#1726 = CARTESIAN_POINT ( 'NONE',  ( 54.78902942423745515, -10.06749315563054026, 79.20000000000000284 ) ) ;
#1727 = DIRECTION ( 'NONE',  ( 0.000000000000000000, 0.000000000000000000, 1.000000000000000000 ) ) ;
#1728 = VERTEX_POINT ( 'NONE', #2408 ) ;
#1729 = DIRECTION ( 'NONE',  ( -1.000000000000000000, 0.000000000000000000, 0.000000000000000000 ) ) ;
#1730 = DIRECTION ( 'NONE',  ( -0.000000000000000000, -0.000000000000000000, -1.000000000000000000 ) ) ;
#1731 = ORIENTED_EDGE ( 'NONE', *, *, #772, .T. ) ;
#1732 = VECTOR ( 'NONE', #1878, 1000.000000000000114 ) ;
#1733 = DIRECTION ( 'NONE',  ( -0.8446294373469517280, 0.5353513926076699514, 0.000000000000000000 ) ) ;
#1734 = EDGE_LOOP ( 'NONE', ( #1627, #1147 ) ) ;
#1735 = CARTESIAN_POINT ( 'NONE',  ( 78.44408427876824419, -77.11371889401721091, 86.20000000000001705 ) ) ;
#1736 = ADVANCED_FACE ( 'NONE', ( #1828, #2222, #527, #538, #735, #1280, #928, #334, #1290, #1853 ), #2061, .T. ) ;
#1737 = CARTESIAN_POINT ( 'NONE',  ( 78.44408427876824419, -77.11371889401721091, 79.20000000000000284 ) ) ;
#1738 = DIRECTION ( 'NONE',  ( -1.000000000000000000, 0.000000000000000000, -0.000000000000000000 ) ) ;
#1739 = ORIENTED_EDGE ( 'NONE', *, *, #1091, .T. ) ;
#1740 = CARTESIAN_POINT ( 'NONE',  ( 66.53938949727582042, -10.76823338735819391, 82.70000000000000284 ) ) ;
#1741 = CARTESIAN_POINT ( 'NONE',  ( 76.70684764991895577, 21.49593330404894687, 79.20000000000000284 ) ) ;
#1742 = CIRCLE ( 'NONE', #1548, 3.549999999999997602 ) ;
#1743 = ORIENTED_EDGE ( 'NONE', *, *, #2196, .F. ) ;
#1744 = AXIS2_PLACEMENT_3D ( 'NONE', #1737, #435, #2339 ) ;
#1745 = CARTESIAN_POINT ( 'NONE',  ( 91.41823338735817117, -10.58561050272418136, 82.70000000000000284 ) ) ;
#1746 = AXIS2_PLACEMENT_3D ( 'NONE', #1740, #2317, #1729 ) ;
#1747 = DIRECTION ( 'NONE',  ( -0.000000000000000000, -0.000000000000000000, -1.000000000000000000 ) ) ;
#1748 = ORIENTED_EDGE ( 'NONE', *, *, #2214, .T. ) ;
#1749 = EDGE_CURVE ( 'NONE', #1285, #2176, #2306, .T. ) ;
#1750 = DIRECTION ( 'NONE',  ( 1.000000000000000000, 0.000000000000000000, 0.000000000000000000 ) ) ;
#1751 = VERTEX_POINT ( 'NONE', #1680 ) ;
#1752 = CYLINDRICAL_SURFACE ( 'NONE', #1862, 3.525000000000000355 ) ;
#1753 = DIRECTION ( 'NONE',  ( -1.000000000000000000, 0.000000000000000000, 0.000000000000000000 ) ) ;
#1754 = EDGE_CURVE ( 'NONE', #1426, #495, #996, .T. ) ;
#1755 = DIRECTION ( 'NONE',  ( 0.000000000000000000, 0.000000000000000000, -1.000000000000000000 ) ) ;
#1756 = EDGE_LOOP ( 'NONE', ( #660, #883 ) ) ;
#1757 = DIRECTION ( 'NONE',  ( 0.000000000000000000, 1.000000000000000000, 0.000000000000000000 ) ) ;
#1758 = CIRCLE ( 'NONE', #2439, 14.00000000000000000 ) ;
#1759 = VECTOR ( 'NONE', #559, 1000.000000000000000 ) ;
#1760 = FACE_BOUND ( 'NONE', #1181, .T. ) ;
#1761 = ORIENTED_EDGE ( 'NONE', *, *, #1146, .F. ) ;
#1762 = DIRECTION ( 'NONE',  ( 0.000000000000000000, 0.000000000000000000, 1.000000000000000000 ) ) ;
#1763 = AXIS2_PLACEMENT_3D ( 'NONE', #2386, #1638, #482 ) ;
#1764 = EDGE_LOOP ( 'NONE', ( #1953, #541 ) ) ;
#1765 = CARTESIAN_POINT ( 'NONE',  ( 18.45307813555104559, 11.01600844591851036, 89.20000000000000284 ) ) ;
#1766 = CARTESIAN_POINT ( 'NONE',  ( 0.000000000000000000, 0.000000000000000000, 86.20000000000001705 ) ) ;
#1767 = FACE_OUTER_BOUND ( 'NONE', #664, .T. ) ;
#1768 = ADVANCED_FACE ( 'NONE', ( #965 ), #1523, .T. ) ;
#1769 = LINE ( 'NONE', #116, #1385 ) ;
#1770 = VERTEX_POINT ( 'NONE', #193 ) ;
#1771 = AXIS2_PLACEMENT_3D ( 'NONE', #1362, #1747, #394 ) ;
#1772 = ORIENTED_EDGE ( 'NONE', *, *, #1377, .T. ) ;
#1773 = EDGE_CURVE ( 'NONE', #2088, #97, #1321, .T. ) ;
#1774 = CIRCLE ( 'NONE', #2412, 13.99999999999999822 ) ;
#1775 = AXIS2_PLACEMENT_3D ( 'NONE', #2183, #1622, #1830 ) ;
#1776 = FACE_BOUND ( 'NONE', #1831, .T. ) ;
#1777 = ORIENTED_EDGE ( 'NONE', *, *, #2292, .F. ) ;
#1778 = CYLINDRICAL_SURFACE ( 'NONE', #94, 3.549999999999997602 ) ;
#1779 = CARTESIAN_POINT ( 'NONE',  ( -14.02067616254858429, -14.26256077795786226, 79.20000000000000284 ) ) ;
#1780 = LINE ( 'NONE', #1949, #2111 ) ;
#1781 = DIRECTION ( 'NONE',  ( 0.000000000000000000, 0.000000000000000000, 1.000000000000000000 ) ) ;
#1782 = ORIENTED_EDGE ( 'NONE', *, *, #1222, .T. ) ;
#1783 = ORIENTED_EDGE ( 'NONE', *, *, #2001, .F. ) ;
#1784 = VECTOR ( 'NONE', #2403, 1000.000000000000000 ) ;
#1785 = EDGE_CURVE ( 'NONE', #1708, #1261, #368, .T. ) ;
#1786 = DIRECTION ( 'NONE',  ( -1.000000000000000000, 0.000000000000000000, 0.000000000000000000 ) ) ;
#1787 = ORIENTED_EDGE ( 'NONE', *, *, #1463, .F. ) ;
#1788 = FACE_OUTER_BOUND ( 'NONE', #13, .T. ) ;
#1789 = CARTESIAN_POINT ( 'NONE',  ( 66.53938949727582042, -10.76823338735819391, 82.70000000000000284 ) ) ;
#1790 = VERTEX_POINT ( 'NONE', #979 ) ;
#1791 = CARTESIAN_POINT ( 'NONE',  ( 85.71061050272419379, 10.76823338735817792, 122.9000000000000057 ) ) ;
#1792 = CARTESIAN_POINT ( 'NONE',  ( 87.71061050272419379, 10.76823338735817792, 82.70000000000000284 ) ) ;
#1793 = ORIENTED_EDGE ( 'NONE', *, *, #802, .T. ) ;
#1794 = CIRCLE ( 'NONE', #969, 20.00000000000000355 ) ;
#1795 = VECTOR ( 'NONE', #2305, 1000.000000000000000 ) ;
#1796 = EDGE_CURVE ( 'NONE', #1751, #1800, #605, .T. ) ;
#1797 = AXIS2_PLACEMENT_3D ( 'NONE', #1495, #2405, #1824 ) ;
#1798 = EDGE_CURVE ( 'NONE', #1560, #2290, #1311, .T. ) ;
#1799 = CARTESIAN_POINT ( 'NONE',  ( 87.89323338735817970, -10.58561050272418136, 77.70000000000000284 ) ) ;
#1800 = VERTEX_POINT ( 'NONE', #2074 ) ;
#1801 = DIRECTION ( 'NONE',  ( -0.000000000000000000, -0.000000000000000000, -1.000000000000000000 ) ) ;
#1802 = CYLINDRICAL_SURFACE ( 'NONE', #2373, 2.000000000000001776 ) ;
#1803 = DIRECTION ( 'NONE',  ( -0.01944894651539729596, -0.9998108513511148043, 0.000000000000000000 ) ) ;
#1804 = CARTESIAN_POINT ( 'NONE',  ( 77.12500000000000000, 0.000000000000000000, 79.20000000000000284 ) ) ;
#1805 = DIRECTION ( 'NONE',  ( 0.000000000000000000, 0.000000000000000000, 1.000000000000000000 ) ) ;
#1806 = ORIENTED_EDGE ( 'NONE', *, *, #2187, .F. ) ;
#1807 = ADVANCED_FACE ( 'NONE', ( #2271 ), #1752, .F. ) ;
#1808 = CARTESIAN_POINT ( 'NONE',  ( 54.78902942423745515, 10.06749315563054026, 79.20000000000000284 ) ) ;
#1809 = ORIENTED_EDGE ( 'NONE', *, *, #2167, .F. ) ;
#1810 = FACE_BOUND ( 'NONE', #1413, .T. ) ;
#1811 = CARTESIAN_POINT ( 'NONE',  ( 77.25413388012447058, -15.09944781907615940, 97.90000000000001990 ) ) ;
#1812 = DIRECTION ( 'NONE',  ( -0.000000000000000000, -0.000000000000000000, -1.000000000000000000 ) ) ;
#1813 = EDGE_CURVE ( 'NONE', #646, #2179, #34, .T. ) ;
#1814 = DIRECTION ( 'NONE',  ( 0.000000000000000000, 0.000000000000000000, 1.000000000000000000 ) ) ;
#1815 = CARTESIAN_POINT ( 'NONE',  ( 87.89323338735817970, -10.58561050272418136, 82.70000000000000284 ) ) ;
#1816 = VERTEX_POINT ( 'NONE', #1702 ) ;
#1817 = ORIENTED_EDGE ( 'NONE', *, *, #303, .T. ) ;
#1818 = AXIS2_PLACEMENT_3D ( 'NONE', #684, #499, #672 ) ;
#1819 = AXIS2_PLACEMENT_3D ( 'NONE', #1075, #562, #1310 ) ;
#1820 = VECTOR ( 'NONE', #1052, 1000.000000000000000 ) ;
#1821 = CARTESIAN_POINT ( 'NONE',  ( 79.25413388012447058, -15.09944781907615940, 89.20000000000000284 ) ) ;
#1822 = ORIENTED_EDGE ( 'NONE', *, *, #2415, .T. ) ;
#1823 = ORIENTED_EDGE ( 'NONE', *, *, #683, .T. ) ;
#1824 = DIRECTION ( 'NONE',  ( -1.000000000000000000, 0.000000000000000000, -0.000000000000000000 ) ) ;
#1826 = ADVANCED_FACE ( 'NONE', ( #1558 ), #24, .F. ) ;
#1825 = DIRECTION ( 'NONE',  ( -0.000000000000000000, -0.000000000000000000, 1.000000000000000000 ) ) ;
#1827 = CARTESIAN_POINT ( 'NONE',  ( 89.71061050272419379, 10.76823338735817792, 89.20000000000000284 ) ) ;
#1828 = FACE_BOUND ( 'NONE', #1125, .T. ) ;
#1829 = ADVANCED_FACE ( 'NONE', ( #1901 ), #1, .F. ) ;
#1830 = DIRECTION ( 'NONE',  ( 0.000000000000000000, 1.000000000000000000, 0.000000000000000000 ) ) ;
#1831 = EDGE_LOOP ( 'NONE', ( #285, #1787 ) ) ;
#1832 = CARTESIAN_POINT ( 'NONE',  ( 0.000000000000000000, 0.000000000000000000, 0.000000000000000000 ) ) ;
#1833 = DIRECTION ( 'NONE',  ( 0.000000000000000000, 0.000000000000000000, 1.000000000000000000 ) ) ;
#1834 = ORIENTED_EDGE ( 'NONE', *, *, #67, .F. ) ;
#1835 = AXIS2_PLACEMENT_3D ( 'NONE', #14, #1912, #1182 ) ;
#1836 = ORIENTED_EDGE ( 'NONE', *, *, #635, .F. ) ;
#1837 = CYLINDRICAL_SURFACE ( 'NONE', #2157, 20.00000000000000355 ) ;
#1838 = DIRECTION ( 'NONE',  ( 0.000000000000000000, 0.000000000000000000, 1.000000000000000000 ) ) ;
#1839 = DIRECTION ( 'NONE',  ( 0.000000000000000000, 0.000000000000000000, 1.000000000000000000 ) ) ;
#1840 = LINE ( 'NONE', #2049, #1975 ) ;
#1841 = DIRECTION ( 'NONE',  ( 0.000000000000000000, 0.000000000000000000, 1.000000000000000000 ) ) ;
#1842 = ADVANCED_FACE ( 'NONE', ( #767 ), #599, .T. ) ;
#1843 = ORIENTED_EDGE ( 'NONE', *, *, #669, .F. ) ;
#1844 = CARTESIAN_POINT ( 'NONE',  ( 58.47555218092382745, -0.1291338801246272872, 97.90000000000001990 ) ) ;
#1845 = ORIENTED_EDGE ( 'NONE', *, *, #639, .F. ) ;
#1846 = ADVANCED_FACE ( 'NONE', ( #2283 ), #1333, .F. ) ;
#1847 = ORIENTED_EDGE ( 'NONE', *, *, #2041, .F. ) ;
#1848 = AXIS2_PLACEMENT_3D ( 'NONE', #291, #2389, #1277 ) ;
#1849 = CARTESIAN_POINT ( 'NONE',  ( 20.98696644759190377, 9.409954268095500396, 79.20000000000000284 ) ) ;
#1850 = DIRECTION ( 'NONE',  ( -0.000000000000000000, -0.000000000000000000, -1.000000000000000000 ) ) ;
#1851 = CIRCLE ( 'NONE', #1020, 2.000000000000001776 ) ;
#1852 = CARTESIAN_POINT ( 'NONE',  ( 54.78902942423745515, -10.06749315563054026, 89.20000000000000284 ) ) ;
#1853 = FACE_OUTER_BOUND ( 'NONE', #1423, .T. ) ;
#1854 = AXIS2_PLACEMENT_3D ( 'NONE', #1815, #1431, #143 ) ;
#1855 = CARTESIAN_POINT ( 'NONE',  ( 66.53938949727582042, -10.76823338735819391, 89.20000000000000284 ) ) ;
#1856 = EDGE_LOOP ( 'NONE', ( #1843, #988 ) ) ;
#1857 = LINE ( 'NONE', #1283, #1721 ) ;
#1858 = ADVANCED_FACE ( 'NONE', ( #400, #2129 ), #437, .T. ) ;
#1859 = CIRCLE ( 'NONE', #159, 3.549999999999997602 ) ;
#1860 = EDGE_CURVE ( 'NONE', #2174, #902, #1007, .T. ) ;
#1861 = ORIENTED_EDGE ( 'NONE', *, *, #921, .T. ) ;
#1862 = AXIS2_PLACEMENT_3D ( 'NONE', #1369, #37, #953 ) ;
#1863 = DIRECTION ( 'NONE',  ( 1.000000000000000000, 0.000000000000000000, -0.000000000000000000 ) ) ;
#1864 = DIRECTION ( 'NONE',  ( 0.000000000000000000, 0.000000000000000000, 1.000000000000000000 ) ) ;
#1865 = LINE ( 'NONE', #166, #848 ) ;
#1866 = DIRECTION ( 'NONE',  ( 0.000000000000000000, 0.000000000000000000, 1.000000000000000000 ) ) ;
#1867 = CARTESIAN_POINT ( 'NONE',  ( 92.22444781907616118, 0.1291338801246277312, 97.90000000000001990 ) ) ;
#1868 = VERTEX_POINT ( 'NONE', #2113 ) ;
#1869 = DIRECTION ( 'NONE',  ( 0.000000000000000000, 0.000000000000000000, 1.000000000000000000 ) ) ;
#1870 = ORIENTED_EDGE ( 'NONE', *, *, #1432, .F. ) ;
#1871 = EDGE_CURVE ( 'NONE', #2319, #1770, #220, .T. ) ;
#1872 = ORIENTED_EDGE ( 'NONE', *, *, #2200, .F. ) ;
#1873 = EDGE_CURVE ( 'NONE', #689, #2161, #1934, .T. ) ;
#1874 = AXIS2_PLACEMENT_3D ( 'NONE', #838, #1593, #2356 ) ;
#1875 = DIRECTION ( 'NONE',  ( -1.000000000000000000, 0.000000000000000000, 0.000000000000000000 ) ) ;
#1876 = DIRECTION ( 'NONE',  ( 0.000000000000000000, 0.000000000000000000, 1.000000000000000000 ) ) ;
#1877 = AXIS2_PLACEMENT_3D ( 'NONE', #1678, #2446, #2193 ) ;
#1878 = DIRECTION ( 'NONE',  ( 0.7131280388978930018, -0.7010338081274291033, 0.000000000000000000 ) ) ;
#1879 = VECTOR ( 'NONE', #918, 1000.000000000000000 ) ;
#1880 = DIRECTION ( 'NONE',  ( 0.000000000000000000, 0.000000000000000000, 1.000000000000000000 ) ) ;
#1881 = DIRECTION ( 'NONE',  ( -1.000000000000000000, 0.000000000000000000, 0.000000000000000000 ) ) ;
#1882 = AXIS2_PLACEMENT_3D ( 'NONE', #416, #17, #2286 ) ;
#1883 = ORIENTED_EDGE ( 'NONE', *, *, #146, .T. ) ;
#1884 = CARTESIAN_POINT ( 'NONE',  ( 79.25413388012447058, -15.09944781907615940, 77.70000000000000284 ) ) ;
#1885 = CIRCLE ( 'NONE', #817, 2.000000000000001776 ) ;
#1886 = ORIENTED_EDGE ( 'NONE', *, *, #819, .T. ) ;
#1887 = EDGE_CURVE ( 'NONE', #1205, #1977, #654, .T. ) ;
#1888 = PRESENTATION_STYLE_ASSIGNMENT (( #583 ) ) ;
#1889 = CARTESIAN_POINT ( 'NONE',  ( 88.67444781907616402, 0.1291338801246281476, 97.90000000000001990 ) ) ;
#1890 = CARTESIAN_POINT ( 'NONE',  ( 87.89323338735817970, -10.58561050272418136, 77.70000000000000284 ) ) ;
#1891 = AXIS2_PLACEMENT_3D ( 'NONE', #422, #596, #388 ) ;
#1892 = CARTESIAN_POINT ( 'NONE',  ( 85.71061050272419379, 10.76823338735817792, 89.20000000000000284 ) ) ;
#1893 = ADVANCED_FACE ( 'NONE', ( #2177 ), #836, .F. ) ;
#1894 = ORIENTED_EDGE ( 'NONE', *, *, #1009, .T. ) ;
#1895 = DIRECTION ( 'NONE',  ( -0.000000000000000000, -0.000000000000000000, 1.000000000000000000 ) ) ;
#1896 = CARTESIAN_POINT ( 'NONE',  ( 98.44402923510277503, -77.16064163466263892, 79.20000000000000284 ) ) ;
#1897 = DIRECTION ( 'NONE',  ( 0.000000000000000000, 1.000000000000000000, 0.000000000000000000 ) ) ;
#1898 = LINE ( 'NONE', #1889, #2114 ) ;
#1899 = VECTOR ( 'NONE', #1880, 1000.000000000000000 ) ;
#1900 = ORIENTED_EDGE ( 'NONE', *, *, #1619, .F. ) ;
#1901 = FACE_OUTER_BOUND ( 'NONE', #2328, .T. ) ;
#1902 = CARTESIAN_POINT ( 'NONE',  ( 54.73068258469125169, 13.06692570968390044, 79.20000000000000284 ) ) ;
#1903 = VERTEX_POINT ( 'NONE', #1765 ) ;
#1904 = EDGE_CURVE ( 'NONE', #1055, #1408, #135, .T. ) ;
#1905 = LINE ( 'NONE', #1372, #812 ) ;
#1906 = EDGE_CURVE ( 'NONE', #1261, #2290, #61, .T. ) ;
#1907 = DIRECTION ( 'NONE',  ( 0.9998108513511149154, 0.01944894651539719882, 0.000000000000000000 ) ) ;
#1908 = ORIENTED_EDGE ( 'NONE', *, *, #1242, .F. ) ;
#1909 = DIRECTION ( 'NONE',  ( 0.000000000000000000, 0.000000000000000000, 1.000000000000000000 ) ) ;
#1910 = FACE_OUTER_BOUND ( 'NONE', #286, .T. ) ;
#1911 = ORIENTED_EDGE ( 'NONE', *, *, #997, .F. ) ;
#1912 = DIRECTION ( 'NONE',  ( 0.000000000000000000, 0.000000000000000000, -1.000000000000000000 ) ) ;
#1913 = AXIS2_PLACEMENT_3D ( 'NONE', #1485, #2048, #332 ) ;
#1914 = DIRECTION ( 'NONE',  ( -0.000000000000000000, 0.000000000000000000, -1.000000000000000000 ) ) ;
#1915 = ORIENTED_EDGE ( 'NONE', *, *, #2219, .T. ) ;
#1916 = CYLINDRICAL_SURFACE ( 'NONE', #2400, 3.000000000000001332 ) ;
#1917 = ADVANCED_FACE ( 'NONE', ( #813, #460 ), #850, .T. ) ;
#1918 = DIRECTION ( 'NONE',  ( 0.000000000000000000, 0.000000000000000000, 1.000000000000000000 ) ) ;
#1919 = EDGE_CURVE ( 'NONE', #1728, #1903, #860, .T. ) ;
#1920 = CARTESIAN_POINT ( 'NONE',  ( 57.29282491146929601, -11.72006937418067274, 89.20000000000000284 ) ) ;
#1921 = CARTESIAN_POINT ( 'NONE',  ( 90.22444781907614697, 0.1291338801246277312, 77.70000000000000284 ) ) ;
#1922 = ORIENTED_EDGE ( 'NONE', *, *, #212, .T. ) ;
#1923 = DIRECTION ( 'NONE',  ( 0.000000000000000000, 1.000000000000000000, 0.000000000000000000 ) ) ;
#1924 = DIRECTION ( 'NONE',  ( -1.000000000000000000, 0.000000000000000000, 0.000000000000000000 ) ) ;
#1925 = ORIENTED_EDGE ( 'NONE', *, *, #2067, .F. ) ;
#1926 = CIRCLE ( 'NONE', #2254, 14.00000000000000000 ) ;
#1927 = CARTESIAN_POINT ( 'NONE',  ( 87.71061050272419379, 10.76823338735817792, 82.70000000000000284 ) ) ;
#1928 = CYLINDRICAL_SURFACE ( 'NONE', #2215, 21.50000000000000000 ) ;
#1929 = PRESENTATION_LAYER_ASSIGNMENT (  '', '', ( #2257 ) ) ;
#1930 = AXIS2_PLACEMENT_3D ( 'NONE', #659, #283, #131 ) ;
#1931 = EDGE_CURVE ( 'NONE', #1816, #1328, #47, .T. ) ;
#1932 = DIRECTION ( 'NONE',  ( -0.000000000000000000, 0.000000000000000000, 1.000000000000000000 ) ) ;
#1933 = VERTEX_POINT ( 'NONE', #1380 ) ;
#1934 = LINE ( 'NONE', #1046, #1718 ) ;
#1935 = DIRECTION ( 'NONE',  ( 0.000000000000000000, 0.000000000000000000, 1.000000000000000000 ) ) ;
#1936 = CIRCLE ( 'NONE', #912, 3.000000000000002220 ) ;
#1937 = DIRECTION ( 'NONE',  ( -0.000000000000000000, -0.000000000000000000, 1.000000000000000000 ) ) ;
#1938 = AXIS2_PLACEMENT_3D ( 'NONE', #2109, #2096, #202 ) ;
#1939 = DIRECTION ( 'NONE',  ( -0.8446294373469517280, 0.5353513926076699514, 0.000000000000000000 ) ) ;
#1940 = AXIS2_PLACEMENT_3D ( 'NONE', #1087, #130, #167 ) ;
#1941 = FACE_OUTER_BOUND ( 'NONE', #1026, .T. ) ;
#1942 = ORIENTED_EDGE ( 'NONE', *, *, #1873, .F. ) ;
#1943 = ADVANCED_FACE ( 'NONE', ( #1578, #2191 ), #1616, .T. ) ;
#1944 = DIRECTION ( 'NONE',  ( 0.000000000000000000, 0.000000000000000000, -1.000000000000000000 ) ) ;
#1945 = ADVANCED_FACE ( 'NONE', ( #1788 ), #1778, .F. ) ;
#1946 = ORIENTED_EDGE ( 'NONE', *, *, #1146, .T. ) ;
#1947 = CARTESIAN_POINT ( 'NONE',  ( 76.99586611987552942, 15.09944781907616651, 97.90000000000001990 ) ) ;
#1948 = FACE_OUTER_BOUND ( 'NONE', #1602, .T. ) ;
#1949 = CARTESIAN_POINT ( 'NONE',  ( 90.22444781907614697, 0.1291338801246277312, 89.20000000000000284 ) ) ;
#1950 = DIRECTION ( 'NONE',  ( -0.8446294373469527272, -0.5353513926076686191, 0.000000000000000000 ) ) ;
#1951 = CIRCLE ( 'NONE', #1599, 3.000000000000001332 ) ;
#1952 = ORIENTED_EDGE ( 'NONE', *, *, #1388, .F. ) ;
#1953 = ORIENTED_EDGE ( 'NONE', *, *, #1353, .F. ) ;
#1954 = AXIS2_PLACEMENT_3D ( 'NONE', #1491, #1475, #185 ) ;
#1955 = VERTEX_POINT ( 'NONE', #1403 ) ;
#1956 = CARTESIAN_POINT ( 'NONE',  ( 66.53938949727582042, -10.76823338735819391, 82.70000000000000284 ) ) ;
#1957 = ORIENTED_EDGE ( 'NONE', *, *, #303, .F. ) ;
#1958 = DIRECTION ( 'NONE',  ( 1.000000000000000000, 0.000000000000000000, -0.000000000000000000 ) ) ;
#1959 = DIRECTION ( 'NONE',  ( 0.000000000000000000, 0.000000000000000000, 1.000000000000000000 ) ) ;
#1960 = DIRECTION ( 'NONE',  ( 0.000000000000000000, 0.000000000000000000, 1.000000000000000000 ) ) ;
#1961 = DIRECTION ( 'NONE',  ( 0.7131280388978930018, -0.7010338081274291033, 0.000000000000000000 ) ) ;
#1962 = EDGE_CURVE ( 'NONE', #1588, #138, #2320, .T. ) ;
#1963 = VERTEX_POINT ( 'NONE', #1980 ) ;
#1964 = AXIS2_PLACEMENT_3D ( 'NONE', #2178, #266, #485 ) ;
#1965 = VERTEX_POINT ( 'NONE', #1034 ) ;
#1966 = CARTESIAN_POINT ( 'NONE',  ( 54.73068258469125169, 13.06692570968390044, 89.20000000000000284 ) ) ;
#1967 = EDGE_LOOP ( 'NONE', ( #1154, #946, #1028, #74 ) ) ;
#1968 = DIRECTION ( 'NONE',  ( 0.000000000000000000, 0.000000000000000000, -1.000000000000000000 ) ) ;
#1969 = PLANE ( 'NONE',  #1964 ) ;
#1970 = FACE_BOUND ( 'NONE', #1734, .T. ) ;
#1971 = DIRECTION ( 'NONE',  ( 0.000000000000000000, -1.000000000000000000, 0.000000000000000000 ) ) ;
#1972 = AXIS2_PLACEMENT_3D ( 'NONE', #1101, #1124, #1881 ) ;
#1973 = DIRECTION ( 'NONE',  ( 0.000000000000000000, 0.000000000000000000, 1.000000000000000000 ) ) ;
#1974 = ORIENTED_EDGE ( 'NONE', *, *, #2066, .F. ) ;
#1975 = VECTOR ( 'NONE', #2246, 1000.000000000000000 ) ;
#1976 = EDGE_CURVE ( 'NONE', #138, #1240, #1568, .T. ) ;
#1977 = VERTEX_POINT ( 'NONE', #679 ) ;
#1978 = DIRECTION ( 'NONE',  ( 1.000000000000000000, 0.000000000000000000, 0.000000000000000000 ) ) ;
#1979 = ORIENTED_EDGE ( 'NONE', *, *, #382, .F. ) ;
#1980 = CARTESIAN_POINT ( 'NONE',  ( 91.23561050272418527, 10.76823338735817792, 82.70000000000000284 ) ) ;
#1981 = DIRECTION ( 'NONE',  ( 0.000000000000000000, 0.000000000000000000, 1.000000000000000000 ) ) ;
#1982 = DIRECTION ( 'NONE',  ( -0.8446294373469527272, -0.5353513926076686191, 0.000000000000000000 ) ) ;
#1983 = CARTESIAN_POINT ( 'NONE',  ( 66.53938949727582042, -10.76823338735819391, 89.20000000000000284 ) ) ;
#1984 = CYLINDRICAL_SURFACE ( 'NONE', #324, 3.525000000000000355 ) ;
#1985 = ORIENTED_EDGE ( 'NONE', *, *, #1165, .F. ) ;
#1986 = ADVANCED_FACE ( 'NONE', ( #1427 ), #2341, .F. ) ;
#1987 = CIRCLE ( 'NONE', #1484, 3.525000000000000355 ) ;
#1988 = ORIENTED_EDGE ( 'NONE', *, *, #9, .F. ) ;
#1989 = VECTOR ( 'NONE', #818, 1000.000000000000000 ) ;
#1990 = EDGE_CURVE ( 'NONE', #341, #849, #461, .T. ) ;
#1991 = CARTESIAN_POINT ( 'NONE',  ( 77.12500000000000000, 0.000000000000000000, 179.4685424949238381 ) ) ;
#1992 = EDGE_LOOP ( 'NONE', ( #2013, #2054, #403, #1119 ) ) ;
#1993 = DIRECTION ( 'NONE',  ( 0.000000000000000000, 0.000000000000000000, 1.000000000000000000 ) ) ;
#1994 = CIRCLE ( 'NONE', #1448, 2.999999999999996891 ) ;
#1995 = DIRECTION ( 'NONE',  ( -1.000000000000000000, 0.000000000000000000, -0.000000000000000000 ) ) ;
#1996 = DIRECTION ( 'NONE',  ( -1.000000000000000000, 0.000000000000000000, 0.000000000000000000 ) ) ;
#1997 = CARTESIAN_POINT ( 'NONE',  ( 20.92861960804579624, -12.40938682214885880, 79.20000000000000284 ) ) ;
#1998 = CARTESIAN_POINT ( 'NONE',  ( 62.02555218092383171, -0.1291338801246277312, 97.90000000000001990 ) ) ;
#1999 = VERTEX_POINT ( 'NONE', #305 ) ;
#2000 = ORIENTED_EDGE ( 'NONE', *, *, #608, .T. ) ;
#2001 = EDGE_CURVE ( 'NONE', #1273, #2289, #1486, .T. ) ;
#2002 = EDGE_LOOP ( 'NONE', ( #87, #1095, #1132, #2069 ) ) ;
#2003 = VECTOR ( 'NONE', #1060, 1000.000000000000000 ) ;
#2004 = DIRECTION ( 'NONE',  ( 0.000000000000000000, 0.000000000000000000, 1.000000000000000000 ) ) ;
#2005 = ORIENTED_EDGE ( 'NONE', *, *, #1904, .F. ) ;
#2006 = ORIENTED_EDGE ( 'NONE', *, *, #192, .F. ) ;
#2007 = EDGE_CURVE ( 'NONE', #1016, #1313, #1011, .T. ) ;
#2008 = DIRECTION ( 'NONE',  ( 0.000000000000000000, 0.000000000000000000, -1.000000000000000000 ) ) ;
#2009 = CARTESIAN_POINT ( 'NONE',  ( 77.25413388012447058, -15.09944781907615940, 89.20000000000000284 ) ) ;
#2010 = FACE_OUTER_BOUND ( 'NONE', #1660, .T. ) ;
#2011 = DIRECTION ( 'NONE',  ( -0.000000000000000000, -0.000000000000000000, 1.000000000000000000 ) ) ;
#2012 = DIRECTION ( 'NONE',  ( -1.000000000000000000, 0.000000000000000000, 0.000000000000000000 ) ) ;
#2013 = ORIENTED_EDGE ( 'NONE', *, *, #1906, .F. ) ;
#2014 =( NAMED_UNIT ( * ) SI_UNIT ( $, .STERADIAN. ) SOLID_ANGLE_UNIT ( ) );
#2015 = ORIENTED_EDGE ( 'NONE', *, *, #209, .F. ) ;
#2016 = VECTOR ( 'NONE', #466, 1000.000000000000114 ) ;
#2017 = AXIS2_PLACEMENT_3D ( 'NONE', #1351, #216, #2126 ) ;
#2018 = VECTOR ( 'NONE', #2004, 1000.000000000000000 ) ;
#2019 = ORIENTED_EDGE ( 'NONE', *, *, #2214, .F. ) ;
#2020 = ORIENTED_EDGE ( 'NONE', *, *, #1259, .F. ) ;
#2021 = EDGE_CURVE ( 'NONE', #1816, #2249, #896, .T. ) ;
#2022 = FACE_OUTER_BOUND ( 'NONE', #16, .T. ) ;
#2023 = FACE_OUTER_BOUND ( 'NONE', #1967, .T. ) ;
#2024 = ADVANCED_FACE ( 'NONE', ( #2022 ), #1837, .T. ) ;
#2025 = FACE_OUTER_BOUND ( 'NONE', #840, .T. ) ;
#2026 = PLANE ( 'NONE',  #1458 ) ;
#2027 = ORIENTED_EDGE ( 'NONE', *, *, #1962, .F. ) ;
#2028 = DIRECTION ( 'NONE',  ( -0.000000000000000000, -0.000000000000000000, 1.000000000000000000 ) ) ;
#2029 = ORIENTED_EDGE ( 'NONE', *, *, #253, .F. ) ;
#2030 = CIRCLE ( 'NONE', #1913, 2.999999999999996891 ) ;
#2031 = VECTOR ( 'NONE', #1968, 1000.000000000000000 ) ;
#2032 = VERTEX_POINT ( 'NONE', #690 ) ;
#2033 = ORIENTED_EDGE ( 'NONE', *, *, #1165, .T. ) ;
#2034 = DIRECTION ( 'NONE',  ( 0.000000000000000000, 0.000000000000000000, 1.000000000000000000 ) ) ;
#2035 = CARTESIAN_POINT ( 'NONE',  ( 66.53938949727582042, -10.76823338735819391, 122.9000000000000057 ) ) ;
#2036 = FACE_OUTER_BOUND ( 'NONE', #844, .T. ) ;
#2037 = CARTESIAN_POINT ( 'NONE',  ( 0.000000000000000000, 0.000000000000000000, 122.9000000000000057 ) ) ;
#2038 = DIRECTION ( 'NONE',  ( 1.000000000000000000, 0.000000000000000000, 0.000000000000000000 ) ) ;
#2039 = ORIENTED_EDGE ( 'NONE', *, *, #1919, .T. ) ;
#2040 = LINE ( 'NONE', #1461, #173 ) ;
#2041 = EDGE_CURVE ( 'NONE', #495, #1013, #1652, .T. ) ;
#2042 = ORIENTED_EDGE ( 'NONE', *, *, #1399, .T. ) ;
#2043 = EDGE_LOOP ( 'NONE', ( #1189, #1793 ) ) ;
#2044 = VERTEX_POINT ( 'NONE', #2418 ) ;
#2045 = AXIS2_PLACEMENT_3D ( 'NONE', #306, #1981, #861 ) ;
#2046 = DIRECTION ( 'NONE',  ( 0.000000000000000000, 0.000000000000000000, -1.000000000000000000 ) ) ;
#2047 = CARTESIAN_POINT ( 'NONE',  ( 92.22444781907616118, 0.1291338801246277312, 77.70000000000000284 ) ) ;
#2048 = DIRECTION ( 'NONE',  ( 0.000000000000000000, 0.000000000000000000, 1.000000000000000000 ) ) ;
#2049 = CARTESIAN_POINT ( 'NONE',  ( 95.77444781907615834, 0.1291338801246277312, 97.90000000000001990 ) ) ;
#2050 = CARTESIAN_POINT ( 'NONE',  ( 92.22444781907616118, 0.1291338801246277312, 97.90000000000001990 ) ) ;
#2051 = ORIENTED_EDGE ( 'NONE', *, *, #1058, .T. ) ;
#2052 = CARTESIAN_POINT ( 'NONE',  ( 54.78902942423745515, 10.06749315563054026, 89.20000000000000284 ) ) ;
#2053 = EDGE_CURVE ( 'NONE', #1728, #1350, #1951, .T. ) ;
#2054 = ORIENTED_EDGE ( 'NONE', *, *, #774, .T. ) ;
#2055 = ADVANCED_FACE ( 'NONE', ( #1468, #1810 ), #1675, .T. ) ;
#2056 = AXIS2_PLACEMENT_3D ( 'NONE', #814, #2342, #1559 ) ;
#2057 = CIRCLE ( 'NONE', #1685, 2.999999999999996891 ) ;
#2058 = ORIENTED_EDGE ( 'NONE', *, *, #5, .F. ) ;
#2059 = FACE_OUTER_BOUND ( 'NONE', #1465, .T. ) ;
#2060 = LINE ( 'NONE', #1122, #1732 ) ;
#2061 = PLANE ( 'NONE',  #121 ) ;
#2062 = DIRECTION ( 'NONE',  ( 1.000000000000000000, 0.000000000000000000, 0.000000000000000000 ) ) ;
#2063 = ORIENTED_EDGE ( 'NONE', *, *, #683, .F. ) ;
#2064 = CARTESIAN_POINT ( 'NONE',  ( 66.53938949727582042, -10.76823338735819391, 82.70000000000000284 ) ) ;
#2065 = ORIENTED_EDGE ( 'NONE', *, *, #369, .T. ) ;
#2066 = EDGE_CURVE ( 'NONE', #1610, #1354, #165, .T. ) ;
#2067 = EDGE_CURVE ( 'NONE', #1963, #399, #1084, .T. ) ;
#2068 = AXIS2_PLACEMENT_3D ( 'NONE', #1511, #1322, #361 ) ;
#2069 = ORIENTED_EDGE ( 'NONE', *, *, #879, .F. ) ;
#2070 = EDGE_CURVE ( 'NONE', #2325, #2176, #152, .T. ) ;
#2071 = AXIS2_PLACEMENT_3D ( 'NONE', #2444, #1641, #909 ) ;
#2072 = DIRECTION ( 'NONE',  ( 1.000000000000000000, 0.000000000000000000, 0.000000000000000000 ) ) ;
#2073 = FACE_BOUND ( 'NONE', #1756, .T. ) ;
#2074 = CARTESIAN_POINT ( 'NONE',  ( 95.77444781907615834, 0.1291338801246277312, 122.9000000000000057 ) ) ;
#2075 = DIRECTION ( 'NONE',  ( 0.000000000000000000, -1.000000000000000000, 0.000000000000000000 ) ) ;
#2076 = ORIENTED_EDGE ( 'NONE', *, *, #652, .F. ) ;
#2077 = CARTESIAN_POINT ( 'NONE',  ( 66.44408427876821577, -77.11371889401721091, 89.20000000000000284 ) ) ;
#2078 = CIRCLE ( 'NONE', #506, 21.50000000000000000 ) ;
#2079 = CARTESIAN_POINT ( 'NONE',  ( 0.000000000000000000, 0.000000000000000000, 79.20000000000000284 ) ) ;
#2080 = EDGE_LOOP ( 'NONE', ( #1952, #2164, #463, #1226 ) ) ;
#2081 = EDGE_LOOP ( 'NONE', ( #656, #412, #2212, #1143, #1861, #249, #315, #1761, #1307, #2006, #2188, #362, #477, #2287, #1395, #479, #1039, #1640, #1872 ) ) ;
#2082 = CARTESIAN_POINT ( 'NONE',  ( 54.73068258469125169, -13.06692570968390044, 89.20000000000000284 ) ) ;
#2083 = CARTESIAN_POINT ( 'NONE',  ( 78.44408427876824419, -77.11371889401721091, 79.20000000000000284 ) ) ;
#2084 = VECTOR ( 'NONE', #511, 1000.000000000000000 ) ;
#2085 = EDGE_CURVE ( 'NONE', #2044, #1016, #2398, .T. ) ;
#2086 = CARTESIAN_POINT ( 'NONE',  ( 78.44408427876824419, -77.11371889401721091, 79.20000000000000284 ) ) ;
#2087 = CARTESIAN_POINT ( 'NONE',  ( 0.000000000000000000, 0.000000000000000000, 79.20000000000000284 ) ) ;
#2088 = VERTEX_POINT ( 'NONE', #2388 ) ;
#2089 = CARTESIAN_POINT ( 'NONE',  ( 73.70413388012447342, -15.09944781907615940, 97.90000000000001990 ) ) ;
#2090 = AXIS2_PLACEMENT_3D ( 'NONE', #586, #1500, #2248 ) ;
#2091 = ORIENTED_EDGE ( 'NONE', *, *, #331, .T. ) ;
#2092 = DIRECTION ( 'NONE',  ( 1.000000000000000000, 0.000000000000000000, 0.000000000000000000 ) ) ;
#2093 = ORIENTED_EDGE ( 'NONE', *, *, #35, .T. ) ;
#2094 = VERTEX_POINT ( 'NONE', #2242 ) ;
#2095 = VECTOR ( 'NONE', #15, 1000.000000000000000 ) ;
#2096 = DIRECTION ( 'NONE',  ( 0.000000000000000000, 0.000000000000000000, 1.000000000000000000 ) ) ;
#2097 = DIRECTION ( 'NONE',  ( -1.000000000000000000, 0.000000000000000000, 0.000000000000000000 ) ) ;
#2098 = VECTOR ( 'NONE', #2140, 999.9999999999998863 ) ;
#2099 = ADVANCED_FACE ( 'NONE', ( #2059 ), #1070, .F. ) ;
#2100 = ORIENTED_EDGE ( 'NONE', *, *, #1228, .F. ) ;
#2101 = DIRECTION ( 'NONE',  ( -0.000000000000000000, -0.000000000000000000, -1.000000000000000000 ) ) ;
#2102 = CYLINDRICAL_SURFACE ( 'NONE', #321, 20.00000000000000355 ) ;
#2103 = EDGE_LOOP ( 'NONE', ( #1979, #211 ) ) ;
#2104 = FACE_OUTER_BOUND ( 'NONE', #55, .T. ) ;
#2105 = ADVANCED_FACE ( 'NONE', ( #1096 ), #2206, .T. ) ;
#2106 = DIRECTION ( 'NONE',  ( -1.000000000000000000, 0.000000000000000000, 0.000000000000000000 ) ) ;
#2107 = EDGE_LOOP ( 'NONE', ( #1409, #1237 ) ) ;
#2108 = ORIENTED_EDGE ( 'NONE', *, *, #67, .T. ) ;
#2109 = CARTESIAN_POINT ( 'NONE',  ( 77.12500000000000000, 0.000000000000000000, 122.9000000000000057 ) ) ;
#2110 = DIRECTION ( 'NONE',  ( 1.000000000000000000, 0.000000000000000000, 0.000000000000000000 ) ) ;
#2111 = VECTOR ( 'NONE', #63, 1000.000000000000000 ) ;
#2112 = ORIENTED_EDGE ( 'NONE', *, *, #209, .T. ) ;
#2113 = CARTESIAN_POINT ( 'NONE',  ( 54.73068258469125169, -13.06692570968390044, 79.20000000000000284 ) ) ;
#2114 = VECTOR ( 'NONE', #1712, 1000.000000000000000 ) ;
#2115 = DIRECTION ( 'NONE',  ( -0.01944894651539729596, -0.9998108513511148043, 0.000000000000000000 ) ) ;
#2116 = ORIENTED_EDGE ( 'NONE', *, *, #1291, .F. ) ;
#2117 = PRODUCT_RELATED_PRODUCT_CATEGORY ( 'part', '', ( #1513 ) ) ;
#2118 = VECTOR ( 'NONE', #2034, 1000.000000000000000 ) ;
#2119 = AXIS2_PLACEMENT_3D ( 'NONE', #1302, #1692, #563 ) ;
#2120 = DIRECTION ( 'NONE',  ( 1.000000000000000000, 0.000000000000000000, 0.000000000000000000 ) ) ;
#2121 = VECTOR ( 'NONE', #1151, 1000.000000000000000 ) ;
#2122 = DIRECTION ( 'NONE',  ( -0.000000000000000000, -0.000000000000000000, -1.000000000000000000 ) ) ;
#2123 = ADVANCED_FACE ( 'NONE', ( #2430 ), #731, .F. ) ;
#2124 = EDGE_LOOP ( 'NONE', ( #1748, #709 ) ) ;
#2125 = EDGE_LOOP ( 'NONE', ( #1270, #2238 ) ) ;
#2126 = DIRECTION ( 'NONE',  ( -1.000000000000000000, 0.000000000000000000, 0.000000000000000000 ) ) ;
#2127 = DIRECTION ( 'NONE',  ( 0.000000000000000000, 0.000000000000000000, 1.000000000000000000 ) ) ;
#2128 = ORIENTED_EDGE ( 'NONE', *, *, #1206, .T. ) ;
#2129 = FACE_BOUND ( 'NONE', #2107, .T. ) ;
#2130 = CARTESIAN_POINT ( 'NONE',  ( 69.88176661264181178, 10.58561050272417248, 77.70000000000000284 ) ) ;
#2131 = ORIENTED_EDGE ( 'NONE', *, *, #759, .T. ) ;
#2132 = AXIS2_PLACEMENT_3D ( 'NONE', #1722, #199, #1516 ) ;
#2133 = CYLINDRICAL_SURFACE ( 'NONE', #974, 3.549999999999997602 ) ;
#2134 = CARTESIAN_POINT ( 'NONE',  ( 66.35676661264180609, 10.58561050272417248, 89.20000000000000284 ) ) ;
#2135 = EDGE_CURVE ( 'NONE', #1214, #2335, #1298, .T. ) ;
#2136 = ADVANCED_FACE ( 'NONE', ( #357, #924 ), #744, .T. ) ;
#2137 = CARTESIAN_POINT ( 'NONE',  ( -14.02067616254858073, -14.26256077795786048, 79.20000000000000284 ) ) ;
#2138 = ORIENTED_EDGE ( 'NONE', *, *, #2200, .T. ) ;
#2139 = CARTESIAN_POINT ( 'NONE',  ( 66.53938949727582042, -10.76823338735819391, 82.70000000000000284 ) ) ;
#2140 = DIRECTION ( 'NONE',  ( -0.002346137032272054695, -0.9999972478167257206, 0.000000000000000000 ) ) ;
#2141 = AXIS2_PLACEMENT_3D ( 'NONE', #1804, #1418, #1607 ) ;
#2142 = DIRECTION ( 'NONE',  ( 0.8345984957439479546, 0.5508587395167107159, 0.000000000000000000 ) ) ;
#2143 = VECTOR ( 'NONE', #1168, 1000.000000000000000 ) ;
#2144 = CARTESIAN_POINT ( 'NONE',  ( 77.12500000000000000, 0.000000000000000000, 77.70000000000000284 ) ) ;
#2145 = AXIS2_PLACEMENT_3D ( 'NONE', #508, #99, #1389 ) ;
#2146 = ORIENTED_EDGE ( 'NONE', *, *, #698, .T. ) ;
#2147 = ORIENTED_EDGE ( 'NONE', *, *, #2276, .F. ) ;
#2148 = EDGE_CURVE ( 'NONE', #2285, #341, #316, .T. ) ;
#2149 = CARTESIAN_POINT ( 'NONE',  ( 76.99586611987552942, 15.09944781907616651, 97.90000000000001990 ) ) ;
#2150 = EDGE_LOOP ( 'NONE', ( #1683, #1421 ) ) ;
#2151 = ADVANCED_FACE ( 'NONE', ( #176 ), #2453, .F. ) ;
#2152 = CARTESIAN_POINT ( 'NONE',  ( 76.99586611987552942, 15.09944781907616651, 97.90000000000001990 ) ) ;
#2153 = CARTESIAN_POINT ( 'NONE',  ( 76.99586611987552942, 15.09944781907616651, 89.20000000000000284 ) ) ;
#2154 = DIRECTION ( 'NONE',  ( -1.000000000000000000, 0.000000000000000000, 0.000000000000000000 ) ) ;
#2155 = LINE ( 'NONE', #2181, #638 ) ;
#2156 = CLOSED_SHELL ( 'NONE', ( #395, #1303, #597, #520, #490, #1826, #1710, #2460, #970, #1724, #149, #197, #1025, #504, #2351, #1615, #2396, #975, #1178, #1846, #1893, #1358, #952, #1467, #2123, #445, #580, #2151, #1986, #1829, #2099, #534, #1571, #1661, #764, #269, #70, #1015, #417, #2024, #2105, #2393, #665, #1135, #1502, #624, #2443, #507, #1541, #1768, #717, #1434, #85, #1631, #134, #1842, #2136, #458, #907, #1373, #1736, #273, #1077, #1858, #636, #540, #2235, #1917, #1807, #1195, #1117, #2055, #2350, #64, #2247, #1943, #1945 ) ) ;
#2157 = AXIS2_PLACEMENT_3D ( 'NONE', #1108, #329, #372 ) ;
#2158 = ORIENTED_EDGE ( 'NONE', *, *, #582, .T. ) ;
#2159 = EDGE_LOOP ( 'NONE', ( #1173, #1526 ) ) ;
#2160 = AXIS2_PLACEMENT_3D ( 'NONE', #404, #4, #1757 ) ;
#2161 = VERTEX_POINT ( 'NONE', #1694 ) ;
#2162 = EDGE_CURVE ( 'NONE', #436, #2348, #2040, .T. ) ;
#2163 = DIRECTION ( 'NONE',  ( -0.000000000000000000, -0.000000000000000000, -1.000000000000000000 ) ) ;
#2164 = ORIENTED_EDGE ( 'NONE', *, *, #1040, .T. ) ;
#2165 = DIRECTION ( 'NONE',  ( -1.000000000000000000, 0.000000000000000000, 0.000000000000000000 ) ) ;
#2166 = DIRECTION ( 'NONE',  ( 0.000000000000000000, 0.000000000000000000, 1.000000000000000000 ) ) ;
#2167 = EDGE_CURVE ( 'NONE', #1255, #1664, #1047, .T. ) ;
#2168 = DIRECTION ( 'NONE',  ( 0.000000000000000000, 0.000000000000000000, -1.000000000000000000 ) ) ;
#2169 = CYLINDRICAL_SURFACE ( 'NONE', #200, 12.00000000000000000 ) ;
#2170 = CARTESIAN_POINT ( 'NONE',  ( 62.02555218092383171, -0.1291338801246277312, 97.90000000000001990 ) ) ;
#2171 = ORIENTED_EDGE ( 'NONE', *, *, #1291, .T. ) ;
#2172 = AXIS2_PLACEMENT_3D ( 'NONE', #1175, #1539, #2301 ) ;
#2173 = ORIENTED_EDGE ( 'NONE', *, *, #382, .T. ) ;
#2174 = VERTEX_POINT ( 'NONE', #1884 ) ;
#2175 = DIRECTION ( 'NONE',  ( -1.000000000000000000, 0.000000000000000000, 0.000000000000000000 ) ) ;
#2176 = VERTEX_POINT ( 'NONE', #2459 ) ;
#2177 = FACE_OUTER_BOUND ( 'NONE', #675, .T. ) ;
#2178 = CARTESIAN_POINT ( 'NONE',  ( 15.76358626343309766, 12.30891336045972118, 79.20000000000000284 ) ) ;
#2179 = VERTEX_POINT ( 'NONE', #2274 ) ;
#2180 = EDGE_CURVE ( 'NONE', #856, #778, #1398, .T. ) ;
#2181 = CARTESIAN_POINT ( 'NONE',  ( 85.89323338735817970, -10.58561050272418136, 89.20000000000000284 ) ) ;
#2182 = CIRCLE ( 'NONE', #957, 3.525000000000000355 ) ;
#2183 = CARTESIAN_POINT ( 'NONE',  ( 39.31250000000000000, 0.000000000000000000, 86.20000000000001705 ) ) ;
#2184 = EDGE_LOOP ( 'NONE', ( #207, #1170 ) ) ;
#2185 = APPLICATION_PROTOCOL_DEFINITION ( 'draft international standard', 'automotive_design', 1998, #935 ) ;
#2186 = CIRCLE ( 'NONE', #2427, 20.00000000000000355 ) ;
#2187 = EDGE_CURVE ( 'NONE', #42, #778, #1305, .T. ) ;
#2188 = ORIENTED_EDGE ( 'NONE', *, *, #1603, .F. ) ;
#2189 = FACE_BOUND ( 'NONE', #545, .T. ) ;
#2190 = EDGE_LOOP ( 'NONE', ( #1900, #529, #553, #1731 ) ) ;
#2191 = FACE_BOUND ( 'NONE', #781, .T. ) ;
#2192 = CARTESIAN_POINT ( 'NONE',  ( 76.99586611987552942, 15.09944781907616651, 97.90000000000001990 ) ) ;
#2193 = DIRECTION ( 'NONE',  ( -0.8446294373469527272, -0.5353513926076686191, 0.000000000000000000 ) ) ;
#2194 = CARTESIAN_POINT ( 'NONE',  ( 18.24953604138439900, -8.182568928778708894, 79.20000000000000284 ) ) ;
#2195 = PLANE ( 'NONE',  #1775 ) ;
#2196 = EDGE_CURVE ( 'NONE', #1664, #1255, #502, .T. ) ;
#2197 = VERTEX_POINT ( 'NONE', #378 ) ;
#2198 = AXIS2_PLACEMENT_3D ( 'NONE', #1036, #90, #670 ) ;
#2199 = VECTOR ( 'NONE', #2281, 1000.000000000000000 ) ;
#2200 = EDGE_CURVE ( 'NONE', #1093, #2044, #1129, .T. ) ;
#2201 = VECTOR ( 'NONE', #1276, 1000.000000000000000 ) ;
#2202 = AXIS2_PLACEMENT_3D ( 'NONE', #574, #2422, #749 ) ;
#2203 = PRODUCT_DEFINITION_FORMATION_WITH_SPECIFIED_SOURCE ( 'ANY', '', #1513, .NOT_KNOWN. ) ;
#2204 = FACE_OUTER_BOUND ( 'NONE', #662, .T. ) ;
#2205 = ORIENTED_EDGE ( 'NONE', *, *, #1451, .T. ) ;
#2206 = PLANE ( 'NONE',  #1324 ) ;
#2207 = VECTOR ( 'NONE', #1156, 1000.000000000000000 ) ;
#2208 = CARTESIAN_POINT ( 'NONE',  ( 84.36823338735817401, -10.58561050272418136, 77.70000000000000284 ) ) ;
#2209 = DIRECTION ( 'NONE',  ( 0.000000000000000000, 0.000000000000000000, -1.000000000000000000 ) ) ;
#2210 = DIRECTION ( 'NONE',  ( 0.000000000000000000, 1.000000000000000000, 0.000000000000000000 ) ) ;
#2211 = CARTESIAN_POINT ( 'NONE',  ( 78.44408427876824419, -77.11371889401721091, 79.20000000000000284 ) ) ;
#2212 = ORIENTED_EDGE ( 'NONE', *, *, #945, .F. ) ;
#2213 = ORIENTED_EDGE ( 'NONE', *, *, #1121, .F. ) ;
#2214 = EDGE_CURVE ( 'NONE', #754, #2325, #581, .T. ) ;
#2215 = AXIS2_PLACEMENT_3D ( 'NONE', #236, #1709, #603 ) ;
#2216 = CARTESIAN_POINT ( 'NONE',  ( 60.02555218092382461, -0.1291338801246277312, 97.90000000000001990 ) ) ;
#2217 = EDGE_LOOP ( 'NONE', ( #2231, #686, #617, #789, #1068, #2063, #289, #2171, #274, #124, #2376, #2413, #601, #2020, #1083, #1517, #1695, #699, #1053 ) ) ;
#2218 = CARTESIAN_POINT ( 'NONE',  ( 98.44402923510277503, -77.16064163466263892, 79.20000000000000284 ) ) ;
#2219 = EDGE_CURVE ( 'NONE', #995, #641, #342, .T. ) ;
#2220 = FACE_BOUND ( 'NONE', #908, .T. ) ;
#2221 = PLANE ( 'NONE',  #2240 ) ;
#2222 = FACE_BOUND ( 'NONE', #2125, .T. ) ;
#2223 = CARTESIAN_POINT ( 'NONE',  ( 79.25413388012447058, -15.09944781907615940, 97.90000000000001990 ) ) ;
#2224 = ORIENTED_EDGE ( 'NONE', *, *, #1976, .T. ) ;
#2225 = DIRECTION ( 'NONE',  ( 1.000000000000000000, 0.000000000000000000, 0.000000000000000000 ) ) ;
#2226 =( GEOMETRIC_REPRESENTATION_CONTEXT ( 3 ) GLOBAL_UNCERTAINTY_ASSIGNED_CONTEXT ( ( #1105 ) ) GLOBAL_UNIT_ASSIGNED_CONTEXT ( ( #1109, #950, #2467 ) ) REPRESENTATION_CONTEXT ( 'NONE', 'WORKASPACE' ) );
#2227 = ORIENTED_EDGE ( 'NONE', *, *, #1785, .T. ) ;
#2228 = CIRCLE ( 'NONE', #77, 3.000000000000001332 ) ;
#2229 = ORIENTED_EDGE ( 'NONE', *, *, #1586, .T. ) ;
#2230 = AXIS2_PLACEMENT_3D ( 'NONE', #1799, #456, #2175 ) ;
#2231 = ORIENTED_EDGE ( 'NONE', *, *, #1556, .T. ) ;
#2232 = DIRECTION ( 'NONE',  ( 0.000000000000000000, 0.000000000000000000, 1.000000000000000000 ) ) ;
#2233 = CYLINDRICAL_SURFACE ( 'NONE', #2464, 2.000000000000001776 ) ;
#2234 = DIRECTION ( 'NONE',  ( -0.9999972478167257206, 0.002346137032272054695, 0.000000000000000000 ) ) ;
#2235 = ADVANCED_FACE ( 'NONE', ( #364 ), #133, .F. ) ;
#2236 = DIRECTION ( 'NONE',  ( -1.000000000000000000, 0.000000000000000000, 0.000000000000000000 ) ) ;
#2237 = CARTESIAN_POINT ( 'NONE',  ( 18.24953604138439900, -8.182568928778708894, 89.20000000000000284 ) ) ;
#2238 = ORIENTED_EDGE ( 'NONE', *, *, #1796, .F. ) ;
#2239 = DIRECTION ( 'NONE',  ( -0.000000000000000000, -0.000000000000000000, 1.000000000000000000 ) ) ;
#2240 = AXIS2_PLACEMENT_3D ( 'NONE', #2420, #2234, #1085 ) ;
#2241 = EDGE_LOOP ( 'NONE', ( #1384, #1304 ) ) ;
#2242 = CARTESIAN_POINT ( 'NONE',  ( 85.71061050272419379, 10.76823338735817792, 82.70000000000000284 ) ) ;
#2243 = AXIS2_PLACEMENT_3D ( 'NONE', #2450, #1295, #2225 ) ;
#2244 = LINE ( 'NONE', #548, #366 ) ;
#2245 = LINE ( 'NONE', #307, #1287 ) ;
#2246 = DIRECTION ( 'NONE',  ( -0.000000000000000000, -0.000000000000000000, 1.000000000000000000 ) ) ;
#2247 = ADVANCED_FACE ( 'NONE', ( #2436 ), #170, .F. ) ;
#2248 = DIRECTION ( 'NONE',  ( 1.000000000000000000, 0.000000000000000000, 0.000000000000000000 ) ) ;
#2249 = VERTEX_POINT ( 'NONE', #2077 ) ;
#2250 = CARTESIAN_POINT ( 'NONE',  ( 66.35676661264180609, 10.58561050272417248, 82.70000000000000284 ) ) ;
#2251 = EDGE_LOOP ( 'NONE', ( #57, #107, #459, #222 ) ) ;
#2252 = ORIENTED_EDGE ( 'NONE', *, *, #237, .T. ) ;
#2253 = ORIENTED_EDGE ( 'NONE', *, *, #1585, .T. ) ;
#2254 = AXIS2_PLACEMENT_3D ( 'NONE', #2079, #614, #405 ) ;
#2255 = CARTESIAN_POINT ( 'NONE',  ( 66.44408427876821577, -77.11371889401721091, 79.20000000000000284 ) ) ;
#2256 = SURFACE_STYLE_FILL_AREA ( #1133 ) ;
#2257 = STYLED_ITEM ( 'NONE', ( #1888 ), #713 ) ;
#2258 = DIRECTION ( 'NONE',  ( 1.000000000000000000, 0.000000000000000000, 0.000000000000000000 ) ) ;
#2259 = CYLINDRICAL_SURFACE ( 'NONE', #915, 3.525000000000000355 ) ;
#2260 = DIRECTION ( 'NONE',  ( 1.000000000000000000, 0.000000000000000000, 0.000000000000000000 ) ) ;
#2261 = EDGE_CURVE ( 'NONE', #1494, #1273, #761, .T. ) ;
#2262 = EDGE_LOOP ( 'NONE', ( #1227, #260, #587, #186 ) ) ;
#2263 = DIRECTION ( 'NONE',  ( -1.000000000000000000, 0.000000000000000000, 0.000000000000000000 ) ) ;
#2264 = ORIENTED_EDGE ( 'NONE', *, *, #594, .T. ) ;
#2265 = CIRCLE ( 'NONE', #444, 3.000000000000001332 ) ;
#2266 = CIRCLE ( 'NONE', #119, 10.09999999999999964 ) ;
#2267 = ORIENTED_EDGE ( 'NONE', *, *, #313, .T. ) ;
#2268 = CIRCLE ( 'NONE', #241, 2.000000000000001776 ) ;
#2269 = CARTESIAN_POINT ( 'NONE',  ( 87.89323338735817970, -10.58561050272418136, 122.9000000000000057 ) ) ;
#2270 = DIRECTION ( 'NONE',  ( 1.000000000000000000, 0.000000000000000000, 0.000000000000000000 ) ) ;
#2271 = FACE_OUTER_BOUND ( 'NONE', #1158, .T. ) ;
#2272 = CARTESIAN_POINT ( 'NONE',  ( 77.25413388012447058, -15.09944781907615940, 97.90000000000001990 ) ) ;
#2273 = EDGE_LOOP ( 'NONE', ( #1590, #2027, #753, #2146 ) ) ;
#2274 = CARTESIAN_POINT ( 'NONE',  ( 91.41823338735817117, -10.58561050272418136, 77.70000000000000284 ) ) ;
#2275 = CARTESIAN_POINT ( 'NONE',  ( 77.12500000000000000, 0.000000000000000000, 90.70000000000000284 ) ) ;
#2276 = EDGE_CURVE ( 'NONE', #161, #2161, #96, .T. ) ;
#2277 = VERTEX_POINT ( 'NONE', #2411 ) ;
#2278 = EDGE_CURVE ( 'NONE', #97, #1093, #1167, .T. ) ;
#2279 = AXIS2_PLACEMENT_3D ( 'NONE', #2086, #1546, #1342 ) ;
#2280 = DIRECTION ( 'NONE',  ( 0.000000000000000000, -0.000000000000000000, 1.000000000000000000 ) ) ;
#2281 = DIRECTION ( 'NONE',  ( -0.000000000000000000, -0.000000000000000000, -1.000000000000000000 ) ) ;
#2282 = AXIS2_PLACEMENT_3D ( 'NONE', #339, #1090, #145 ) ;
#2283 = FACE_OUTER_BOUND ( 'NONE', #234, .T. ) ;
#2284 = DIRECTION ( 'NONE',  ( 0.000000000000000000, 0.000000000000000000, 1.000000000000000000 ) ) ;
#2285 = VERTEX_POINT ( 'NONE', #1103 ) ;
#2286 = DIRECTION ( 'NONE',  ( 0.8345984957439479546, -0.5508587395167107159, 0.000000000000000000 ) ) ;
#2287 = ORIENTED_EDGE ( 'NONE', *, *, #35, .F. ) ;
#2288 = CARTESIAN_POINT ( 'NONE',  ( -1.714505518806294638E-15, -14.00000000000000000, 79.20000000000000284 ) ) ;
#2289 = VERTEX_POINT ( 'NONE', #933 ) ;
#2290 = VERTEX_POINT ( 'NONE', #751 ) ;
#2291 = EDGE_CURVE ( 'NONE', #1665, #2289, #531, .T. ) ;
#2292 = EDGE_CURVE ( 'NONE', #2402, #491, #1857, .T. ) ;
#2293 = DIRECTION ( 'NONE',  ( -1.000000000000000000, 0.000000000000000000, 0.000000000000000000 ) ) ;
#2294 = DIRECTION ( 'NONE',  ( -1.000000000000000000, 0.000000000000000000, 0.000000000000000000 ) ) ;
#2295 = CIRCLE ( 'NONE', #671, 3.549999999999997602 ) ;
#2296 = EDGE_LOOP ( 'NONE', ( #2337, #661 ) ) ;
#2297 = CARTESIAN_POINT ( 'NONE',  ( 77.12500000000000000, 0.000000000000000000, 77.70000000000000284 ) ) ;
#2298 = DIRECTION ( 'NONE',  ( -0.000000000000000000, -0.000000000000000000, -1.000000000000000000 ) ) ;
#2299 = ORIENTED_EDGE ( 'NONE', *, *, #550, .T. ) ;
#2300 = CARTESIAN_POINT ( 'NONE',  ( 77.25413388012447058, -15.09944781907615940, 97.90000000000001990 ) ) ;
#2301 = DIRECTION ( 'NONE',  ( 0.000000000000000000, -1.000000000000000000, 0.000000000000000000 ) ) ;
#2302 = VECTOR ( 'NONE', #645, 1000.000000000000114 ) ;
#2303 = AXIS2_PLACEMENT_3D ( 'NONE', #1496, #1653, #765 ) ;
#2304 = DIRECTION ( 'NONE',  ( -0.002346137032272054695, -0.9999972478167257206, 0.000000000000000000 ) ) ;
#2305 = DIRECTION ( 'NONE',  ( 0.000000000000000000, 0.000000000000000000, 1.000000000000000000 ) ) ;
#2306 = CIRCLE ( 'NONE', #1031, 12.00000000000000000 ) ;
#2307 = ORIENTED_EDGE ( 'NONE', *, *, #1662, .T. ) ;
#2308 = CARTESIAN_POINT ( 'NONE',  ( 87.71061050272419379, 10.76823338735817792, 89.20000000000000284 ) ) ;
#2309 = DIRECTION ( 'NONE',  ( 0.000000000000000000, 0.000000000000000000, 1.000000000000000000 ) ) ;
#2310 = EDGE_CURVE ( 'NONE', #811, #1999, #936, .T. ) ;
#2311 = ORIENTED_EDGE ( 'NONE', *, *, #1206, .F. ) ;
#2312 = DIRECTION ( 'NONE',  ( 0.000000000000000000, 0.000000000000000000, 1.000000000000000000 ) ) ;
#2313 = DIRECTION ( 'NONE',  ( 0.000000000000000000, 0.000000000000000000, 1.000000000000000000 ) ) ;
#2314 = DIRECTION ( 'NONE',  ( -0.000000000000000000, -0.000000000000000000, -1.000000000000000000 ) ) ;
#2315 = CARTESIAN_POINT ( 'NONE',  ( 64.53938949727583463, -10.76823338735819391, 82.70000000000000284 ) ) ;
#2316 = ORIENTED_EDGE ( 'NONE', *, *, #287, .F. ) ;
#2317 = DIRECTION ( 'NONE',  ( -0.000000000000000000, -0.000000000000000000, -1.000000000000000000 ) ) ;
#2318 = CYLINDRICAL_SURFACE ( 'NONE', #796, 20.00000000000000355 ) ;
#2319 = VERTEX_POINT ( 'NONE', #904 ) ;
#2320 = CIRCLE ( 'NONE', #773, 3.525000000000000355 ) ;
#2321 = CYLINDRICAL_SURFACE ( 'NONE', #177, 3.525000000000000355 ) ;
#2322 = EDGE_CURVE ( 'NONE', #1868, #869, #554, .T. ) ;
#2323 = AXIS2_PLACEMENT_3D ( 'NONE', #247, #1347, #1162 ) ;
#2324 = DIRECTION ( 'NONE',  ( -0.000000000000000000, -0.000000000000000000, -1.000000000000000000 ) ) ;
#2325 = VERTEX_POINT ( 'NONE', #632 ) ;
#2326 = AXIS2_PLACEMENT_3D ( 'NONE', #809, #1932, #1750 ) ;
#2327 = LINE ( 'NONE', #595, #937 ) ;
#2328 = EDGE_LOOP ( 'NONE', ( #218, #132, #2108, #276 ) ) ;
#2329 = CARTESIAN_POINT ( 'NONE',  ( 77.12500000000000000, -10.09999999999999964, 79.20000000000000284 ) ) ;
#2330 = DIRECTION ( 'NONE',  ( -1.000000000000000000, 0.000000000000000000, 0.000000000000000000 ) ) ;
#2331 = VERTEX_POINT ( 'NONE', #968 ) ;
#2332 = AXIS2_PLACEMENT_3D ( 'NONE', #203, #1727, #963 ) ;
#2333 = CYLINDRICAL_SURFACE ( 'NONE', #696, 14.00000000000000000 ) ;
#2334 = EDGE_CURVE ( 'NONE', #892, #1868, #657, .T. ) ;
#2335 = VERTEX_POINT ( 'NONE', #52 ) ;
#2336 = ORIENTED_EDGE ( 'NONE', *, *, #2322, .T. ) ;
#2337 = ORIENTED_EDGE ( 'NONE', *, *, #864, .F. ) ;
#2338 = EDGE_CURVE ( 'NONE', #1493, #2331, #1383, .T. ) ;
#2339 = DIRECTION ( 'NONE',  ( -1.000000000000000000, 0.000000000000000000, 0.000000000000000000 ) ) ;
#2340 = ORIENTED_EDGE ( 'NONE', *, *, #2162, .F. ) ;
#2341 = CYLINDRICAL_SURFACE ( 'NONE', #1289, 2.000000000000001776 ) ;
#2342 = DIRECTION ( 'NONE',  ( -0.000000000000000000, -0.000000000000000000, 1.000000000000000000 ) ) ;
#2343 = DIRECTION ( 'NONE',  ( -1.000000000000000000, 0.000000000000000000, 0.000000000000000000 ) ) ;
#2344 = AXIS2_PLACEMENT_3D ( 'NONE', #446, #1576, #2293 ) ;
#2345 = CARTESIAN_POINT ( 'NONE',  ( 76.70684764991895577, 21.49593330404894687, 79.20000000000000284 ) ) ;
#2346 = VECTOR ( 'NONE', #1805, 1000.000000000000000 ) ;
#2347 = ORIENTED_EDGE ( 'NONE', *, *, #1259, .T. ) ;
#2348 = VERTEX_POINT ( 'NONE', #1139 ) ;
#2349 = ORIENTED_EDGE ( 'NONE', *, *, #386, .T. ) ;
#2350 = ADVANCED_FACE ( 'NONE', ( #1551 ), #2133, .F. ) ;
#2351 = ADVANCED_FACE ( 'NONE', ( #602 ), #40, .F. ) ;
#2352 = CYLINDRICAL_SURFACE ( 'NONE', #1763, 2.000000000000001776 ) ;
#2353 = VERTEX_POINT ( 'NONE', #1745 ) ;
#2354 = DIRECTION ( 'NONE',  ( 0.000000000000000000, 0.000000000000000000, -1.000000000000000000 ) ) ;
#2355 = FACE_BOUND ( 'NONE', #1764, .T. ) ;
#2356 = DIRECTION ( 'NONE',  ( 0.000000000000000000, 1.000000000000000000, 0.000000000000000000 ) ) ;
#2357 = CARTESIAN_POINT ( 'NONE',  ( 94.22444781907616118, 0.1291338801246279533, 97.90000000000001990 ) ) ;
#2358 = AXIS2_PLACEMENT_3D ( 'NONE', #1630, #2209, #1996 ) ;
#2359 = CARTESIAN_POINT ( 'NONE',  ( 57.52404622943284096, 8.834738891675796069, 89.20000000000000284 ) ) ;
#2360 = AXIS2_PLACEMENT_3D ( 'NONE', #278, #642, #46 ) ;
#2361 = ORIENTED_EDGE ( 'NONE', *, *, #2021, .F. ) ;
#2362 = ORIENTED_EDGE ( 'NONE', *, *, #1177, .F. ) ;
#2363 = EDGE_CURVE ( 'NONE', #2449, #856, #429, .T. ) ;
#2364 = DIRECTION ( 'NONE',  ( 0.000000000000000000, 1.000000000000000000, 0.000000000000000000 ) ) ;
#2365 = ORIENTED_EDGE ( 'NONE', *, *, #1432, .T. ) ;
#2366 = CARTESIAN_POINT ( 'NONE',  ( 62.02555218092383171, -0.1291338801246277312, 89.20000000000000284 ) ) ;
#2367 = CARTESIAN_POINT ( 'NONE',  ( 60.02555218092382461, -0.1291338801246277312, 89.20000000000000284 ) ) ;
#2368 = CYLINDRICAL_SURFACE ( 'NONE', #419, 3.000000000000002220 ) ;
#2369 = EDGE_CURVE ( 'NONE', #138, #1588, #464, .T. ) ;
#2370 = DIRECTION ( 'NONE',  ( 0.000000000000000000, 1.000000000000000000, 0.000000000000000000 ) ) ;
#2371 = LINE ( 'NONE', #1488, #398 ) ;
#2372 = ORIENTED_EDGE ( 'NONE', *, *, #1463, .T. ) ;
#2373 = AXIS2_PLACEMENT_3D ( 'NONE', #2009, #103, #852 ) ;
#2374 = CIRCLE ( 'NONE', #478, 21.49999999999999289 ) ;
#2375 = FACE_BOUND ( 'NONE', #2296, .T. ) ;
#2376 = ORIENTED_EDGE ( 'NONE', *, *, #465, .F. ) ;
#2377 = DIRECTION ( 'NONE',  ( 0.000000000000000000, 0.000000000000000000, 1.000000000000000000 ) ) ;
#2378 = CARTESIAN_POINT ( 'NONE',  ( 57.29282491146929601, -11.72006937418067096, 79.20000000000000284 ) ) ;
#2379 = CARTESIAN_POINT ( 'NONE',  ( 0.000000000000000000, 0.000000000000000000, 86.20000000000001705 ) ) ;
#2380 = AXIS2_PLACEMENT_3D ( 'NONE', #2047, #330, #2454 ) ;
#2381 = DIRECTION ( 'NONE',  ( 0.000000000000000000, 0.000000000000000000, 1.000000000000000000 ) ) ;
#2382 = EDGE_CURVE ( 'NONE', #399, #1955, #1293, .T. ) ;
#2383 = DIRECTION ( 'NONE',  ( 0.000000000000000000, 0.000000000000000000, 1.000000000000000000 ) ) ;
#2384 = EDGE_LOOP ( 'NONE', ( #703, #300 ) ) ;
#2385 = AXIS2_PLACEMENT_3D ( 'NONE', #1136, #791, #1534 ) ;
#2386 = CARTESIAN_POINT ( 'NONE',  ( 66.35676661264180609, 10.58561050272417248, 89.20000000000000284 ) ) ;
#2387 = ORIENTED_EDGE ( 'NONE', *, *, #2369, .T. ) ;
#2388 = CARTESIAN_POINT ( 'NONE',  ( -0.3889789303078983185, 19.99621702702229697, 89.20000000000000284 ) ) ;
#2389 = DIRECTION ( 'NONE',  ( -0.000000000000000000, -0.000000000000000000, -1.000000000000000000 ) ) ;
#2390 = CARTESIAN_POINT ( 'NONE',  ( 78.99586611987552942, 15.09944781907616651, 97.90000000000001990 ) ) ;
#2391 = CARTESIAN_POINT ( 'NONE',  ( 49.59832299471049311, -12.96708783832209910, 89.20000000000000284 ) ) ;
#2392 = LINE ( 'NONE', #1633, #2346 ) ;
#2393 = ADVANCED_FACE ( 'NONE', ( #1538 ), #588, .F. ) ;
#2394 = EDGE_LOOP ( 'NONE', ( #1368, #1822, #1118, #972 ) ) ;
#2395 = CIRCLE ( 'NONE', #1637, 2.000000000000001776 ) ;
#2396 = ADVANCED_FACE ( 'NONE', ( #1572 ), #2333, .F. ) ;
#2397 = AXIS2_PLACEMENT_3D ( 'NONE', #1210, #2168, #2142 ) ;
#2398 = CIRCLE ( 'NONE', #1437, 2.999999999999996891 ) ;
#2399 = ORIENTED_EDGE ( 'NONE', *, *, #2292, .T. ) ;
#2400 = AXIS2_PLACEMENT_3D ( 'NONE', #223, #2312, #1733 ) ;
#2401 = ORIENTED_EDGE ( 'NONE', *, *, #2429, .F. ) ;
#2402 = VERTEX_POINT ( 'NONE', #782 ) ;
#2403 = DIRECTION ( 'NONE',  ( 0.000000000000000000, 0.000000000000000000, 1.000000000000000000 ) ) ;
#2404 = ORIENTED_EDGE ( 'NONE', *, *, #1515, .F. ) ;
#2405 = DIRECTION ( 'NONE',  ( 0.000000000000000000, 0.000000000000000000, -1.000000000000000000 ) ) ;
#2406 = LINE ( 'NONE', #1263, #1410 ) ;
#2407 = CARTESIAN_POINT ( 'NONE',  ( 77.12500000000000000, 10.09999999999999964, 79.20000000000000284 ) ) ;
#2408 = CARTESIAN_POINT ( 'NONE',  ( 18.45307813555104559, 11.01600844591851036, 79.20000000000000284 ) ) ;
#2409 = LINE ( 'NONE', #528, #1705 ) ;
#2410 = EDGE_LOOP ( 'NONE', ( #187, #1396, #1397, #591 ) ) ;
#2411 = CARTESIAN_POINT ( 'NONE',  ( 64.42340811621966168, -91.37627967197508383, 89.20000000000000284 ) ) ;
#2412 = AXIS2_PLACEMENT_3D ( 'NONE', #113, #875, #1428 ) ;
#2413 = ORIENTED_EDGE ( 'NONE', *, *, #2053, .F. ) ;
#2414 = CIRCLE ( 'NONE', #1540, 3.549999999999997602 ) ;
#2415 = EDGE_CURVE ( 'NONE', #1999, #1255, #1359, .T. ) ;
#2416 = VERTEX_POINT ( 'NONE', #794 ) ;
#2417 = EDGE_LOOP ( 'NONE', ( #125, #1674, #1886, #2173 ) ) ;
#2418 = CARTESIAN_POINT ( 'NONE',  ( 57.29282491146929601, 11.72006937418067274, 89.20000000000000284 ) ) ;
#2419 = LINE ( 'NONE', #1521, #443 ) ;
#2420 = CARTESIAN_POINT ( 'NONE',  ( 98.62451630437375627, -0.2313872668117759324, 79.20000000000000284 ) ) ;
#2421 = DIRECTION ( 'NONE',  ( -0.8446294373469517280, 0.5353513926076699514, 0.000000000000000000 ) ) ;
#2422 = DIRECTION ( 'NONE',  ( 0.000000000000000000, 0.000000000000000000, -1.000000000000000000 ) ) ;
#2423 = ORIENTED_EDGE ( 'NONE', *, *, #1798, .F. ) ;
#2424 = CARTESIAN_POINT ( 'NONE',  ( 62.02555218092383171, -0.1291338801246277312, 122.9000000000000057 ) ) ;
#2425 = CIRCLE ( 'NONE', #725, 2.000000000000001776 ) ;
#2426 = ORIENTED_EDGE ( 'NONE', *, *, #845, .F. ) ;
#2427 = AXIS2_PLACEMENT_3D ( 'NONE', #1690, #1866, #2456 ) ;
#2428 = ORIENTED_EDGE ( 'NONE', *, *, #790, .T. ) ;
#2429 = EDGE_CURVE ( 'NONE', #1387, #1055, #1905, .T. ) ;
#2430 = FACE_OUTER_BOUND ( 'NONE', #354, .T. ) ;
#2431 = DIRECTION ( 'NONE',  ( 0.000000000000000000, 0.000000000000000000, -1.000000000000000000 ) ) ;
#2432 = LINE ( 'NONE', #318, #48 ) ;
#2433 = DIRECTION ( 'NONE',  ( 0.000000000000000000, 1.000000000000000000, 0.000000000000000000 ) ) ;
#2434 = DIRECTION ( 'NONE',  ( -0.000000000000000000, -0.000000000000000000, 1.000000000000000000 ) ) ;
#2435 = EDGE_LOOP ( 'NONE', ( #1243, #1595, #1696, #1460 ) ) ;
#2436 = FACE_OUTER_BOUND ( 'NONE', #2251, .T. ) ;
#2437 = ORIENTED_EDGE ( 'NONE', *, *, #1106, .F. ) ;
#2438 = CIRCLE ( 'NONE', #1524, 13.99999999999999822 ) ;
#2439 = AXIS2_PLACEMENT_3D ( 'NONE', #2379, #1470, #733 ) ;
#2440 = VECTOR ( 'NONE', #823, 1000.000000000000000 ) ;
#2441 = AXIS2_PLACEMENT_3D ( 'NONE', #2050, #758, #1312 ) ;
#2442 = EDGE_LOOP ( 'NONE', ( #1549, #1057, #1282, #637 ) ) ;
#2443 = ADVANCED_FACE ( 'NONE', ( #2104 ), #1916, .F. ) ;
#2444 = CARTESIAN_POINT ( 'NONE',  ( 76.99586611987552942, 15.09944781907616651, 89.20000000000000284 ) ) ;
#2445 = DIRECTION ( 'NONE',  ( 0.8345984957439479546, -0.5508587395167107159, 0.000000000000000000 ) ) ;
#2446 = DIRECTION ( 'NONE',  ( 0.000000000000000000, 0.000000000000000000, -1.000000000000000000 ) ) ;
#2447 = DIRECTION ( 'NONE',  ( 0.000000000000000000, 0.000000000000000000, 1.000000000000000000 ) ) ;
#2448 = CARTESIAN_POINT ( 'NONE',  ( 87.89323338735817970, -10.58561050272418136, 82.70000000000000284 ) ) ;
#2449 = VERTEX_POINT ( 'NONE', #27 ) ;
#2450 = CARTESIAN_POINT ( 'NONE',  ( 77.12500000000000000, 0.000000000000000000, 89.20000000000000284 ) ) ;
#2451 = ORIENTED_EDGE ( 'NONE', *, *, #1635, .F. ) ;
#2452 = AXIS2_PLACEMENT_3D ( 'NONE', #1789, #1250, #1995 ) ;
#2453 = CYLINDRICAL_SURFACE ( 'NONE', #1202, 2.000000000000001776 ) ;
#2454 = DIRECTION ( 'NONE',  ( 1.000000000000000000, 0.000000000000000000, 0.000000000000000000 ) ) ;
#2455 = DIRECTION ( 'NONE',  ( -0.000000000000000000, -0.000000000000000000, -1.000000000000000000 ) ) ;
#2456 = DIRECTION ( 'NONE',  ( 1.000000000000000000, 0.000000000000000000, 0.000000000000000000 ) ) ;
#2457 = DIRECTION ( 'NONE',  ( 0.000000000000000000, 0.000000000000000000, 1.000000000000000000 ) ) ;
#2458 = ORIENTED_EDGE ( 'NONE', *, *, #1931, .T. ) ;
#2459 = CARTESIAN_POINT ( 'NONE',  ( -1.469576158976823947E-15, -12.00000000000000000, 89.20000000000000284 ) ) ;
#2460 = ADVANCED_FACE ( 'NONE', ( #613 ), #2321, .F. ) ;
#2461 = ORIENTED_EDGE ( 'NONE', *, *, #1242, .T. ) ;
#2462 = ORIENTED_EDGE ( 'NONE', *, *, #1520, .T. ) ;
#2463 = AXIS2_PLACEMENT_3D ( 'NONE', #1983, #1430, #1253 ) ;
#2464 = AXIS2_PLACEMENT_3D ( 'NONE', #346, #1850, #1483 ) ;
#2465 = ORIENTED_EDGE ( 'NONE', *, *, #487, .T. ) ;
#2466 = CIRCLE ( 'NONE', #961, 2.000000000000001776 ) ;
#2467 =( NAMED_UNIT ( * ) SI_UNIT ( $, .STERADIAN. ) SOLID_ANGLE_UNIT ( ) );
#2468 = CARTESIAN_POINT ( 'NONE',  ( 69.88176661264181178, 10.58561050272417248, 82.70000000000000284 ) ) ;
ENDSEC;
END-ISO-10303-21;
