ISO-10303-21;
HEADER;
FILE_DESCRIPTION (( 'STEP AP214' ),
    '1' );
FILE_NAME ('Hopper_Base.STEP',
    '2026-07-28T10:11:14',
    ( '' ),
    ( '' ),
    'SwSTEP 2.0',
    'SolidWorks 2024',
    '' );
FILE_SCHEMA (( 'AUTOMOTIVE_DESIGN' ));
ENDSEC;

DATA;
#1 = FACE_BOUND ( 'NONE', #2022, .T. ) ;
#2 = AXIS2_PLACEMENT_3D ( 'NONE', #1918, #3076, #4911 ) ;
#3 = VECTOR ( 'NONE', #269, 1000.000000000000000 ) ;
#4 = EDGE_CURVE ( 'NONE', #14, #2198, #2731, .T. ) ;
#5 = DIRECTION ( 'NONE',  ( -0.000000000000000000, -1.000000000000000000, -0.000000000000000000 ) ) ;
#6 = DIRECTION ( 'NONE',  ( -0.000000000000000000, -1.000000000000000000, -0.000000000000000000 ) ) ;
#7 = ORIENTED_EDGE ( 'NONE', *, *, #4293, .T. ) ;
#8 = DIRECTION ( 'NONE',  ( 0.000000000000000000, 0.000000000000000000, 1.000000000000000000 ) ) ;
#9 = ORIENTED_EDGE ( 'NONE', *, *, #3290, .F. ) ;
#10 = AXIS2_PLACEMENT_3D ( 'NONE', #2100, #3668, #3997 ) ;
#11 = CARTESIAN_POINT ( 'NONE',  ( -95.00000000000001421, 0.000000000000000000, -72.06723245182799076 ) ) ;
#12 = ADVANCED_FACE ( 'NONE', ( #333 ), #4559, .F. ) ;
#13 = DIRECTION ( 'NONE',  ( -0.000000000000000000, -1.000000000000000000, -0.000000000000000000 ) ) ;
#14 = VERTEX_POINT ( 'NONE', #2323 ) ;
#15 = CARTESIAN_POINT ( 'NONE',  ( 55.00000000000049738, 4.000000000000000000, -72.06723245182753601 ) ) ;
#16 = ORIENTED_EDGE ( 'NONE', *, *, #3160, .T. ) ;
#17 = CARTESIAN_POINT ( 'NONE',  ( -44.00000000000000000, 6.000000000000000000, -76.06723245182799076 ) ) ;
#18 = EDGE_CURVE ( 'NONE', #2315, #4005, #1547, .T. ) ;
#19 = ORIENTED_EDGE ( 'NONE', *, *, #3428, .F. ) ;
#20 = DIRECTION ( 'NONE',  ( -0.000000000000000000, -1.000000000000000000, -0.000000000000000000 ) ) ;
#21 = CIRCLE ( 'NONE', #812, 1.700000000000007061 ) ;
#22 = CARTESIAN_POINT ( 'NONE',  ( 72.73777569617556082, 0.000000000000000000, -19.06723245182797299 ) ) ;
#23 = EDGE_CURVE ( 'NONE', #1553, #2462, #246, .T. ) ;
#24 = ORIENTED_EDGE ( 'NONE', *, *, #1182, .F. ) ;
#25 = DIRECTION ( 'NONE',  ( 0.000000000000000000, -1.000000000000000000, 0.000000000000000000 ) ) ;
#26 = CIRCLE ( 'NONE', #3841, 5.049999999999998934 ) ;
#27 = ORIENTED_EDGE ( 'NONE', *, *, #3762, .F. ) ;
#28 = FILL_AREA_STYLE ('',( #3380 ) ) ;
#29 = VECTOR ( 'NONE', #3456, 1000.000000000000114 ) ;
#30 = CARTESIAN_POINT ( 'NONE',  ( -106.0000000000000142, 0.000000000000000000, -32.06723245182798365 ) ) ;
#31 = CARTESIAN_POINT ( 'NONE',  ( 30.00000000000000000, 82.29999999999999716, 10.93276754817198970 ) ) ;
#32 = ORIENTED_EDGE ( 'NONE', *, *, #2741, .F. ) ;
#33 = DIRECTION ( 'NONE',  ( 0.000000000000000000, 0.000000000000000000, -1.000000000000000000 ) ) ;
#34 = VERTEX_POINT ( 'NONE', #777 ) ;
#35 = AXIS2_PLACEMENT_3D ( 'NONE', #555, #1674, #1250 ) ;
#36 = DIRECTION ( 'NONE',  ( 0.000000000000000000, 1.000000000000000000, 0.000000000000000000 ) ) ;
#37 = DIRECTION ( 'NONE',  ( -0.000000000000000000, -1.000000000000000000, -0.000000000000000000 ) ) ;
#38 = AXIS2_PLACEMENT_3D ( 'NONE', #816, #473, #3884 ) ;
#39 = ORIENTED_EDGE ( 'NONE', *, *, #831, .F. ) ;
#40 = FACE_OUTER_BOUND ( 'NONE', #3144, .T. ) ;
#41 = ORIENTED_EDGE ( 'NONE', *, *, #1885, .F. ) ;
#42 = EDGE_CURVE ( 'NONE', #4708, #3831, #3343, .T. ) ;
#43 = CARTESIAN_POINT ( 'NONE',  ( -106.0000000000000142, 6.000000000000000000, -32.06723245182798365 ) ) ;
#44 = CARTESIAN_POINT ( 'NONE',  ( -69.14213562373099364, 82.29999999999999716, -39.92509682809703264 ) ) ;
#45 = EDGE_CURVE ( 'NONE', #3191, #4025, #4066, .T. ) ;
#46 = CARTESIAN_POINT ( 'NONE',  ( -110.0000000000000142, 15.00000000000000000, -74.06723245182797655 ) ) ;
#47 = ORIENTED_EDGE ( 'NONE', *, *, #4007, .T. ) ;
#48 = DIRECTION ( 'NONE',  ( 0.000000000000000000, -1.000000000000000000, 0.000000000000000000 ) ) ;
#49 = EDGE_LOOP ( 'NONE', ( #1854, #1129, #3807, #2030 ) ) ;
#50 = CARTESIAN_POINT ( 'NONE',  ( 40.85786437626902057, 82.29999999999999716, -41.62509682809704259 ) ) ;
#51 = FACE_OUTER_BOUND ( 'NONE', #2980, .T. ) ;
#52 = VECTOR ( 'NONE', #824, 1000.000000000000000 ) ;
#53 = ADVANCED_FACE ( 'NONE', ( #2245 ), #1101, .F. ) ;
#54 = ORIENTED_EDGE ( 'NONE', *, *, #3558, .T. ) ;
#55 = CARTESIAN_POINT ( 'NONE',  ( 69.14213562373099364, 82.29999999999999716, -66.50936807555892472 ) ) ;
#56 = LINE ( 'NONE', #1463, #2580 ) ;
#57 = ORIENTED_EDGE ( 'NONE', *, *, #4496, .F. ) ;
#58 = DIRECTION ( 'NONE',  ( -0.000000000000000000, -1.000000000000000000, -0.000000000000000000 ) ) ;
#59 = AXIS2_PLACEMENT_3D ( 'NONE', #1626, #2001, #3572 ) ;
#60 = VECTOR ( 'NONE', #2503, 1000.000000000000000 ) ;
#61 = EDGE_LOOP ( 'NONE', ( #4296, #1939, #3857, #3045 ) ) ;
#62 = DIRECTION ( 'NONE',  ( 0.000000000000000000, 0.000000000000000000, 1.000000000000000000 ) ) ;
#63 = CIRCLE ( 'NONE', #3481, 21.50000000000000000 ) ;
#64 = CARTESIAN_POINT ( 'NONE',  ( 69.14213562373126365, 6.000000000000000000, -39.92509682809659211 ) ) ;
#65 = ORIENTED_EDGE ( 'NONE', *, *, #494, .F. ) ;
#66 = DIRECTION ( 'NONE',  ( -0.000000000000000000, -1.000000000000000000, -0.000000000000000000 ) ) ;
#67 = EDGE_LOOP ( 'NONE', ( #4019, #2237, #2589, #1745 ) ) ;
#68 = CARTESIAN_POINT ( 'NONE',  ( 30.00000000000000000, 15.00000000000000000, -71.01723245182800781 ) ) ;
#69 = ADVANCED_FACE ( 'NONE', ( #1866 ), #4936, .T. ) ;
#70 = VERTEX_POINT ( 'NONE', #3442 ) ;
#71 = CARTESIAN_POINT ( 'NONE',  ( 6.434671708797606193, 0.000000000000000000, -14.91995308303618550 ) ) ;
#72 = DIRECTION ( 'NONE',  ( -0.000000000000000000, -1.000000000000000000, -0.000000000000000000 ) ) ;
#73 = EDGE_CURVE ( 'NONE', #344, #2771, #3004, .T. ) ;
#74 = ORIENTED_EDGE ( 'NONE', *, *, #1603, .F. ) ;
#75 = DIRECTION ( 'NONE',  ( 0.000000000000000000, -1.000000000000000000, 0.000000000000000000 ) ) ;
#76 = EDGE_LOOP ( 'NONE', ( #4189, #2719 ) ) ;
#77 = DIRECTION ( 'NONE',  ( -0.000000000000000000, -1.000000000000000000, -0.000000000000000000 ) ) ;
#78 = CARTESIAN_POINT ( 'NONE',  ( 6.434671708797606193, 10.00000000000000000, -14.91995308303618550 ) ) ;
#79 = DIRECTION ( 'NONE',  ( -0.000000000000000000, -1.000000000000000000, -0.000000000000000000 ) ) ;
#80 = EDGE_CURVE ( 'NONE', #4547, #2735, #2713, .T. ) ;
#81 = VERTEX_POINT ( 'NONE', #1203 ) ;
#82 = CARTESIAN_POINT ( 'NONE',  ( -14.91995308303611800, 0.000000000000000000, -6.434671708797656819 ) ) ;
#83 = DIRECTION ( 'NONE',  ( -0.000000000000000000, 1.000000000000000000, 0.000000000000000000 ) ) ;
#84 = CIRCLE ( 'NONE', #2302, 3.000000000000000888 ) ;
#85 = ORIENTED_EDGE ( 'NONE', *, *, #2512, .T. ) ;
#86 = DIRECTION ( 'NONE',  ( 0.000000000000000000, 0.000000000000000000, 1.000000000000000000 ) ) ;
#87 = ORIENTED_EDGE ( 'NONE', *, *, #4187, .T. ) ;
#88 = FACE_BOUND ( 'NONE', #1792, .T. ) ;
#89 = DIRECTION ( 'NONE',  ( -0.000000000000000000, -1.000000000000000000, -0.000000000000000000 ) ) ;
#90 = EDGE_LOOP ( 'NONE', ( #4951, #3103 ) ) ;
#91 = CARTESIAN_POINT ( 'NONE',  ( 10.67731239591673464, 9.999999999999994671, 10.67731239591692116 ) ) ;
#92 = EDGE_CURVE ( 'NONE', #4311, #607, #1903, .T. ) ;
#93 = DIRECTION ( 'NONE',  ( -0.000000000000000000, -1.000000000000000000, -0.000000000000000000 ) ) ;
#94 = ORIENTED_EDGE ( 'NONE', *, *, #2966, .F. ) ;
#95 = CYLINDRICAL_SURFACE ( 'NONE', #4691, 2.000000000000001776 ) ;
#96 = CARTESIAN_POINT ( 'NONE',  ( -30.00000000000000000, 8.900000000000000355, -76.06723245182800497 ) ) ;
#97 = DIRECTION ( 'NONE',  ( -0.000000000000000000, 1.000000000000000000, -0.000000000000000000 ) ) ;
#98 = AXIS2_PLACEMENT_3D ( 'NONE', #1605, #2737, #4590 ) ;
#99 = ORIENTED_EDGE ( 'NONE', *, *, #2177, .T. ) ;
#100 = ADVANCED_FACE ( 'NONE', ( #3798 ), #2298, .F. ) ;
#101 = DIRECTION ( 'NONE',  ( -0.000000000000000000, -1.000000000000000000, -0.000000000000000000 ) ) ;
#102 = DIRECTION ( 'NONE',  ( 0.000000000000000000, -1.000000000000000000, 0.000000000000000000 ) ) ;
#103 = FACE_BOUND ( 'NONE', #1493, .T. ) ;
#104 = ORIENTED_EDGE ( 'NONE', *, *, #3875, .T. ) ;
#105 = CARTESIAN_POINT ( 'NONE',  ( 10.67731239591688386, 9.999999999999994671, -10.67731239591692294 ) ) ;
#106 = DIRECTION ( 'NONE',  ( -0.000000000000000000, -1.000000000000000000, -0.000000000000000000 ) ) ;
#107 = ORIENTED_EDGE ( 'NONE', *, *, #565, .T. ) ;
#108 = CYLINDRICAL_SURFACE ( 'NONE', #3053, 10.09999999999999964 ) ;
#109 = VERTEX_POINT ( 'NONE', #1894 ) ;
#110 = ADVANCED_FACE ( 'NONE', ( #3417 ), #3470, .F. ) ;
#111 = AXIS2_PLACEMENT_3D ( 'NONE', #3791, #382, #2647 ) ;
#112 = DIRECTION ( 'NONE',  ( 0.000000000000000000, -1.000000000000000000, 0.000000000000000000 ) ) ;
#113 = CARTESIAN_POINT ( 'NONE',  ( -55.00000000000001421, 4.000000000000000000, -72.06723245182799076 ) ) ;
#114 = VERTEX_POINT ( 'NONE', #3050 ) ;
#115 = CARTESIAN_POINT ( 'NONE',  ( 10.67731239591688386, 82.29999999999999716, -10.67731239591692294 ) ) ;
#116 = AXIS2_PLACEMENT_3D ( 'NONE', #345, #2236, #1513 ) ;
#117 = DIRECTION ( 'NONE',  ( 0.000000000000000000, 0.000000000000000000, 1.000000000000000000 ) ) ;
#118 =( NAMED_UNIT ( * ) SI_UNIT ( $, .STERADIAN. ) SOLID_ANGLE_UNIT ( ) );
#119 = VECTOR ( 'NONE', #3210, 1000.000000000000000 ) ;
#120 = CARTESIAN_POINT ( 'NONE',  ( 40.85786437626929057, 6.000000000000000000, -37.07509682809682516 ) ) ;
#121 = ORIENTED_EDGE ( 'NONE', *, *, #2916, .F. ) ;
#122 = CARTESIAN_POINT ( 'NONE',  ( 55.00000000000023448, 4.000000000000000000, -32.46723245182754880 ) ) ;
#123 = FACE_OUTER_BOUND ( 'NONE', #3464, .T. ) ;
#124 = ORIENTED_EDGE ( 'NONE', *, *, #4598, .F. ) ;
#125 = DIRECTION ( 'NONE',  ( 0.000000000000000000, 0.000000000000000000, -1.000000000000000000 ) ) ;
#126 = DIRECTION ( 'NONE',  ( -0.000000000000000000, -1.000000000000000000, -0.000000000000000000 ) ) ;
#127 = CARTESIAN_POINT ( 'NONE',  ( -69.14213562373099364, 0.000000000000000000, -39.92509682809703264 ) ) ;
#128 = AXIS2_PLACEMENT_3D ( 'NONE', #3927, #2808, #4337 ) ;
#129 = EDGE_LOOP ( 'NONE', ( #3713, #4677, #54, #1863 ) ) ;
#130 = DIRECTION ( 'NONE',  ( -0.000000000000000000, -1.000000000000000000, -0.000000000000000000 ) ) ;
#131 = PLANE ( 'NONE',  #3552 ) ;
#132 = VERTEX_POINT ( 'NONE', #4584 ) ;
#133 = DIRECTION ( 'NONE',  ( -0.000000000000000000, -1.000000000000000000, -0.000000000000000000 ) ) ;
#134 = ORIENTED_EDGE ( 'NONE', *, *, #1061, .T. ) ;
#135 = AXIS2_PLACEMENT_3D ( 'NONE', #1881, #394, #2234 ) ;
#136 = VECTOR ( 'NONE', #106, 1000.000000000000000 ) ;
#137 = FACE_OUTER_BOUND ( 'NONE', #2471, .T. ) ;
#138 = CIRCLE ( 'NONE', #1001, 5.999999999999979572 ) ;
#139 = DIRECTION ( 'NONE',  ( 0.000000000000000000, 0.000000000000000000, 1.000000000000000000 ) ) ;
#140 = VECTOR ( 'NONE', #1633, 1000.000000000000000 ) ;
#141 = VERTEX_POINT ( 'NONE', #2678 ) ;
#142 = CARTESIAN_POINT ( 'NONE',  ( -44.00000000000000000, 0.000000000000000000, -72.06723245182799076 ) ) ;
#143 = ADVANCED_FACE ( 'NONE', ( #1152 ), #4206, .T. ) ;
#144 = CIRCLE ( 'NONE', #4292, 13.49999999999969980 ) ;
#145 = CIRCLE ( 'NONE', #1654, 2.849999999999991651 ) ;
#146 = CYLINDRICAL_SURFACE ( 'NONE', #516, 2.850000000000005418 ) ;
#147 = DIRECTION ( 'NONE',  ( 0.000000000000000000, -1.000000000000000000, 0.000000000000000000 ) ) ;
#148 = EDGE_CURVE ( 'NONE', #2473, #2505, #1255, .T. ) ;
#149 = VECTOR ( 'NONE', #79, 1000.000000000000000 ) ;
#150 = CARTESIAN_POINT ( 'NONE',  ( -69.14213562373099364, 6.000000000000005329, -41.62509682809703548 ) ) ;
#151 = ORIENTED_EDGE ( 'NONE', *, *, #4266, .T. ) ;
#152 = DIRECTION ( 'NONE',  ( -0.7071067811865437980, -0.000000000000000000, -0.7071067811865513475 ) ) ;
#153 = ORIENTED_EDGE ( 'NONE', *, *, #2376, .F. ) ;
#154 = EDGE_CURVE ( 'NONE', #4480, #4944, #4475, .T. ) ;
#155 = CARTESIAN_POINT ( 'NONE',  ( -69.14213562373099364, 82.29999999999999716, -69.90936807555890198 ) ) ;
#156 = DIRECTION ( 'NONE',  ( 0.000000000000000000, 1.000000000000000000, 0.000000000000000000 ) ) ;
#157 = DIRECTION ( 'NONE',  ( -0.000000000000000000, -1.000000000000000000, -0.000000000000000000 ) ) ;
#158 = CARTESIAN_POINT ( 'NONE',  ( 40.85786437626900636, 15.00000000000000000, -66.50936807555891050 ) ) ;
#159 = ORIENTED_EDGE ( 'NONE', *, *, #1328, .T. ) ;
#160 = CYLINDRICAL_SURFACE ( 'NONE', #35, 5.049999999999998934 ) ;
#161 = ORIENTED_EDGE ( 'NONE', *, *, #3379, .F. ) ;
#162 = DIRECTION ( 'NONE',  ( 0.000000000000000000, -1.000000000000000000, 0.000000000000000000 ) ) ;
#163 = DIRECTION ( 'NONE',  ( 0.000000000000000000, 0.000000000000000000, -1.000000000000000000 ) ) ;
#164 = VERTEX_POINT ( 'NONE', #3870 ) ;
#165 = CYLINDRICAL_SURFACE ( 'NONE', #4188, 3.000000000000002665 ) ;
#166 = AXIS2_PLACEMENT_3D ( 'NONE', #30, #4576, #4906 ) ;
#167 = FACE_OUTER_BOUND ( 'NONE', #1445, .T. ) ;
#168 = EDGE_CURVE ( 'NONE', #4544, #2709, #4711, .T. ) ;
#169 = DIRECTION ( 'NONE',  ( 0.000000000000000000, 0.000000000000000000, -1.000000000000000000 ) ) ;
#170 = AXIS2_PLACEMENT_3D ( 'NONE', #1658, #3181, #1278 ) ;
#171 = CIRCLE ( 'NONE', #408, 10.00000000000001066 ) ;
#172 = ADVANCED_FACE ( 'NONE', ( #2854, #2455 ), #560, .F. ) ;
#173 = DIRECTION ( 'NONE',  ( 0.000000000000000000, 1.000000000000000000, 0.000000000000000000 ) ) ;
#174 = CIRCLE ( 'NONE', #1128, 3.000000000000000888 ) ;
#175 = DIRECTION ( 'NONE',  ( 0.000000000000000000, 0.000000000000000000, 1.000000000000000000 ) ) ;
#176 = ORIENTED_EDGE ( 'NONE', *, *, #3671, .F. ) ;
#177 = CARTESIAN_POINT ( 'NONE',  ( -6.434671708797504053, 10.00000000000000000, 14.91995308303618550 ) ) ;
#178 = CARTESIAN_POINT ( 'NONE',  ( 44.00000000000022027, 6.000000000000000000, -30.06723245182776338 ) ) ;
#179 = ORIENTED_EDGE ( 'NONE', *, *, #1786, .F. ) ;
#180 = DIRECTION ( 'NONE',  ( 0.000000000000000000, 1.000000000000000000, 0.000000000000000000 ) ) ;
#181 = LINE ( 'NONE', #4398, #3871 ) ;
#182 = ORIENTED_EDGE ( 'NONE', *, *, #2357, .F. ) ;
#183 = DIRECTION ( 'NONE',  ( 0.000000000000000000, -1.000000000000000000, 0.000000000000000000 ) ) ;
#184 = VERTEX_POINT ( 'NONE', #907 ) ;
#185 = DIRECTION ( 'NONE',  ( 0.000000000000000000, 0.000000000000000000, 1.000000000000000000 ) ) ;
#186 = EDGE_CURVE ( 'NONE', #2520, #1827, #1628, .T. ) ;
#187 = CARTESIAN_POINT ( 'NONE',  ( 64.47434386723108446, 15.00000000000000000, -14.69890133488453543 ) ) ;
#188 = ORIENTED_EDGE ( 'NONE', *, *, #4299, .T. ) ;
#189 = CARTESIAN_POINT ( 'NONE',  ( 100.0000000000000142, 15.00000000000000000, -19.06723245182795878 ) ) ;
#190 = VECTOR ( 'NONE', #1821, 1000.000000000000000 ) ;
#191 = LINE ( 'NONE', #3901, #4424 ) ;
#192 = CARTESIAN_POINT ( 'NONE',  ( -55.00000000000000711, 0.000000000000000000, -54.06723245182796234 ) ) ;
#193 = EDGE_CURVE ( 'NONE', #3065, #3393, #3950, .T. ) ;
#194 = AXIS2_PLACEMENT_3D ( 'NONE', #2441, #3937, #1962 ) ;
#195 = CARTESIAN_POINT ( 'NONE',  ( -95.00000000000001421, 4.000000000000000000, -72.06723245182799076 ) ) ;
#196 = DIRECTION ( 'NONE',  ( -0.000000000000000000, -1.000000000000000000, -0.000000000000000000 ) ) ;
#197 = ADVANCED_FACE ( 'NONE', ( #884 ), #2027, .F. ) ;
#198 = EDGE_LOOP ( 'NONE', ( #4805, #3872, #3327, #2550 ) ) ;
#199 = CARTESIAN_POINT ( 'NONE',  ( 14.91995308303615886, 0.000000000000000000, -6.434671708797656819 ) ) ;
#200 = CYLINDRICAL_SURFACE ( 'NONE', #4882, 1.600000000000004086 ) ;
#201 = DIRECTION ( 'NONE',  ( -0.000000000000000000, -1.000000000000000000, -0.000000000000000000 ) ) ;
#202 = EDGE_LOOP ( 'NONE', ( #623, #2540, #1596, #2878 ) ) ;
#203 = DIRECTION ( 'NONE',  ( 0.000000000000000000, 0.000000000000000000, 1.000000000000000000 ) ) ;
#204 = ORIENTED_EDGE ( 'NONE', *, *, #587, .F. ) ;
#205 = EDGE_CURVE ( 'NONE', #2198, #4915, #1427, .T. ) ;
#206 = DIRECTION ( 'NONE',  ( 0.000000000000000000, 0.000000000000000000, -1.000000000000000000 ) ) ;
#207 = CARTESIAN_POINT ( 'NONE',  ( 30.00000000000000000, 0.000000000000000000, -76.06723245182800497 ) ) ;
#208 = EDGE_LOOP ( 'NONE', ( #254, #2717, #4177, #4650 ) ) ;
#209 = DIRECTION ( 'NONE',  ( 0.000000000000000000, 0.000000000000000000, -1.000000000000000000 ) ) ;
#210 = VECTOR ( 'NONE', #1660, 1000.000000000000000 ) ;
#211 = CARTESIAN_POINT ( 'NONE',  ( -100.0000000000000142, 0.000000000000000000, -84.06723245182797655 ) ) ;
#212 = VECTOR ( 'NONE', #4444, 1000.000000000000000 ) ;
#213 = AXIS2_PLACEMENT_3D ( 'NONE', #3175, #2778, #2019 ) ;
#214 = EDGE_LOOP ( 'NONE', ( #1068, #4467, #3566, #4041 ) ) ;
#215 = DIRECTION ( 'NONE',  ( 0.000000000000000000, -1.000000000000000000, 0.000000000000000000 ) ) ;
#216 = VECTOR ( 'NONE', #1028, 1000.000000000000000 ) ;
#217 = EDGE_LOOP ( 'NONE', ( #3488, #4825, #3855, #3072 ) ) ;
#218 = VECTOR ( 'NONE', #3186, 1000.000000000000000 ) ;
#219 = LINE ( 'NONE', #2748, #3223 ) ;
#220 = CARTESIAN_POINT ( 'NONE',  ( -69.14213562373099364, 6.000000000000000000, -68.20936807555891335 ) ) ;
#221 = EDGE_CURVE ( 'NONE', #448, #4394, #323, .T. ) ;
#222 = AXIS2_PLACEMENT_3D ( 'NONE', #3319, #1362, #206 ) ;
#223 = ORIENTED_EDGE ( 'NONE', *, *, #1267, .F. ) ;
#224 = FACE_BOUND ( 'NONE', #1719, .T. ) ;
#225 = EDGE_CURVE ( 'NONE', #1413, #980, #2309, .T. ) ;
#226 = CARTESIAN_POINT ( 'NONE',  ( -40.85786437626902057, 6.000000000000005329, -41.62509682809704259 ) ) ;
#227 = DIRECTION ( 'NONE',  ( -0.000000000000000000, -1.000000000000000000, -0.000000000000000000 ) ) ;
#228 = ORIENTED_EDGE ( 'NONE', *, *, #2476, .T. ) ;
#229 = DIRECTION ( 'NONE',  ( -0.000000000000000000, 1.000000000000000000, -0.000000000000000000 ) ) ;
#230 = ORIENTED_EDGE ( 'NONE', *, *, #709, .F. ) ;
#231 = CARTESIAN_POINT ( 'NONE',  ( 0.000000000000000000, 0.000000000000000000, 0.000000000000000000 ) ) ;
#232 = EDGE_CURVE ( 'NONE', #2221, #4082, #3127, .T. ) ;
#233 = DIRECTION ( 'NONE',  ( -0.000000000000000000, -1.000000000000000000, -0.000000000000000000 ) ) ;
#234 = ORIENTED_EDGE ( 'NONE', *, *, #2697, .F. ) ;
#235 = DIRECTION ( 'NONE',  ( -0.000000000000000000, -1.000000000000000000, -0.000000000000000000 ) ) ;
#236 = AXIS2_PLACEMENT_3D ( 'NONE', #2799, #1671, #2398 ) ;
#237 = DIRECTION ( 'NONE',  ( -0.000000000000000000, -1.000000000000000000, -0.000000000000000000 ) ) ;
#238 = EDGE_CURVE ( 'NONE', #3254, #2532, #2798, .T. ) ;
#239 = ORIENTED_EDGE ( 'NONE', *, *, #2506, .T. ) ;
#240 = DIRECTION ( 'NONE',  ( 0.000000000000000000, -1.000000000000000000, 0.000000000000000000 ) ) ;
#241 = EDGE_CURVE ( 'NONE', #2520, #962, #2381, .T. ) ;
#242 = AXIS2_PLACEMENT_3D ( 'NONE', #3434, #2316, #426 ) ;
#243 = ORIENTED_EDGE ( 'NONE', *, *, #4381, .F. ) ;
#244 = ORIENTED_EDGE ( 'NONE', *, *, #1531, .F. ) ;
#245 = DIRECTION ( 'NONE',  ( -0.000000000000000000, -1.000000000000000000, -0.000000000000000000 ) ) ;
#246 = CIRCLE ( 'NONE', #3902, 1.700000000000007061 ) ;
#247 = DIRECTION ( 'NONE',  ( -0.000000000000000000, -1.000000000000000000, -0.000000000000000000 ) ) ;
#248 = AXIS2_PLACEMENT_3D ( 'NONE', #4404, #3717, #4460 ) ;
#249 = ORIENTED_EDGE ( 'NONE', *, *, #4259, .F. ) ;
#250 = DIRECTION ( 'NONE',  ( 0.000000000000000000, 1.000000000000000000, 0.000000000000000000 ) ) ;
#251 = VERTEX_POINT ( 'NONE', #1301 ) ;
#252 = CARTESIAN_POINT ( 'NONE',  ( 14.91995308303615886, 10.00000000000000000, -6.434671708797656819 ) ) ;
#253 = DIRECTION ( 'NONE',  ( 0.000000000000000000, -1.000000000000000000, 0.000000000000000000 ) ) ;
#254 = ORIENTED_EDGE ( 'NONE', *, *, #3549, .F. ) ;
#255 = FACE_BOUND ( 'NONE', #581, .T. ) ;
#256 = VERTEX_POINT ( 'NONE', #2830 ) ;
#257 = EDGE_CURVE ( 'NONE', #2871, #2226, #2077, .T. ) ;
#258 = CARTESIAN_POINT ( 'NONE',  ( -44.00000000000000000, 6.000000000000000000, -34.06723245182799076 ) ) ;
#259 = DIRECTION ( 'NONE',  ( -0.000000000000000000, -1.000000000000000000, -0.000000000000000000 ) ) ;
#260 = ORIENTED_EDGE ( 'NONE', *, *, #2419, .F. ) ;
#261 = CARTESIAN_POINT ( 'NONE',  ( 64.47434386723108446, 0.000000000000000000, -14.69890133488453543 ) ) ;
#262 = EDGE_CURVE ( 'NONE', #2988, #2367, #639, .T. ) ;
#263 = CIRCLE ( 'NONE', #2968, 3.000000000000000888 ) ;
#264 = DIRECTION ( 'NONE',  ( 0.000000000000000000, 0.000000000000000000, 1.000000000000000000 ) ) ;
#265 = ORIENTED_EDGE ( 'NONE', *, *, #1885, .T. ) ;
#266 = DIRECTION ( 'NONE',  ( -0.000000000000000000, -1.000000000000000000, -0.000000000000000000 ) ) ;
#267 = ORIENTED_EDGE ( 'NONE', *, *, #532, .T. ) ;
#268 = EDGE_LOOP ( 'NONE', ( #4790, #2478, #711, #2869 ) ) ;
#269 = DIRECTION ( 'NONE',  ( -0.000000000000000000, -1.000000000000000000, -0.000000000000000000 ) ) ;
#270 = PLANE ( 'NONE',  #2327 ) ;
#271 = EDGE_CURVE ( 'NONE', #411, #1114, #2956, .T. ) ;
#272 = CYLINDRICAL_SURFACE ( 'NONE', #3310, 1.600000000000004086 ) ;
#273 = CIRCLE ( 'NONE', #974, 2.849999999999991651 ) ;
#274 = CIRCLE ( 'NONE', #3364, 1.600000000000004086 ) ;
#275 = VERTEX_POINT ( 'NONE', #4282 ) ;
#276 = FACE_BOUND ( 'NONE', #818, .T. ) ;
#277 = AXIS2_PLACEMENT_3D ( 'NONE', #4907, #1888, #1541 ) ;
#278 = DIRECTION ( 'NONE',  ( -0.000000000000000000, -1.000000000000000000, -0.000000000000000000 ) ) ;
#279 = CYLINDRICAL_SURFACE ( 'NONE', #3162, 2.849999999999998312 ) ;
#280 = ORIENTED_EDGE ( 'NONE', *, *, #2060, .T. ) ;
#281 = CARTESIAN_POINT ( 'NONE',  ( -40.85786437626902057, 6.000000000000000000, -39.92509682809703975 ) ) ;
#282 = VERTEX_POINT ( 'NONE', #858 ) ;
#283 = DIRECTION ( 'NONE',  ( 0.000000000000000000, 0.000000000000000000, -1.000000000000000000 ) ) ;
#284 = ADVANCED_FACE ( 'NONE', ( #3898 ), #2003, .T. ) ;
#285 = DIRECTION ( 'NONE',  ( 0.000000000000000000, -1.000000000000000000, 0.000000000000000000 ) ) ;
#286 = VERTEX_POINT ( 'NONE', #2477 ) ;
#287 = DIRECTION ( 'NONE',  ( 0.000000000000000000, 0.000000000000000000, -1.000000000000000000 ) ) ;
#288 = DIRECTION ( 'NONE',  ( -0.000000000000000000, -1.000000000000000000, -0.000000000000000000 ) ) ;
#289 = EDGE_CURVE ( 'NONE', #1006, #874, #3030, .T. ) ;
#290 = ORIENTED_EDGE ( 'NONE', *, *, #1757, .T. ) ;
#291 = AXIS2_PLACEMENT_3D ( 'NONE', #1703, #511, #4285 ) ;
#292 = CARTESIAN_POINT ( 'NONE',  ( -40.85786437626902057, 6.000000000000000000, -42.77509682809704117 ) ) ;
#293 = ORIENTED_EDGE ( 'NONE', *, *, #2692, .F. ) ;
#294 = ORIENTED_EDGE ( 'NONE', *, *, #440, .F. ) ;
#295 = CIRCLE ( 'NONE', #3869, 3.000000000000002665 ) ;
#296 = VECTOR ( 'NONE', #227, 1000.000000000000000 ) ;
#297 = DIRECTION ( 'NONE',  ( 0.000000000000000000, 0.000000000000000000, 1.000000000000000000 ) ) ;
#298 = DIRECTION ( 'NONE',  ( 0.000000000000000000, 0.000000000000000000, 1.000000000000000000 ) ) ;
#299 = CARTESIAN_POINT ( 'NONE',  ( -30.00000000000000000, 82.29999999999999716, -76.06723245182800497 ) ) ;
#300 = EDGE_CURVE ( 'NONE', #1790, #422, #1344, .T. ) ;
#301 = VECTOR ( 'NONE', #784, 1000.000000000000000 ) ;
#302 = ORIENTED_EDGE ( 'NONE', *, *, #906, .F. ) ;
#303 = CARTESIAN_POINT ( 'NONE',  ( -44.00000000000000000, 6.000000000000000000, -74.06723245182799076 ) ) ;
#304 = FACE_OUTER_BOUND ( 'NONE', #4257, .T. ) ;
#305 = ORIENTED_EDGE ( 'NONE', *, *, #2858, .T. ) ;
#306 = CARTESIAN_POINT ( 'NONE',  ( -69.14213562373099364, 6.000000000000005329, -39.92509682809703264 ) ) ;
#307 = EDGE_CURVE ( 'NONE', #2055, #4428, #885, .T. ) ;
#308 = ORIENTED_EDGE ( 'NONE', *, *, #963, .F. ) ;
#309 = DIRECTION ( 'NONE',  ( 0.000000000000000000, -1.000000000000000000, 0.000000000000000000 ) ) ;
#310 = DIRECTION ( 'NONE',  ( 0.000000000000000000, 0.000000000000000000, -1.000000000000000000 ) ) ;
#311 = EDGE_LOOP ( 'NONE', ( #1040, #1431, #773, #4456 ) ) ;
#312 = CARTESIAN_POINT ( 'NONE',  ( 14.91995308303615886, 0.000000000000000000, -6.434671708797656819 ) ) ;
#313 = LINE ( 'NONE', #1823, #1007 ) ;
#314 = ORIENTED_EDGE ( 'NONE', *, *, #1636, .T. ) ;
#315 = CARTESIAN_POINT ( 'NONE',  ( -100.0000000000000142, 15.00000000000000000, -19.06723245182796944 ) ) ;
#316 = EDGE_CURVE ( 'NONE', #448, #2028, #4483, .T. ) ;
#317 = FACE_OUTER_BOUND ( 'NONE', #4128, .T. ) ;
#318 = DIRECTION ( 'NONE',  ( 0.000000000000000000, -1.000000000000000000, 0.000000000000000000 ) ) ;
#319 = CIRCLE ( 'NONE', #1822, 1.599999999999997202 ) ;
#320 = EDGE_LOOP ( 'NONE', ( #1091, #2293, #3664, #1226 ) ) ;
#321 = EDGE_CURVE ( 'NONE', #164, #1612, #2873, .T. ) ;
#322 = CARTESIAN_POINT ( 'NONE',  ( 100.0000000000000142, 15.00000000000000000, -19.06723245182795878 ) ) ;
#323 = CIRCLE ( 'NONE', #1038, 1.600000000000004086 ) ;
#324 = AXIS2_PLACEMENT_3D ( 'NONE', #4084, #3214, #1010 ) ;
#325 = ORIENTED_EDGE ( 'NONE', *, *, #4366, .T. ) ;
#326 = DIRECTION ( 'NONE',  ( 0.000000000000000000, 0.000000000000000000, -1.000000000000000000 ) ) ;
#327 = VERTEX_POINT ( 'NONE', #2549 ) ;
#328 = DIRECTION ( 'NONE',  ( -0.000000000000000000, 1.000000000000000000, 0.000000000000000000 ) ) ;
#329 = CYLINDRICAL_SURFACE ( 'NONE', #1704, 3.000000000000000888 ) ;
#330 = ORIENTED_EDGE ( 'NONE', *, *, #4720, .T. ) ;
#331 = CARTESIAN_POINT ( 'NONE',  ( -110.0000000000000142, 15.00000000000000000, -74.06723245182797655 ) ) ;
#332 = DIRECTION ( 'NONE',  ( 0.000000000000000000, -1.000000000000000000, 0.000000000000000000 ) ) ;
#333 = FACE_OUTER_BOUND ( 'NONE', #217, .T. ) ;
#334 = ORIENTED_EDGE ( 'NONE', *, *, #1527, .T. ) ;
#335 = LINE ( 'NONE', #2904, #60 ) ;
#336 = VERTEX_POINT ( 'NONE', #3340 ) ;
#337 = CARTESIAN_POINT ( 'NONE',  ( 106.0000000000002274, 6.000000000000000000, -32.06723245182732285 ) ) ;
#338 = DIRECTION ( 'NONE',  ( -0.000000000000000000, 1.000000000000000000, -0.000000000000000000 ) ) ;
#339 = ORIENTED_EDGE ( 'NONE', *, *, #2229, .T. ) ;
#340 = VECTOR ( 'NONE', #3648, 1000.000000000000227 ) ;
#341 = DIRECTION ( 'NONE',  ( 0.000000000000000000, 1.000000000000000000, 0.000000000000000000 ) ) ;
#342 = EDGE_CURVE ( 'NONE', #4820, #1514, #2396, .T. ) ;
#343 = VECTOR ( 'NONE', #1931, 1000.000000000000000 ) ;
#344 = VERTEX_POINT ( 'NONE', #4884 ) ;
#345 = CARTESIAN_POINT ( 'NONE',  ( 10.67731239591688208, 10.00000000000000000, -10.67731239591691939 ) ) ;
#346 = VERTEX_POINT ( 'NONE', #2197 ) ;
#347 = AXIS2_PLACEMENT_3D ( 'NONE', #2718, #3965, #2063 ) ;
#348 = PLANE ( 'NONE',  #2368 ) ;
#349 = AXIS2_PLACEMENT_3D ( 'NONE', #1632, #3157, #1258 ) ;
#350 = CARTESIAN_POINT ( 'NONE',  ( -55.00000000000001421, 4.000000000000000000, -35.66723245182798507 ) ) ;
#351 = CARTESIAN_POINT ( 'NONE',  ( 95.00000000000051159, 0.000000000000000000, -73.66723245182733137 ) ) ;
#352 = ORIENTED_EDGE ( 'NONE', *, *, #2333, .F. ) ;
#353 = FACE_OUTER_BOUND ( 'NONE', #1174, .T. ) ;
#354 = ADVANCED_FACE ( 'NONE', ( #2498 ), #1439, .F. ) ;
#355 = DIRECTION ( 'NONE',  ( -0.000000000000000000, -1.000000000000000000, -0.000000000000000000 ) ) ;
#356 = CARTESIAN_POINT ( 'NONE',  ( -95.00000000000001421, 4.000000000000000000, -73.66723245182798507 ) ) ;
#357 = ORIENTED_EDGE ( 'NONE', *, *, #601, .T. ) ;
#358 = FACE_OUTER_BOUND ( 'NONE', #1561, .T. ) ;
#359 = ORIENTED_EDGE ( 'NONE', *, *, #1378, .F. ) ;
#360 = CYLINDRICAL_SURFACE ( 'NONE', #3938, 1.999999999999994893 ) ;
#361 = CARTESIAN_POINT ( 'NONE',  ( 30.00000000000000000, 8.900000000000000355, -81.11723245182800213 ) ) ;
#362 = AXIS2_PLACEMENT_3D ( 'NONE', #3104, #4587, #1154 ) ;
#363 = ORIENTED_EDGE ( 'NONE', *, *, #2120, .T. ) ;
#364 = CARTESIAN_POINT ( 'NONE',  ( -10.67731239591680925, 0.000000000000000000, -10.67731239591691939 ) ) ;
#365 = AXIS2_PLACEMENT_3D ( 'NONE', #573, #2888, #2090 ) ;
#366 = ORIENTED_EDGE ( 'NONE', *, *, #2229, .F. ) ;
#367 = AXIS2_PLACEMENT_3D ( 'NONE', #4159, #253, #3240 ) ;
#368 = LINE ( 'NONE', #2613, #1720 ) ;
#369 = AXIS2_PLACEMENT_3D ( 'NONE', #1041, #3281, #666 ) ;
#370 = AXIS2_PLACEMENT_3D ( 'NONE', #4328, #2448, #876 ) ;
#371 = ORIENTED_EDGE ( 'NONE', *, *, #4403, .T. ) ;
#372 = DIRECTION ( 'NONE',  ( 0.000000000000000000, 0.000000000000000000, 1.000000000000000000 ) ) ;
#373 = EDGE_LOOP ( 'NONE', ( #4636, #4567, #1166, #3905 ) ) ;
#374 = CIRCLE ( 'NONE', #4445, 3.000000000000002665 ) ;
#375 = VECTOR ( 'NONE', #4365, 1000.000000000000000 ) ;
#376 = ADVANCED_FACE ( 'NONE', ( #1768 ), #953, .F. ) ;
#377 = CARTESIAN_POINT ( 'NONE',  ( -55.00000000000001421, 0.000000000000000000, -70.46723245182798223 ) ) ;
#378 = AXIS2_PLACEMENT_3D ( 'NONE', #2395, #821, #1616 ) ;
#379 = CARTESIAN_POINT ( 'NONE',  ( 10.67731239591673287, 10.00000000000000000, 10.67731239591691939 ) ) ;
#380 = CARTESIAN_POINT ( 'NONE',  ( 10.67731239591673464, 82.29999999999999716, 12.67731239591692471 ) ) ;
#381 = ORIENTED_EDGE ( 'NONE', *, *, #3483, .F. ) ;
#382 = DIRECTION ( 'NONE',  ( 0.7071067811865537900, 0.000000000000000000, -0.7071067811865413555 ) ) ;
#383 = ORIENTED_EDGE ( 'NONE', *, *, #1710, .F. ) ;
#384 = EDGE_CURVE ( 'NONE', #2750, #1179, #4719, .T. ) ;
#385 = DIRECTION ( 'NONE',  ( 0.000000000000000000, 0.000000000000000000, -1.000000000000000000 ) ) ;
#386 = DIRECTION ( 'NONE',  ( 0.000000000000000000, 0.000000000000000000, 1.000000000000000000 ) ) ;
#387 = VERTEX_POINT ( 'NONE', #2174 ) ;
#388 = FACE_OUTER_BOUND ( 'NONE', #1359, .T. ) ;
#389 = ORIENTED_EDGE ( 'NONE', *, *, #780, .F. ) ;
#390 = EDGE_CURVE ( 'NONE', #109, #422, #1279, .T. ) ;
#391 = DIRECTION ( 'NONE',  ( -0.7071067811865437980, 0.000000000000000000, 0.7071067811865513475 ) ) ;
#392 = CARTESIAN_POINT ( 'NONE',  ( -106.0000000000000142, 0.000000000000000000, -74.06723245182799076 ) ) ;
#393 = VECTOR ( 'NONE', #2777, 1000.000000000000000 ) ;
#394 = DIRECTION ( 'NONE',  ( 0.000000000000000000, 1.000000000000000000, 0.000000000000000000 ) ) ;
#395 = VERTEX_POINT ( 'NONE', #602 ) ;
#396 = CARTESIAN_POINT ( 'NONE',  ( -110.0000000000000142, 0.000000000000000000, -74.06723245182797655 ) ) ;
#397 = EDGE_CURVE ( 'NONE', #1623, #4856, #2154, .T. ) ;
#398 = VERTEX_POINT ( 'NONE', #4858 ) ;
#399 = FACE_BOUND ( 'NONE', #1256, .T. ) ;
#400 = AXIS2_PLACEMENT_3D ( 'NONE', #3349, #2907, #3303 ) ;
#401 = DIRECTION ( 'NONE',  ( 0.000000000000000000, 0.000000000000000000, -1.000000000000000000 ) ) ;
#402 = CARTESIAN_POINT ( 'NONE',  ( 40.85786437626946821, 6.000000000000000000, -68.20936807555868597 ) ) ;
#403 = EDGE_CURVE ( 'NONE', #607, #4311, #407, .T. ) ;
#404 = ORIENTED_EDGE ( 'NONE', *, *, #403, .T. ) ;
#405 = CARTESIAN_POINT ( 'NONE',  ( 100.0000000000000142, 15.00000000000000000, -74.06723245182797655 ) ) ;
#406 = ORIENTED_EDGE ( 'NONE', *, *, #4496, .T. ) ;
#407 = CIRCLE ( 'NONE', #10, 1.699999999999993072 ) ;
#408 = AXIS2_PLACEMENT_3D ( 'NONE', #4673, #3535, #125 ) ;
#409 = DIRECTION ( 'NONE',  ( -0.000000000000000000, 1.000000000000000000, 0.000000000000000000 ) ) ;
#410 = CARTESIAN_POINT ( 'NONE',  ( 110.0000000000000142, 15.00000000000000000, -74.06723245182797655 ) ) ;
#411 = VERTEX_POINT ( 'NONE', #580 ) ;
#412 = FACE_OUTER_BOUND ( 'NONE', #1176, .T. ) ;
#413 = ADVANCED_FACE ( 'NONE', ( #1363 ), #1417, .T. ) ;
#414 = EDGE_LOOP ( 'NONE', ( #3638, #159 ) ) ;
#415 = CARTESIAN_POINT ( 'NONE',  ( -30.00000000000000000, 82.29999999999999716, -76.06723245182800497 ) ) ;
#416 = FACE_OUTER_BOUND ( 'NONE', #1697, .T. ) ;
#417 = EDGE_CURVE ( 'NONE', #3022, #3182, #3188, .T. ) ;
#418 = CARTESIAN_POINT ( 'NONE',  ( 106.0000000000005116, 6.000000000000000000, -72.06723245182732285 ) ) ;
#419 = EDGE_LOOP ( 'NONE', ( #3148, #4531 ) ) ;
#420 = CARTESIAN_POINT ( 'NONE',  ( -95.00000000000001421, 4.000000000000000000, -32.46723245182798223 ) ) ;
#421 = AXIS2_PLACEMENT_3D ( 'NONE', #429, #4227, #3465 ) ;
#422 = VERTEX_POINT ( 'NONE', #4048 ) ;
#423 = DIRECTION ( 'NONE',  ( 0.000000000000000000, 1.000000000000000000, 0.000000000000000000 ) ) ;
#424 = AXIS2_PLACEMENT_3D ( 'NONE', #2215, #4572, #3732 ) ;
#425 = ORIENTED_EDGE ( 'NONE', *, *, #1191, .T. ) ;
#426 = DIRECTION ( 'NONE',  ( 0.000000000000000000, 0.000000000000000000, -1.000000000000000000 ) ) ;
#427 = LINE ( 'NONE', #2644, #431 ) ;
#428 = ORIENTED_EDGE ( 'NONE', *, *, #1385, .T. ) ;
#429 = CARTESIAN_POINT ( 'NONE',  ( -55.00000000000001421, 0.000000000000000000, -72.06723245182799076 ) ) ;
#430 = ORIENTED_EDGE ( 'NONE', *, *, #225, .T. ) ;
#431 = VECTOR ( 'NONE', #4529, 1000.000000000000000 ) ;
#432 = DIRECTION ( 'NONE',  ( 0.000000000000000000, 0.000000000000000000, -1.000000000000000000 ) ) ;
#433 = ADVANCED_FACE ( 'NONE', ( #625, #3291 ), #4829, .F. ) ;
#434 = DIRECTION ( 'NONE',  ( 0.000000000000000000, 0.000000000000000000, 1.000000000000000000 ) ) ;
#435 = VECTOR ( 'NONE', #245, 1000.000000000000000 ) ;
#436 = EDGE_LOOP ( 'NONE', ( #3845, #2227 ) ) ;
#437 = CARTESIAN_POINT ( 'NONE',  ( -106.0000000000000142, 6.000000000000000000, -30.06723245182799076 ) ) ;
#438 = ORIENTED_EDGE ( 'NONE', *, *, #2177, .F. ) ;
#439 = LINE ( 'NONE', #1156, #2663 ) ;
#440 = EDGE_CURVE ( 'NONE', #3269, #2431, #4929, .T. ) ;
#441 = ORIENTED_EDGE ( 'NONE', *, *, #3558, .F. ) ;
#442 = CARTESIAN_POINT ( 'NONE',  ( -10.67731239591681103, 82.29999999999999716, -10.67731239591692294 ) ) ;
#443 = EDGE_CURVE ( 'NONE', #1978, #2535, #1272, .T. ) ;
#444 = CARTESIAN_POINT ( 'NONE',  ( 37.18544323025009390, 15.00000000000000000, 25.34250997375450964 ) ) ;
#445 = AXIS2_PLACEMENT_3D ( 'NONE', #3052, #3444, #3873 ) ;
#446 = ORIENTED_EDGE ( 'NONE', *, *, #4366, .F. ) ;
#447 = DIRECTION ( 'NONE',  ( -0.000000000000000000, -1.000000000000000000, -0.000000000000000000 ) ) ;
#448 = VERTEX_POINT ( 'NONE', #4604 ) ;
#449 = FACE_OUTER_BOUND ( 'NONE', #3932, .T. ) ;
#450 = DIRECTION ( 'NONE',  ( 0.000000000000000000, 0.000000000000000000, 1.000000000000000000 ) ) ;
#451 = ADVANCED_FACE ( 'NONE', ( #3409 ), #3736, .F. ) ;
#452 = VECTOR ( 'NONE', #4497, 1000.000000000000000 ) ;
#453 = DIRECTION ( 'NONE',  ( 0.000000000000000000, 0.000000000000000000, 1.000000000000000000 ) ) ;
#454 = CIRCLE ( 'NONE', #4602, 2.000000000000001776 ) ;
#455 = ORIENTED_EDGE ( 'NONE', *, *, #4656, .T. ) ;
#456 = DIRECTION ( 'NONE',  ( 0.000000000000000000, 0.000000000000000000, -1.000000000000000000 ) ) ;
#457 = DIRECTION ( 'NONE',  ( 0.000000000000000000, -1.000000000000000000, 0.000000000000000000 ) ) ;
#458 = EDGE_CURVE ( 'NONE', #1044, #851, #2389, .T. ) ;
#459 = ORIENTED_EDGE ( 'NONE', *, *, #1347, .T. ) ;
#460 = CARTESIAN_POINT ( 'NONE',  ( 40.85786437626946821, 0.000000000000000000, -71.05936807555868029 ) ) ;
#461 = AXIS2_PLACEMENT_3D ( 'NONE', #2306, #3880, #2712 ) ;
#462 = VERTEX_POINT ( 'NONE', #771 ) ;
#463 = FACE_OUTER_BOUND ( 'NONE', #2495, .T. ) ;
#464 = AXIS2_PLACEMENT_3D ( 'NONE', #231, #1438, #2923 ) ;
#465 = DIRECTION ( 'NONE',  ( 0.000000000000000000, 1.000000000000000000, 0.000000000000000000 ) ) ;
#466 = ORIENTED_EDGE ( 'NONE', *, *, #1860, .T. ) ;
#467 = DIRECTION ( 'NONE',  ( 0.000000000000000000, 0.000000000000000000, -1.000000000000000000 ) ) ;
#468 = ORIENTED_EDGE ( 'NONE', *, *, #4381, .T. ) ;
#469 = DIRECTION ( 'NONE',  ( 0.000000000000000000, -1.000000000000000000, 0.000000000000000000 ) ) ;
#470 = CARTESIAN_POINT ( 'NONE',  ( 44.00000000000022027, 6.000000000000000000, -32.06723245182776338 ) ) ;
#471 = EDGE_CURVE ( 'NONE', #825, #2709, #2790, .T. ) ;
#472 = CARTESIAN_POINT ( 'NONE',  ( 55.00000000000049738, 4.000000000000000000, -73.66723245182754454 ) ) ;
#473 = DIRECTION ( 'NONE',  ( -0.000000000000000000, 1.000000000000000000, 0.000000000000000000 ) ) ;
#474 = EDGE_CURVE ( 'NONE', #2217, #1418, #3415, .T. ) ;
#475 = ORIENTED_EDGE ( 'NONE', *, *, #1330, .T. ) ;
#476 = LINE ( 'NONE', #50, #1039 ) ;
#477 = CARTESIAN_POINT ( 'NONE',  ( 10.67731239591673464, 9.999999999999994671, 8.677312395916917609 ) ) ;
#478 = DIRECTION ( 'NONE',  ( -0.000000000000000000, -1.000000000000000000, -0.000000000000000000 ) ) ;
#479 = ORIENTED_EDGE ( 'NONE', *, *, #2667, .F. ) ;
#480 = FACE_BOUND ( 'NONE', #954, .T. ) ;
#481 = LINE ( 'NONE', #1972, #999 ) ;
#482 = VECTOR ( 'NONE', #501, 1000.000000000000000 ) ;
#483 = VERTEX_POINT ( 'NONE', #1910 ) ;
#484 = DIRECTION ( 'NONE',  ( 0.000000000000000000, -1.000000000000000000, 0.000000000000000000 ) ) ;
#485 = VERTEX_POINT ( 'NONE', #3758 ) ;
#486 = DIRECTION ( 'NONE',  ( -0.000000000000000000, -1.000000000000000000, -0.000000000000000000 ) ) ;
#487 = DIRECTION ( 'NONE',  ( 0.000000000000000000, -1.000000000000000000, 0.000000000000000000 ) ) ;
#488 = ORIENTED_EDGE ( 'NONE', *, *, #18, .F. ) ;
#489 = FACE_OUTER_BOUND ( 'NONE', #2258, .T. ) ;
#490 = CARTESIAN_POINT ( 'NONE',  ( 0.000000000000000000, 82.29999999999999716, 20.00000000000000000 ) ) ;
#491 = DIRECTION ( 'NONE',  ( -0.000000000000000000, -1.000000000000000000, -0.000000000000000000 ) ) ;
#492 = ORIENTED_EDGE ( 'NONE', *, *, #1731, .F. ) ;
#493 = DIRECTION ( 'NONE',  ( -0.000000000000000000, -1.000000000000000000, -0.000000000000000000 ) ) ;
#494 = EDGE_CURVE ( 'NONE', #4135, #2520, #2304, .T. ) ;
#495 = PLANE ( 'NONE',  #38 ) ;
#496 = ORIENTED_EDGE ( 'NONE', *, *, #1923, .F. ) ;
#497 = FACE_OUTER_BOUND ( 'NONE', #2168, .T. ) ;
#498 = CARTESIAN_POINT ( 'NONE',  ( 0.000000000000000000, 15.00000000000000000, 0.000000000000000000 ) ) ;
#499 = DIRECTION ( 'NONE',  ( 0.000000000000000000, -1.000000000000000000, 0.000000000000000000 ) ) ;
#500 = EDGE_CURVE ( 'NONE', #3728, #4565, #1901, .T. ) ;
#501 = DIRECTION ( 'NONE',  ( -0.000000000000000000, -1.000000000000000000, -0.000000000000000000 ) ) ;
#502 = CARTESIAN_POINT ( 'NONE',  ( 10.67731239591688386, 82.29999999999999716, -8.677312395916924714 ) ) ;
#503 = EDGE_LOOP ( 'NONE', ( #1361, #3608 ) ) ;
#504 = CARTESIAN_POINT ( 'NONE',  ( 30.00000000000000000, 8.900000000000000355, 10.93276754817198970 ) ) ;
#505 = ORIENTED_EDGE ( 'NONE', *, *, #4439, .F. ) ;
#506 = AXIS2_PLACEMENT_3D ( 'NONE', #2849, #183, #4706 ) ;
#507 = DIRECTION ( 'NONE',  ( -0.7071067811865460184, 0.000000000000000000, 0.7071067811865490160 ) ) ;
#508 = EDGE_CURVE ( 'NONE', #4005, #4076, #788, .T. ) ;
#509 = DIRECTION ( 'NONE',  ( 0.000000000000000000, -0.000000000000000000, -1.000000000000000000 ) ) ;
#510 = EDGE_LOOP ( 'NONE', ( #4787, #389, #2319, #3595 ) ) ;
#511 = DIRECTION ( 'NONE',  ( 0.000000000000000000, -1.000000000000000000, 0.000000000000000000 ) ) ;
#512 = CIRCLE ( 'NONE', #2016, 5.999999999999998224 ) ;
#513 = CARTESIAN_POINT ( 'NONE',  ( 40.85786437626902057, 6.000000000000005329, -41.62509682809704259 ) ) ;
#514 = CIRCLE ( 'NONE', #981, 2.000000000000001776 ) ;
#515 = VECTOR ( 'NONE', #629, 1000.000000000000000 ) ;
#516 = AXIS2_PLACEMENT_3D ( 'NONE', #2857, #1661, #4339 ) ;
#517 = CYLINDRICAL_SURFACE ( 'NONE', #764, 3.000000000000000888 ) ;
#518 = ADVANCED_FACE ( 'NONE', ( #795 ), #3043, .F. ) ;
#519 = ORIENTED_EDGE ( 'NONE', *, *, #3584, .T. ) ;
#520 = DIRECTION ( 'NONE',  ( -0.000000000000000000, -1.000000000000000000, -0.000000000000000000 ) ) ;
#521 = DIRECTION ( 'NONE',  ( 0.000000000000000000, 0.000000000000000000, -1.000000000000000000 ) ) ;
#522 = ORIENTED_EDGE ( 'NONE', *, *, #1026, .F. ) ;
#523 = DIRECTION ( 'NONE',  ( 0.000000000000000000, 0.000000000000000000, -1.000000000000000000 ) ) ;
#524 = DIRECTION ( 'NONE',  ( -0.000000000000000000, -1.000000000000000000, -0.000000000000000000 ) ) ;
#525 = CIRCLE ( 'NONE', #1470, 20.00000000000000000 ) ;
#526 = ORIENTED_EDGE ( 'NONE', *, *, #2795, .F. ) ;
#527 = DIRECTION ( 'NONE',  ( 0.000000000000000000, 0.000000000000000000, -1.000000000000000000 ) ) ;
#528 = DIRECTION ( 'NONE',  ( 0.000000000000000000, -1.000000000000000000, 0.000000000000000000 ) ) ;
#529 = ORIENTED_EDGE ( 'NONE', *, *, #2611, .F. ) ;
#530 = CARTESIAN_POINT ( 'NONE',  ( 0.000000000000000000, 82.29999999999999716, 0.000000000000000000 ) ) ;
#531 = EDGE_LOOP ( 'NONE', ( #3472, #2175, #3273, #1804 ) ) ;
#532 = EDGE_CURVE ( 'NONE', #607, #4772, #3461, .T. ) ;
#533 = VECTOR ( 'NONE', #763, 1000.000000000000000 ) ;
#534 = AXIS2_PLACEMENT_3D ( 'NONE', #3983, #569, #2087 ) ;
#535 = CARTESIAN_POINT ( 'NONE',  ( -40.85786437626902057, 6.000000000000000000, -37.07509682809704543 ) ) ;
#536 = CIRCLE ( 'NONE', #1479, 1.700000000000007061 ) ;
#537 = DIRECTION ( 'NONE',  ( 0.000000000000000000, 0.000000000000000000, -1.000000000000000000 ) ) ;
#538 = ORIENTED_EDGE ( 'NONE', *, *, #3133, .F. ) ;
#539 = FACE_BOUND ( 'NONE', #1988, .T. ) ;
#540 = EDGE_CURVE ( 'NONE', #916, #2255, #3107, .T. ) ;
#541 = CIRCLE ( 'NONE', #2850, 3.000000000000000888 ) ;
#542 = DIRECTION ( 'NONE',  ( 0.000000000000000000, 0.000000000000000000, -1.000000000000000000 ) ) ;
#543 = DIRECTION ( 'NONE',  ( -0.000000000000000000, -1.000000000000000000, -0.000000000000000000 ) ) ;
#544 = VECTOR ( 'NONE', #2749, 1000.000000000000000 ) ;
#545 = ADVANCED_FACE ( 'NONE', ( #2594, #697 ), #744, .F. ) ;
#546 = LINE ( 'NONE', #46, #1639 ) ;
#547 = CARTESIAN_POINT ( 'NONE',  ( -14.91995308303611800, 0.000000000000000000, -6.434671708797656819 ) ) ;
#548 = EDGE_LOOP ( 'NONE', ( #4461, #3150, #4836, #2574 ) ) ;
#549 = DIRECTION ( 'NONE',  ( 0.000000000000000000, -1.000000000000000000, 0.000000000000000000 ) ) ;
#550 = LINE ( 'NONE', #2068, #691 ) ;
#551 = FACE_OUTER_BOUND ( 'NONE', #1995, .T. ) ;
#552 = DIRECTION ( 'NONE',  ( 0.000000000000000000, 0.000000000000000000, -1.000000000000000000 ) ) ;
#553 = AXIS2_PLACEMENT_3D ( 'NONE', #1682, #563, #4739 ) ;
#554 = VERTEX_POINT ( 'NONE', #350 ) ;
#555 = CARTESIAN_POINT ( 'NONE',  ( 30.00000000000000000, 8.900000000000000355, -76.06723245182800497 ) ) ;
#556 = EDGE_LOOP ( 'NONE', ( #1073, #979 ) ) ;
#557 = DIRECTION ( 'NONE',  ( -0.000000000000000000, -1.000000000000000000, -0.000000000000000000 ) ) ;
#558 = AXIS2_PLACEMENT_3D ( 'NONE', #3217, #4397, #3683 ) ;
#559 = ADVANCED_FACE ( 'NONE', ( #4528, #1095 ), #2618, .F. ) ;
#560 = PLANE ( 'NONE',  #2953 ) ;
#561 = ORIENTED_EDGE ( 'NONE', *, *, #23, .F. ) ;
#562 = DIRECTION ( 'NONE',  ( -0.000000000000000000, -1.000000000000000000, -0.000000000000000000 ) ) ;
#563 = DIRECTION ( 'NONE',  ( 0.000000000000000000, -1.000000000000000000, 0.000000000000000000 ) ) ;
#564 = AXIS2_PLACEMENT_3D ( 'NONE', #3392, #752, #4232 ) ;
#565 = EDGE_CURVE ( 'NONE', #665, #3586, #2864, .T. ) ;
#566 = CIRCLE ( 'NONE', #324, 1.599999999999997202 ) ;
#567 = CARTESIAN_POINT ( 'NONE',  ( -106.0000000000000142, 6.000000000000000000, -74.06723245182799076 ) ) ;
#568 = EDGE_LOOP ( 'NONE', ( #1570, #4368 ) ) ;
#569 = DIRECTION ( 'NONE',  ( -0.000000000000000000, -1.000000000000000000, -0.000000000000000000 ) ) ;
#570 = CARTESIAN_POINT ( 'NONE',  ( 30.00000000000000000, 8.900000000000000355, 10.93276754817198970 ) ) ;
#571 = ADVANCED_FACE ( 'NONE', ( #4169 ), #900, .F. ) ;
#572 = ORIENTED_EDGE ( 'NONE', *, *, #3160, .F. ) ;
#573 = CARTESIAN_POINT ( 'NONE',  ( -55.00000000000001421, 0.000000000000000000, -72.06723245182799076 ) ) ;
#574 = DIRECTION ( 'NONE',  ( 0.8263431828944466373, -0.000000000000000000, 0.5631668883056560881 ) ) ;
#575 = CARTESIAN_POINT ( 'NONE',  ( -30.00000000000000000, 8.900000000000000355, 10.93276754817198970 ) ) ;
#576 = EDGE_LOOP ( 'NONE', ( #2534, #2115, #4411, #2881 ) ) ;
#577 = CARTESIAN_POINT ( 'NONE',  ( 30.00000000000000000, 8.900000000000000355, -76.06723245182800497 ) ) ;
#578 = ORIENTED_EDGE ( 'NONE', *, *, #3094, .F. ) ;
#579 = DIRECTION ( 'NONE',  ( -0.000000000000000000, -1.000000000000000000, -0.000000000000000000 ) ) ;
#580 = CARTESIAN_POINT ( 'NONE',  ( -40.85786437626902057, 15.00000000000000000, -41.62509682809704259 ) ) ;
#581 = EDGE_LOOP ( 'NONE', ( #730, #2194 ) ) ;
#582 = CARTESIAN_POINT ( 'NONE',  ( 10.67731239591673464, 9.999999999999994671, 10.67731239591692116 ) ) ;
#583 = DIRECTION ( 'NONE',  ( 0.000000000000000000, 1.000000000000000000, 0.000000000000000000 ) ) ;
#584 = AXIS2_PLACEMENT_3D ( 'NONE', #2193, #622, #3617 ) ;
#585 = LINE ( 'NONE', #2810, #218 ) ;
#586 = ORIENTED_EDGE ( 'NONE', *, *, #739, .F. ) ;
#587 = EDGE_CURVE ( 'NONE', #2640, #665, #4352, .T. ) ;
#588 = VECTOR ( 'NONE', #3255, 1000.000000000000000 ) ;
#589 = CARTESIAN_POINT ( 'NONE',  ( -30.00000000000000000, 8.900000000000005684, 13.93276754817199148 ) ) ;
#590 = CARTESIAN_POINT ( 'NONE',  ( -44.00000000000000000, 6.000000000000000000, -72.06723245182799076 ) ) ;
#591 = CIRCLE ( 'NONE', #3370, 2.849999999999998312 ) ;
#592 = EDGE_LOOP ( 'NONE', ( #4384, #4049, #3749, #1779 ) ) ;
#593 = EDGE_CURVE ( 'NONE', #554, #1523, #319, .T. ) ;
#594 = FACE_BOUND ( 'NONE', #4949, .T. ) ;
#595 = CARTESIAN_POINT ( 'NONE',  ( 0.000000000000000000, 50.10000000000000142, 0.000000000000000000 ) ) ;
#596 = CARTESIAN_POINT ( 'NONE',  ( 1.502357137075116089, 10.00000000000000000, 9.987638511313706502 ) ) ;
#597 = VERTEX_POINT ( 'NONE', #2421 ) ;
#598 = PLANE ( 'NONE',  #3212 ) ;
#599 = EDGE_LOOP ( 'NONE', ( #3275, #404, #4165, #4827 ) ) ;
#600 = DIRECTION ( 'NONE',  ( 0.000000000000000000, 0.000000000000000000, 1.000000000000000000 ) ) ;
#601 = EDGE_CURVE ( 'NONE', #1827, #786, #3019, .T. ) ;
#602 = CARTESIAN_POINT ( 'NONE',  ( -40.85786437626900636, 0.000000000000000000, -71.05936807555890766 ) ) ;
#603 = ORIENTED_EDGE ( 'NONE', *, *, #1455, .T. ) ;
#604 = DIRECTION ( 'NONE',  ( 0.000000000000000000, -1.000000000000000000, 0.000000000000000000 ) ) ;
#605 = CARTESIAN_POINT ( 'NONE',  ( 44.00000000000049738, 6.000000000000000000, -72.06723245182776338 ) ) ;
#606 = VECTOR ( 'NONE', #1997, 1000.000000000000000 ) ;
#607 = VERTEX_POINT ( 'NONE', #2724 ) ;
#608 = DIRECTION ( 'NONE',  ( 0.000000000000000000, 0.000000000000000000, -1.000000000000000000 ) ) ;
#609 = EDGE_LOOP ( 'NONE', ( #4069, #4106 ) ) ;
#610 = VECTOR ( 'NONE', #1946, 999.9999999999998863 ) ;
#611 = ORIENTED_EDGE ( 'NONE', *, *, #732, .T. ) ;
#612 = CIRCLE ( 'NONE', #3391, 9.999999999999991118 ) ;
#613 = CARTESIAN_POINT ( 'NONE',  ( 55.00000000000049738, 4.000000000000000000, -72.06723245182753601 ) ) ;
#614 = DIRECTION ( 'NONE',  ( 0.000000000000000000, -1.000000000000000000, 0.000000000000000000 ) ) ;
#615 = VERTEX_POINT ( 'NONE', #4274 ) ;
#616 = DIRECTION ( 'NONE',  ( 0.000000000000000000, 0.000000000000000000, -1.000000000000000000 ) ) ;
#617 = EDGE_CURVE ( 'NONE', #483, #1324, #1984, .T. ) ;
#618 = VERTEX_POINT ( 'NONE', #82 ) ;
#619 = DIRECTION ( 'NONE',  ( 0.000000000000000000, 0.000000000000000000, -1.000000000000000000 ) ) ;
#620 = DIRECTION ( 'NONE',  ( -0.000000000000000000, -1.000000000000000000, -0.000000000000000000 ) ) ;
#621 = EDGE_LOOP ( 'NONE', ( #2295, #4434 ) ) ;
#622 = DIRECTION ( 'NONE',  ( 0.000000000000000000, 1.000000000000000000, 0.000000000000000000 ) ) ;
#623 = ORIENTED_EDGE ( 'NONE', *, *, #807, .T. ) ;
#624 = DIRECTION ( 'NONE',  ( -0.000000000000000000, -1.000000000000000000, -0.000000000000000000 ) ) ;
#625 = FACE_OUTER_BOUND ( 'NONE', #1399, .T. ) ;
#626 = VERTEX_POINT ( 'NONE', #4327 ) ;
#627 = CARTESIAN_POINT ( 'NONE',  ( 55.00000000000049738, 4.000000000000000000, -72.06723245182753601 ) ) ;
#628 = ADVANCED_FACE ( 'NONE', ( #921 ), #3891, .F. ) ;
#629 = DIRECTION ( 'NONE',  ( -0.000000000000000000, -1.000000000000000000, -0.000000000000000000 ) ) ;
#630 = VERTEX_POINT ( 'NONE', #849 ) ;
#631 = CARTESIAN_POINT ( 'NONE',  ( 100.0000000000000142, 15.00000000000000000, -84.06723245182797655 ) ) ;
#632 = AXIS2_PLACEMENT_3D ( 'NONE', #3359, #3068, #4196 ) ;
#633 = VERTEX_POINT ( 'NONE', #4629 ) ;
#634 = ORIENTED_EDGE ( 'NONE', *, *, #443, .F. ) ;
#635 = CYLINDRICAL_SURFACE ( 'NONE', #1194, 6.000000000000000000 ) ;
#636 = FACE_OUTER_BOUND ( 'NONE', #3861, .T. ) ;
#637 = DIRECTION ( 'NONE',  ( -0.000000000000000000, -1.000000000000000000, -0.000000000000000000 ) ) ;
#638 = CIRCLE ( 'NONE', #3585, 1.700000000000000178 ) ;
#639 = CIRCLE ( 'NONE', #4881, 10.09999999999999964 ) ;
#640 = EDGE_LOOP ( 'NONE', ( #2668, #2373, #3541, #4922 ) ) ;
#641 = EDGE_CURVE ( 'NONE', #422, #109, #2143, .T. ) ;
#642 = FACE_BOUND ( 'NONE', #1018, .T. ) ;
#643 = FACE_OUTER_BOUND ( 'NONE', #4606, .T. ) ;
#644 = CARTESIAN_POINT ( 'NONE',  ( -30.00000000000000000, 82.29999999999999716, -73.06723245182800497 ) ) ;
#645 = EDGE_LOOP ( 'NONE', ( #4222, #1778, #3612, #3919, #308, #2170, #611, #2969, #3971, #1528, #933, #4158 ) ) ;
#646 = CARTESIAN_POINT ( 'NONE',  ( -55.00000000000001421, 0.000000000000000000, -73.66723245182798507 ) ) ;
#647 = EDGE_LOOP ( 'NONE', ( #1334, #334 ) ) ;
#648 = EDGE_CURVE ( 'NONE', #132, #2260, #2374, .T. ) ;
#649 = CARTESIAN_POINT ( 'NONE',  ( 95.00000000000024158, 4.000000000000000000, -34.06723245182732285 ) ) ;
#650 = DIRECTION ( 'NONE',  ( 0.000000000000000000, -1.000000000000000000, 0.000000000000000000 ) ) ;
#651 = ORIENTED_EDGE ( 'NONE', *, *, #1106, .F. ) ;
#652 = DIRECTION ( 'NONE',  ( 0.000000000000000000, 0.000000000000000000, -1.000000000000000000 ) ) ;
#653 = ADVANCED_FACE ( 'NONE', ( #3174 ), #2822, .F. ) ;
#654 = DIRECTION ( 'NONE',  ( 0.000000000000000000, 0.000000000000000000, -1.000000000000000000 ) ) ;
#655 = ORIENTED_EDGE ( 'NONE', *, *, #2086, .T. ) ;
#656 = CYLINDRICAL_SURFACE ( 'NONE', #3476, 2.000000000000001776 ) ;
#657 = ORIENTED_EDGE ( 'NONE', *, *, #1430, .T. ) ;
#658 = ORIENTED_EDGE ( 'NONE', *, *, #1843, .T. ) ;
#659 = CARTESIAN_POINT ( 'NONE',  ( 69.14213562373146260, 6.000000000000000000, -71.05936807555846713 ) ) ;
#660 = CARTESIAN_POINT ( 'NONE',  ( -40.85786437626900636, 15.00000000000000000, -68.20936807555891335 ) ) ;
#661 = FACE_OUTER_BOUND ( 'NONE', #3776, .T. ) ;
#662 = AXIS2_PLACEMENT_3D ( 'NONE', #4306, #878, #1652 ) ;
#663 = EDGE_CURVE ( 'NONE', #615, #3022, #1594, .T. ) ;
#664 = AXIS2_PLACEMENT_3D ( 'NONE', #4295, #1239, #1641 ) ;
#665 = VERTEX_POINT ( 'NONE', #1196 ) ;
#666 = DIRECTION ( 'NONE',  ( 0.000000000000000000, 0.000000000000000000, 1.000000000000000000 ) ) ;
#667 = CIRCLE ( 'NONE', #3449, 2.849999999999991651 ) ;
#668 = CARTESIAN_POINT ( 'NONE',  ( -72.73777569617556082, 15.00000000000000000, -19.06723245182796589 ) ) ;
#669 = VERTEX_POINT ( 'NONE', #4651 ) ;
#670 = FACE_OUTER_BOUND ( 'NONE', #1448, .T. ) ;
#671 = ADVANCED_FACE ( 'NONE', ( #551, #480 ), #3539, .T. ) ;
#672 = ORIENTED_EDGE ( 'NONE', *, *, #3703, .F. ) ;
#673 = CARTESIAN_POINT ( 'NONE',  ( -69.14213562373099364, 6.000000000000005329, -69.90936807555890198 ) ) ;
#674 = CARTESIAN_POINT ( 'NONE',  ( 100.0000000000000142, 0.000000000000000000, -74.06723245182797655 ) ) ;
#675 = ORIENTED_EDGE ( 'NONE', *, *, #1100, .T. ) ;
#676 = DIRECTION ( 'NONE',  ( 0.000000000000000000, 0.000000000000000000, -1.000000000000000000 ) ) ;
#677 = EDGE_CURVE ( 'NONE', #3202, #1550, #3145, .T. ) ;
#678 = CARTESIAN_POINT ( 'NONE',  ( -10.67731239591681103, 82.29999999999999716, 12.67731239591692116 ) ) ;
#679 = ORIENTED_EDGE ( 'NONE', *, *, #4183, .F. ) ;
#680 = CIRCLE ( 'NONE', #4834, 1.599999999999997202 ) ;
#681 = CARTESIAN_POINT ( 'NONE',  ( -69.14213562373099364, 6.000000000000005329, -68.20936807555891335 ) ) ;
#682 = EDGE_CURVE ( 'NONE', #387, #4877, #1899, .T. ) ;
#683 = CIRCLE ( 'NONE', #3551, 1.700000000000007061 ) ;
#684 = PRODUCT ( 'Hopper_Base', 'Hopper_Base', '', ( #3478 ) ) ;
#685 = VECTOR ( 'NONE', #1569, 1000.000000000000000 ) ;
#686 = DIRECTION ( 'NONE',  ( 0.000000000000000000, -1.000000000000000000, 0.000000000000000000 ) ) ;
#687 = DIRECTION ( 'NONE',  ( -0.000000000000000000, -1.000000000000000000, -0.000000000000000000 ) ) ;
#688 = EDGE_CURVE ( 'NONE', #2903, #822, #3814, .T. ) ;
#689 = CIRCLE ( 'NONE', #3475, 1.699999999999993072 ) ;
#690 = ORIENTED_EDGE ( 'NONE', *, *, #4750, .T. ) ;
#691 = VECTOR ( 'NONE', #478, 1000.000000000000000 ) ;
#692 = CARTESIAN_POINT ( 'NONE',  ( 54.99999999999998579, 15.00000000000000000, -67.56723245182767812 ) ) ;
#693 = ORIENTED_EDGE ( 'NONE', *, *, #1282, .T. ) ;
#694 = DIRECTION ( 'NONE',  ( 0.000000000000000000, -1.000000000000000000, 0.000000000000000000 ) ) ;
#695 = EDGE_LOOP ( 'NONE', ( #27, #4011, #690, #4155 ) ) ;
#696 = SURFACE_STYLE_USAGE ( .BOTH. , #3735 ) ;
#697 = FACE_BOUND ( 'NONE', #2648, .T. ) ;
#698 = DIRECTION ( 'NONE',  ( 0.000000000000000000, 1.000000000000000000, 0.000000000000000000 ) ) ;
#699 = ORIENTED_EDGE ( 'NONE', *, *, #2153, .T. ) ;
#700 = CARTESIAN_POINT ( 'NONE',  ( -10.67731239591680925, 10.00000000000000000, -10.67731239591691939 ) ) ;
#701 = CARTESIAN_POINT ( 'NONE',  ( -44.00000000000000000, 6.000000000000000000, -74.06723245182799076 ) ) ;
#702 = EDGE_CURVE ( 'NONE', #1875, #4071, #4678, .T. ) ;
#703 = ORIENTED_EDGE ( 'NONE', *, *, #2065, .F. ) ;
#704 = ORIENTED_EDGE ( 'NONE', *, *, #4304, .F. ) ;
#705 = CARTESIAN_POINT ( 'NONE',  ( -44.00000000000000000, 0.000000000000000000, -76.06723245182799076 ) ) ;
#706 = ORIENTED_EDGE ( 'NONE', *, *, #1075, .F. ) ;
#707 = DIRECTION ( 'NONE',  ( 0.000000000000000000, -0.000000000000000000, -1.000000000000000000 ) ) ;
#708 = DIRECTION ( 'NONE',  ( -0.000000000000000000, -1.000000000000000000, -0.000000000000000000 ) ) ;
#709 = EDGE_CURVE ( 'NONE', #4139, #1364, #4302, .T. ) ;
#710 = VECTOR ( 'NONE', #4039, 1000.000000000000000 ) ;
#711 = ORIENTED_EDGE ( 'NONE', *, *, #4887, .T. ) ;
#712 = CARTESIAN_POINT ( 'NONE',  ( 69.14213562373146260, 6.000000000000000000, -71.05936807555846713 ) ) ;
#713 = ADVANCED_FACE ( 'NONE', ( #3660 ), #3613, .T. ) ;
#714 = AXIS2_PLACEMENT_3D ( 'NONE', #1216, #2818, #4349 ) ;
#715 = ORIENTED_EDGE ( 'NONE', *, *, #4786, .T. ) ;
#716 = CYLINDRICAL_SURFACE ( 'NONE', #116, 5.999999999999977796 ) ;
#717 = VERTEX_POINT ( 'NONE', #1381 ) ;
#718 = CARTESIAN_POINT ( 'NONE',  ( 40.85786437626946821, 6.000000000000000000, -68.20936807555868597 ) ) ;
#719 = DIRECTION ( 'NONE',  ( -0.000000000000000000, -1.000000000000000000, -0.000000000000000000 ) ) ;
#720 = CARTESIAN_POINT ( 'NONE',  ( 69.14213562373146260, 0.000000000000000000, -65.35936807555846428 ) ) ;
#721 = VERTEX_POINT ( 'NONE', #252 ) ;
#722 = DIRECTION ( 'NONE',  ( 0.000000000000000000, 0.000000000000000000, 1.000000000000000000 ) ) ;
#723 = CARTESIAN_POINT ( 'NONE',  ( 69.14213562373146260, 6.000000000000000000, -65.35936807555846428 ) ) ;
#724 = CARTESIAN_POINT ( 'NONE',  ( -6.434671708797504053, 10.00000000000000000, -14.91995308303618550 ) ) ;
#725 = DIRECTION ( 'NONE',  ( 0.000000000000000000, 0.000000000000000000, 1.000000000000000000 ) ) ;
#726 = EDGE_CURVE ( 'NONE', #2128, #3509, #4390, .T. ) ;
#727 = ORIENTED_EDGE ( 'NONE', *, *, #1433, .T. ) ;
#728 = DIRECTION ( 'NONE',  ( 0.000000000000000000, 0.000000000000000000, -1.000000000000000000 ) ) ;
#729 = LINE ( 'NONE', #1058, #2409 ) ;
#730 = ORIENTED_EDGE ( 'NONE', *, *, #4131, .T. ) ;
#731 = DIRECTION ( 'NONE',  ( 0.000000000000000000, 0.000000000000000000, -1.000000000000000000 ) ) ;
#732 = EDGE_CURVE ( 'NONE', #3580, #2128, #1692, .T. ) ;
#733 = ORIENTED_EDGE ( 'NONE', *, *, #238, .T. ) ;
#734 = CIRCLE ( 'NONE', #3527, 13.49999999999999822 ) ;
#735 = FACE_OUTER_BOUND ( 'NONE', #129, .T. ) ;
#736 = AXIS2_PLACEMENT_3D ( 'NONE', #504, #1274, #86 ) ;
#737 = ORIENTED_EDGE ( 'NONE', *, *, #4476, .F. ) ;
#738 = CARTESIAN_POINT ( 'NONE',  ( 14.91995308303607182, 10.00000000000000000, 6.434671708797656819 ) ) ;
#739 = EDGE_CURVE ( 'NONE', #4014, #1469, #84, .T. ) ;
#740 = ORIENTED_EDGE ( 'NONE', *, *, #750, .T. ) ;
#741 = CIRCLE ( 'NONE', #3532, 5.999999999999998224 ) ;
#742 = CARTESIAN_POINT ( 'NONE',  ( -40.85786437626902057, 15.00000000000000000, -39.92509682809703975 ) ) ;
#743 = AXIS2_PLACEMENT_3D ( 'NONE', #2736, #4563, #4941 ) ;
#744 = PLANE ( 'NONE',  #1265 ) ;
#745 = CARTESIAN_POINT ( 'NONE',  ( 30.00000000000000000, 8.900000000000005684, -76.06723245182800497 ) ) ;
#746 = ORIENTED_EDGE ( 'NONE', *, *, #3245, .F. ) ;
#747 = DIRECTION ( 'NONE',  ( 0.000000000000000000, -1.000000000000000000, 0.000000000000000000 ) ) ;
#748 = ORIENTED_EDGE ( 'NONE', *, *, #4818, .T. ) ;
#749 = EDGE_CURVE ( 'NONE', #3509, #2135, #1411, .T. ) ;
#750 = EDGE_CURVE ( 'NONE', #4772, #4830, #1420, .T. ) ;
#751 = CARTESIAN_POINT ( 'NONE',  ( 40.85786437626929057, 6.000000000000000000, -39.92509682809681948 ) ) ;
#752 = DIRECTION ( 'NONE',  ( 0.000000000000000000, -1.000000000000000000, 0.000000000000000000 ) ) ;
#753 = ORIENTED_EDGE ( 'NONE', *, *, #73, .F. ) ;
#754 = CARTESIAN_POINT ( 'NONE',  ( -106.0000000000000142, 6.000000000000000000, -76.06723245182799076 ) ) ;
#755 = VERTEX_POINT ( 'NONE', #2191 ) ;
#756 = FACE_OUTER_BOUND ( 'NONE', #4933, .T. ) ;
#757 = AXIS2_PLACEMENT_3D ( 'NONE', #3027, #3599, #4737 ) ;
#758 = EDGE_CURVE ( 'NONE', #3202, #336, #1743, .T. ) ;
#759 = ORIENTED_EDGE ( 'NONE', *, *, #4323, .T. ) ;
#760 = DIRECTION ( 'NONE',  ( 0.000000000000000000, 0.000000000000000000, -1.000000000000000000 ) ) ;
#761 = AXIS2_PLACEMENT_3D ( 'NONE', #3087, #4267, #4321 ) ;
#762 = VECTOR ( 'NONE', #3992, 1000.000000000000000 ) ;
#763 = DIRECTION ( 'NONE',  ( -0.000000000000000000, -1.000000000000000000, -0.000000000000000000 ) ) ;
#764 = AXIS2_PLACEMENT_3D ( 'NONE', #3958, #543, #2059 ) ;
#765 = EDGE_LOOP ( 'NONE', ( #1725, #1548, #1586, #4120 ) ) ;
#766 = CYLINDRICAL_SURFACE ( 'NONE', #2657, 1.600000000000004086 ) ;
#767 = ORIENTED_EDGE ( 'NONE', *, *, #3388, .T. ) ;
#768 = VECTOR ( 'NONE', #4134, 1000.000000000000000 ) ;
#769 = ADVANCED_FACE ( 'NONE', ( #643 ), #1016, .T. ) ;
#770 = AXIS2_PLACEMENT_3D ( 'NONE', #3215, #499, #3172 ) ;
#771 = CARTESIAN_POINT ( 'NONE',  ( 30.00000000000000000, 0.000000000000000000, 13.93276754817199325 ) ) ;
#772 = DIRECTION ( 'NONE',  ( -0.000000000000000000, 1.000000000000000000, -0.000000000000000000 ) ) ;
#773 = ORIENTED_EDGE ( 'NONE', *, *, #1784, .F. ) ;
#774 = FACE_OUTER_BOUND ( 'NONE', #4562, .T. ) ;
#775 = VERTEX_POINT ( 'NONE', #2165 ) ;
#776 = PLANE ( 'NONE',  #4121 ) ;
#777 = CARTESIAN_POINT ( 'NONE',  ( -106.0000000000000142, 6.000000000000000000, -72.06723245182799076 ) ) ;
#778 = VERTEX_POINT ( 'NONE', #3239 ) ;
#779 = CARTESIAN_POINT ( 'NONE',  ( -106.0000000000000142, 0.000000000000000000, -72.06723245182799076 ) ) ;
#780 = EDGE_CURVE ( 'NONE', #4544, #4045, #2710, .T. ) ;
#781 = ORIENTED_EDGE ( 'NONE', *, *, #342, .F. ) ;
#782 = CARTESIAN_POINT ( 'NONE',  ( -6.434671708797504053, 10.00000000000000000, -14.91995308303618550 ) ) ;
#783 = ORIENTED_EDGE ( 'NONE', *, *, #3637, .F. ) ;
#784 = DIRECTION ( 'NONE',  ( 0.7071067811865462405, -0.000000000000000000, -0.7071067811865489050 ) ) ;
#785 = DIRECTION ( 'NONE',  ( -0.000000000000000000, -1.000000000000000000, -0.000000000000000000 ) ) ;
#786 = VERTEX_POINT ( 'NONE', #4091 ) ;
#787 = LINE ( 'NONE', #2639, #1533 ) ;
#788 = CIRCLE ( 'NONE', #3581, 9.999999999999994671 ) ;
#789 = ORIENTED_EDGE ( 'NONE', *, *, #2137, .T. ) ;
#790 = ADVANCED_FACE ( 'NONE', ( #4850 ), #4775, .F. ) ;
#791 = DIRECTION ( 'NONE',  ( 0.000000000000000000, -1.000000000000000000, 0.000000000000000000 ) ) ;
#792 = VECTOR ( 'NONE', #4383, 1000.000000000000000 ) ;
#793 = CIRCLE ( 'NONE', #3506, 2.849999999999998312 ) ;
#794 = ORIENTED_EDGE ( 'NONE', *, *, #4439, .T. ) ;
#795 = FACE_OUTER_BOUND ( 'NONE', #3833, .T. ) ;
#796 = DIRECTION ( 'NONE',  ( 0.000000000000000000, 0.000000000000000000, 1.000000000000000000 ) ) ;
#797 = VERTEX_POINT ( 'NONE', #226 ) ;
#798 = LINE ( 'NONE', #4607, #4089 ) ;
#799 = ORIENTED_EDGE ( 'NONE', *, *, #1236, .F. ) ;
#800 = VECTOR ( 'NONE', #233, 1000.000000000000000 ) ;
#801 = EDGE_CURVE ( 'NONE', #855, #286, #2566, .T. ) ;
#802 = AXIS2_PLACEMENT_3D ( 'NONE', #918, #4700, #2443 ) ;
#803 = CARTESIAN_POINT ( 'NONE',  ( -40.85786437626902057, 82.29999999999999716, -39.92509682809703975 ) ) ;
#804 = DIRECTION ( 'NONE',  ( 0.000000000000000000, 0.000000000000000000, 1.000000000000000000 ) ) ;
#805 = ORIENTED_EDGE ( 'NONE', *, *, #4786, .F. ) ;
#806 = DIRECTION ( 'NONE',  ( -0.000000000000000000, -1.000000000000000000, -0.000000000000000000 ) ) ;
#807 = EDGE_CURVE ( 'NONE', #1760, #2703, #3710, .T. ) ;
#808 = VERTEX_POINT ( 'NONE', #4376 ) ;
#809 = DIRECTION ( 'NONE',  ( 0.000000000000000000, 0.000000000000000000, -1.000000000000000000 ) ) ;
#810 = ORIENTED_EDGE ( 'NONE', *, *, #1747, .F. ) ;
#811 = CARTESIAN_POINT ( 'NONE',  ( 69.14213562373146260, 0.000000000000000000, -71.05936807555846713 ) ) ;
#812 = AXIS2_PLACEMENT_3D ( 'NONE', #660, #3701, #298 ) ;
#813 = ADVANCED_FACE ( 'NONE', ( #3991 ), #200, .F. ) ;
#814 = CARTESIAN_POINT ( 'NONE',  ( 106.0000000000002274, 6.000000000000000000, -32.06723245182732285 ) ) ;
#815 = ORIENTED_EDGE ( 'NONE', *, *, #221, .T. ) ;
#816 = CARTESIAN_POINT ( 'NONE',  ( 55.00000000000023448, 4.000000000000000000, -34.06723245182754312 ) ) ;
#817 = CIRCLE ( 'NONE', #1366, 10.00000000000000888 ) ;
#818 = EDGE_LOOP ( 'NONE', ( #1945, #4924 ) ) ;
#819 = DIRECTION ( 'NONE',  ( 0.000000000000000000, 0.000000000000000000, -1.000000000000000000 ) ) ;
#820 = DIRECTION ( 'NONE',  ( 0.000000000000000000, 0.000000000000000000, 1.000000000000000000 ) ) ;
#821 = DIRECTION ( 'NONE',  ( 0.000000000000000000, 1.000000000000000000, 0.000000000000000000 ) ) ;
#822 = VERTEX_POINT ( 'NONE', #4015 ) ;
#823 = CARTESIAN_POINT ( 'NONE',  ( 0.000000000000000000, 50.10000000000000142, 0.000000000000000000 ) ) ;
#824 = DIRECTION ( 'NONE',  ( -0.000000000000000000, -1.000000000000000000, -0.000000000000000000 ) ) ;
#825 = VERTEX_POINT ( 'NONE', #988 ) ;
#826 = DIRECTION ( 'NONE',  ( 0.000000000000000000, 0.000000000000000000, 1.000000000000000000 ) ) ;
#827 = EDGE_LOOP ( 'NONE', ( #2951, #2627 ) ) ;
#828 = AXIS2_PLACEMENT_3D ( 'NONE', #1263, #447, #2039 ) ;
#829 = CARTESIAN_POINT ( 'NONE',  ( -69.14213562373099364, 0.000000000000000000, -65.35936807555890482 ) ) ;
#830 = AXIS2_PLACEMENT_3D ( 'NONE', #1425, #4916, #1104 ) ;
#831 = EDGE_CURVE ( 'NONE', #4915, #633, #3639, .T. ) ;
#832 = ADVANCED_FACE ( 'NONE', ( #4796 ), #1357, .F. ) ;
#833 = CARTESIAN_POINT ( 'NONE',  ( 69.14213562373099364, 82.29999999999999716, -39.92509682809703975 ) ) ;
#834 = VERTEX_POINT ( 'NONE', #1434 ) ;
#835 = DIRECTION ( 'NONE',  ( -0.000000000000000000, -1.000000000000000000, -0.000000000000000000 ) ) ;
#836 = ORIENTED_EDGE ( 'NONE', *, *, #1158, .F. ) ;
#837 = CARTESIAN_POINT ( 'NONE',  ( -14.91995308303611800, 10.00000000000000000, 6.434671708797656819 ) ) ;
#838 = ADVANCED_FACE ( 'NONE', ( #304 ), #2967, .F. ) ;
#839 = VERTEX_POINT ( 'NONE', #3967 ) ;
#840 = FACE_OUTER_BOUND ( 'NONE', #4342, .T. ) ;
#841 = PLANE ( 'NONE',  #3784 ) ;
#842 = AXIS2_PLACEMENT_3D ( 'NONE', #681, #4863, #2205 ) ;
#843 = FACE_OUTER_BOUND ( 'NONE', #3951, .T. ) ;
#844 = ORIENTED_EDGE ( 'NONE', *, *, #3584, .F. ) ;
#845 = LINE ( 'NONE', #3912, #1592 ) ;
#846 = CARTESIAN_POINT ( 'NONE',  ( 106.0000000000002274, 0.000000000000000000, -32.06723245182732285 ) ) ;
#847 = DIRECTION ( 'NONE',  ( 0.000000000000000000, -1.000000000000000000, 0.000000000000000000 ) ) ;
#848 = AXIS2_PLACEMENT_3D ( 'NONE', #3604, #1809, #3330 ) ;
#849 = CARTESIAN_POINT ( 'NONE',  ( -40.85786437626900636, 0.000000000000000000, -65.35936807555891903 ) ) ;
#850 = DIRECTION ( 'NONE',  ( 0.000000000000000000, -1.000000000000000000, 0.000000000000000000 ) ) ;
#851 = VERTEX_POINT ( 'NONE', #2341 ) ;
#852 = DIRECTION ( 'NONE',  ( 0.000000000000000000, 1.000000000000000000, 0.000000000000000000 ) ) ;
#853 = AXIS2_PLACEMENT_3D ( 'NONE', #1099, #4634, #4611 ) ;
#854 = CIRCLE ( 'NONE', #1087, 2.000000000000000000 ) ;
#855 = VERTEX_POINT ( 'NONE', #3115 ) ;
#856 = DIRECTION ( 'NONE',  ( 0.000000000000000000, 1.000000000000000000, 0.000000000000000000 ) ) ;
#857 = AXIS2_PLACEMENT_3D ( 'NONE', #4429, #309, #4482 ) ;
#858 = CARTESIAN_POINT ( 'NONE',  ( -14.91995308303611800, 10.00000000000000000, 6.434671708797656819 ) ) ;
#859 = VERTEX_POINT ( 'NONE', #4725 ) ;
#860 = FACE_OUTER_BOUND ( 'NONE', #2089, .T. ) ;
#861 = CYLINDRICAL_SURFACE ( 'NONE', #349, 1.600000000000004086 ) ;
#862 = ORIENTED_EDGE ( 'NONE', *, *, #186, .F. ) ;
#863 = DIRECTION ( 'NONE',  ( 0.000000000000000000, 0.000000000000000000, 1.000000000000000000 ) ) ;
#864 = ORIENTED_EDGE ( 'NONE', *, *, #4293, .F. ) ;
#865 = EDGE_CURVE ( 'NONE', #2286, #387, #1936, .T. ) ;
#866 = FACE_OUTER_BOUND ( 'NONE', #4418, .T. ) ;
#867 = CYLINDRICAL_SURFACE ( 'NONE', #664, 2.849999999999998312 ) ;
#868 = ORIENTED_EDGE ( 'NONE', *, *, #4138, .T. ) ;
#869 = EDGE_CURVE ( 'NONE', #855, #2321, #171, .T. ) ;
#870 = DIRECTION ( 'NONE',  ( -0.000000000000000000, -1.000000000000000000, -0.000000000000000000 ) ) ;
#871 = CARTESIAN_POINT ( 'NONE',  ( -100.0000000000000142, 0.000000000000000000, -29.06723245182796234 ) ) ;
#872 = DIRECTION ( 'NONE',  ( -0.000000000000000000, -1.000000000000000000, -0.000000000000000000 ) ) ;
#873 = EDGE_CURVE ( 'NONE', #4791, #1875, #888, .T. ) ;
#874 = VERTEX_POINT ( 'NONE', #2013 ) ;
#875 = CARTESIAN_POINT ( 'NONE',  ( -100.0000000000000142, 15.00000000000000000, -84.06723245182797655 ) ) ;
#876 = DIRECTION ( 'NONE',  ( 0.000000000000000000, 0.000000000000000000, 1.000000000000000000 ) ) ;
#877 = ORIENTED_EDGE ( 'NONE', *, *, #2611, .T. ) ;
#878 = DIRECTION ( 'NONE',  ( -0.000000000000000000, -1.000000000000000000, -0.000000000000000000 ) ) ;
#879 = EDGE_LOOP ( 'NONE', ( #1224, #1889 ) ) ;
#880 = AXIS2_PLACEMENT_3D ( 'NONE', #2650, #1468, #4153 ) ;
#881 = AXIS2_PLACEMENT_3D ( 'NONE', #4245, #1290, #2393 ) ;
#882 = CARTESIAN_POINT ( 'NONE',  ( -44.00000000000000000, 6.000000000000000000, -74.06723245182799076 ) ) ;
#883 = EDGE_CURVE ( 'NONE', #4894, #2848, #3858, .T. ) ;
#884 = FACE_OUTER_BOUND ( 'NONE', #4233, .T. ) ;
#885 = CIRCLE ( 'NONE', #1749, 1.600000000000004086 ) ;
#886 = ORIENTED_EDGE ( 'NONE', *, *, #3978, .T. ) ;
#887 = LINE ( 'NONE', #4385, #3307 ) ;
#888 = CIRCLE ( 'NONE', #802, 1.600000000000004086 ) ;
#889 = PLANE ( 'NONE',  #1228 ) ;
#890 = ADVANCED_FACE ( 'NONE', ( #497 ), #3941, .F. ) ;
#891 = CYLINDRICAL_SURFACE ( 'NONE', #2528, 2.000000000000000000 ) ;
#892 = CARTESIAN_POINT ( 'NONE',  ( -44.00000000000000000, 6.000000000000000000, -30.06723245182798365 ) ) ;
#893 = EDGE_CURVE ( 'NONE', #980, #1898, #2369, .T. ) ;
#894 = LINE ( 'NONE', #3138, #1625 ) ;
#895 = AXIS2_PLACEMENT_3D ( 'NONE', #3009, #4110, #2584 ) ;
#896 = EDGE_LOOP ( 'NONE', ( #1008, #468, #2465, #3534 ) ) ;
#897 = DIRECTION ( 'NONE',  ( -0.000000000000000000, -1.000000000000000000, -0.000000000000000000 ) ) ;
#898 = DIRECTION ( 'NONE',  ( 0.000000000000000000, -1.000000000000000000, 0.000000000000000000 ) ) ;
#899 = EDGE_CURVE ( 'NONE', #2985, #485, #1681, .T. ) ;
#900 = CYLINDRICAL_SURFACE ( 'NONE', #236, 10.00000000000001066 ) ;
#901 = DIRECTION ( 'NONE',  ( 0.000000000000000000, -1.000000000000000000, 0.000000000000000000 ) ) ;
#902 = ORIENTED_EDGE ( 'NONE', *, *, #1637, .F. ) ;
#903 = CARTESIAN_POINT ( 'NONE',  ( 110.0000000000000142, 15.00000000000000000, -29.06723245182796234 ) ) ;
#904 = ORIENTED_EDGE ( 'NONE', *, *, #238, .F. ) ;
#905 = DIRECTION ( 'NONE',  ( 0.000000000000000000, 0.000000000000000000, -1.000000000000000000 ) ) ;
#906 = EDGE_CURVE ( 'NONE', #554, #3100, #4325, .T. ) ;
#907 = CARTESIAN_POINT ( 'NONE',  ( 30.00000000000000000, 8.900000000000005684, -73.06723245182800497 ) ) ;
#908 = ORIENTED_EDGE ( 'NONE', *, *, #3032, .T. ) ;
#909 = LINE ( 'NONE', #4831, #4676 ) ;
#910 = AXIS2_PLACEMENT_3D ( 'NONE', #1339, #1791, #991 ) ;
#911 = CARTESIAN_POINT ( 'NONE',  ( -55.00000000000001421, 4.000000000000000000, -34.06723245182799076 ) ) ;
#912 = DIRECTION ( 'NONE',  ( 0.000000000000000000, 0.000000000000000000, 1.000000000000000000 ) ) ;
#913 = ADVANCED_FACE ( 'NONE', ( #1669 ), #2417, .F. ) ;
#914 = CARTESIAN_POINT ( 'NONE',  ( 0.000000000000000000, 50.10000000000000142, 0.000000000000000000 ) ) ;
#915 = CARTESIAN_POINT ( 'NONE',  ( -95.00000000000001421, 0.000000000000000000, -35.66723245182799218 ) ) ;
#916 = VERTEX_POINT ( 'NONE', #3564 ) ;
#917 = EDGE_CURVE ( 'NONE', #1273, #4641, #2156, .T. ) ;
#918 = CARTESIAN_POINT ( 'NONE',  ( 95.00000000000051159, 4.000000000000000000, -72.06723245182732285 ) ) ;
#919 = DIRECTION ( 'NONE',  ( 0.000000000000000000, 0.000000000000000000, 1.000000000000000000 ) ) ;
#920 = AXIS2_PLACEMENT_3D ( 'NONE', #3501, #4614, #725 ) ;
#921 = FACE_OUTER_BOUND ( 'NONE', #1970, .T. ) ;
#922 = LINE ( 'NONE', #3493, #52 ) ;
#923 = EDGE_LOOP ( 'NONE', ( #4028, #529, #3367, #1868 ) ) ;
#924 = DIRECTION ( 'NONE',  ( 0.000000000000000000, 0.000000000000000000, 1.000000000000000000 ) ) ;
#925 = ORIENTED_EDGE ( 'NONE', *, *, #3727, .F. ) ;
#926 = AXIS2_PLACEMENT_3D ( 'NONE', #303, #3333, #4374 ) ;
#927 = CIRCLE ( 'NONE', #2840, 1.700000000000000178 ) ;
#928 = EDGE_CURVE ( 'NONE', #3602, #1289, #476, .T. ) ;
#929 = CARTESIAN_POINT ( 'NONE',  ( -30.00000000000000000, 8.900000000000005684, -76.06723245182800497 ) ) ;
#930 = AXIS2_PLACEMENT_3D ( 'NONE', #4357, #856, #1253 ) ;
#931 = CARTESIAN_POINT ( 'NONE',  ( 0.000000000000000000, 0.000000000000000000, 0.000000000000000000 ) ) ;
#932 = VECTOR ( 'NONE', #4788, 1000.000000000000000 ) ;
#933 = ORIENTED_EDGE ( 'NONE', *, *, #2880, .T. ) ;
#934 = CYLINDRICAL_SURFACE ( 'NONE', #1312, 1.999999999999996669 ) ;
#935 =( GEOMETRIC_REPRESENTATION_CONTEXT ( 3 ) GLOBAL_UNCERTAINTY_ASSIGNED_CONTEXT ( ( #4591 ) ) GLOBAL_UNIT_ASSIGNED_CONTEXT ( ( #2314, #1538, #1487 ) ) REPRESENTATION_CONTEXT ( 'NONE', 'WORKASPACE' ) );
#936 = CARTESIAN_POINT ( 'NONE',  ( -30.00000000000000000, 8.900000000000000355, 10.93276754817198970 ) ) ;
#937 = EDGE_CURVE ( 'NONE', #4184, #3653, #3986, .T. ) ;
#938 = FACE_OUTER_BOUND ( 'NONE', #1117, .T. ) ;
#939 = FACE_OUTER_BOUND ( 'NONE', #268, .T. ) ;
#940 = CARTESIAN_POINT ( 'NONE',  ( 40.85786437626929057, 6.000000000000000000, -42.77509682809682090 ) ) ;
#941 = ORIENTED_EDGE ( 'NONE', *, *, #2216, .F. ) ;
#942 = CARTESIAN_POINT ( 'NONE',  ( 106.0000000000002274, 6.000000000000000000, -30.06723245182732640 ) ) ;
#943 = ORIENTED_EDGE ( 'NONE', *, *, #2006, .F. ) ;
#944 = DIRECTION ( 'NONE',  ( -0.000000000000000000, -1.000000000000000000, -0.000000000000000000 ) ) ;
#945 = CARTESIAN_POINT ( 'NONE',  ( -106.0000000000000142, 0.000000000000000000, -74.06723245182799076 ) ) ;
#946 = AXIS2_PLACEMENT_3D ( 'NONE', #3526, #3625, #2081 ) ;
#947 = EDGE_CURVE ( 'NONE', #3893, #1355, #1508, .T. ) ;
#948 = ORIENTED_EDGE ( 'NONE', *, *, #3066, .T. ) ;
#949 = CARTESIAN_POINT ( 'NONE',  ( 44.00000000000022027, 6.000000000000000000, -32.06723245182776338 ) ) ;
#950 = ORIENTED_EDGE ( 'NONE', *, *, #2082, .F. ) ;
#951 = CARTESIAN_POINT ( 'NONE',  ( -69.14213562373099364, 6.000000000000005329, -68.20936807555891335 ) ) ;
#952 = AXIS2_PLACEMENT_3D ( 'NONE', #4703, #130, #2045 ) ;
#953 = PLANE ( 'NONE',  #248 ) ;
#954 = EDGE_LOOP ( 'NONE', ( #4655, #3241 ) ) ;
#955 = CARTESIAN_POINT ( 'NONE',  ( -55.00000000000001421, 0.000000000000000000, -34.06723245182799076 ) ) ;
#956 = ADVANCED_FACE ( 'NONE', ( #3092 ), #3510, .F. ) ;
#957 = CARTESIAN_POINT ( 'NONE',  ( -40.85786437626900636, 6.000000000000005329, -69.90936807555891619 ) ) ;
#958 = DIRECTION ( 'NONE',  ( 0.000000000000000000, 0.000000000000000000, -1.000000000000000000 ) ) ;
#959 = ADVANCED_FACE ( 'NONE', ( #449 ), #1965, .F. ) ;
#960 = DIRECTION ( 'NONE',  ( -0.000000000000000000, -1.000000000000000000, -0.000000000000000000 ) ) ;
#961 = CARTESIAN_POINT ( 'NONE',  ( 100.0000000000000142, 0.000000000000000000, -19.06723245182795878 ) ) ;
#962 = VERTEX_POINT ( 'NONE', #4270 ) ;
#963 = EDGE_CURVE ( 'NONE', #4399, #2367, #845, .T. ) ;
#964 = FACE_BOUND ( 'NONE', #4534, .T. ) ;
#965 = DIRECTION ( 'NONE',  ( -0.000000000000000000, -1.000000000000000000, -0.000000000000000000 ) ) ;
#966 = CARTESIAN_POINT ( 'NONE',  ( 40.85786437626902057, 6.000000000000005329, -38.22509682809704401 ) ) ;
#967 = ORIENTED_EDGE ( 'NONE', *, *, #4668, .T. ) ;
#968 = FACE_OUTER_BOUND ( 'NONE', #4173, .T. ) ;
#969 = ORIENTED_EDGE ( 'NONE', *, *, #205, .T. ) ;
#970 = CARTESIAN_POINT ( 'NONE',  ( 69.14213562373126365, 0.000000000000000000, -42.77509682809658642 ) ) ;
#971 = CARTESIAN_POINT ( 'NONE',  ( 69.14213562373146260, 6.000000000000000000, -68.20936807555847281 ) ) ;
#972 = ORIENTED_EDGE ( 'NONE', *, *, #865, .T. ) ;
#973 = LINE ( 'NONE', #4784, #190 ) ;
#974 = AXIS2_PLACEMENT_3D ( 'NONE', #1149, #3816, #722 ) ;
#975 = DIRECTION ( 'NONE',  ( -0.000000000000000000, -1.000000000000000000, -0.000000000000000000 ) ) ;
#976 = EDGE_LOOP ( 'NONE', ( #1345, #2672, #1806, #1895 ) ) ;
#977 = CIRCLE ( 'NONE', #2251, 2.000000000000001776 ) ;
#978 = CARTESIAN_POINT ( 'NONE',  ( 40.85786437626946821, 0.000000000000000000, -68.20936807555868597 ) ) ;
#979 = ORIENTED_EDGE ( 'NONE', *, *, #3441, .T. ) ;
#980 = VERTEX_POINT ( 'NONE', #2230 ) ;
#981 = AXIS2_PLACEMENT_3D ( 'NONE', #1188, #4268, #2793 ) ;
#982 = LINE ( 'NONE', #78, #588 ) ;
#983 = EDGE_CURVE ( 'NONE', #2504, #4207, #2553, .T. ) ;
#984 = PLANE ( 'NONE',  #1082 ) ;
#985 = CIRCLE ( 'NONE', #3615, 13.49999999999999822 ) ;
#986 = ORIENTED_EDGE ( 'NONE', *, *, #1341, .F. ) ;
#987 = FACE_BOUND ( 'NONE', #4624, .T. ) ;
#988 = CARTESIAN_POINT ( 'NONE',  ( -69.14213562373099364, 0.000000000000000000, -37.07509682809703833 ) ) ;
#989 = CARTESIAN_POINT ( 'NONE',  ( 69.14213562373126365, 0.000000000000000000, -37.07509682809659068 ) ) ;
#990 = ORIENTED_EDGE ( 'NONE', *, *, #1267, .T. ) ;
#991 = DIRECTION ( 'NONE',  ( 0.000000000000000000, 0.000000000000000000, 1.000000000000000000 ) ) ;
#992 = ORIENTED_EDGE ( 'NONE', *, *, #2134, .F. ) ;
#993 = DIRECTION ( 'NONE',  ( 0.000000000000000000, -1.000000000000000000, 0.000000000000000000 ) ) ;
#994 = CIRCLE ( 'NONE', #1552, 10.09999999999999964 ) ;
#995 = DIRECTION ( 'NONE',  ( 0.000000000000000000, 0.000000000000000000, -1.000000000000000000 ) ) ;
#996 = EDGE_LOOP ( 'NONE', ( #1189, #815 ) ) ;
#997 = DIRECTION ( 'NONE',  ( 3.083952846180989787E-16, -0.000000000000000000, 1.000000000000000000 ) ) ;
#998 = AXIS2_PLACEMENT_3D ( 'NONE', #1509, #4570, #3750 ) ;
#999 = VECTOR ( 'NONE', #1293, 1000.000000000000000 ) ;
#1000 = CARTESIAN_POINT ( 'NONE',  ( 10.67731239591688208, 0.000000000000000000, -10.67731239591691939 ) ) ;
#1001 = AXIS2_PLACEMENT_3D ( 'NONE', #2127, #1748, #4808 ) ;
#1002 = AXIS2_PLACEMENT_3D ( 'NONE', #3601, #4717, #4004 ) ;
#1003 = EDGE_LOOP ( 'NONE', ( #4484, #1882 ) ) ;
#1004 = DIRECTION ( 'NONE',  ( 0.000000000000000000, 0.000000000000000000, -1.000000000000000000 ) ) ;
#1005 = EDGE_CURVE ( 'NONE', #1577, #2207, #3907, .T. ) ;
#1006 = VERTEX_POINT ( 'NONE', #659 ) ;
#1007 = VECTOR ( 'NONE', #1773, 1000.000000000000000 ) ;
#1008 = ORIENTED_EDGE ( 'NONE', *, *, #474, .F. ) ;
#1009 = CIRCLE ( 'NONE', #1323, 2.850000000000005418 ) ;
#1010 = DIRECTION ( 'NONE',  ( 0.000000000000000000, 0.000000000000000000, 1.000000000000000000 ) ) ;
#1011 = CARTESIAN_POINT ( 'NONE',  ( 40.85786437626902057, 15.00000000000000000, -38.22509682809704401 ) ) ;
#1012 = CARTESIAN_POINT ( 'NONE',  ( 30.00000000000000000, 82.29999999999999716, 7.932767548171988814 ) ) ;
#1013 = EDGE_CURVE ( 'NONE', #1978, #4705, #4109, .T. ) ;
#1014 = EDGE_LOOP ( 'NONE', ( #1499, #3265, #3874, #4554 ) ) ;
#1015 = FACE_BOUND ( 'NONE', #3964, .T. ) ;
#1016 = PLANE ( 'NONE',  #4869 ) ;
#1017 = DIRECTION ( 'NONE',  ( 0.000000000000000000, 0.000000000000000000, 1.000000000000000000 ) ) ;
#1018 = EDGE_LOOP ( 'NONE', ( #572, #3063 ) ) ;
#1019 = CARTESIAN_POINT ( 'NONE',  ( 69.14213562373126365, 6.000000000000000000, -39.92509682809659211 ) ) ;
#1020 = EDGE_CURVE ( 'NONE', #2504, #3403, #1476, .T. ) ;
#1021 = ORIENTED_EDGE ( 'NONE', *, *, #3253, .F. ) ;
#1022 = CARTESIAN_POINT ( 'NONE',  ( -106.0000000000000142, 6.000000000000000000, -32.06723245182798365 ) ) ;
#1023 = CARTESIAN_POINT ( 'NONE',  ( 10.67731239591688208, 10.00000000000000000, -10.67731239591691939 ) ) ;
#1024 = EDGE_LOOP ( 'NONE', ( #1651, #1884 ) ) ;
#1025 = DIRECTION ( 'NONE',  ( -0.000000000000000000, -1.000000000000000000, -0.000000000000000000 ) ) ;
#1026 = EDGE_CURVE ( 'NONE', #2735, #4547, #793, .T. ) ;
#1027 = AXIS2_PLACEMENT_3D ( 'NONE', #4422, #1761, #1788 ) ;
#1028 = DIRECTION ( 'NONE',  ( -0.000000000000000000, 1.000000000000000000, -0.000000000000000000 ) ) ;
#1029 = ORIENTED_EDGE ( 'NONE', *, *, #2461, .F. ) ;
#1030 = CARTESIAN_POINT ( 'NONE',  ( 55.00000000000049738, 0.000000000000000000, -72.06723245182753601 ) ) ;
#1031 = VECTOR ( 'NONE', #3788, 1000.000000000000000 ) ;
#1032 = EDGE_LOOP ( 'NONE', ( #2738, #992 ) ) ;
#1033 = ORIENTED_EDGE ( 'NONE', *, *, #4408, .T. ) ;
#1034 = CARTESIAN_POINT ( 'NONE',  ( 40.85786437626902057, 6.000000000000005329, -39.92509682809703975 ) ) ;
#1035 = CARTESIAN_POINT ( 'NONE',  ( -106.0000000000000142, 6.000000000000000000, -34.06723245182798365 ) ) ;
#1036 = VECTOR ( 'NONE', #2430, 1000.000000000000000 ) ;
#1037 = DIRECTION ( 'NONE',  ( 0.000000000000000000, 0.000000000000000000, -1.000000000000000000 ) ) ;
#1038 = AXIS2_PLACEMENT_3D ( 'NONE', #2757, #487, #537 ) ;
#1039 = VECTOR ( 'NONE', #870, 1000.000000000000000 ) ;
#1040 = ORIENTED_EDGE ( 'NONE', *, *, #2216, .T. ) ;
#1041 = CARTESIAN_POINT ( 'NONE',  ( 54.99999999999998579, 0.000000000000000000, -54.06723245182797655 ) ) ;
#1042 = ADVANCED_FACE ( 'NONE', ( #4840 ), #635, .F. ) ;
#1043 = DIRECTION ( 'NONE',  ( 0.7071067811865412445, -0.000000000000000000, 0.7071067811865536790 ) ) ;
#1044 = VERTEX_POINT ( 'NONE', #2609 ) ;
#1045 = CARTESIAN_POINT ( 'NONE',  ( -30.00000000000000000, 8.900000000000000355, -76.06723245182800497 ) ) ;
#1046 = EDGE_LOOP ( 'NONE', ( #2000, #794, #1695, #2784 ) ) ;
#1047 = DIRECTION ( 'NONE',  ( 0.000000000000000000, 1.000000000000000000, 0.000000000000000000 ) ) ;
#1048 = EDGE_CURVE ( 'NONE', #2848, #1289, #638, .T. ) ;
#1049 = DIRECTION ( 'NONE',  ( 0.000000000000000000, -1.000000000000000000, 0.000000000000000000 ) ) ;
#1050 = EDGE_LOOP ( 'NONE', ( #2061, #1021 ) ) ;
#1051 = DIRECTION ( 'NONE',  ( -0.7071067811865489050, 0.000000000000000000, -0.7071067811865462405 ) ) ;
#1052 = CIRCLE ( 'NONE', #895, 1.599999999999997202 ) ;
#1053 = CARTESIAN_POINT ( 'NONE',  ( 40.85786437626900636, 15.00000000000000000, -69.90936807555891619 ) ) ;
#1054 = ORIENTED_EDGE ( 'NONE', *, *, #3694, .F. ) ;
#1055 = DIRECTION ( 'NONE',  ( -0.5631668883056560881, 0.000000000000000000, -0.8263431828944465263 ) ) ;
#1056 = ORIENTED_EDGE ( 'NONE', *, *, #4638, .T. ) ;
#1057 = DIRECTION ( 'NONE',  ( 0.000000000000000000, 1.000000000000000000, 0.000000000000000000 ) ) ;
#1058 = CARTESIAN_POINT ( 'NONE',  ( -40.85786437626900636, 6.000000000000000000, -65.35936807555891903 ) ) ;
#1059 = CARTESIAN_POINT ( 'NONE',  ( -30.00000000000000000, 8.900000000000000355, -81.11723245182800213 ) ) ;
#1060 = CIRCLE ( 'NONE', #910, 1.700000000000007061 ) ;
#1061 = EDGE_CURVE ( 'NONE', #1364, #755, #1429, .T. ) ;
#1062 = AXIS2_PLACEMENT_3D ( 'NONE', #2391, #4622, #521 ) ;
#1063 = ORIENTED_EDGE ( 'NONE', *, *, #3978, .F. ) ;
#1064 = CARTESIAN_POINT ( 'NONE',  ( 44.00000000000022027, 0.000000000000000000, -32.06723245182776338 ) ) ;
#1065 = AXIS2_PLACEMENT_3D ( 'NONE', #4769, #4271, #1217 ) ;
#1066 = ORIENTED_EDGE ( 'NONE', *, *, #3250, .F. ) ;
#1067 = DIRECTION ( 'NONE',  ( -0.000000000000000000, -1.000000000000000000, -0.000000000000000000 ) ) ;
#1068 = ORIENTED_EDGE ( 'NONE', *, *, #4060, .F. ) ;
#1069 = ADVANCED_FACE ( 'NONE', ( #4136, #2628 ), #1449, .T. ) ;
#1070 = CYLINDRICAL_SURFACE ( 'NONE', #1089, 10.00000000000001066 ) ;
#1071 = DIRECTION ( 'NONE',  ( 0.000000000000000000, 0.000000000000000000, 1.000000000000000000 ) ) ;
#1072 = DIRECTION ( 'NONE',  ( -0.000000000000000000, -1.000000000000000000, -0.000000000000000000 ) ) ;
#1073 = ORIENTED_EDGE ( 'NONE', *, *, #1957, .T. ) ;
#1074 = DIRECTION ( 'NONE',  ( 0.000000000000000000, -1.000000000000000000, 0.000000000000000000 ) ) ;
#1075 = EDGE_CURVE ( 'NONE', #346, #70, #4393, .T. ) ;
#1076 = DIRECTION ( 'NONE',  ( 0.000000000000000000, 0.000000000000000000, -1.000000000000000000 ) ) ;
#1077 = ORIENTED_EDGE ( 'NONE', *, *, #1777, .T. ) ;
#1078 = ORIENTED_EDGE ( 'NONE', *, *, #865, .F. ) ;
#1079 = CARTESIAN_POINT ( 'NONE',  ( 106.0000000000005116, 6.000000000000000000, -74.06723245182732285 ) ) ;
#1080 = ORIENTED_EDGE ( 'NONE', *, *, #221, .F. ) ;
#1081 = AXIS2_PLACEMENT_3D ( 'NONE', #4920, #4543, #1111 ) ;
#1082 = AXIS2_PLACEMENT_3D ( 'NONE', #220, #614, #4470 ) ;
#1083 = CARTESIAN_POINT ( 'NONE',  ( -40.85786437626902057, 15.00000000000000000, -38.22509682809704401 ) ) ;
#1084 = CARTESIAN_POINT ( 'NONE',  ( 69.14213562373099364, 82.29999999999999716, -41.62509682809704259 ) ) ;
#1085 = EDGE_CURVE ( 'NONE', #1150, #2544, #3266, .T. ) ;
#1086 = AXIS2_PLACEMENT_3D ( 'NONE', #3842, #1573, #432 ) ;
#1087 = AXIS2_PLACEMENT_3D ( 'NONE', #442, #1133, #1504 ) ;
#1088 = ORIENTED_EDGE ( 'NONE', *, *, #1923, .T. ) ;
#1089 = AXIS2_PLACEMENT_3D ( 'NONE', #2592, #4857, #3620 ) ;
#1090 = DIRECTION ( 'NONE',  ( -0.000000000000000000, -1.000000000000000000, -0.000000000000000000 ) ) ;
#1091 = ORIENTED_EDGE ( 'NONE', *, *, #2060, .F. ) ;
#1092 = CARTESIAN_POINT ( 'NONE',  ( -69.14213562373099364, 15.00000000000000000, -38.22509682809703691 ) ) ;
#1093 = VERTEX_POINT ( 'NONE', #177 ) ;
#1094 = DIRECTION ( 'NONE',  ( 0.000000000000000000, -1.000000000000000000, 0.000000000000000000 ) ) ;
#1095 = FACE_BOUND ( 'NONE', #2935, .T. ) ;
#1096 = CARTESIAN_POINT ( 'NONE',  ( -10.67731239591680925, 0.000000000000000000, -10.67731239591691939 ) ) ;
#1097 = ORIENTED_EDGE ( 'NONE', *, *, #4594, .F. ) ;
#1098 = DIRECTION ( 'NONE',  ( -3.083952846180989787E-16, 0.000000000000000000, -1.000000000000000000 ) ) ;
#1099 = CARTESIAN_POINT ( 'NONE',  ( 44.00000000000022027, 0.000000000000000000, -32.06723245182776338 ) ) ;
#1100 = EDGE_CURVE ( 'NONE', #2726, #3653, #4468, .T. ) ;
#1101 = CYLINDRICAL_SURFACE ( 'NONE', #4549, 2.849999999999998312 ) ;
#1102 = CARTESIAN_POINT ( 'NONE',  ( 55.00000000000023448, 0.000000000000000000, -35.66723245182753743 ) ) ;
#1103 = ORIENTED_EDGE ( 'NONE', *, *, #73, .T. ) ;
#1104 = DIRECTION ( 'NONE',  ( 0.000000000000000000, 0.000000000000000000, 1.000000000000000000 ) ) ;
#1105 = CARTESIAN_POINT ( 'NONE',  ( 14.91995308303615886, 10.00000000000000000, -6.434671708797656819 ) ) ;
#1106 = EDGE_CURVE ( 'NONE', #2456, #3403, #566, .T. ) ;
#1107 = VECTOR ( 'NONE', #2846, 999.9999999999998863 ) ;
#1108 = DIRECTION ( 'NONE',  ( 0.000000000000000000, -1.000000000000000000, 0.000000000000000000 ) ) ;
#1109 = EDGE_LOOP ( 'NONE', ( #438, #3405, #3947, #1764 ) ) ;
#1110 = AXIS2_PLACEMENT_3D ( 'NONE', #3102, #4175, #804 ) ;
#1111 = DIRECTION ( 'NONE',  ( 0.000000000000000000, 0.000000000000000000, -1.000000000000000000 ) ) ;
#1112 = AXIS2_PLACEMENT_3D ( 'NONE', #2352, #1701, #4359 ) ;
#1113 = VECTOR ( 'NONE', #1444, 1000.000000000000000 ) ;
#1114 = VERTEX_POINT ( 'NONE', #1083 ) ;
#1115 = LINE ( 'NONE', #2311, #3689 ) ;
#1116 = EDGE_CURVE ( 'NONE', #256, #3306, #3740, .T. ) ;
#1117 = EDGE_LOOP ( 'NONE', ( #2706, #1132, #2817, #1316 ) ) ;
#1118 = CARTESIAN_POINT ( 'NONE',  ( -55.00000000000001421, 4.000000000000000000, -34.06723245182799076 ) ) ;
#1119 = DIRECTION ( 'NONE',  ( 0.000000000000000000, 1.000000000000000000, 0.000000000000000000 ) ) ;
#1120 = DIRECTION ( 'NONE',  ( 0.000000000000000000, 0.000000000000000000, -1.000000000000000000 ) ) ;
#1121 = VERTEX_POINT ( 'NONE', #2185 ) ;
#1122 = FACE_OUTER_BOUND ( 'NONE', #4331, .T. ) ;
#1123 = ORIENTED_EDGE ( 'NONE', *, *, #1771, .F. ) ;
#1124 = DIRECTION ( 'NONE',  ( -0.000000000000000000, 1.000000000000000000, -0.000000000000000000 ) ) ;
#1125 = CARTESIAN_POINT ( 'NONE',  ( -69.14213562373099364, 6.000000000000000000, -39.92509682809703264 ) ) ;
#1126 = ORIENTED_EDGE ( 'NONE', *, *, #321, .T. ) ;
#1127 = CYLINDRICAL_SURFACE ( 'NONE', #1635, 1.699999999999993072 ) ;
#1128 = AXIS2_PLACEMENT_3D ( 'NONE', #3747, #708, #4539 ) ;
#1129 = ORIENTED_EDGE ( 'NONE', *, *, #2233, .F. ) ;
#1130 = ADVANCED_FACE ( 'NONE', ( #317 ), #4057, .F. ) ;
#1131 = DIRECTION ( 'NONE',  ( -0.000000000000000000, -1.000000000000000000, -0.000000000000000000 ) ) ;
#1132 = ORIENTED_EDGE ( 'NONE', *, *, #3055, .F. ) ;
#1133 = DIRECTION ( 'NONE',  ( 0.000000000000000000, -1.000000000000000000, 0.000000000000000000 ) ) ;
#1134 = ORIENTED_EDGE ( 'NONE', *, *, #3155, .F. ) ;
#1135 = ADVANCED_FACE ( 'NONE', ( #3700 ), #1850, .F. ) ;
#1136 = CYLINDRICAL_SURFACE ( 'NONE', #3158, 2.000000000000001776 ) ;
#1137 = CIRCLE ( 'NONE', #4092, 5.999999999999998224 ) ;
#1138 = ORIENTED_EDGE ( 'NONE', *, *, #1800, .T. ) ;
#1139 = LINE ( 'NONE', #3064, #1775 ) ;
#1140 = EDGE_LOOP ( 'NONE', ( #2906, #3752, #4899, #693 ) ) ;
#1141 = AXIS2_PLACEMENT_3D ( 'NONE', #2815, #4347, #3486 ) ;
#1142 = SURFACE_STYLE_FILL_AREA ( #28 ) ;
#1143 = CIRCLE ( 'NONE', #3897, 1.600000000000004086 ) ;
#1144 = ADVANCED_FACE ( 'NONE', ( #3108 ), #1526, .F. ) ;
#1145 = AXIS2_PLACEMENT_3D ( 'NONE', #415, #4640, #728 ) ;
#1146 = DIRECTION ( 'NONE',  ( 0.000000000000000000, -1.000000000000000000, 0.000000000000000000 ) ) ;
#1147 = DIRECTION ( 'NONE',  ( 0.000000000000000000, 0.000000000000000000, 1.000000000000000000 ) ) ;
#1148 = VERTEX_POINT ( 'NONE', #3056 ) ;
#1149 = CARTESIAN_POINT ( 'NONE',  ( 40.85786437626946821, 6.000000000000000000, -68.20936807555868597 ) ) ;
#1150 = VERTEX_POINT ( 'NONE', #17 ) ;
#1151 = CARTESIAN_POINT ( 'NONE',  ( -40.85786437626900636, 15.00000000000000000, -66.50936807555891050 ) ) ;
#1152 = FACE_OUTER_BOUND ( 'NONE', #996, .T. ) ;
#1153 = ORIENTED_EDGE ( 'NONE', *, *, #1624, .T. ) ;
#1154 = DIRECTION ( 'NONE',  ( 0.000000000000000000, 0.000000000000000000, -1.000000000000000000 ) ) ;
#1155 = EDGE_LOOP ( 'NONE', ( #3976, #1598 ) ) ;
#1156 = CARTESIAN_POINT ( 'NONE',  ( -9.987638511313818412, 10.00000000000000000, -1.502357137075304383 ) ) ;
#1157 = AXIS2_PLACEMENT_3D ( 'NONE', #2029, #2079, #4000 ) ;
#1158 = EDGE_CURVE ( 'NONE', #2350, #3430, #2428, .T. ) ;
#1159 = ORIENTED_EDGE ( 'NONE', *, *, #3525, .F. ) ;
#1160 = DIRECTION ( 'NONE',  ( -0.000000000000000000, -1.000000000000000000, -0.000000000000000000 ) ) ;
#1161 = AXIS2_PLACEMENT_3D ( 'NONE', #3559, #4294, #2335 ) ;
#1162 = AXIS2_PLACEMENT_3D ( 'NONE', #1595, #1222, #1197 ) ;
#1163 = DIRECTION ( 'NONE',  ( -0.000000000000000000, -1.000000000000000000, -0.000000000000000000 ) ) ;
#1164 = CIRCLE ( 'NONE', #2365, 5.999999999999998224 ) ;
#1165 = ADVANCED_FACE ( 'NONE', ( #1208 ), #1233, .F. ) ;
#1166 = ORIENTED_EDGE ( 'NONE', *, *, #1288, .T. ) ;
#1167 = CARTESIAN_POINT ( 'NONE',  ( -100.0000000000000142, 0.000000000000000000, -19.06723245182796944 ) ) ;
#1168 = ORIENTED_EDGE ( 'NONE', *, *, #4289, .F. ) ;
#1169 = VECTOR ( 'NONE', #3914, 1000.000000000000000 ) ;
#1170 = ADVANCED_FACE ( 'NONE', ( #4212 ), #4261, .F. ) ;
#1171 = ORIENTED_EDGE ( 'NONE', *, *, #4395, .F. ) ;
#1172 = DIRECTION ( 'NONE',  ( -0.000000000000000000, 1.000000000000000000, 0.000000000000000000 ) ) ;
#1173 = DIRECTION ( 'NONE',  ( 0.000000000000000000, 0.000000000000000000, 1.000000000000000000 ) ) ;
#1174 = EDGE_LOOP ( 'NONE', ( #2130, #188, #2017, #302 ) ) ;
#1175 = CARTESIAN_POINT ( 'NONE',  ( 106.0000000000002274, 0.000000000000000000, -30.06723245182732640 ) ) ;
#1176 = EDGE_LOOP ( 'NONE', ( #3769, #675, #2499, #223 ) ) ;
#1177 = CARTESIAN_POINT ( 'NONE',  ( -30.00000000000000000, 0.000000000000000000, -79.06723245182800497 ) ) ;
#1178 = DIRECTION ( 'NONE',  ( -0.000000000000000000, -1.000000000000000000, -0.000000000000000000 ) ) ;
#1179 = VERTEX_POINT ( 'NONE', #3447 ) ;
#1180 = FACE_OUTER_BOUND ( 'NONE', #214, .T. ) ;
#1181 = ORIENTED_EDGE ( 'NONE', *, *, #3573, .T. ) ;
#1182 = EDGE_CURVE ( 'NONE', #2776, #4027, #3029, .T. ) ;
#1183 = FACE_BOUND ( 'NONE', #3745, .T. ) ;
#1184 = CARTESIAN_POINT ( 'NONE',  ( 0.000000000000000000, 0.000000000000000000, -10.09999999999999964 ) ) ;
#1185 = AXIS2_PLACEMENT_3D ( 'NONE', #4148, #1488, #3017 ) ;
#1186 = DIRECTION ( 'NONE',  ( 0.000000000000000000, 0.000000000000000000, -1.000000000000000000 ) ) ;
#1187 = VERTEX_POINT ( 'NONE', #3397 ) ;
#1188 = CARTESIAN_POINT ( 'NONE',  ( 106.0000000000005116, 6.000000000000000000, -74.06723245182732285 ) ) ;
#1189 = ORIENTED_EDGE ( 'NONE', *, *, #1836, .T. ) ;
#1190 = CARTESIAN_POINT ( 'NONE',  ( -30.00000000000000000, 8.900000000000000355, -76.06723245182800497 ) ) ;
#1191 = EDGE_CURVE ( 'NONE', #3547, #4264, #985, .T. ) ;
#1192 = FACE_BOUND ( 'NONE', #3760, .T. ) ;
#1193 = AXIS2_PLACEMENT_3D ( 'NONE', #3499, #3975, #3152 ) ;
#1194 = AXIS2_PLACEMENT_3D ( 'NONE', #4442, #3725, #3677 ) ;
#1195 = ORIENTED_EDGE ( 'NONE', *, *, #4043, .T. ) ;
#1196 = CARTESIAN_POINT ( 'NONE',  ( -30.00000000000000000, 15.00000000000000000, -81.11723245182800213 ) ) ;
#1197 = DIRECTION ( 'NONE',  ( 0.000000000000000000, 0.000000000000000000, 1.000000000000000000 ) ) ;
#1198 = ORIENTED_EDGE ( 'NONE', *, *, #1771, .T. ) ;
#1199 = DIRECTION ( 'NONE',  ( 0.000000000000000000, -1.000000000000000000, 0.000000000000000000 ) ) ;
#1200 = EDGE_LOOP ( 'NONE', ( #3455, #3080 ) ) ;
#1201 = EDGE_CURVE ( 'NONE', #2315, #1514, #2303, .T. ) ;
#1202 = DIRECTION ( 'NONE',  ( -0.000000000000000000, -1.000000000000000000, -0.000000000000000000 ) ) ;
#1203 = CARTESIAN_POINT ( 'NONE',  ( 44.00000000000022027, 6.000000000000000000, -34.06723245182776338 ) ) ;
#1204 = VERTEX_POINT ( 'NONE', #1922 ) ;
#1205 = CARTESIAN_POINT ( 'NONE',  ( 30.00000000000000000, 82.29999999999999716, 10.93276754817198970 ) ) ;
#1206 = EDGE_LOOP ( 'NONE', ( #1832, #4478 ) ) ;
#1207 = EDGE_CURVE ( 'NONE', #141, #2505, #1627, .T. ) ;
#1208 = FACE_OUTER_BOUND ( 'NONE', #599, .T. ) ;
#1209 = ORIENTED_EDGE ( 'NONE', *, *, #1020, .F. ) ;
#1210 = FACE_OUTER_BOUND ( 'NONE', #2564, .T. ) ;
#1211 = FACE_OUTER_BOUND ( 'NONE', #3662, .T. ) ;
#1212 = ADVANCED_FACE ( 'NONE', ( #3503 ), #360, .F. ) ;
#1213 = CARTESIAN_POINT ( 'NONE',  ( 69.14213562373146260, 6.000000000000000000, -68.20936807555847281 ) ) ;
#1214 = CIRCLE ( 'NONE', #2178, 2.000000000000001776 ) ;
#1215 = ORIENTED_EDGE ( 'NONE', *, *, #3529, .F. ) ;
#1216 = CARTESIAN_POINT ( 'NONE',  ( 95.00000000000024158, 4.000000000000000000, -34.06723245182732285 ) ) ;
#1217 = DIRECTION ( 'NONE',  ( 0.000000000000000000, 0.000000000000000000, -1.000000000000000000 ) ) ;
#1218 = LINE ( 'NONE', #3968, #544 ) ;
#1219 = AXIS2_PLACEMENT_3D ( 'NONE', #4070, #4042, #3642 ) ;
#1220 = ORIENTED_EDGE ( 'NONE', *, *, #3619, .F. ) ;
#1221 = CARTESIAN_POINT ( 'NONE',  ( -40.85786437626900636, 6.000000000000005329, -68.20936807555891335 ) ) ;
#1222 = DIRECTION ( 'NONE',  ( -0.000000000000000000, -1.000000000000000000, -0.000000000000000000 ) ) ;
#1223 = EDGE_CURVE ( 'NONE', #2535, #1978, #4263, .T. ) ;
#1224 = ORIENTED_EDGE ( 'NONE', *, *, #688, .F. ) ;
#1225 = DIRECTION ( 'NONE',  ( -0.000000000000000000, -1.000000000000000000, -0.000000000000000000 ) ) ;
#1226 = ORIENTED_EDGE ( 'NONE', *, *, #2435, .T. ) ;
#1227 = FACE_OUTER_BOUND ( 'NONE', #2686, .T. ) ;
#1228 = AXIS2_PLACEMENT_3D ( 'NONE', #1327, #2809, #3954 ) ;
#1229 = DIRECTION ( 'NONE',  ( 0.000000000000000000, 0.000000000000000000, -1.000000000000000000 ) ) ;
#1230 = ORIENTED_EDGE ( 'NONE', *, *, #205, .F. ) ;
#1231 = DIRECTION ( 'NONE',  ( 0.000000000000000000, -1.000000000000000000, 0.000000000000000000 ) ) ;
#1232 = ADVANCED_FACE ( 'NONE', ( #4589, #3131, #4664, #3848, #1183, #1952 ), #1551, .T. ) ;
#1233 = CYLINDRICAL_SURFACE ( 'NONE', #743, 1.699999999999993072 ) ;
#1234 = ORIENTED_EDGE ( 'NONE', *, *, #4323, .F. ) ;
#1235 = LINE ( 'NONE', #71, #301 ) ;
#1236 = EDGE_CURVE ( 'NONE', #4915, #3803, #439, .T. ) ;
#1237 = CARTESIAN_POINT ( 'NONE',  ( 40.85786437626900636, 6.000000000000005329, -68.20936807555891335 ) ) ;
#1238 = AXIS2_PLACEMENT_3D ( 'NONE', #3394, #4938, #1497 ) ;
#1239 = DIRECTION ( 'NONE',  ( -0.000000000000000000, -1.000000000000000000, -0.000000000000000000 ) ) ;
#1240 = EDGE_LOOP ( 'NONE', ( #836, #3851 ) ) ;
#1241 = CARTESIAN_POINT ( 'NONE',  ( 0.000000000000000000, 50.10000000000000142, 0.000000000000000000 ) ) ;
#1242 = FACE_OUTER_BOUND ( 'NONE', #3987, .T. ) ;
#1243 = AXIS2_PLACEMENT_3D ( 'NONE', #1406, #1733, #2133 ) ;
#1244 = CARTESIAN_POINT ( 'NONE',  ( 1.236893267138826614E-15, 82.29999999999999716, 10.09999999999999964 ) ) ;
#1245 = VECTOR ( 'NONE', #4414, 1000.000000000000000 ) ;
#1246 = ORIENTED_EDGE ( 'NONE', *, *, #4386, .F. ) ;
#1247 = CARTESIAN_POINT ( 'NONE',  ( 95.00000000000051159, 4.000000000000000000, -70.46723245182731432 ) ) ;
#1248 = CYLINDRICAL_SURFACE ( 'NONE', #213, 1.599999999999997202 ) ;
#1249 = VERTEX_POINT ( 'NONE', #68 ) ;
#1250 = DIRECTION ( 'NONE',  ( 0.000000000000000000, 0.000000000000000000, 1.000000000000000000 ) ) ;
#1251 = AXIS2_PLACEMENT_3D ( 'NONE', #751, #355, #1865 ) ;
#1252 = EDGE_LOOP ( 'NONE', ( #1998, #1519 ) ) ;
#1253 = DIRECTION ( 'NONE',  ( 0.000000000000000000, -0.000000000000000000, 1.000000000000000000 ) ) ;
#1254 = ADVANCED_FACE ( 'NONE', ( #756 ), #2280, .F. ) ;
#1255 = LINE ( 'NONE', #3226, #1036 ) ;
#1256 = EDGE_LOOP ( 'NONE', ( #2620, #182 ) ) ;
#1257 = CARTESIAN_POINT ( 'NONE',  ( 106.0000000000005116, 0.000000000000000000, -76.06723245182732285 ) ) ;
#1258 = DIRECTION ( 'NONE',  ( 0.000000000000000000, 0.000000000000000000, -1.000000000000000000 ) ) ;
#1259 = EDGE_CURVE ( 'NONE', #1179, #721, #2745, .T. ) ;
#1260 = DIRECTION ( 'NONE',  ( 0.000000000000000000, 0.000000000000000000, 1.000000000000000000 ) ) ;
#1261 = EDGE_CURVE ( 'NONE', #1536, #4082, #4744, .T. ) ;
#1262 = DIRECTION ( 'NONE',  ( 3.083952846180989787E-16, 0.000000000000000000, 1.000000000000000000 ) ) ;
#1263 = CARTESIAN_POINT ( 'NONE',  ( 40.85786437626902057, 82.29999999999999716, -39.92509682809703975 ) ) ;
#1264 = ORIENTED_EDGE ( 'NONE', *, *, #1385, .F. ) ;
#1265 = AXIS2_PLACEMENT_3D ( 'NONE', #2219, #328, #2994 ) ;
#1266 = CARTESIAN_POINT ( 'NONE',  ( 40.85786437626902057, 82.29999999999999716, -38.22509682809704401 ) ) ;
#1267 = EDGE_CURVE ( 'NONE', #1386, #4184, #4692, .T. ) ;
#1268 = CARTESIAN_POINT ( 'NONE',  ( -30.00000000000000000, 8.900000000000005684, 7.932767548171988814 ) ) ;
#1269 = DIRECTION ( 'NONE',  ( 0.000000000000000000, 0.000000000000000000, -1.000000000000000000 ) ) ;
#1270 = DIRECTION ( 'NONE',  ( 0.000000000000000000, 0.000000000000000000, 1.000000000000000000 ) ) ;
#1271 = EDGE_CURVE ( 'NONE', #3269, #4236, #2582, .T. ) ;
#1272 = CIRCLE ( 'NONE', #4063, 2.000000000000003553 ) ;
#1273 = VERTEX_POINT ( 'NONE', #490 ) ;
#1274 = DIRECTION ( 'NONE',  ( -0.000000000000000000, 1.000000000000000000, -0.000000000000000000 ) ) ;
#1275 = EDGE_LOOP ( 'NONE', ( #2064, #293, #4329, #1397 ) ) ;
#1276 = AXIS2_PLACEMENT_3D ( 'NONE', #833, #2625, #1574 ) ;
#1277 = LINE ( 'NONE', #4757, #3317 ) ;
#1278 = DIRECTION ( 'NONE',  ( 0.000000000000000000, 0.000000000000000000, 1.000000000000000000 ) ) ;
#1279 = CIRCLE ( 'NONE', #4319, 2.849999999999998312 ) ;
#1280 = ORIENTED_EDGE ( 'NONE', *, *, #193, .F. ) ;
#1281 = DIRECTION ( 'NONE',  ( -0.000000000000000000, 1.000000000000000000, 0.000000000000000000 ) ) ;
#1282 = EDGE_CURVE ( 'NONE', #70, #346, #591, .T. ) ;
#1283 = DIRECTION ( 'NONE',  ( -0.000000000000000000, -1.000000000000000000, -0.000000000000000000 ) ) ;
#1284 = CARTESIAN_POINT ( 'NONE',  ( -55.00000000000001421, 4.000000000000000000, -72.06723245182799076 ) ) ;
#1285 = ADVANCED_FACE ( 'NONE', ( #167, #4715 ), #889, .T. ) ;
#1286 = CARTESIAN_POINT ( 'NONE',  ( 6.434671708797606193, 0.000000000000000000, -14.91995308303618550 ) ) ;
#1287 = CYLINDRICAL_SURFACE ( 'NONE', #1141, 5.050000000000002487 ) ;
#1288 = EDGE_CURVE ( 'NONE', #4394, #4171, #3929, .T. ) ;
#1289 = VERTEX_POINT ( 'NONE', #513 ) ;
#1290 = DIRECTION ( 'NONE',  ( 0.000000000000000000, -1.000000000000000000, 0.000000000000000000 ) ) ;
#1291 = CARTESIAN_POINT ( 'NONE',  ( -69.14213562373099364, 82.29999999999999716, -68.20936807555891335 ) ) ;
#1292 = DIRECTION ( 'NONE',  ( 0.000000000000000000, 0.000000000000000000, -1.000000000000000000 ) ) ;
#1293 = DIRECTION ( 'NONE',  ( -0.000000000000000000, -1.000000000000000000, -0.000000000000000000 ) ) ;
#1294 = AXIS2_PLACEMENT_3D ( 'NONE', #4909, #3021, #33 ) ;
#1295 = ORIENTED_EDGE ( 'NONE', *, *, #384, .T. ) ;
#1296 = CARTESIAN_POINT ( 'NONE',  ( -30.00000000000000000, 0.000000000000000000, 13.93276754817199148 ) ) ;
#1297 = VERTEX_POINT ( 'NONE', #2058 ) ;
#1298 = EDGE_CURVE ( 'NONE', #282, #1655, #191, .T. ) ;
#1299 = AXIS2_PLACEMENT_3D ( 'NONE', #306, #229, #2116 ) ;
#1300 = PLANE ( 'NONE',  #4036 ) ;
#1301 = CARTESIAN_POINT ( 'NONE',  ( 95.00000000000024158, 0.000000000000000000, -32.46723245182731432 ) ) ;
#1302 = EDGE_LOOP ( 'NONE', ( #383, #2382, #3704, #3497 ) ) ;
#1303 = DIRECTION ( 'NONE',  ( -1.000000000000000000, 0.000000000000000000, -2.545241293071531681E-16 ) ) ;
#1304 = DIRECTION ( 'NONE',  ( 0.000000000000000000, -1.000000000000000000, 0.000000000000000000 ) ) ;
#1305 = AXIS2_PLACEMENT_3D ( 'NONE', #4391, #960, #2132 ) ;
#1306 = DIRECTION ( 'NONE',  ( 0.000000000000000000, 0.000000000000000000, 1.000000000000000000 ) ) ;
#1307 = LINE ( 'NONE', #3679, #1245 ) ;
#1308 = CARTESIAN_POINT ( 'NONE',  ( -106.0000000000000142, 6.000000000000000000, -34.06723245182798365 ) ) ;
#1309 = ORIENTED_EDGE ( 'NONE', *, *, #1116, .T. ) ;
#1310 = LINE ( 'NONE', #3588, #1169 ) ;
#1311 = ADVANCED_FACE ( 'NONE', ( #3229, #2459 ), #4363, .T. ) ;
#1312 = AXIS2_PLACEMENT_3D ( 'NONE', #115, #2457, #4713 ) ;
#1313 = EDGE_LOOP ( 'NONE', ( #2085, #2758, #2651, #2911 ) ) ;
#1314 = DIRECTION ( 'NONE',  ( -0.000000000000000000, 1.000000000000000000, -0.000000000000000000 ) ) ;
#1315 = CARTESIAN_POINT ( 'NONE',  ( 106.0000000000002274, 6.000000000000000000, -30.06723245182732640 ) ) ;
#1316 = ORIENTED_EDGE ( 'NONE', *, *, #3787, .T. ) ;
#1317 = DIRECTION ( 'NONE',  ( -0.000000000000000000, -1.000000000000000000, -0.000000000000000000 ) ) ;
#1318 = EDGE_LOOP ( 'NONE', ( #2397, #4226 ) ) ;
#1319 = AXIS2_PLACEMENT_3D ( 'NONE', #1928, #4162, #3404 ) ;
#1320 = DIRECTION ( 'NONE',  ( 0.000000000000000000, 0.000000000000000000, -1.000000000000000000 ) ) ;
#1321 = ADVANCED_FACE ( 'NONE', ( #3550 ), #146, .F. ) ;
#1322 = CARTESIAN_POINT ( 'NONE',  ( -40.85786437626902057, 15.00000000000000000, -39.92509682809703975 ) ) ;
#1323 = AXIS2_PLACEMENT_3D ( 'NONE', #3005, #2558, #3369 ) ;
#1324 = VERTEX_POINT ( 'NONE', #957 ) ;
#1325 = LINE ( 'NONE', #3548, #210 ) ;
#1326 = VECTOR ( 'NONE', #872, 1000.000000000000000 ) ;
#1327 = CARTESIAN_POINT ( 'NONE',  ( 10.67731239591673287, 10.00000000000000000, 10.67731239591691939 ) ) ;
#1328 = EDGE_CURVE ( 'NONE', #1523, #554, #3296, .T. ) ;
#1329 = CARTESIAN_POINT ( 'NONE',  ( 69.14213562373099364, 6.000000000000005329, -41.62509682809704259 ) ) ;
#1330 = EDGE_CURVE ( 'NONE', #1150, #3352, #1705, .T. ) ;
#1331 = ORIENTED_EDGE ( 'NONE', *, *, #4904, .T. ) ;
#1332 = LINE ( 'NONE', #1990, #3368 ) ;
#1333 = DIRECTION ( 'NONE',  ( -0.000000000000000000, -1.000000000000000000, -0.000000000000000000 ) ) ;
#1334 = ORIENTED_EDGE ( 'NONE', *, *, #3934, .T. ) ;
#1335 = LINE ( 'NONE', #2865, #2037 ) ;
#1336 = DIRECTION ( 'NONE',  ( -0.000000000000000000, -1.000000000000000000, -0.000000000000000000 ) ) ;
#1337 = CARTESIAN_POINT ( 'NONE',  ( -40.85786437626902057, 6.000000000000005329, -39.92509682809703975 ) ) ;
#1338 = ORIENTED_EDGE ( 'NONE', *, *, #780, .T. ) ;
#1339 = CARTESIAN_POINT ( 'NONE',  ( 40.85786437626900636, 15.00000000000000000, -68.20936807555891335 ) ) ;
#1340 = ORIENTED_EDGE ( 'NONE', *, *, #3549, .T. ) ;
#1341 = EDGE_CURVE ( 'NONE', #1921, #344, #2223, .T. ) ;
#1342 = LINE ( 'NONE', #1818, #2282 ) ;
#1343 = AXIS2_PLACEMENT_3D ( 'NONE', #105, #3096, #4248 ) ;
#1344 = LINE ( 'NONE', #3691, #800 ) ;
#1345 = ORIENTED_EDGE ( 'NONE', *, *, #4564, .F. ) ;
#1346 = CARTESIAN_POINT ( 'NONE',  ( 44.00000000000049738, 6.000000000000000000, -72.06723245182776338 ) ) ;
#1347 = EDGE_CURVE ( 'NONE', #398, #4612, #4623, .T. ) ;
#1348 = CARTESIAN_POINT ( 'NONE',  ( -110.0000000000000142, 15.00000000000000000, -74.06723245182797655 ) ) ;
#1349 = EDGE_LOOP ( 'NONE', ( #767, #948 ) ) ;
#1350 = CYLINDRICAL_SURFACE ( 'NONE', #3318, 2.849999999999991651 ) ;
#1351 = ORIENTED_EDGE ( 'NONE', *, *, #3889, .F. ) ;
#1352 = CYLINDRICAL_SURFACE ( 'NONE', #2313, 1.600000000000004086 ) ;
#1353 = ADVANCED_FACE ( 'NONE', ( #3600 ), #4785, .T. ) ;
#1354 = DIRECTION ( 'NONE',  ( 0.000000000000000000, 0.000000000000000000, 1.000000000000000000 ) ) ;
#1355 = VERTEX_POINT ( 'NONE', #2760 ) ;
#1356 = DIRECTION ( 'NONE',  ( -0.000000000000000000, -1.000000000000000000, -0.000000000000000000 ) ) ;
#1357 = CYLINDRICAL_SURFACE ( 'NONE', #4556, 1.700000000000007061 ) ;
#1358 = DIRECTION ( 'NONE',  ( -0.000000000000000000, -1.000000000000000000, -0.000000000000000000 ) ) ;
#1359 = EDGE_LOOP ( 'NONE', ( #4507, #267, #740, #3921 ) ) ;
#1360 = CARTESIAN_POINT ( 'NONE',  ( -100.0000000000000142, 15.00000000000000000, -84.06723245182797655 ) ) ;
#1361 = ORIENTED_EDGE ( 'NONE', *, *, #3775, .T. ) ;
#1362 = DIRECTION ( 'NONE',  ( 0.000000000000000000, -1.000000000000000000, 0.000000000000000000 ) ) ;
#1363 = FACE_OUTER_BOUND ( 'NONE', #4301, .T. ) ;
#1364 = VERTEX_POINT ( 'NONE', #211 ) ;
#1365 = CARTESIAN_POINT ( 'NONE',  ( 64.47434386723108446, 15.00000000000000000, -14.69890133488453543 ) ) ;
#1366 = AXIS2_PLACEMENT_3D ( 'NONE', #405, #2320, #2266 ) ;
#1367 = DIRECTION ( 'NONE',  ( 0.000000000000000000, 1.000000000000000000, 0.000000000000000000 ) ) ;
#1368 = ADVANCED_FACE ( 'NONE', ( #3249 ), #861, .F. ) ;
#1369 = EDGE_LOOP ( 'NONE', ( #904, #2324, #4537, #3035 ) ) ;
#1370 = CIRCLE ( 'NONE', #1299, 1.700000000000000178 ) ;
#1371 = CARTESIAN_POINT ( 'NONE',  ( 110.0000000000000142, 0.000000000000000000, -29.06723245182796234 ) ) ;
#1372 = ORIENTED_EDGE ( 'NONE', *, *, #4486, .F. ) ;
#1373 = ORIENTED_EDGE ( 'NONE', *, *, #4317, .F. ) ;
#1374 = DIRECTION ( 'NONE',  ( 0.000000000000000000, 0.000000000000000000, 1.000000000000000000 ) ) ;
#1375 = CYLINDRICAL_SURFACE ( 'NONE', #1305, 2.849999999999998312 ) ;
#1376 = DIRECTION ( 'NONE',  ( -0.000000000000000000, -1.000000000000000000, -0.000000000000000000 ) ) ;
#1377 = VECTOR ( 'NONE', #2384, 1000.000000000000000 ) ;
#1378 = EDGE_CURVE ( 'NONE', #2442, #3114, #2828, .T. ) ;
#1379 = VERTEX_POINT ( 'NONE', #2501 ) ;
#1380 = FACE_BOUND ( 'NONE', #2882, .T. ) ;
#1381 = CARTESIAN_POINT ( 'NONE',  ( 0.000000000000000000, 82.29999999999999716, -10.09999999999999964 ) ) ;
#1382 = DIRECTION ( 'NONE',  ( 0.000000000000000000, -1.000000000000000000, 0.000000000000000000 ) ) ;
#1383 = EDGE_LOOP ( 'NONE', ( #1422, #3673 ) ) ;
#1384 = CARTESIAN_POINT ( 'NONE',  ( -106.0000000000000142, 6.000000000000000000, -74.06723245182799076 ) ) ;
#1385 = EDGE_CURVE ( 'NONE', #778, #275, #3768, .T. ) ;
#1386 = VERTEX_POINT ( 'NONE', #1053 ) ;
#1387 = CYLINDRICAL_SURFACE ( 'NONE', #3796, 5.999999999999998224 ) ;
#1388 = CIRCLE ( 'NONE', #3467, 2.000000000000003553 ) ;
#1389 = DIRECTION ( 'NONE',  ( 0.7071067811865512365, -0.000000000000000000, 0.7071067811865439090 ) ) ;
#1390 = ORIENTED_EDGE ( 'NONE', *, *, #4638, .F. ) ;
#1391 = LINE ( 'NONE', #1365, #1867 ) ;
#1392 = VECTOR ( 'NONE', #1376, 1000.000000000000000 ) ;
#1393 = PRODUCT_DEFINITION_SHAPE ( 'NONE', 'NONE',  #1727 ) ;
#1394 = CIRCLE ( 'NONE', #2361, 10.09999999999999964 ) ;
#1395 = DIRECTION ( 'NONE',  ( 0.000000000000000000, 0.000000000000000000, 1.000000000000000000 ) ) ;
#1396 = AXIS2_PLACEMENT_3D ( 'NONE', #2704, #3868, #3023 ) ;
#1397 = ORIENTED_EDGE ( 'NONE', *, *, #3250, .T. ) ;
#1398 = DIRECTION ( 'NONE',  ( 0.000000000000000000, 0.000000000000000000, 1.000000000000000000 ) ) ;
#1399 = EDGE_LOOP ( 'NONE', ( #3140, #868 ) ) ;
#1400 = VECTOR ( 'NONE', #4166, 1000.000000000000000 ) ;
#1401 = ORIENTED_EDGE ( 'NONE', *, *, #4578, .F. ) ;
#1402 = AXIS2_PLACEMENT_3D ( 'NONE', #1079, #2605, #2533 ) ;
#1403 = ADVANCED_FACE ( 'NONE', ( #3365 ), #2531, .F. ) ;
#1404 = DIRECTION ( 'NONE',  ( 0.000000000000000000, 0.000000000000000000, 1.000000000000000000 ) ) ;
#1405 = DIRECTION ( 'NONE',  ( -0.000000000000000000, -1.000000000000000000, -0.000000000000000000 ) ) ;
#1406 = CARTESIAN_POINT ( 'NONE',  ( 40.85786437626902057, 82.29999999999999716, -39.92509682809703975 ) ) ;
#1407 = AXIS2_PLACEMENT_3D ( 'NONE', #4272, #847, #1787 ) ;
#1408 = VERTEX_POINT ( 'NONE', #1348 ) ;
#1409 = EDGE_CURVE ( 'NONE', #3105, #859, #3272, .T. ) ;
#1410 = FACE_BOUND ( 'NONE', #4603, .T. ) ;
#1411 = LINE ( 'NONE', #2915, #2947 ) ;
#1412 = FACE_BOUND ( 'NONE', #3517, .T. ) ;
#1413 = VERTEX_POINT ( 'NONE', #4105 ) ;
#1414 = DIRECTION ( 'NONE',  ( -0.000000000000000000, -1.000000000000000000, -0.000000000000000000 ) ) ;
#1415 = ORIENTED_EDGE ( 'NONE', *, *, #3290, .T. ) ;
#1416 = FACE_OUTER_BOUND ( 'NONE', #4946, .T. ) ;
#1417 = CYLINDRICAL_SURFACE ( 'NONE', #2147, 21.50000000000000000 ) ;
#1418 = VERTEX_POINT ( 'NONE', #1799 ) ;
#1419 = CARTESIAN_POINT ( 'NONE',  ( 44.00000000000049738, 6.000000000000000000, -74.06723245182776338 ) ) ;
#1420 = CIRCLE ( 'NONE', #4225, 1.699999999999993072 ) ;
#1421 = DIRECTION ( 'NONE',  ( 0.000000000000000000, 0.000000000000000000, 1.000000000000000000 ) ) ;
#1422 = ORIENTED_EDGE ( 'NONE', *, *, #417, .F. ) ;
#1423 = FACE_OUTER_BOUND ( 'NONE', #2940, .T. ) ;
#1424 = ORIENTED_EDGE ( 'NONE', *, *, #1223, .F. ) ;
#1425 = CARTESIAN_POINT ( 'NONE',  ( 95.00000000000024158, 4.000000000000000000, -34.06723245182732285 ) ) ;
#1426 =( LENGTH_UNIT ( ) NAMED_UNIT ( * ) SI_UNIT ( .MILLI., .METRE. ) );
#1427 = CIRCLE ( 'NONE', #1830, 10.09999999999999787 ) ;
#1428 = DIRECTION ( 'NONE',  ( 0.000000000000000000, 0.000000000000000000, -1.000000000000000000 ) ) ;
#1429 = CIRCLE ( 'NONE', #1993, 10.00000000000000888 ) ;
#1430 = EDGE_CURVE ( 'NONE', #4071, #4571, #1143, .T. ) ;
#1431 = ORIENTED_EDGE ( 'NONE', *, *, #732, .F. ) ;
#1432 = DIRECTION ( 'NONE',  ( -0.000000000000000000, -1.000000000000000000, -0.000000000000000000 ) ) ;
#1433 = EDGE_CURVE ( 'NONE', #4399, #2750, #2200, .T. ) ;
#1434 = CARTESIAN_POINT ( 'NONE',  ( 95.00000000000024158, 0.000000000000000000, -35.66723245182732427 ) ) ;
#1435 = ORIENTED_EDGE ( 'NONE', *, *, #80, .T. ) ;
#1436 = CYLINDRICAL_SURFACE ( 'NONE', #3607, 2.000000000000000000 ) ;
#1437 = VERTEX_POINT ( 'NONE', #3720 ) ;
#1438 = DIRECTION ( 'NONE',  ( 0.000000000000000000, -1.000000000000000000, 0.000000000000000000 ) ) ;
#1439 = PLANE ( 'NONE',  #4072 ) ;
#1440 = EDGE_LOOP ( 'NONE', ( #3287, #3378 ) ) ;
#1441 = DIRECTION ( 'NONE',  ( 0.000000000000000000, 0.000000000000000000, -1.000000000000000000 ) ) ;
#1442 = EDGE_CURVE ( 'NONE', #2255, #916, #4925, .T. ) ;
#1443 = VECTOR ( 'NONE', #4058, 1000.000000000000114 ) ;
#1444 = DIRECTION ( 'NONE',  ( 0.7071067811865462405, -0.000000000000000000, -0.7071067811865489050 ) ) ;
#1445 = EDGE_LOOP ( 'NONE', ( #4269, #3598, #357, #2211 ) ) ;
#1446 = DIRECTION ( 'NONE',  ( 0.000000000000000000, -1.000000000000000000, 0.000000000000000000 ) ) ;
#1447 = AXIS2_PLACEMENT_3D ( 'NONE', #1842, #3362, #2349 ) ;
#1448 = EDGE_LOOP ( 'NONE', ( #1338, #99 ) ) ;
#1449 = PLANE ( 'NONE',  #4235 ) ;
#1450 = CARTESIAN_POINT ( 'NONE',  ( 37.18544323025009390, 0.000000000000000000, 25.34250997375450964 ) ) ;
#1451 = VECTOR ( 'NONE', #4164, 1000.000000000000000 ) ;
#1452 = AXIS2_PLACEMENT_3D ( 'NONE', #4747, #3606, #2841 ) ;
#1453 = EDGE_LOOP ( 'NONE', ( #3285, #2111, #475, #3119 ) ) ;
#1454 = AXIS2_PLACEMENT_3D ( 'NONE', #1981, #469, #809 ) ;
#1455 = EDGE_CURVE ( 'NONE', #2493, #4877, #2930, .T. ) ;
#1456 = CARTESIAN_POINT ( 'NONE',  ( 1.502357137075270854, 0.000000000000000000, -9.987638511313830847 ) ) ;
#1457 = ORIENTED_EDGE ( 'NONE', *, *, #2210, .F. ) ;
#1458 = DIRECTION ( 'NONE',  ( 0.000000000000000000, 0.000000000000000000, -1.000000000000000000 ) ) ;
#1459 = ORIENTED_EDGE ( 'NONE', *, *, #3934, .F. ) ;
#1460 = EDGE_CURVE ( 'NONE', #114, #1824, #313, .T. ) ;
#1461 = DIRECTION ( 'NONE',  ( 0.000000000000000000, 0.000000000000000000, 1.000000000000000000 ) ) ;
#1462 = CARTESIAN_POINT ( 'NONE',  ( 69.14213562373126365, 6.000000000000000000, -39.92509682809659211 ) ) ;
#1463 = CARTESIAN_POINT ( 'NONE',  ( 2.449293598294706119E-15, -10.71118318204307407, -20.00000000000000000 ) ) ;
#1464 = ORIENTED_EDGE ( 'NONE', *, *, #4486, .T. ) ;
#1465 = DIRECTION ( 'NONE',  ( 0.000000000000000000, 0.000000000000000000, -1.000000000000000000 ) ) ;
#1466 = ADVANCED_FACE ( 'NONE', ( #2601 ), #4463, .F. ) ;
#1467 = CARTESIAN_POINT ( 'NONE',  ( -55.00000000000001421, 4.000000000000000000, -32.46723245182798934 ) ) ;
#1468 = DIRECTION ( 'NONE',  ( -0.000000000000000000, -1.000000000000000000, -0.000000000000000000 ) ) ;
#1469 = VERTEX_POINT ( 'NONE', #3297 ) ;
#1470 = AXIS2_PLACEMENT_3D ( 'NONE', #3846, #3823, #1896 ) ;
#1471 = CARTESIAN_POINT ( 'NONE',  ( 106.0000000000005116, 6.000000000000000000, -74.06723245182732285 ) ) ;
#1472 = ORIENTED_EDGE ( 'NONE', *, *, #1288, .F. ) ;
#1473 = EDGE_CURVE ( 'NONE', #3128, #1297, #3649, .T. ) ;
#1474 = AXIS2_PLACEMENT_3D ( 'NONE', #2062, #4619, #1186 ) ;
#1475 = CIRCLE ( 'NONE', #2522, 2.850000000000005418 ) ;
#1476 = LINE ( 'NONE', #2961, #2474 ) ;
#1477 = DIRECTION ( 'NONE',  ( -0.000000000000000000, -1.000000000000000000, -0.000000000000000000 ) ) ;
#1478 = ADVANCED_FACE ( 'NONE', ( #4130 ), #4024, .F. ) ;
#1479 = AXIS2_PLACEMENT_3D ( 'NONE', #1546, #2623, #4255 ) ;
#1480 = CIRCLE ( 'NONE', #1002, 10.09999999999999964 ) ;
#1481 = ORIENTED_EDGE ( 'NONE', *, *, #1106, .T. ) ;
#1482 = VECTOR ( 'NONE', #2172, 1000.000000000000000 ) ;
#1483 = FACE_OUTER_BOUND ( 'NONE', #1453, .T. ) ;
#1484 = VERTEX_POINT ( 'NONE', #3741 ) ;
#1485 = CARTESIAN_POINT ( 'NONE',  ( 69.14213562373099364, 15.00000000000000000, -69.90936807555890198 ) ) ;
#1486 = ORIENTED_EDGE ( 'NONE', *, *, #1075, .T. ) ;
#1487 =( NAMED_UNIT ( * ) SI_UNIT ( $, .STERADIAN. ) SOLID_ANGLE_UNIT ( ) );
#1488 = DIRECTION ( 'NONE',  ( -0.000000000000000000, 1.000000000000000000, 0.000000000000000000 ) ) ;
#1489 = DIRECTION ( 'NONE',  ( 0.000000000000000000, 0.000000000000000000, -1.000000000000000000 ) ) ;
#1490 = EDGE_CURVE ( 'NONE', #3699, #2226, #4052, .T. ) ;
#1491 = EDGE_LOOP ( 'NONE', ( #1134, #492 ) ) ;
#1492 = CARTESIAN_POINT ( 'NONE',  ( -55.00000000000001421, 4.000000000000000000, -34.06723245182799076 ) ) ;
#1493 = EDGE_LOOP ( 'NONE', ( #2235, #561 ) ) ;
#1494 = CARTESIAN_POINT ( 'NONE',  ( 106.0000000000002274, 6.000000000000000000, -34.06723245182731574 ) ) ;
#1495 = ORIENTED_EDGE ( 'NONE', *, *, #3083, .T. ) ;
#1496 = ORIENTED_EDGE ( 'NONE', *, *, #92, .F. ) ;
#1497 = DIRECTION ( 'NONE',  ( 0.000000000000000000, 0.000000000000000000, -1.000000000000000000 ) ) ;
#1498 = EDGE_CURVE ( 'NONE', #3114, #3650, #138, .T. ) ;
#1499 = ORIENTED_EDGE ( 'NONE', *, *, #1741, .F. ) ;
#1500 = AXIS2_PLACEMENT_3D ( 'NONE', #3120, #1971, #1269 ) ;
#1501 = CARTESIAN_POINT ( 'NONE',  ( 110.0000000000000142, 15.00000000000000000, -74.06723245182797655 ) ) ;
#1502 = CARTESIAN_POINT ( 'NONE',  ( -64.47434386723108446, 15.00000000000000000, -14.69890133488453543 ) ) ;
#1503 = ORIENTED_EDGE ( 'NONE', *, *, #2146, .F. ) ;
#1504 = DIRECTION ( 'NONE',  ( 0.000000000000000000, 0.000000000000000000, 1.000000000000000000 ) ) ;
#1505 = VERTEX_POINT ( 'NONE', #2902 ) ;
#1506 = VECTOR ( 'NONE', #37, 1000.000000000000000 ) ;
#1507 = ADVANCED_FACE ( 'NONE', ( #4433 ), #2152, .T. ) ;
#1508 = CIRCLE ( 'NONE', #714, 1.600000000000004086 ) ;
#1509 = CARTESIAN_POINT ( 'NONE',  ( 95.00000000000051159, 4.000000000000000000, -72.06723245182732285 ) ) ;
#1510 = AXIS2_PLACEMENT_3D ( 'NONE', #1023, #650, #4803 ) ;
#1511 = AXIS2_PLACEMENT_3D ( 'NONE', #1241, #101, #3886 ) ;
#1512 = EDGE_LOOP ( 'NONE', ( #4431, #4146, #2020, #4586 ) ) ;
#1513 = DIRECTION ( 'NONE',  ( 0.000000000000000000, 0.000000000000000000, -1.000000000000000000 ) ) ;
#1514 = VERTEX_POINT ( 'NONE', #2179 ) ;
#1515 = DIRECTION ( 'NONE',  ( -0.000000000000000000, -1.000000000000000000, -0.000000000000000000 ) ) ;
#1516 = CARTESIAN_POINT ( 'NONE',  ( -69.14213562373099364, 6.000000000000000000, -68.20936807555891335 ) ) ;
#1517 = VERTEX_POINT ( 'NONE', #3695 ) ;
#1518 = FACE_BOUND ( 'NONE', #1200, .T. ) ;
#1519 = ORIENTED_EDGE ( 'NONE', *, *, #1933, .F. ) ;
#1520 = DIRECTION ( 'NONE',  ( 0.000000000000000000, 0.000000000000000000, -1.000000000000000000 ) ) ;
#1521 = EDGE_CURVE ( 'NONE', #4307, #797, #3390, .T. ) ;
#1522 = DIRECTION ( 'NONE',  ( 0.000000000000000000, 0.000000000000000000, -1.000000000000000000 ) ) ;
#1523 = VERTEX_POINT ( 'NONE', #1467 ) ;
#1524 = CYLINDRICAL_SURFACE ( 'NONE', #362, 1.700000000000007061 ) ;
#1525 = ORIENTED_EDGE ( 'NONE', *, *, #2006, .T. ) ;
#1526 = PLANE ( 'NONE',  #2984 ) ;
#1527 = EDGE_CURVE ( 'NONE', #3699, #4080, #2683, .T. ) ;
#1528 = ORIENTED_EDGE ( 'NONE', *, *, #601, .F. ) ;
#1529 = DIRECTION ( 'NONE',  ( 0.000000000000000000, 0.000000000000000000, 1.000000000000000000 ) ) ;
#1530 = AXIS2_PLACEMENT_3D ( 'NONE', #4806, #2977, #2551 ) ;
#1531 = EDGE_CURVE ( 'NONE', #3105, #2905, #3165, .T. ) ;
#1532 = CARTESIAN_POINT ( 'NONE',  ( -37.18544323025007969, 15.00000000000000000, 25.34250997375453451 ) ) ;
#1533 = VECTOR ( 'NONE', #1067, 1000.000000000000000 ) ;
#1534 = ORIENTED_EDGE ( 'NONE', *, *, #384, .F. ) ;
#1535 = CARTESIAN_POINT ( 'NONE',  ( -6.434671708797504053, 10.00000000000000000, 14.91995308303618550 ) ) ;
#1536 = VERTEX_POINT ( 'NONE', #829 ) ;
#1537 = VECTOR ( 'NONE', #4551, 1000.000000000000000 ) ;
#1538 =( NAMED_UNIT ( * ) PLANE_ANGLE_UNIT ( ) SI_UNIT ( $, .RADIAN. ) );
#1539 = AXIS2_PLACEMENT_3D ( 'NONE', #4832, #2578, #1395 ) ;
#1540 = CARTESIAN_POINT ( 'NONE',  ( 10.67731239591673464, 82.29999999999999716, 10.67731239591692116 ) ) ;
#1541 = DIRECTION ( 'NONE',  ( 0.000000000000000000, 0.000000000000000000, 1.000000000000000000 ) ) ;
#1542 = EDGE_CURVE ( 'NONE', #874, #4653, #4174, .T. ) ;
#1543 = ORIENTED_EDGE ( 'NONE', *, *, #3703, .T. ) ;
#1544 = PLANE ( 'NONE',  #3134 ) ;
#1545 = ORIENTED_EDGE ( 'NONE', *, *, #3578, .T. ) ;
#1546 = CARTESIAN_POINT ( 'NONE',  ( -40.85786437626900636, 6.000000000000005329, -68.20936807555891335 ) ) ;
#1547 = LINE ( 'NONE', #410, #4874 ) ;
#1548 = ORIENTED_EDGE ( 'NONE', *, *, #23, .T. ) ;
#1549 = DIRECTION ( 'NONE',  ( 0.000000000000000000, 0.000000000000000000, -1.000000000000000000 ) ) ;
#1550 = VERTEX_POINT ( 'NONE', #2676 ) ;
#1551 = PLANE ( 'NONE',  #4666 ) ;
#1552 = AXIS2_PLACEMENT_3D ( 'NONE', #2530, #1074, #676 ) ;
#1553 = VERTEX_POINT ( 'NONE', #1151 ) ;
#1554 = DIRECTION ( 'NONE',  ( 0.000000000000000000, 0.000000000000000000, -1.000000000000000000 ) ) ;
#1555 = ADVANCED_FACE ( 'NONE', ( #3001 ), #2244, .F. ) ;
#1556 = CIRCLE ( 'NONE', #365, 1.600000000000004086 ) ;
#1557 = APPLICATION_CONTEXT ( 'automotive_design' ) ;
#1558 = DIRECTION ( 'NONE',  ( 0.7071067811865414665, 0.000000000000000000, 0.7071067811865536790 ) ) ;
#1559 = CIRCLE ( 'NONE', #1877, 5.999999999999998224 ) ;
#1560 = AXIS2_PLACEMENT_3D ( 'NONE', #3723, #4489, #1055 ) ;
#1561 = EDGE_LOOP ( 'NONE', ( #2616, #1543, #4083, #2612 ) ) ;
#1562 = DIRECTION ( 'NONE',  ( 0.000000000000000000, 0.000000000000000000, 1.000000000000000000 ) ) ;
#1563 = ORIENTED_EDGE ( 'NONE', *, *, #3529, .T. ) ;
#1564 = AXIS2_PLACEMENT_3D ( 'NONE', #4601, #791, #2696 ) ;
#1565 = DIRECTION ( 'NONE',  ( 0.000000000000000000, 0.000000000000000000, -1.000000000000000000 ) ) ;
#1566 = DIRECTION ( 'NONE',  ( 0.000000000000000000, 0.000000000000000000, -1.000000000000000000 ) ) ;
#1567 = ORIENTED_EDGE ( 'NONE', *, *, #4088, .F. ) ;
#1568 = CARTESIAN_POINT ( 'NONE',  ( 69.14213562373099364, 15.00000000000000000, -39.92509682809703975 ) ) ;
#1569 = DIRECTION ( 'NONE',  ( -0.000000000000000000, -1.000000000000000000, -0.000000000000000000 ) ) ;
#1570 = ORIENTED_EDGE ( 'NONE', *, *, #4669, .F. ) ;
#1571 = CARTESIAN_POINT ( 'NONE',  ( 55.00000000000023448, 4.000000000000000000, -34.06723245182754312 ) ) ;
#1572 = ORIENTED_EDGE ( 'NONE', *, *, #1182, .T. ) ;
#1573 = DIRECTION ( 'NONE',  ( 0.000000000000000000, -1.000000000000000000, 0.000000000000000000 ) ) ;
#1574 = DIRECTION ( 'NONE',  ( 0.000000000000000000, 0.000000000000000000, -1.000000000000000000 ) ) ;
#1575 = VERTEX_POINT ( 'NONE', #1915 ) ;
#1576 = DIRECTION ( 'NONE',  ( 0.000000000000000000, -1.000000000000000000, 0.000000000000000000 ) ) ;
#1577 = VERTEX_POINT ( 'NONE', #4231 ) ;
#1578 = ADVANCED_FACE ( 'NONE', ( #463 ), #4203, .F. ) ;
#1579 = DIRECTION ( 'NONE',  ( -0.7071067811865513475, 0.000000000000000000, -0.7071067811865437980 ) ) ;
#1580 = CARTESIAN_POINT ( 'NONE',  ( -55.00000000000001421, 0.000000000000000000, -35.66723245182798507 ) ) ;
#1581 = AXIS2_PLACEMENT_3D ( 'NONE', #911, #2105, #542 ) ;
#1582 = LINE ( 'NONE', #2412, #2521 ) ;
#1583 = ADVANCED_FACE ( 'NONE', ( #2730, #3819 ), #776, .F. ) ;
#1584 = EDGE_LOOP ( 'NONE', ( #239, #1033 ) ) ;
#1585 = DIRECTION ( 'NONE',  ( -0.000000000000000000, -1.000000000000000000, -0.000000000000000000 ) ) ;
#1586 = ORIENTED_EDGE ( 'NONE', *, *, #1747, .T. ) ;
#1587 = DIRECTION ( 'NONE',  ( -0.000000000000000000, -1.000000000000000000, -0.000000000000000000 ) ) ;
#1588 = CARTESIAN_POINT ( 'NONE',  ( -30.00000000000000000, 15.00000000000000000, 15.98276754817199219 ) ) ;
#1589 = CYLINDRICAL_SURFACE ( 'NONE', #3320, 1.699999999999993072 ) ;
#1590 = AXIS2_PLACEMENT_3D ( 'NONE', #113, #2405, #509 ) ;
#1591 = EDGE_CURVE ( 'NONE', #1324, #483, #536, .T. ) ;
#1592 = VECTOR ( 'NONE', #4514, 1000.000000000000000 ) ;
#1593 = VERTEX_POINT ( 'NONE', #2322 ) ;
#1594 = LINE ( 'NONE', #3969, #3733 ) ;
#1595 = CARTESIAN_POINT ( 'NONE',  ( 0.000000000000000000, 50.10000000000000142, 0.000000000000000000 ) ) ;
#1596 = ORIENTED_EDGE ( 'NONE', *, *, #1624, .F. ) ;
#1597 = CARTESIAN_POINT ( 'NONE',  ( 40.85786437626900636, 15.00000000000000000, -68.20936807555891335 ) ) ;
#1598 = ORIENTED_EDGE ( 'NONE', *, *, #2630, .F. ) ;
#1599 = DIRECTION ( 'NONE',  ( -0.000000000000000000, -1.000000000000000000, -0.000000000000000000 ) ) ;
#1600 = DIRECTION ( 'NONE',  ( -0.000000000000000000, -1.000000000000000000, -0.000000000000000000 ) ) ;
#1601 = ORIENTED_EDGE ( 'NONE', *, *, #4707, .F. ) ;
#1602 = CARTESIAN_POINT ( 'NONE',  ( -10.67731239591681103, 82.29999999999999716, -10.67731239591692294 ) ) ;
#1603 = EDGE_CURVE ( 'NONE', #669, #3122, #3002, .T. ) ;
#1604 = CARTESIAN_POINT ( 'NONE',  ( 10.67731239591673464, 82.29999999999999716, 10.67731239591692116 ) ) ;
#1605 = CARTESIAN_POINT ( 'NONE',  ( 0.000000000000000000, 0.000000000000000000, 0.000000000000000000 ) ) ;
#1606 = EDGE_LOOP ( 'NONE', ( #3692, #1195, #4837, #4087 ) ) ;
#1607 = CARTESIAN_POINT ( 'NONE',  ( 106.0000000000005116, 6.000000000000000000, -74.06723245182732285 ) ) ;
#1608 = VECTOR ( 'NONE', #3536, 1000.000000000000000 ) ;
#1609 = CARTESIAN_POINT ( 'NONE',  ( -100.0000000000000142, 0.000000000000000000, -19.06723245182795878 ) ) ;
#1610 = DIRECTION ( 'NONE',  ( 0.000000000000000000, 0.000000000000000000, -1.000000000000000000 ) ) ;
#1611 = AXIS2_PLACEMENT_3D ( 'NONE', #4252, #2243, #3761 ) ;
#1612 = VERTEX_POINT ( 'NONE', #4533 ) ;
#1613 = EDGE_CURVE ( 'NONE', #2640, #1754, #3555, .T. ) ;
#1614 = CARTESIAN_POINT ( 'NONE',  ( -95.00000000000001421, 4.000000000000000000, -72.06723245182799076 ) ) ;
#1615 = DIRECTION ( 'NONE',  ( 0.000000000000000000, 1.000000000000000000, 0.000000000000000000 ) ) ;
#1616 = DIRECTION ( 'NONE',  ( 0.000000000000000000, -0.000000000000000000, 1.000000000000000000 ) ) ;
#1617 = AXIS2_PLACEMENT_3D ( 'NONE', #281, #1414, #3314 ) ;
#1618 = EDGE_LOOP ( 'NONE', ( #3443, #1054 ) ) ;
#1619 = CARTESIAN_POINT ( 'NONE',  ( -55.00000000000001421, 4.000000000000000000, -34.06723245182799076 ) ) ;
#1620 = CARTESIAN_POINT ( 'NONE',  ( 95.00000000000024158, 4.000000000000000000, -34.06723245182732285 ) ) ;
#1621 = ORIENTED_EDGE ( 'NONE', *, *, #3066, .F. ) ;
#1622 = FACE_OUTER_BOUND ( 'NONE', #976, .T. ) ;
#1623 = VERTEX_POINT ( 'NONE', #1177 ) ;
#1624 = EDGE_CURVE ( 'NONE', #1148, #1093, #2270, .T. ) ;
#1625 = VECTOR ( 'NONE', #1585, 1000.000000000000000 ) ;
#1626 = CARTESIAN_POINT ( 'NONE',  ( 30.00000000000000000, 8.900000000000000355, 10.93276754817198970 ) ) ;
#1627 = CIRCLE ( 'NONE', #1454, 2.000000000000001776 ) ;
#1628 = LINE ( 'NONE', #1678, #792 ) ;
#1629 = ORIENTED_EDGE ( 'NONE', *, *, #500, .F. ) ;
#1630 = PLANE ( 'NONE',  #4114 ) ;
#1631 = ADVANCED_FACE ( 'NONE', ( #3049 ), #3389, .F. ) ;
#1632 = CARTESIAN_POINT ( 'NONE',  ( 95.00000000000024158, 4.000000000000000000, -34.06723245182732285 ) ) ;
#1633 = DIRECTION ( 'NONE',  ( -0.000000000000000000, -1.000000000000000000, -0.000000000000000000 ) ) ;
#1634 = EDGE_CURVE ( 'NONE', #851, #1044, #2122, .T. ) ;
#1635 = AXIS2_PLACEMENT_3D ( 'NONE', #2707, #2733, #4637 ) ;
#1636 = EDGE_CURVE ( 'NONE', #1577, #4708, #4935, .T. ) ;
#1637 = EDGE_CURVE ( 'NONE', #1379, #2771, #1645, .T. ) ;
#1638 = FACE_OUTER_BOUND ( 'NONE', #695, .T. ) ;
#1639 = VECTOR ( 'NONE', #1262, 1000.000000000000000 ) ;
#1640 = AXIS2_PLACEMENT_3D ( 'NONE', #4040, #3661, #2492 ) ;
#1641 = DIRECTION ( 'NONE',  ( 0.000000000000000000, 0.000000000000000000, -1.000000000000000000 ) ) ;
#1642 = ORIENTED_EDGE ( 'NONE', *, *, #4720, .F. ) ;
#1643 = CARTESIAN_POINT ( 'NONE',  ( -55.00000000000001421, 4.000000000000000000, -35.66723245182798507 ) ) ;
#1644 = LINE ( 'NONE', #2908, #1608 ) ;
#1645 = CIRCLE ( 'NONE', #3081, 1.600000000000004086 ) ;
#1646 = DIRECTION ( 'NONE',  ( 0.000000000000000000, 0.000000000000000000, -1.000000000000000000 ) ) ;
#1647 = AXIS2_PLACEMENT_3D ( 'NONE', #3904, #2482, #1306 ) ;
#1648 = ORIENTED_EDGE ( 'NONE', *, *, #4358, .F. ) ;
#1649 = CARTESIAN_POINT ( 'NONE',  ( -30.00000000000000000, 8.900000000000000355, -81.11723245182800213 ) ) ;
#1650 = CARTESIAN_POINT ( 'NONE',  ( -69.14213562373099364, 0.000000000000000000, -42.77509682809703406 ) ) ;
#1651 = ORIENTED_EDGE ( 'NONE', *, *, #2233, .T. ) ;
#1652 = DIRECTION ( 'NONE',  ( 0.000000000000000000, 0.000000000000000000, -1.000000000000000000 ) ) ;
#1653 = CIRCLE ( 'NONE', #222, 1.600000000000004086 ) ;
#1654 = AXIS2_PLACEMENT_3D ( 'NONE', #978, #1446, #3651 ) ;
#1655 = VERTEX_POINT ( 'NONE', #4583 ) ;
#1656 = DIRECTION ( 'NONE',  ( 0.000000000000000000, 0.000000000000000000, 1.000000000000000000 ) ) ;
#1657 = AXIS2_PLACEMENT_3D ( 'NONE', #2427, #162, #1656 ) ;
#1658 = CARTESIAN_POINT ( 'NONE',  ( -69.14213562373099364, 15.00000000000000000, -68.20936807555891335 ) ) ;
#1659 = ORIENTED_EDGE ( 'NONE', *, *, #4, .T. ) ;
#1660 = DIRECTION ( 'NONE',  ( -0.000000000000000000, -1.000000000000000000, -0.000000000000000000 ) ) ;
#1661 = DIRECTION ( 'NONE',  ( -0.000000000000000000, -1.000000000000000000, -0.000000000000000000 ) ) ;
#1662 = ADVANCED_FACE ( 'NONE', ( #137 ), #1300, .T. ) ;
#1663 = FACE_OUTER_BOUND ( 'NONE', #3176, .T. ) ;
#1664 = FACE_BOUND ( 'NONE', #4438, .T. ) ;
#1665 = CARTESIAN_POINT ( 'NONE',  ( 10.67731239591673287, 0.000000000000000000, 10.67731239591691939 ) ) ;
#1666 = ADVANCED_FACE ( 'NONE', ( #1227 ), #2804, .F. ) ;
#1667 = ORIENTED_EDGE ( 'NONE', *, *, #4564, .T. ) ;
#1668 = AXIS2_PLACEMENT_3D ( 'NONE', #3311, #1314, #2866 ) ;
#1669 = FACE_OUTER_BOUND ( 'NONE', #1046, .T. ) ;
#1670 = FACE_BOUND ( 'NONE', #1240, .T. ) ;
#1671 = DIRECTION ( 'NONE',  ( -0.000000000000000000, -1.000000000000000000, -0.000000000000000000 ) ) ;
#1672 = DIRECTION ( 'NONE',  ( 0.000000000000000000, 0.000000000000000000, -1.000000000000000000 ) ) ;
#1673 = ORIENTED_EDGE ( 'NONE', *, *, #2326, .T. ) ;
#1674 = DIRECTION ( 'NONE',  ( -0.000000000000000000, 1.000000000000000000, -0.000000000000000000 ) ) ;
#1675 = ORIENTED_EDGE ( 'NONE', *, *, #3573, .F. ) ;
#1676 = AXIS2_PLACEMENT_3D ( 'NONE', #3489, #77, #2747 ) ;
#1677 = CARTESIAN_POINT ( 'NONE',  ( -55.00000000000000711, 0.000000000000000000, -40.56723245182795523 ) ) ;
#1678 = CARTESIAN_POINT ( 'NONE',  ( 6.434671708797401024, 10.00000000000000000, 14.91995308303618550 ) ) ;
#1679 = ORIENTED_EDGE ( 'NONE', *, *, #4161, .F. ) ;
#1680 = DIRECTION ( 'NONE',  ( -0.000000000000000000, -1.000000000000000000, -0.000000000000000000 ) ) ;
#1681 = CIRCLE ( 'NONE', #1511, 20.00000000000000000 ) ;
#1682 = CARTESIAN_POINT ( 'NONE',  ( -95.00000000000001421, 4.000000000000000000, -72.06723245182799076 ) ) ;
#1683 = PRODUCT_DEFINITION_CONTEXT ( 'detailed design', #1812, 'design' ) ;
#1684 = CARTESIAN_POINT ( 'NONE',  ( 44.00000000000022027, 0.000000000000000000, -34.06723245182776338 ) ) ;
#1685 = ADVANCED_FACE ( 'NONE', ( #4709, #88 ), #4684, .T. ) ;
#1686 = CARTESIAN_POINT ( 'NONE',  ( 55.00000000000049738, 0.000000000000000000, -73.66723245182754454 ) ) ;
#1687 = CARTESIAN_POINT ( 'NONE',  ( 30.00000000000000000, 8.900000000000005684, 7.932767548171987038 ) ) ;
#1688 = VERTEX_POINT ( 'NONE', #2075 ) ;
#1689 = EDGE_CURVE ( 'NONE', #4777, #2960, #1277, .T. ) ;
#1690 = CARTESIAN_POINT ( 'NONE',  ( 40.85786437626900636, 82.29999999999999716, -66.50936807555891050 ) ) ;
#1691 = DIRECTION ( 'NONE',  ( 0.000000000000000000, 1.000000000000000000, 0.000000000000000000 ) ) ;
#1692 = LINE ( 'NONE', #3282, #2224 ) ;
#1693 = LINE ( 'NONE', #4540, #296 ) ;
#1694 = VECTOR ( 'NONE', #1317, 1000.000000000000000 ) ;
#1695 = ORIENTED_EDGE ( 'NONE', *, *, #1731, .T. ) ;
#1696 = CARTESIAN_POINT ( 'NONE',  ( -69.14213562373099364, 6.000000000000000000, -37.07509682809703833 ) ) ;
#1697 = EDGE_LOOP ( 'NONE', ( #3015, #4592, #3669, #294 ) ) ;
#1698 = CIRCLE ( 'NONE', #4417, 1.600000000000004086 ) ;
#1699 = CARTESIAN_POINT ( 'NONE',  ( -55.00000000000000711, 0.000000000000000000, -54.06723245182796234 ) ) ;
#1700 = ADVANCED_FACE ( 'NONE', ( #3520 ), #2454, .F. ) ;
#1701 = DIRECTION ( 'NONE',  ( 0.000000000000000000, -1.000000000000000000, 0.000000000000000000 ) ) ;
#1702 = VERTEX_POINT ( 'NONE', #1677 ) ;
#1703 = CARTESIAN_POINT ( 'NONE',  ( -10.67731239591680925, 10.00000000000000000, -10.67731239591691939 ) ) ;
#1704 = AXIS2_PLACEMENT_3D ( 'NONE', #31, #2292, #1489 ) ;
#1705 = LINE ( 'NONE', #4763, #4388 ) ;
#1706 = CIRCLE ( 'NONE', #3853, 9.999999999999991118 ) ;
#1707 = LINE ( 'NONE', #4341, #932 ) ;
#1708 = VERTEX_POINT ( 'NONE', #2052 ) ;
#1709 = LINE ( 'NONE', #4770, #4764 ) ;
#1710 = EDGE_CURVE ( 'NONE', #4612, #398, #374, .T. ) ;
#1711 = EDGE_LOOP ( 'NONE', ( #87, #3817, #4405, #1153 ) ) ;
#1712 = DIRECTION ( 'NONE',  ( -0.7071067811865460184, 0.000000000000000000, 0.7071067811865490160 ) ) ;
#1713 = CIRCLE ( 'NONE', #128, 2.849999999999998312 ) ;
#1714 = EDGE_CURVE ( 'NONE', #2703, #4521, #1559, .T. ) ;
#1715 = CARTESIAN_POINT ( 'NONE',  ( 64.47434386723108446, 15.00000000000000000, -14.69890133488453543 ) ) ;
#1716 = LINE ( 'NONE', #644, #762 ) ;
#1717 = EDGE_LOOP ( 'NONE', ( #1372, #4596, #4588, #941, #2265, #359, #578, #3446, #176, #3676, #1390, #3020, #737, #496, #1802, #3790, #4779, #3243, #538, #3895 ) ) ;
#1718 = DIRECTION ( 'NONE',  ( 0.000000000000000000, -0.000000000000000000, -1.000000000000000000 ) ) ;
#1719 = EDGE_LOOP ( 'NONE', ( #1246, #586 ) ) ;
#1720 = VECTOR ( 'NONE', #3036, 1000.000000000000000 ) ;
#1721 = CIRCLE ( 'NONE', #3233, 45.00000000000000000 ) ;
#1722 = DIRECTION ( 'NONE',  ( 0.000000000000000000, -1.000000000000000000, 0.000000000000000000 ) ) ;
#1723 = CIRCLE ( 'NONE', #59, 5.050000000000002487 ) ;
#1724 = DIRECTION ( 'NONE',  ( 0.000000000000000000, -1.000000000000000000, 0.000000000000000000 ) ) ;
#1725 = ORIENTED_EDGE ( 'NONE', *, *, #3328, .F. ) ;
#1726 = CYLINDRICAL_SURFACE ( 'NONE', #3605, 5.999999999999977796 ) ;
#1727 = PRODUCT_DEFINITION ( 'UNKNOWN', '', #3433, #1683 ) ;
#1728 = DIRECTION ( 'NONE',  ( 0.000000000000000000, 0.000000000000000000, 1.000000000000000000 ) ) ;
#1729 = EDGE_LOOP ( 'NONE', ( #4132, #4198, #3995, #151 ) ) ;
#1730 = CARTESIAN_POINT ( 'NONE',  ( 30.00000000000000000, 0.000000000000000000, -73.06723245182800497 ) ) ;
#1731 = EDGE_CURVE ( 'NONE', #1702, #3197, #4690, .T. ) ;
#1732 = LINE ( 'NONE', #4792, #4568 ) ;
#1733 = DIRECTION ( 'NONE',  ( -0.000000000000000000, -1.000000000000000000, -0.000000000000000000 ) ) ;
#1734 = EDGE_LOOP ( 'NONE', ( #2072, #3644 ) ) ;
#1735 = FACE_BOUND ( 'NONE', #3040, .T. ) ;
#1736 = CARTESIAN_POINT ( 'NONE',  ( -14.91995308303611800, 10.00000000000000000, -6.434671708797656819 ) ) ;
#1737 = DIRECTION ( 'NONE',  ( 0.000000000000000000, 0.000000000000000000, 1.000000000000000000 ) ) ;
#1738 = ORIENTED_EDGE ( 'NONE', *, *, #1085, .T. ) ;
#1739 = DIRECTION ( 'NONE',  ( 0.000000000000000000, -1.000000000000000000, 0.000000000000000000 ) ) ;
#1740 = ORIENTED_EDGE ( 'NONE', *, *, #4395, .T. ) ;
#1741 = EDGE_CURVE ( 'NONE', #2544, #1150, #2278, .T. ) ;
#1742 = LINE ( 'NONE', #3715, #1482 ) ;
#1743 = CIRCLE ( 'NONE', #2066, 21.50000000000000000 ) ;
#1744 = CARTESIAN_POINT ( 'NONE',  ( -95.00000000000001421, 0.000000000000000000, -34.06723245182799076 ) ) ;
#1745 = ORIENTED_EDGE ( 'NONE', *, *, #4714, .F. ) ;
#1746 = DIRECTION ( 'NONE',  ( 0.000000000000000000, 0.000000000000000000, -1.000000000000000000 ) ) ;
#1747 = EDGE_CURVE ( 'NONE', #2462, #1324, #4333, .T. ) ;
#1748 = DIRECTION ( 'NONE',  ( 0.000000000000000000, -1.000000000000000000, 0.000000000000000000 ) ) ;
#1749 = AXIS2_PLACEMENT_3D ( 'NONE', #1744, #1049, #2148 ) ;
#1750 = EDGE_CURVE ( 'NONE', #2350, #327, #3151, .T. ) ;
#1751 = ORIENTED_EDGE ( 'NONE', *, *, #4897, .F. ) ;
#1752 = DIRECTION ( 'NONE',  ( -0.000000000000000000, -1.000000000000000000, -0.000000000000000000 ) ) ;
#1753 = ORIENTED_EDGE ( 'NONE', *, *, #3657, .F. ) ;
#1754 = VERTEX_POINT ( 'NONE', #4382 ) ;
#1755 = DIRECTION ( 'NONE',  ( 0.000000000000000000, 1.000000000000000000, 0.000000000000000000 ) ) ;
#1756 = FACE_OUTER_BOUND ( 'NONE', #2899, .T. ) ;
#1757 = EDGE_CURVE ( 'NONE', #3847, #1796, #1723, .T. ) ;
#1758 = ORIENTED_EDGE ( 'NONE', *, *, #2814, .F. ) ;
#1759 = FACE_BOUND ( 'NONE', #4251, .T. ) ;
#1760 = VERTEX_POINT ( 'NONE', #3126 ) ;
#1761 = DIRECTION ( 'NONE',  ( 0.000000000000000000, -1.000000000000000000, 0.000000000000000000 ) ) ;
#1762 = CARTESIAN_POINT ( 'NONE',  ( 10.67731239591688386, 9.999999999999994671, -12.67731239591691939 ) ) ;
#1763 = CIRCLE ( 'NONE', #3521, 21.50000000000000000 ) ;
#1764 = ORIENTED_EDGE ( 'NONE', *, *, #168, .F. ) ;
#1765 = DIRECTION ( 'NONE',  ( 0.000000000000000000, 0.000000000000000000, 1.000000000000000000 ) ) ;
#1766 = ORIENTED_EDGE ( 'NONE', *, *, #3630, .T. ) ;
#1767 = CYLINDRICAL_SURFACE ( 'NONE', #3560, 2.000000000000003553 ) ;
#1768 = FACE_OUTER_BOUND ( 'NONE', #3302, .T. ) ;
#1769 = ORIENTED_EDGE ( 'NONE', *, *, #4530, .T. ) ;
#1770 = DIRECTION ( 'NONE',  ( 0.000000000000000000, 0.000000000000000000, 1.000000000000000000 ) ) ;
#1771 = EDGE_CURVE ( 'NONE', #4631, #1898, #689, .T. ) ;
#1772 = CIRCLE ( 'NONE', #4575, 2.000000000000001776 ) ;
#1773 = DIRECTION ( 'NONE',  ( -0.000000000000000000, -1.000000000000000000, -0.000000000000000000 ) ) ;
#1774 = ORIENTED_EDGE ( 'NONE', *, *, #2983, .F. ) ;
#1775 = VECTOR ( 'NONE', #4923, 1000.000000000000000 ) ;
#1776 = LINE ( 'NONE', #292, #768 ) ;
#1777 = EDGE_CURVE ( 'NONE', #859, #3222, #3235, .T. ) ;
#1778 = ORIENTED_EDGE ( 'NONE', *, *, #4111, .F. ) ;
#1779 = ORIENTED_EDGE ( 'NONE', *, *, #893, .F. ) ;
#1780 = CIRCLE ( 'NONE', #2426, 2.850000000000005418 ) ;
#1781 = DIRECTION ( 'NONE',  ( 0.000000000000000000, 0.000000000000000000, 1.000000000000000000 ) ) ;
#1782 = CARTESIAN_POINT ( 'NONE',  ( -30.00000000000000000, 0.000000000000000000, -73.06723245182800497 ) ) ;
#1783 = FACE_OUTER_BOUND ( 'NONE', #2518, .T. ) ;
#1784 = EDGE_CURVE ( 'NONE', #721, #3580, #2404, .T. ) ;
#1785 = ORIENTED_EDGE ( 'NONE', *, *, #1259, .T. ) ;
#1786 = EDGE_CURVE ( 'NONE', #4830, #4772, #4125, .T. ) ;
#1787 = DIRECTION ( 'NONE',  ( 0.000000000000000000, 0.000000000000000000, 1.000000000000000000 ) ) ;
#1788 = DIRECTION ( 'NONE',  ( 0.000000000000000000, 0.000000000000000000, -1.000000000000000000 ) ) ;
#1789 = CARTESIAN_POINT ( 'NONE',  ( -69.14213562373099364, 6.000000000000000000, -39.92509682809703264 ) ) ;
#1790 = VERTEX_POINT ( 'NONE', #535 ) ;
#1791 = DIRECTION ( 'NONE',  ( 0.000000000000000000, 1.000000000000000000, 0.000000000000000000 ) ) ;
#1792 = EDGE_LOOP ( 'NONE', ( #2957, #1858 ) ) ;
#1793 = DIRECTION ( 'NONE',  ( -0.000000000000000000, -1.000000000000000000, -0.000000000000000000 ) ) ;
#1794 = AXIS2_PLACEMENT_3D ( 'NONE', #2652, #2325, #4258 ) ;
#1795 = CARTESIAN_POINT ( 'NONE',  ( -30.00000000000000000, 0.000000000000000000, -76.06723245182800497 ) ) ;
#1796 = VERTEX_POINT ( 'NONE', #3179 ) ;
#1797 = FACE_OUTER_BOUND ( 'NONE', #4055, .T. ) ;
#1798 = VECTOR ( 'NONE', #1090, 1000.000000000000000 ) ;
#1799 = CARTESIAN_POINT ( 'NONE',  ( -95.00000000000001421, 4.000000000000000000, -35.66723245182799218 ) ) ;
#1800 = EDGE_CURVE ( 'NONE', #808, #141, #4123, .T. ) ;
#1801 = VECTOR ( 'NONE', #3402, 1000.000000000000000 ) ;
#1802 = ORIENTED_EDGE ( 'NONE', *, *, #2887, .F. ) ;
#1803 = CARTESIAN_POINT ( 'NONE',  ( 1.491862189340054101E-13, 10.00000000000000000, -1.517883041479706208E-13 ) ) ;
#1804 = ORIENTED_EDGE ( 'NONE', *, *, #3332, .F. ) ;
#1805 = AXIS2_PLACEMENT_3D ( 'NONE', #2872, #3338, #2145 ) ;
#1806 = ORIENTED_EDGE ( 'NONE', *, *, #2268, .T. ) ;
#1807 = DIRECTION ( 'NONE',  ( 0.000000000000000000, -1.000000000000000000, 0.000000000000000000 ) ) ;
#1808 = EDGE_CURVE ( 'NONE', #4756, #1484, #1742, .T. ) ;
#1809 = DIRECTION ( 'NONE',  ( 0.000000000000000000, -1.000000000000000000, 0.000000000000000000 ) ) ;
#1810 = EDGE_LOOP ( 'NONE', ( #3999, #3538, #3799, #4446 ) ) ;
#1811 = FACE_BOUND ( 'NONE', #1003, .T. ) ;
#1812 = APPLICATION_CONTEXT ( 'automotive_design' ) ;
#1813 = DIRECTION ( 'NONE',  ( 0.000000000000000000, 0.000000000000000000, -1.000000000000000000 ) ) ;
#1814 = ADVANCED_FACE ( 'NONE', ( #4458 ), #1387, .F. ) ;
#1815 = ORIENTED_EDGE ( 'NONE', *, *, #1473, .F. ) ;
#1816 = DIRECTION ( 'NONE',  ( 0.000000000000000000, -1.000000000000000000, 0.000000000000000000 ) ) ;
#1817 = EDGE_LOOP ( 'NONE', ( #2964, #1950, #3466, #3569 ) ) ;
#1818 = CARTESIAN_POINT ( 'NONE',  ( 55.00000000000049738, 4.000000000000000000, -70.46723245182754169 ) ) ;
#1819 = CARTESIAN_POINT ( 'NONE',  ( 0.000000000000000000, 82.29999999999999716, 0.000000000000000000 ) ) ;
#1820 = ORIENTED_EDGE ( 'NONE', *, *, #4043, .F. ) ;
#1821 = DIRECTION ( 'NONE',  ( -0.000000000000000000, -1.000000000000000000, -0.000000000000000000 ) ) ;
#1822 = AXIS2_PLACEMENT_3D ( 'NONE', #1619, #3195, #2018 ) ;
#1823 = CARTESIAN_POINT ( 'NONE',  ( 69.14213562373126365, 6.000000000000000000, -42.77509682809658642 ) ) ;
#1824 = VERTEX_POINT ( 'NONE', #970 ) ;
#1825 = DIRECTION ( 'NONE',  ( -0.000000000000000000, -1.000000000000000000, -0.000000000000000000 ) ) ;
#1826 = EDGE_CURVE ( 'NONE', #786, #3509, #3267, .T. ) ;
#1827 = VERTEX_POINT ( 'NONE', #4047 ) ;
#1828 = CARTESIAN_POINT ( 'NONE',  ( 10.67731239591688386, 82.29999999999999716, -10.67731239591692294 ) ) ;
#1829 = DIRECTION ( 'NONE',  ( -0.000000000000000000, -1.000000000000000000, -0.000000000000000000 ) ) ;
#1830 = AXIS2_PLACEMENT_3D ( 'NONE', #2783, #3546, #4310 ) ;
#1831 = ADVANCED_FACE ( 'NONE', ( #4802 ), #1070, .F. ) ;
#1832 = ORIENTED_EDGE ( 'NONE', *, *, #917, .T. ) ;
#1833 = DIRECTION ( 'NONE',  ( 0.000000000000000000, 0.000000000000000000, -1.000000000000000000 ) ) ;
#1834 = ORIENTED_EDGE ( 'NONE', *, *, #1207, .T. ) ;
#1835 = CARTESIAN_POINT ( 'NONE',  ( -55.00000000000000711, 15.00000000000000000, -67.56723245182796234 ) ) ;
#1836 = EDGE_CURVE ( 'NONE', #4394, #448, #1653, .T. ) ;
#1837 = ORIENTED_EDGE ( 'NONE', *, *, #1236, .T. ) ;
#1838 = CARTESIAN_POINT ( 'NONE',  ( -100.0000000000000142, 15.00000000000000000, -19.06723245182795878 ) ) ;
#1839 = CARTESIAN_POINT ( 'NONE',  ( 106.0000000000002274, 6.000000000000000000, -32.06723245182732285 ) ) ;
#1840 = CARTESIAN_POINT ( 'NONE',  ( -95.00000000000001421, 4.000000000000000000, -34.06723245182799076 ) ) ;
#1841 = ORIENTED_EDGE ( 'NONE', *, *, #2852, .F. ) ;
#1842 = CARTESIAN_POINT ( 'NONE',  ( -40.85786437626900636, 0.000000000000000000, -68.20936807555891335 ) ) ;
#1843 = EDGE_CURVE ( 'NONE', #4891, #4681, #4527, .T. ) ;
#1844 = DIRECTION ( 'NONE',  ( 0.000000000000000000, 0.000000000000000000, 1.000000000000000000 ) ) ;
#1845 = DIRECTION ( 'NONE',  ( 0.000000000000000000, 0.000000000000000000, 1.000000000000000000 ) ) ;
#1846 = ORIENTED_EDGE ( 'NONE', *, *, #937, .F. ) ;
#1847 = CARTESIAN_POINT ( 'NONE',  ( -69.14213562373099364, 15.00000000000000000, -41.62509682809703548 ) ) ;
#1848 = AXIS2_PLACEMENT_3D ( 'NONE', #3293, #4932, #1465 ) ;
#1849 = ORIENTED_EDGE ( 'NONE', *, *, #3088, .T. ) ;
#1850 = PLANE ( 'NONE',  #830 ) ;
#1851 = DIRECTION ( 'NONE',  ( -0.000000000000000000, -1.000000000000000000, -0.000000000000000000 ) ) ;
#1852 = CIRCLE ( 'NONE', #2816, 5.049999999999998934 ) ;
#1853 = CIRCLE ( 'NONE', #4103, 1.600000000000004086 ) ;
#1854 = ORIENTED_EDGE ( 'NONE', *, *, #2512, .F. ) ;
#1855 = DIRECTION ( 'NONE',  ( 0.000000000000000000, 0.000000000000000000, -1.000000000000000000 ) ) ;
#1856 = ORIENTED_EDGE ( 'NONE', *, *, #508, .F. ) ;
#1857 = DIRECTION ( 'NONE',  ( 0.000000000000000000, -1.000000000000000000, 0.000000000000000000 ) ) ;
#1858 = ORIENTED_EDGE ( 'NONE', *, *, #4060, .T. ) ;
#1859 = LINE ( 'NONE', #3756, #1880 ) ;
#1860 = EDGE_CURVE ( 'NONE', #1418, #2217, #3006, .T. ) ;
#1861 = DIRECTION ( 'NONE',  ( 0.000000000000000000, -1.000000000000000000, 0.000000000000000000 ) ) ;
#1862 = CARTESIAN_POINT ( 'NONE',  ( 10.67731239591688386, 82.29999999999999716, -12.67731239591691939 ) ) ;
#1863 = ORIENTED_EDGE ( 'NONE', *, *, #648, .T. ) ;
#1864 = CYLINDRICAL_SURFACE ( 'NONE', #2892, 1.599999999999997202 ) ;
#1865 = DIRECTION ( 'NONE',  ( 0.000000000000000000, 0.000000000000000000, -1.000000000000000000 ) ) ;
#1866 = FACE_OUTER_BOUND ( 'NONE', #2971, .T. ) ;
#1867 = VECTOR ( 'NONE', #2125, 1000.000000000000227 ) ;
#1868 = ORIENTED_EDGE ( 'NONE', *, *, #801, .T. ) ;
#1869 = CYLINDRICAL_SURFACE ( 'NONE', #1238, 3.000000000000002665 ) ;
#1870 = ORIENTED_EDGE ( 'NONE', *, *, #2120, .F. ) ;
#1871 = VECTOR ( 'NONE', #2363, 1000.000000000000000 ) ;
#1872 = AXIS2_PLACEMENT_3D ( 'NONE', #299, #4493, #1428 ) ;
#1873 = DIRECTION ( 'NONE',  ( 0.000000000000000000, -0.000000000000000000, 1.000000000000000000 ) ) ;
#1874 = DIRECTION ( 'NONE',  ( -0.000000000000000000, -1.000000000000000000, -0.000000000000000000 ) ) ;
#1875 = VERTEX_POINT ( 'NONE', #4098 ) ;
#1876 = DIRECTION ( 'NONE',  ( 0.000000000000000000, -1.000000000000000000, 0.000000000000000000 ) ) ;
#1877 = AXIS2_PLACEMENT_3D ( 'NONE', #4732, #2025, #185 ) ;
#1878 = AXIS2_PLACEMENT_3D ( 'NONE', #3480, #4566, #4215 ) ;
#1879 = ORIENTED_EDGE ( 'NONE', *, *, #3496, .T. ) ;
#1880 = VECTOR ( 'NONE', #4927, 1000.000000000000000 ) ;
#1881 = CARTESIAN_POINT ( 'NONE',  ( 30.00000000000000000, 15.00000000000000000, 10.93276754817198970 ) ) ;
#1882 = ORIENTED_EDGE ( 'NONE', *, *, #641, .F. ) ;
#1883 = CARTESIAN_POINT ( 'NONE',  ( -9.987638511313818412, 0.000000000000000000, 1.502357137075304383 ) ) ;
#1884 = ORIENTED_EDGE ( 'NONE', *, *, #4161, .T. ) ;
#1885 = EDGE_CURVE ( 'NONE', #4794, #2502, #1342, .T. ) ;
#1886 = DIRECTION ( 'NONE',  ( -2.545241293071531681E-16, 0.000000000000000000, -1.000000000000000000 ) ) ;
#1887 = CARTESIAN_POINT ( 'NONE',  ( 10.67731239591688386, 82.29999999999999716, -10.67731239591692294 ) ) ;
#1888 = DIRECTION ( 'NONE',  ( 0.000000000000000000, 1.000000000000000000, 0.000000000000000000 ) ) ;
#1889 = ORIENTED_EDGE ( 'NONE', *, *, #2858, .F. ) ;
#1890 = DIRECTION ( 'NONE',  ( -0.000000000000000000, -1.000000000000000000, -0.000000000000000000 ) ) ;
#1891 = ORIENTED_EDGE ( 'NONE', *, *, #397, .T. ) ;
#1892 = ADVANCED_FACE ( 'NONE', ( #1416 ), #1767, .F. ) ;
#1893 = DIRECTION ( 'NONE',  ( -0.000000000000000000, -1.000000000000000000, -0.000000000000000000 ) ) ;
#1894 = CARTESIAN_POINT ( 'NONE',  ( -40.85786437626902057, 0.000000000000000000, -42.77509682809704117 ) ) ;
#1895 = ORIENTED_EDGE ( 'NONE', *, *, #3957, .F. ) ;
#1896 = DIRECTION ( 'NONE',  ( 0.000000000000000000, 0.000000000000000000, 1.000000000000000000 ) ) ;
#1897 = ADVANCED_FACE ( 'NONE', ( #3289 ), #4781, .F. ) ;
#1898 = VERTEX_POINT ( 'NONE', #673 ) ;
#1899 = CIRCLE ( 'NONE', #4710, 45.00000000000000000 ) ;
#1900 = DIRECTION ( 'NONE',  ( 0.000000000000000000, 0.000000000000000000, 1.000000000000000000 ) ) ;
#1901 = CIRCLE ( 'NONE', #166, 1.999999999999994893 ) ;
#1902 = CYLINDRICAL_SURFACE ( 'NONE', #3961, 2.000000000000001776 ) ;
#1903 = CIRCLE ( 'NONE', #2792, 1.699999999999993072 ) ;
#1904 = EDGE_CURVE ( 'NONE', #1912, #1760, #4771, .T. ) ;
#1905 = CARTESIAN_POINT ( 'NONE',  ( -64.47434386723108446, 15.00000000000000000, -14.69890133488452655 ) ) ;
#1906 = AXIS2_PLACEMENT_3D ( 'NONE', #674, #2573, #2898 ) ;
#1907 = EDGE_LOOP ( 'NONE', ( #986, #3993, #2794, #753 ) ) ;
#1908 = LINE ( 'NONE', #420, #343 ) ;
#1909 = ORIENTED_EDGE ( 'NONE', *, *, #1986, .F. ) ;
#1910 = CARTESIAN_POINT ( 'NONE',  ( -40.85786437626900636, 6.000000000000005329, -66.50936807555891050 ) ) ;
#1911 = DIRECTION ( 'NONE',  ( -0.000000000000000000, -1.000000000000000000, -0.000000000000000000 ) ) ;
#1912 = VERTEX_POINT ( 'NONE', #2195 ) ;
#1913 = CARTESIAN_POINT ( 'NONE',  ( -40.85786437626900636, 82.29999999999999716, -68.20936807555891335 ) ) ;
#1914 = ORIENTED_EDGE ( 'NONE', *, *, #1521, .F. ) ;
#1915 = CARTESIAN_POINT ( 'NONE',  ( 30.00000000000000000, 8.900000000000000355, -71.01723245182800781 ) ) ;
#1916 = EDGE_CURVE ( 'NONE', #3128, #1437, #2607, .T. ) ;
#1917 = EDGE_CURVE ( 'NONE', #4027, #2141, #2772, .T. ) ;
#1918 = CARTESIAN_POINT ( 'NONE',  ( 69.14213562373099364, 6.000000000000005329, -39.92509682809703975 ) ) ;
#1919 = ORIENTED_EDGE ( 'NONE', *, *, #3211, .T. ) ;
#1920 = FACE_OUTER_BOUND ( 'NONE', #576, .T. ) ;
#1921 = VERTEX_POINT ( 'NONE', #2523 ) ;
#1922 = CARTESIAN_POINT ( 'NONE',  ( -69.14213562373099364, 6.000000000000005329, -38.22509682809703691 ) ) ;
#1923 = EDGE_CURVE ( 'NONE', #4273, #3803, #4448, .T. ) ;
#1924 = CIRCLE ( 'NONE', #2572, 1.999999999999994893 ) ;
#1925 = EDGE_LOOP ( 'NONE', ( #3026, #1063, #3227, #4318 ) ) ;
#1926 = DIRECTION ( 'NONE',  ( 0.000000000000000000, 1.000000000000000000, 0.000000000000000000 ) ) ;
#1927 = AXIS2_PLACEMENT_3D ( 'NONE', #4950, #25, #1562 ) ;
#1928 = CARTESIAN_POINT ( 'NONE',  ( -106.0000000000000142, 6.000000000000000000, -74.06723245182799076 ) ) ;
#1929 = VECTOR ( 'NONE', #6, 1000.000000000000000 ) ;
#1930 = ORIENTED_EDGE ( 'NONE', *, *, #2213, .T. ) ;
#1931 = DIRECTION ( 'NONE',  ( -0.000000000000000000, -1.000000000000000000, -0.000000000000000000 ) ) ;
#1932 = ADVANCED_FACE ( 'NONE', ( #2548 ), #4074, .F. ) ;
#1933 = EDGE_CURVE ( 'NONE', #2674, #327, #144, .T. ) ;
#1934 = AXIS2_PLACEMENT_3D ( 'NONE', #3184, #1304, #4314 ) ;
#1935 = EDGE_LOOP ( 'NONE', ( #1295, #1785, #3659, #967, #727 ) ) ;
#1936 = LINE ( 'NONE', #3170, #3031 ) ;
#1937 = CIRCLE ( 'NONE', #4746, 10.00000000000001243 ) ;
#1938 = FACE_OUTER_BOUND ( 'NONE', #3960, .T. ) ;
#1939 = ORIENTED_EDGE ( 'NONE', *, *, #1843, .F. ) ;
#1940 = DIRECTION ( 'NONE',  ( 0.000000000000000000, 0.000000000000000000, -1.000000000000000000 ) ) ;
#1941 = DIRECTION ( 'NONE',  ( -0.000000000000000000, -1.000000000000000000, -0.000000000000000000 ) ) ;
#1942 = ORIENTED_EDGE ( 'NONE', *, *, #2606, .F. ) ;
#1943 = CARTESIAN_POINT ( 'NONE',  ( -69.14213562373099364, 6.000000000000000000, -65.35936807555890482 ) ) ;
#1944 = EDGE_CURVE ( 'NONE', #1114, #4307, #1859, .T. ) ;
#1945 = ORIENTED_EDGE ( 'NONE', *, *, #3787, .F. ) ;
#1946 = DIRECTION ( 'NONE',  ( -0.7071067811865439090, -0.000000000000000000, 0.7071067811865512365 ) ) ;
#1947 = CARTESIAN_POINT ( 'NONE',  ( 106.0000000000002274, 6.000000000000000000, -32.06723245182732285 ) ) ;
#1948 = EDGE_LOOP ( 'NONE', ( #3257, #3251, #519, #1234 ) ) ;
#1949 = CYLINDRICAL_SURFACE ( 'NONE', #920, 5.049999999999998934 ) ;
#1950 = ORIENTED_EDGE ( 'NONE', *, *, #648, .F. ) ;
#1951 = ADVANCED_FACE ( 'NONE', ( #1938 ), #348, .F. ) ;
#1952 = FACE_OUTER_BOUND ( 'NONE', #1206, .T. ) ;
#1953 = CIRCLE ( 'NONE', #757, 13.49999999999969980 ) ;
#1954 = CARTESIAN_POINT ( 'NONE',  ( -40.85786437626900636, 6.000000000000000000, -68.20936807555891335 ) ) ;
#1955 = AXIS2_PLACEMENT_3D ( 'NONE', #3484, #72, #3112 ) ;
#1956 = AXIS2_PLACEMENT_3D ( 'NONE', #1337, #3640, #2517 ) ;
#1957 = EDGE_CURVE ( 'NONE', #2400, #4794, #2126, .T. ) ;
#1958 = CARTESIAN_POINT ( 'NONE',  ( -44.00000000000000000, 0.000000000000000000, -30.06723245182798365 ) ) ;
#1959 = AXIS2_PLACEMENT_3D ( 'NONE', #2782, #4658, #4308 ) ;
#1960 = CIRCLE ( 'NONE', #4609, 2.849999999999991651 ) ;
#1961 = ORIENTED_EDGE ( 'NONE', *, *, #758, .T. ) ;
#1962 = DIRECTION ( 'NONE',  ( 0.000000000000000000, 0.000000000000000000, -1.000000000000000000 ) ) ;
#1963 = ORIENTED_EDGE ( 'NONE', *, *, #1048, .T. ) ;
#1964 = AXIS2_PLACEMENT_3D ( 'NONE', #1022, #1722, #3667 ) ;
#1965 = CYLINDRICAL_SURFACE ( 'NONE', #1676, 2.000000000000000000 ) ;
#1966 = LINE ( 'NONE', #4413, #435 ) ;
#1967 = CARTESIAN_POINT ( 'NONE',  ( -69.14213562373099364, 82.29999999999999716, -66.50936807555892472 ) ) ;
#1968 = ADVANCED_FACE ( 'NONE', ( #2669 ), #2218, .T. ) ;
#1969 = MANIFOLD_SOLID_BREP ( 'PCB Heat-set insert holes', #1992 ) ;
#1970 = EDGE_LOOP ( 'NONE', ( #1401, #634, #3322, #161 ) ) ;
#1971 = DIRECTION ( 'NONE',  ( -0.000000000000000000, 1.000000000000000000, -0.000000000000000000 ) ) ;
#1972 = CARTESIAN_POINT ( 'NONE',  ( -10.67731239591681103, 82.29999999999999716, -12.67731239591692294 ) ) ;
#1973 = ORIENTED_EDGE ( 'NONE', *, *, #3706, .F. ) ;
#1974 = DIRECTION ( 'NONE',  ( 0.000000000000000000, 0.000000000000000000, -1.000000000000000000 ) ) ;
#1975 = ORIENTED_EDGE ( 'NONE', *, *, #4669, .T. ) ;
#1976 = DIRECTION ( 'NONE',  ( 0.000000000000000000, 0.000000000000000000, -1.000000000000000000 ) ) ;
#1977 = DIRECTION ( 'NONE',  ( 0.000000000000000000, 0.000000000000000000, 1.000000000000000000 ) ) ;
#1978 = VERTEX_POINT ( 'NONE', #4903 ) ;
#1979 = LINE ( 'NONE', #2246, #4762 ) ;
#1980 = EDGE_LOOP ( 'NONE', ( #1264, #3407 ) ) ;
#1981 = CARTESIAN_POINT ( 'NONE',  ( -44.00000000000000000, 0.000000000000000000, -32.06723245182798365 ) ) ;
#1982 = ORIENTED_EDGE ( 'NONE', *, *, #1944, .T. ) ;
#1983 = DIRECTION ( 'NONE',  ( -0.000000000000000000, -1.000000000000000000, -0.000000000000000000 ) ) ;
#1984 = CIRCLE ( 'NONE', #2546, 1.700000000000007061 ) ;
#1985 = DIRECTION ( 'NONE',  ( 0.000000000000000000, 0.000000000000000000, 1.000000000000000000 ) ) ;
#1986 = EDGE_CURVE ( 'NONE', #3346, #855, #3834, .T. ) ;
#1987 = CARTESIAN_POINT ( 'NONE',  ( -14.91995308303611800, 0.000000000000000000, 6.434671708797656819 ) ) ;
#1988 = EDGE_LOOP ( 'NONE', ( #234, #3355 ) ) ;
#1989 = DIRECTION ( 'NONE',  ( -0.000000000000000000, -1.000000000000000000, -0.000000000000000000 ) ) ;
#1990 = CARTESIAN_POINT ( 'NONE',  ( 2.632990618166809235E-15, 82.29999999999999716, 21.50000000000000000 ) ) ;
#1991 = FACE_BOUND ( 'NONE', #419, .T. ) ;
#1992 = CLOSED_SHELL ( 'NONE', ( #3801, #3924, #2507, #2277, #1700, #2805, #1932, #956, #1212, #653, #1478, #4079, #2486, #3024, #3117, #3147, #4663, #2371, #4096, #53, #838, #2024, #1578, #110, #3427, #4046, #4051, #4144, #4427, #3730, #4250, #12, #4416, #3448, #3399, #913, #1466, #3603, #959, #790, #1892, #4195, #2289, #2660, #3487, #3482, #413, #3106, #4780, #832, #3271, #2047, #3882, #1631, #2458, #69, #1232, #4627, #3544, #1170, #3207, #2973, #628, #3238, #4457, #769, #571, #2252, #1507, #4351, #3909, #3764, #284, #3849, #1353, #1951, #1831, #2032, #2171, #4034, #3204, #1130, #4851, #3354, #1165, #3554, #2552, #2635, #1285, #518, #3843, #2413, #172, #3748, #3754, #4914, #1069, #1814, #376, #1254, #545, #1042, #354, #1144, #1311, #2933, #2481, #890, #2525, #3463, #1685, #4558, #713, #671, #433, #4447, #3609, #1403, #559, #4569, #1583, #1321, #4167, #2836, #2843, #4724, #3818, #3187, #2596, #4939, #2110, #3125, #3259, #3315, #1897, #2786, #451, #100, #3665, #3061, #2262, #2203, #4870, #2429, #1555, #1662, #2624, #4124, #1368, #1135, #1666, #4516, #4804, #3680, #4229, #2885, #3169, #143, #197, #1968, #813, #4698 ) ) ;
#1993 = AXIS2_PLACEMENT_3D ( 'NONE', #2208, #1057, #3329 ) ;
#1994 = EDGE_CURVE ( 'NONE', #1754, #3586, #4548, .T. ) ;
#1995 = EDGE_LOOP ( 'NONE', ( #3647, #479 ) ) ;
#1996 = CARTESIAN_POINT ( 'NONE',  ( -1.337789466601234095E-15, 0.000000000000000000, -3.469446951953614189E-15 ) ) ;
#1997 = DIRECTION ( 'NONE',  ( -0.000000000000000000, -1.000000000000000000, -0.000000000000000000 ) ) ;
#1998 = ORIENTED_EDGE ( 'NONE', *, *, #2187, .F. ) ;
#1999 = DIRECTION ( 'NONE',  ( 0.000000000000000000, -1.000000000000000000, 0.000000000000000000 ) ) ;
#2000 = ORIENTED_EDGE ( 'NONE', *, *, #3948, .T. ) ;
#2001 = DIRECTION ( 'NONE',  ( 0.000000000000000000, 1.000000000000000000, 0.000000000000000000 ) ) ;
#2002 = EDGE_CURVE ( 'NONE', #1114, #411, #2050, .T. ) ;
#2003 = CYLINDRICAL_SURFACE ( 'NONE', #2716, 10.00000000000000888 ) ;
#2004 = ORIENTED_EDGE ( 'NONE', *, *, #3253, .T. ) ;
#2005 = DIRECTION ( 'NONE',  ( 0.000000000000000000, -1.000000000000000000, 0.000000000000000000 ) ) ;
#2006 = EDGE_CURVE ( 'NONE', #4791, #4571, #2290, .T. ) ;
#2007 = CARTESIAN_POINT ( 'NONE',  ( 40.85786437626900636, 82.29999999999999716, -69.90936807555891619 ) ) ;
#2008 = DIRECTION ( 'NONE',  ( 0.000000000000000000, 0.000000000000000000, -1.000000000000000000 ) ) ;
#2009 = CARTESIAN_POINT ( 'NONE',  ( 55.00000000000023448, 4.000000000000000000, -35.66723245182753743 ) ) ;
#2010 = CARTESIAN_POINT ( 'NONE',  ( -14.91995308303611800, 10.00000000000000000, -6.434671708797656819 ) ) ;
#2011 = CIRCLE ( 'NONE', #3284, 1.999999999999994893 ) ;
#2012 = VERTEX_POINT ( 'NONE', #3459 ) ;
#2013 = CARTESIAN_POINT ( 'NONE',  ( 69.14213562373146260, 6.000000000000000000, -65.35936807555846428 ) ) ;
#2014 = DIRECTION ( 'NONE',  ( 0.000000000000000000, 0.000000000000000000, 1.000000000000000000 ) ) ;
#2015 = CYLINDRICAL_SURFACE ( 'NONE', #2929, 2.000000000000001776 ) ;
#2016 = AXIS2_PLACEMENT_3D ( 'NONE', #3286, #1816, #4878 ) ;
#2017 = ORIENTED_EDGE ( 'NONE', *, *, #4879, .T. ) ;
#2018 = DIRECTION ( 'NONE',  ( 0.000000000000000000, 0.000000000000000000, -1.000000000000000000 ) ) ;
#2019 = DIRECTION ( 'NONE',  ( 0.000000000000000000, 0.000000000000000000, -1.000000000000000000 ) ) ;
#2020 = ORIENTED_EDGE ( 'NONE', *, *, #739, .T. ) ;
#2021 = DIRECTION ( 'NONE',  ( 0.000000000000000000, -1.000000000000000000, 0.000000000000000000 ) ) ;
#2022 = EDGE_LOOP ( 'NONE', ( #4035, #2732 ) ) ;
#2023 = AXIS2_PLACEMENT_3D ( 'NONE', #745, #1072, #4170 ) ;
#2024 = ADVANCED_FACE ( 'NONE', ( #51 ), #4147, .F. ) ;
#2025 = DIRECTION ( 'NONE',  ( 0.000000000000000000, -1.000000000000000000, 0.000000000000000000 ) ) ;
#2026 = AXIS2_PLACEMENT_3D ( 'NONE', #936, #583, #3205 ) ;
#2027 = CYLINDRICAL_SURFACE ( 'NONE', #3984, 1.599999999999997202 ) ;
#2028 = VERTEX_POINT ( 'NONE', #377 ) ;
#2029 = CARTESIAN_POINT ( 'NONE',  ( -100.0000000000000142, 15.00000000000000000, -74.06723245182797655 ) ) ;
#2030 = ORIENTED_EDGE ( 'NONE', *, *, #3010, .T. ) ;
#2031 = DIRECTION ( 'NONE',  ( 0.7071067811865437980, 0.000000000000000000, -0.7071067811865513475 ) ) ;
#2032 = ADVANCED_FACE ( 'NONE', ( #3408, #1, #399, #3041, #4626, #4574, #1192, #2372, #3512, #2797, #1670, #1991, #103, #3537, #2418, #3942 ), #4300, .T. ) ;
#2033 = CARTESIAN_POINT ( 'NONE',  ( -55.00000000000000711, 0.000000000000000000, -67.56723245182796234 ) ) ;
#2034 = ORIENTED_EDGE ( 'NONE', *, *, #2720, .T. ) ;
#2035 = CIRCLE ( 'NONE', #3156, 1.999999999999994893 ) ;
#2036 = LINE ( 'NONE', #122, #3955 ) ;
#2037 = VECTOR ( 'NONE', #3806, 1000.000000000000000 ) ;
#2038 = VECTOR ( 'NONE', #1358, 1000.000000000000000 ) ;
#2039 = DIRECTION ( 'NONE',  ( 0.000000000000000000, 0.000000000000000000, -1.000000000000000000 ) ) ;
#2040 = ORIENTED_EDGE ( 'NONE', *, *, #2376, .T. ) ;
#2041 = DIRECTION ( 'NONE',  ( 0.000000000000000000, 0.000000000000000000, 1.000000000000000000 ) ) ;
#2042 = VECTOR ( 'NONE', #2853, 1000.000000000000000 ) ;
#2043 = DIRECTION ( 'NONE',  ( 0.000000000000000000, 0.000000000000000000, -1.000000000000000000 ) ) ;
#2044 = AXIS2_PLACEMENT_3D ( 'NONE', #392, #4291, #1554 ) ;
#2045 = DIRECTION ( 'NONE',  ( 0.000000000000000000, 0.000000000000000000, -1.000000000000000000 ) ) ;
#2046 = CARTESIAN_POINT ( 'NONE',  ( 69.14213562373099364, 82.29999999999999716, -38.22509682809704401 ) ) ;
#2047 = ADVANCED_FACE ( 'NONE', ( #3888 ), #1589, .F. ) ;
#2048 = EDGE_LOOP ( 'NONE', ( #4354, #3885, #4885, #3494 ) ) ;
#2049 = CARTESIAN_POINT ( 'NONE',  ( -40.85786437626902057, 6.000000000000000000, -42.77509682809704117 ) ) ;
#2050 = CIRCLE ( 'NONE', #4847, 1.700000000000000178 ) ;
#2051 = ORIENTED_EDGE ( 'NONE', *, *, #3400, .F. ) ;
#2052 = CARTESIAN_POINT ( 'NONE',  ( 30.00000000000000000, 15.00000000000000000, -81.11723245182800213 ) ) ;
#2053 = CIRCLE ( 'NONE', #770, 2.850000000000005418 ) ;
#2054 = CARTESIAN_POINT ( 'NONE',  ( -69.14213562373099364, 6.000000000000000000, -71.05936807555892187 ) ) ;
#2055 = VERTEX_POINT ( 'NONE', #4350 ) ;
#2056 = CARTESIAN_POINT ( 'NONE',  ( 40.85786437626900636, 82.29999999999999716, -68.20936807555891335 ) ) ;
#2057 = EDGE_CURVE ( 'NONE', #462, #1121, #541, .T. ) ;
#2058 = CARTESIAN_POINT ( 'NONE',  ( -30.00000000000000000, 15.00000000000000000, 5.882767548171988103 ) ) ;
#2059 = DIRECTION ( 'NONE',  ( 0.000000000000000000, 0.000000000000000000, -1.000000000000000000 ) ) ;
#2060 = EDGE_CURVE ( 'NONE', #1514, #3254, #1310, .T. ) ;
#2061 = ORIENTED_EDGE ( 'NONE', *, *, #2720, .F. ) ;
#2062 = CARTESIAN_POINT ( 'NONE',  ( -10.67731239591681103, 9.999999999999994671, -10.67731239591692294 ) ) ;
#2063 = DIRECTION ( 'NONE',  ( 0.000000000000000000, 0.000000000000000000, -1.000000000000000000 ) ) ;
#2064 = ORIENTED_EDGE ( 'NONE', *, *, #2570, .F. ) ;
#2065 = EDGE_CURVE ( 'NONE', #2709, #825, #3963, .T. ) ;
#2066 = AXIS2_PLACEMENT_3D ( 'NONE', #595, #944, #2113 ) ;
#2067 = DIRECTION ( 'NONE',  ( -0.000000000000000000, -1.000000000000000000, -0.000000000000000000 ) ) ;
#2068 = CARTESIAN_POINT ( 'NONE',  ( -30.00000000000000000, 82.29999999999999716, -79.06723245182800497 ) ) ;
#2069 = DIRECTION ( 'NONE',  ( 0.000000000000000000, 1.000000000000000000, 0.000000000000000000 ) ) ;
#2070 = LINE ( 'NONE', #4704, #4033 ) ;
#2071 = AXIS2_PLACEMENT_3D ( 'NONE', #379, #1515, #1940 ) ;
#2072 = ORIENTED_EDGE ( 'NONE', *, *, #3948, .F. ) ;
#2073 = CARTESIAN_POINT ( 'NONE',  ( -44.00000000000000000, 0.000000000000000000, -74.06723245182799076 ) ) ;
#2074 = EDGE_LOOP ( 'NONE', ( #2189, #2845 ) ) ;
#2075 = CARTESIAN_POINT ( 'NONE',  ( 30.00000000000000000, 8.900000000000005684, 13.93276754817199325 ) ) ;
#2076 = DIRECTION ( 'NONE',  ( -0.000000000000000000, -1.000000000000000000, -0.000000000000000000 ) ) ;
#2077 = CIRCLE ( 'NONE', #1112, 2.000000000000001776 ) ;
#2078 = EDGE_LOOP ( 'NONE', ( #2811, #381, #2242, #2183 ) ) ;
#2079 = DIRECTION ( 'NONE',  ( 0.000000000000000000, 1.000000000000000000, 0.000000000000000000 ) ) ;
#2080 = VECTOR ( 'NONE', #2773, 1000.000000000000000 ) ;
#2081 = DIRECTION ( 'NONE',  ( 0.000000000000000000, 0.000000000000000000, 1.000000000000000000 ) ) ;
#2082 = EDGE_CURVE ( 'NONE', #1550, #775, #63, .T. ) ;
#2083 = EDGE_CURVE ( 'NONE', #398, #1623, #550, .T. ) ;
#2084 = DIRECTION ( 'NONE',  ( 0.000000000000000000, -1.000000000000000000, 0.000000000000000000 ) ) ;
#2085 = ORIENTED_EDGE ( 'NONE', *, *, #2868, .F. ) ;
#2086 = EDGE_CURVE ( 'NONE', #3376, #1912, #4675, .T. ) ;
#2087 = DIRECTION ( 'NONE',  ( 0.000000000000000000, 0.000000000000000000, -1.000000000000000000 ) ) ;
#2088 = LINE ( 'NONE', #1308, #119 ) ;
#2089 = EDGE_LOOP ( 'NONE', ( #3656, #2693, #305, #124 ) ) ;
#2090 = DIRECTION ( 'NONE',  ( 0.000000000000000000, 0.000000000000000000, -1.000000000000000000 ) ) ;
#2091 = ORIENTED_EDGE ( 'NONE', *, *, #937, .T. ) ;
#2092 = CARTESIAN_POINT ( 'NONE',  ( 0.000000000000000000, 82.29999999999999716, 0.000000000000000000 ) ) ;
#2093 = FACE_OUTER_BOUND ( 'NONE', #4453, .T. ) ;
#2094 = CIRCLE ( 'NONE', #4009, 1.700000000000000178 ) ;
#2095 = ORIENTED_EDGE ( 'NONE', *, *, #1710, .T. ) ;
#2096 = FACE_OUTER_BOUND ( 'NONE', #3089, .T. ) ;
#2097 = ORIENTED_EDGE ( 'NONE', *, *, #2318, .F. ) ;
#2098 = AXIS2_PLACEMENT_3D ( 'NONE', #1384, #2568, #2142 ) ;
#2099 = CARTESIAN_POINT ( 'NONE',  ( 9.987638511313807754, 10.00000000000000000, 1.502357137075304383 ) ) ;
#2100 = CARTESIAN_POINT ( 'NONE',  ( 69.14213562373099364, 15.00000000000000000, -68.20936807555891335 ) ) ;
#2101 = ORIENTED_EDGE ( 'NONE', *, *, #2187, .T. ) ;
#2102 = DIRECTION ( 'NONE',  ( 0.000000000000000000, 0.000000000000000000, -1.000000000000000000 ) ) ;
#2103 = AXIS2_PLACEMENT_3D ( 'NONE', #2700, #3018, #2241 ) ;
#2104 = AXIS2_PLACEMENT_3D ( 'NONE', #1604, #2329, #2685 ) ;
#2105 = DIRECTION ( 'NONE',  ( 0.000000000000000000, -1.000000000000000000, 0.000000000000000000 ) ) ;
#2106 = CARTESIAN_POINT ( 'NONE',  ( -100.0000000000000142, 15.00000000000000000, -29.06723245182796234 ) ) ;
#2107 = EDGE_CURVE ( 'NONE', #2996, #4653, #2053, .T. ) ;
#2108 = CARTESIAN_POINT ( 'NONE',  ( 106.0000000000002274, 0.000000000000000000, -34.06723245182731574 ) ) ;
#2109 = CARTESIAN_POINT ( 'NONE',  ( -69.14213562373099364, 6.000000000000000000, -65.35936807555890482 ) ) ;
#2110 = ADVANCED_FACE ( 'NONE', ( #3118 ), #2015, .F. ) ;
#2111 = ORIENTED_EDGE ( 'NONE', *, *, #1085, .F. ) ;
#2112 = FACE_BOUND ( 'NONE', #4056, .T. ) ;
#2113 = DIRECTION ( 'NONE',  ( 0.000000000000000000, 0.000000000000000000, 1.000000000000000000 ) ) ;
#2114 = CARTESIAN_POINT ( 'NONE',  ( 95.00000000000051159, 4.000000000000000000, -72.06723245182732285 ) ) ;
#2115 = ORIENTED_EDGE ( 'NONE', *, *, #4608, .T. ) ;
#2116 = DIRECTION ( 'NONE',  ( 0.000000000000000000, 0.000000000000000000, -1.000000000000000000 ) ) ;
#2117 = ORIENTED_EDGE ( 'NONE', *, *, #4608, .F. ) ;
#2118 = CIRCLE ( 'NONE', #4685, 2.849999999999998312 ) ;
#2119 = CIRCLE ( 'NONE', #848, 2.849999999999998312 ) ;
#2120 = EDGE_CURVE ( 'NONE', #4428, #2055, #2284, .T. ) ;
#2121 = DIRECTION ( 'NONE',  ( -0.000000000000000000, -1.000000000000000000, -0.000000000000000000 ) ) ;
#2122 = CIRCLE ( 'NONE', #1086, 1.999999999999996669 ) ;
#2123 = CARTESIAN_POINT ( 'NONE',  ( -100.0000000000000142, 15.00000000000000000, -74.06723245182797655 ) ) ;
#2124 = ORIENTED_EDGE ( 'NONE', *, *, #1020, .T. ) ;
#2125 = DIRECTION ( 'NONE',  ( -0.5631668883056559771, 0.000000000000000000, 0.8263431828944465263 ) ) ;
#2126 = CIRCLE ( 'NONE', #1564, 1.600000000000004086 ) ;
#2127 = CARTESIAN_POINT ( 'NONE',  ( 10.67731239591688208, 0.000000000000000000, -10.67731239591691939 ) ) ;
#2128 = VERTEX_POINT ( 'NONE', #2445 ) ;
#2129 = LINE ( 'NONE', #3744, #4122 ) ;
#2130 = ORIENTED_EDGE ( 'NONE', *, *, #1328, .F. ) ;
#2131 = VERTEX_POINT ( 'NONE', #1268 ) ;
#2132 = DIRECTION ( 'NONE',  ( 0.000000000000000000, 0.000000000000000000, -1.000000000000000000 ) ) ;
#2133 = DIRECTION ( 'NONE',  ( 0.000000000000000000, 0.000000000000000000, -1.000000000000000000 ) ) ;
#2134 = EDGE_CURVE ( 'NONE', #4236, #3269, #4209, .T. ) ;
#2135 = VERTEX_POINT ( 'NONE', #3565 ) ;
#2136 = FACE_BOUND ( 'NONE', #1491, .T. ) ;
#2137 = EDGE_CURVE ( 'NONE', #411, #797, #1218, .T. ) ;
#2138 = VERTEX_POINT ( 'NONE', #178 ) ;
#2139 = DIRECTION ( 'NONE',  ( 0.000000000000000000, 0.000000000000000000, -1.000000000000000000 ) ) ;
#2140 = LINE ( 'NONE', #3218, #4765 ) ;
#2141 = VERTEX_POINT ( 'NONE', #4749 ) ;
#2142 = DIRECTION ( 'NONE',  ( 0.000000000000000000, 0.000000000000000000, -1.000000000000000000 ) ) ;
#2143 = CIRCLE ( 'NONE', #2622, 2.849999999999998312 ) ;
#2144 = EDGE_LOOP ( 'NONE', ( #4865, #2097, #3641, #2355 ) ) ;
#2145 = DIRECTION ( 'NONE',  ( 0.000000000000000000, 0.000000000000000000, -1.000000000000000000 ) ) ;
#2146 = EDGE_CURVE ( 'NONE', #1413, #4631, #3860, .T. ) ;
#2147 = AXIS2_PLACEMENT_3D ( 'NONE', #1819, #3622, #995 ) ;
#2148 = DIRECTION ( 'NONE',  ( 0.000000000000000000, 0.000000000000000000, -1.000000000000000000 ) ) ;
#2149 = ORIENTED_EDGE ( 'NONE', *, *, #2887, .T. ) ;
#2150 = DIRECTION ( 'NONE',  ( 1.000000000000000000, 0.000000000000000000, -3.083952846180989787E-16 ) ) ;
#2151 = AXIS2_PLACEMENT_3D ( 'NONE', #337, #549, #1781 ) ;
#2152 = CYLINDRICAL_SURFACE ( 'NONE', #2767, 9.999999999999994671 ) ;
#2153 = EDGE_CURVE ( 'NONE', #3403, #2456, #4455, .T. ) ;
#2154 = CIRCLE ( 'NONE', #2555, 3.000000000000002665 ) ;
#2155 = ORIENTED_EDGE ( 'NONE', *, *, #2852, .T. ) ;
#2156 = CIRCLE ( 'NONE', #4073, 20.00000000000000000 ) ;
#2157 = DIRECTION ( 'NONE',  ( 0.000000000000000000, 0.000000000000000000, 1.000000000000000000 ) ) ;
#2158 = ORIENTED_EDGE ( 'NONE', *, *, #3513, .F. ) ;
#2159 = ORIENTED_EDGE ( 'NONE', *, *, #4471, .F. ) ;
#2160 = DIRECTION ( 'NONE',  ( 0.000000000000000000, -1.000000000000000000, 0.000000000000000000 ) ) ;
#2161 = CARTESIAN_POINT ( 'NONE',  ( -69.14213562373099364, 6.000000000000000000, -68.20936807555891335 ) ) ;
#2162 = DIRECTION ( 'NONE',  ( 0.000000000000000000, -0.000000000000000000, 1.000000000000000000 ) ) ;
#2163 = ORIENTED_EDGE ( 'NONE', *, *, #3889, .T. ) ;
#2164 = FACE_BOUND ( 'NONE', #827, .T. ) ;
#2165 = CARTESIAN_POINT ( 'NONE',  ( 2.632990618166809235E-15, 15.00000000000000000, 21.50000000000000000 ) ) ;
#2166 = CARTESIAN_POINT ( 'NONE',  ( 95.00000000000024158, 4.000000000000000000, -32.46723245182731432 ) ) ;
#2167 = CIRCLE ( 'NONE', #4003, 2.850000000000005418 ) ;
#2168 = EDGE_LOOP ( 'NONE', ( #204, #679, #4621, #908 ) ) ;
#2169 = FACE_OUTER_BOUND ( 'NONE', #531, .T. ) ;
#2170 = ORIENTED_EDGE ( 'NONE', *, *, #4668, .F. ) ;
#2171 = ADVANCED_FACE ( 'NONE', ( #987, #1759, #594, #642, #4419, #1410, #2941, #1015, #4873, #4822, #2513, #3658, #964, #2541, #2565, #2164, #2912, #2844, #276, #1811, #2112, #3635, #1380, #3308, #224, #1735, #2136, #4064, #3682, #4012, #3260, #4848 ), #4396, .F. ) ;
#2172 = DIRECTION ( 'NONE',  ( -0.000000000000000000, -1.000000000000000000, -0.000000000000000000 ) ) ;
#2173 = CIRCLE ( 'NONE', #1530, 2.849999999999998312 ) ;
#2174 = CARTESIAN_POINT ( 'NONE',  ( -37.18544323025007969, 0.000000000000000000, 25.34250997375453451 ) ) ;
#2175 = ORIENTED_EDGE ( 'NONE', *, *, #300, .T. ) ;
#2176 = CARTESIAN_POINT ( 'NONE',  ( -106.0000000000000142, 0.000000000000000000, -34.06723245182798365 ) ) ;
#2177 = EDGE_CURVE ( 'NONE', #4045, #4544, #2118, .T. ) ;
#2178 = AXIS2_PLACEMENT_3D ( 'NONE', #2928, #3248, #2575 ) ;
#2179 = CARTESIAN_POINT ( 'NONE',  ( 110.0000000000000142, 0.000000000000000000, -74.06723245182797655 ) ) ;
#2180 = ORIENTED_EDGE ( 'NONE', *, *, #307, .F. ) ;
#2181 = FACE_OUTER_BOUND ( 'NONE', #4599, .T. ) ;
#2182 = ORIENTED_EDGE ( 'NONE', *, *, #587, .T. ) ;
#2183 = ORIENTED_EDGE ( 'NONE', *, *, #4332, .T. ) ;
#2184 = VECTOR ( 'NONE', #4298, 1000.000000000000000 ) ;
#2185 = CARTESIAN_POINT ( 'NONE',  ( 30.00000000000000000, 0.000000000000000000, 7.932767548171987038 ) ) ;
#2186 = CARTESIAN_POINT ( 'NONE',  ( 69.14213562373099364, 6.000000000000005329, -69.90936807555890198 ) ) ;
#2187 = EDGE_CURVE ( 'NONE', #327, #2674, #3075, .T. ) ;
#2188 = CYLINDRICAL_SURFACE ( 'NONE', #1872, 3.000000000000002665 ) ;
#2189 = ORIENTED_EDGE ( 'NONE', *, *, #458, .T. ) ;
#2190 = CARTESIAN_POINT ( 'NONE',  ( -1.502357137075204685, 9.999999999999994671, -9.987638511313830847 ) ) ;
#2191 = CARTESIAN_POINT ( 'NONE',  ( -110.0000000000000142, 0.000000000000000000, -74.06723245182797655 ) ) ;
#2192 = ORIENTED_EDGE ( 'NONE', *, *, #3000, .F. ) ;
#2193 = CARTESIAN_POINT ( 'NONE',  ( -30.00000000000000000, 8.900000000000000355, -76.06723245182800497 ) ) ;
#2194 = ORIENTED_EDGE ( 'NONE', *, *, #3721, .T. ) ;
#2195 = CARTESIAN_POINT ( 'NONE',  ( 1.236893267138826614E-15, 0.000000000000000000, 10.09999999999999964 ) ) ;
#2196 = CIRCLE ( 'NONE', #3627, 2.000000000000000000 ) ;
#2197 = CARTESIAN_POINT ( 'NONE',  ( 40.85786437626929057, 0.000000000000000000, -37.07509682809682516 ) ) ;
#2198 = VERTEX_POINT ( 'NONE', #2190 ) ;
#2199 = DIRECTION ( 'NONE',  ( -0.000000000000000000, 1.000000000000000000, 0.000000000000000000 ) ) ;
#2200 = LINE ( 'NONE', #3324, #1113 ) ;
#2201 = VECTOR ( 'NONE', #1599, 1000.000000000000000 ) ;
#2202 = AXIS2_PLACEMENT_3D ( 'NONE', #1030, #4913, #2157 ) ;
#2203 = ADVANCED_FACE ( 'NONE', ( #3707 ), #4449, .T. ) ;
#2204 = ORIENTED_EDGE ( 'NONE', *, *, #4773, .F. ) ;
#2205 = DIRECTION ( 'NONE',  ( 0.000000000000000000, 0.000000000000000000, -1.000000000000000000 ) ) ;
#2206 = AXIS2_PLACEMENT_3D ( 'NONE', #718, #3811, #1566 ) ;
#2207 = VERTEX_POINT ( 'NONE', #942 ) ;
#2208 = CARTESIAN_POINT ( 'NONE',  ( -100.0000000000000142, 0.000000000000000000, -74.06723245182797655 ) ) ;
#2209 = CYLINDRICAL_SURFACE ( 'NONE', #4334, 2.850000000000005418 ) ;
#2210 = EDGE_CURVE ( 'NONE', #3306, #3575, #2467, .T. ) ;
#2211 = ORIENTED_EDGE ( 'NONE', *, *, #4259, .T. ) ;
#2212 = CARTESIAN_POINT ( 'NONE',  ( -30.00000000000000000, 15.00000000000000000, 10.93276754817198970 ) ) ;
#2213 = EDGE_CURVE ( 'NONE', #2028, #4171, #1556, .T. ) ;
#2214 = ORIENTED_EDGE ( 'NONE', *, *, #3940, .F. ) ;
#2215 = CARTESIAN_POINT ( 'NONE',  ( 69.14213562373099364, 6.000000000000005329, -39.92509682809703975 ) ) ;
#2216 = EDGE_CURVE ( 'NONE', #3650, #2128, #3610, .T. ) ;
#2217 = VERTEX_POINT ( 'NONE', #4037 ) ;
#2218 = PLANE ( 'NONE',  #2924 ) ;
#2219 = CARTESIAN_POINT ( 'NONE',  ( -10.67731239591680925, 10.00000000000000000, 10.67731239591691939 ) ) ;
#2220 = DIRECTION ( 'NONE',  ( -0.000000000000000000, 1.000000000000000000, -0.000000000000000000 ) ) ;
#2221 = VERTEX_POINT ( 'NONE', #3236 ) ;
#2222 = FACE_OUTER_BOUND ( 'NONE', #4812, .T. ) ;
#2223 = CIRCLE ( 'NONE', #553, 1.600000000000004086 ) ;
#2224 = VECTOR ( 'NONE', #278, 1000.000000000000000 ) ;
#2225 = DIRECTION ( 'NONE',  ( 0.000000000000000000, 0.000000000000000000, -1.000000000000000000 ) ) ;
#2226 = VERTEX_POINT ( 'NONE', #4774 ) ;
#2227 = ORIENTED_EDGE ( 'NONE', *, *, #1613, .T. ) ;
#2228 = PLANE ( 'NONE',  #1402 ) ;
#2229 = EDGE_CURVE ( 'NONE', #4139, #3331, #1335, .T. ) ;
#2230 = CARTESIAN_POINT ( 'NONE',  ( -69.14213562373099364, 15.00000000000000000, -69.90936807555890198 ) ) ;
#2231 = CARTESIAN_POINT ( 'NONE',  ( -10.67731239591680925, 10.00000000000000000, -16.67731239591691761 ) ) ;
#2232 = ORIENTED_EDGE ( 'NONE', *, *, #3421, .T. ) ;
#2233 = EDGE_CURVE ( 'NONE', #3371, #34, #4192, .T. ) ;
#2234 = DIRECTION ( 'NONE',  ( 0.000000000000000000, 0.000000000000000000, 1.000000000000000000 ) ) ;
#2235 = ORIENTED_EDGE ( 'NONE', *, *, #4947, .F. ) ;
#2236 = DIRECTION ( 'NONE',  ( -0.000000000000000000, -1.000000000000000000, -0.000000000000000000 ) ) ;
#2237 = ORIENTED_EDGE ( 'NONE', *, *, #1473, .T. ) ;
#2238 = EDGE_CURVE ( 'NONE', #256, #2012, #3429, .T. ) ;
#2239 = DIRECTION ( 'NONE',  ( 0.000000000000000000, -0.000000000000000000, -1.000000000000000000 ) ) ;
#2240 = DIRECTION ( 'NONE',  ( 0.000000000000000000, -1.000000000000000000, 0.000000000000000000 ) ) ;
#2241 = DIRECTION ( 'NONE',  ( 0.000000000000000000, 0.000000000000000000, 1.000000000000000000 ) ) ;
#2242 = ORIENTED_EDGE ( 'NONE', *, *, #4187, .F. ) ;
#2243 = DIRECTION ( 'NONE',  ( -0.000000000000000000, -1.000000000000000000, -0.000000000000000000 ) ) ;
#2244 = CYLINDRICAL_SURFACE ( 'NONE', #2602, 1.999999999999994893 ) ;
#2245 = FACE_OUTER_BOUND ( 'NONE', #1109, .T. ) ;
#2246 = CARTESIAN_POINT ( 'NONE',  ( -14.91995308303611800, 10.00000000000000000, 6.434671708797656819 ) ) ;
#2247 = CIRCLE ( 'NONE', #421, 1.600000000000004086 ) ;
#2248 = ORIENTED_EDGE ( 'NONE', *, *, #1917, .T. ) ;
#2249 = DIRECTION ( 'NONE',  ( 0.000000000000000000, 1.000000000000000000, 0.000000000000000000 ) ) ;
#2250 = DIRECTION ( 'NONE',  ( 0.000000000000000000, 0.000000000000000000, 1.000000000000000000 ) ) ;
#2251 = AXIS2_PLACEMENT_3D ( 'NONE', #4522, #3113, #3190 ) ;
#2252 = ADVANCED_FACE ( 'NONE', ( #735 ), #3454, .T. ) ;
#2253 = FACE_OUTER_BOUND ( 'NONE', #510, .T. ) ;
#2254 = AXIS2_PLACEMENT_3D ( 'NONE', #3910, #2338, #2366 ) ;
#2255 = VERTEX_POINT ( 'NONE', #2256 ) ;
#2256 = CARTESIAN_POINT ( 'NONE',  ( 69.14213562373099364, 15.00000000000000000, -41.62509682809704259 ) ) ;
#2257 = EDGE_CURVE ( 'NONE', #3371, #1517, #368, .T. ) ;
#2258 = EDGE_LOOP ( 'NONE', ( #672, #3618, #3939, #4931 ) ) ;
#2259 = CARTESIAN_POINT ( 'NONE',  ( 30.00000000000000000, 15.00000000000000000, -76.06723245182800497 ) ) ;
#2260 = VERTEX_POINT ( 'NONE', #22 ) ;
#2261 = DIRECTION ( 'NONE',  ( 0.000000000000000000, 0.000000000000000000, 1.000000000000000000 ) ) ;
#2262 = ADVANCED_FACE ( 'NONE', ( #1483 ), #1136, .F. ) ;
#2263 = CARTESIAN_POINT ( 'NONE',  ( 100.0000000000000142, 15.00000000000000000, -29.06723245182796234 ) ) ;
#2264 = CYLINDRICAL_SURFACE ( 'NONE', #4503, 2.850000000000005418 ) ;
#2265 = ORIENTED_EDGE ( 'NONE', *, *, #1498, .F. ) ;
#2266 = DIRECTION ( 'NONE',  ( 0.000000000000000000, 0.000000000000000000, -1.000000000000000000 ) ) ;
#2267 = ORIENTED_EDGE ( 'NONE', *, *, #2645, .F. ) ;
#2268 = EDGE_CURVE ( 'NONE', #275, #778, #2271, .T. ) ;
#2269 = CIRCLE ( 'NONE', #1794, 10.00000000000001243 ) ;
#2270 = LINE ( 'NONE', #3765, #610 ) ;
#2271 = CIRCLE ( 'NONE', #135, 5.050000000000002487 ) ;
#2272 = DIRECTION ( 'NONE',  ( 0.000000000000000000, 1.000000000000000000, 0.000000000000000000 ) ) ;
#2273 = AXIS2_PLACEMENT_3D ( 'NONE', #2114, #4423, #1737 ) ;
#2274 = ORIENTED_EDGE ( 'NONE', *, *, #831, .T. ) ;
#2275 = CYLINDRICAL_SURFACE ( 'NONE', #445, 20.00000000000000000 ) ;
#2276 = ORIENTED_EDGE ( 'NONE', *, *, #3915, .F. ) ;
#2277 = ADVANCED_FACE ( 'NONE', ( #2308 ), #3779, .F. ) ;
#2278 = CIRCLE ( 'NONE', #4200, 2.000000000000001776 ) ;
#2279 = CIRCLE ( 'NONE', #1878, 2.000000000000000000 ) ;
#2280 = PLANE ( 'NONE',  #4905 ) ;
#2281 = CARTESIAN_POINT ( 'NONE',  ( 10.67731239591688208, 10.00000000000000000, -16.67731239591689629 ) ) ;
#2282 = VECTOR ( 'NONE', #1793, 1000.000000000000000 ) ;
#2283 = AXIS2_PLACEMENT_3D ( 'NONE', #3697, #266, #1004 ) ;
#2284 = CIRCLE ( 'NONE', #4855, 1.600000000000004086 ) ;
#2285 = DIRECTION ( 'NONE',  ( -0.000000000000000000, -1.000000000000000000, -0.000000000000000000 ) ) ;
#2286 = VERTEX_POINT ( 'NONE', #1532 ) ;
#2287 = CARTESIAN_POINT ( 'NONE',  ( -40.85786437626902057, 6.000000000000005329, -38.22509682809704401 ) ) ;
#2288 = ORIENTED_EDGE ( 'NONE', *, *, #289, .T. ) ;
#2289 = ADVANCED_FACE ( 'NONE', ( #2664 ), #3062, .F. ) ;
#2290 = LINE ( 'NONE', #3093, #2688 ) ;
#2291 = CARTESIAN_POINT ( 'NONE',  ( -95.00000000000001421, 4.000000000000000000, -34.06723245182799076 ) ) ;
#2292 = DIRECTION ( 'NONE',  ( -0.000000000000000000, -1.000000000000000000, -0.000000000000000000 ) ) ;
#2293 = ORIENTED_EDGE ( 'NONE', *, *, #1201, .F. ) ;
#2294 = DIRECTION ( 'NONE',  ( 0.000000000000000000, -0.000000000000000000, -1.000000000000000000 ) ) ;
#2295 = ORIENTED_EDGE ( 'NONE', *, *, #983, .T. ) ;
#2296 = EDGE_CURVE ( 'NONE', #1006, #2996, #4186, .T. ) ;
#2297 = CARTESIAN_POINT ( 'NONE',  ( 69.14213562373146260, 6.000000000000000000, -68.20936807555847281 ) ) ;
#2298 = PLANE ( 'NONE',  #4716 ) ;
#2299 = EDGE_LOOP ( 'NONE', ( #3436, #1648 ) ) ;
#2300 = DIRECTION ( 'NONE',  ( -0.000000000000000000, 1.000000000000000000, -0.000000000000000000 ) ) ;
#2301 = ORIENTED_EDGE ( 'NONE', *, *, #869, .T. ) ;
#2302 = AXIS2_PLACEMENT_3D ( 'NONE', #4823, #4477, #2139 ) ;
#2303 = LINE ( 'NONE', #1501, #4099 ) ;
#2304 = CIRCLE ( 'NONE', #242, 6.000000000000021316 ) ;
#2305 = EDGE_LOOP ( 'NONE', ( #3722, #4163, #657, #943 ) ) ;
#2306 = CARTESIAN_POINT ( 'NONE',  ( -10.67731239591681103, 82.29999999999999716, -10.67731239591692294 ) ) ;
#2307 = VECTOR ( 'NONE', #4686, 1000.000000000000000 ) ;
#2308 = FACE_OUTER_BOUND ( 'NONE', #2305, .T. ) ;
#2309 = CIRCLE ( 'NONE', #170, 1.699999999999993072 ) ;
#2310 = EDGE_LOOP ( 'NONE', ( #3755, #1601, #4731, #4760 ) ) ;
#2311 = CARTESIAN_POINT ( 'NONE',  ( 0.000000000000000000, 82.29999999999999716, -10.09999999999999964 ) ) ;
#2312 = ORIENTED_EDGE ( 'NONE', *, *, #225, .F. ) ;
#2313 = AXIS2_PLACEMENT_3D ( 'NONE', #613, #2883, #2774 ) ;
#2314 =( LENGTH_UNIT ( ) NAMED_UNIT ( * ) SI_UNIT ( .MILLI., .METRE. ) );
#2315 = VERTEX_POINT ( 'NONE', #3012 ) ;
#2316 = DIRECTION ( 'NONE',  ( 0.000000000000000000, -1.000000000000000000, 0.000000000000000000 ) ) ;
#2317 = PLANE ( 'NONE',  #4902 ) ;
#2318 = EDGE_CURVE ( 'NONE', #3346, #4244, #2691, .T. ) ;
#2319 = ORIENTED_EDGE ( 'NONE', *, *, #168, .T. ) ;
#2320 = DIRECTION ( 'NONE',  ( -0.000000000000000000, -1.000000000000000000, 0.000000000000000000 ) ) ;
#2321 = VERTEX_POINT ( 'NONE', #1905 ) ;
#2322 = CARTESIAN_POINT ( 'NONE',  ( -10.67731239591680925, 10.00000000000000000, -16.67731239591691761 ) ) ;
#2323 = CARTESIAN_POINT ( 'NONE',  ( -6.434671708797504053, 10.00000000000000000, -14.91995308303618550 ) ) ;
#2324 = ORIENTED_EDGE ( 'NONE', *, *, #2435, .F. ) ;
#2325 = DIRECTION ( 'NONE',  ( 0.000000000000000000, 1.000000000000000000, 0.000000000000000000 ) ) ;
#2326 = EDGE_CURVE ( 'NONE', #4264, #3197, #2965, .T. ) ;
#2327 = AXIS2_PLACEMENT_3D ( 'NONE', #1105, #3373, #2629 ) ;
#2328 = ORIENTED_EDGE ( 'NONE', *, *, #2210, .T. ) ;
#2329 = DIRECTION ( 'NONE',  ( 0.000000000000000000, -1.000000000000000000, 0.000000000000000000 ) ) ;
#2330 = CIRCLE ( 'NONE', #3930, 2.000000000000001776 ) ;
#2331 = ORIENTED_EDGE ( 'NONE', *, *, #3637, .T. ) ;
#2332 = DIRECTION ( 'NONE',  ( 0.000000000000000000, 0.000000000000000000, 1.000000000000000000 ) ) ;
#2333 = EDGE_CURVE ( 'NONE', #3122, #669, #2913, .T. ) ;
#2334 = VECTOR ( 'NONE', #4218, 1000.000000000000000 ) ;
#2335 = DIRECTION ( 'NONE',  ( 0.000000000000000000, -0.000000000000000000, -1.000000000000000000 ) ) ;
#2336 = AXIS2_PLACEMENT_3D ( 'NONE', #3856, #97, #1610 ) ;
#2337 = ORIENTED_EDGE ( 'NONE', *, *, #4714, .T. ) ;
#2338 = DIRECTION ( 'NONE',  ( 0.000000000000000000, -1.000000000000000000, 0.000000000000000000 ) ) ;
#2339 = AXIS2_PLACEMENT_3D ( 'NONE', #1828, #4866, #2986 ) ;
#2340 = EDGE_LOOP ( 'NONE', ( #2117, #4846, #3422, #19 ) ) ;
#2341 = CARTESIAN_POINT ( 'NONE',  ( 10.67731239591688386, 82.29999999999999716, -8.677312395916924714 ) ) ;
#2342 = LINE ( 'NONE', #3277, #4649 ) ;
#2343 = AXIS2_PLACEMENT_3D ( 'NONE', #846, #102, #450 ) ;
#2344 = DIRECTION ( 'NONE',  ( 0.000000000000000000, 0.000000000000000000, 1.000000000000000000 ) ) ;
#2345 = EDGE_LOOP ( 'NONE', ( #950, #2385 ) ) ;
#2346 = CARTESIAN_POINT ( 'NONE',  ( 72.73777569617556082, 15.00000000000000000, -19.06723245182797299 ) ) ;
#2347 = DIRECTION ( 'NONE',  ( 0.000000000000000000, 0.000000000000000000, 1.000000000000000000 ) ) ;
#2348 = ORIENTED_EDGE ( 'NONE', *, *, #2645, .T. ) ;
#2349 = DIRECTION ( 'NONE',  ( 0.000000000000000000, 0.000000000000000000, -1.000000000000000000 ) ) ;
#2350 = VERTEX_POINT ( 'NONE', #692 ) ;
#2351 = CARTESIAN_POINT ( 'NONE',  ( -30.00000000000000000, 8.900000000000000355, -76.06723245182800497 ) ) ;
#2352 = CARTESIAN_POINT ( 'NONE',  ( 44.00000000000049738, 0.000000000000000000, -74.06723245182776338 ) ) ;
#2353 = EDGE_LOOP ( 'NONE', ( #455, #4210 ) ) ;
#2354 = DIRECTION ( 'NONE',  ( 0.000000000000000000, 0.000000000000000000, -1.000000000000000000 ) ) ;
#2355 = ORIENTED_EDGE ( 'NONE', *, *, #2983, .T. ) ;
#2356 = DIRECTION ( 'NONE',  ( -0.000000000000000000, -1.000000000000000000, -0.000000000000000000 ) ) ;
#2357 = EDGE_CURVE ( 'NONE', #1297, #4718, #3309, .T. ) ;
#2358 = VECTOR ( 'NONE', #1303, 1000.000000000000000 ) ;
#2359 = CARTESIAN_POINT ( 'NONE',  ( 10.67731239591688208, 0.000000000000000000, -16.67731239591689629 ) ) ;
#2360 = VECTOR ( 'NONE', #247, 1000.000000000000000 ) ;
#2361 = AXIS2_PLACEMENT_3D ( 'NONE', #2399, #850, #1672 ) ;
#2362 = EDGE_CURVE ( 'NONE', #3430, #2674, #3353, .T. ) ;
#2363 = DIRECTION ( 'NONE',  ( 1.000000000000000000, 0.000000000000000000, -2.545241293071531681E-16 ) ) ;
#2364 = VECTOR ( 'NONE', #1893, 1000.000000000000000 ) ;
#2365 = AXIS2_PLACEMENT_3D ( 'NONE', #364, #1876, #3505 ) ;
#2366 = DIRECTION ( 'NONE',  ( 0.000000000000000000, 0.000000000000000000, -1.000000000000000000 ) ) ;
#2367 = VERTEX_POINT ( 'NONE', #1456 ) ;
#2368 = AXIS2_PLACEMENT_3D ( 'NONE', #1838, #1886, #2722 ) ;
#2369 = LINE ( 'NONE', #155, #3666 ) ;
#2370 = CARTESIAN_POINT ( 'NONE',  ( 72.73777569617556082, 15.00000000000000000, -9.067232451827964113 ) ) ;
#2371 = ADVANCED_FACE ( 'NONE', ( #2989 ), #3375, .F. ) ;
#2372 = FACE_BOUND ( 'NONE', #3696, .T. ) ;
#2373 = ORIENTED_EDGE ( 'NONE', *, *, #3453, .F. ) ;
#2374 = LINE ( 'NONE', #2346, #4061 ) ;
#2375 = CARTESIAN_POINT ( 'NONE',  ( 10.67731239591673464, 9.999999999999994671, 12.67731239591692471 ) ) ;
#2376 = EDGE_CURVE ( 'NONE', #4244, #286, #2636, .T. ) ;
#2377 = ORIENTED_EDGE ( 'NONE', *, *, #3810, .T. ) ;
#2378 = FACE_OUTER_BOUND ( 'NONE', #1948, .T. ) ;
#2379 = ORIENTED_EDGE ( 'NONE', *, *, #471, .F. ) ;
#2380 = CARTESIAN_POINT ( 'NONE',  ( -40.85786437626900636, 82.29999999999999716, -69.90936807555891619 ) ) ;
#2381 = LINE ( 'NONE', #3201, #4238 ) ;
#2382 = ORIENTED_EDGE ( 'NONE', *, *, #2916, .T. ) ;
#2383 = FACE_OUTER_BOUND ( 'NONE', #4356, .T. ) ;
#2384 = DIRECTION ( 'NONE',  ( -0.000000000000000000, -1.000000000000000000, -0.000000000000000000 ) ) ;
#2385 = ORIENTED_EDGE ( 'NONE', *, *, #4807, .F. ) ;
#2386 = DIRECTION ( 'NONE',  ( -0.000000000000000000, -1.000000000000000000, -0.000000000000000000 ) ) ;
#2387 = AXIS2_PLACEMENT_3D ( 'NONE', #1568, #4505, #1071 ) ;
#2388 = ORIENTED_EDGE ( 'NONE', *, *, #148, .T. ) ;
#2389 = CIRCLE ( 'NONE', #4546, 1.999999999999996669 ) ;
#2390 = DIRECTION ( 'NONE',  ( 0.000000000000000000, 1.000000000000000000, 0.000000000000000000 ) ) ;
#2391 = CARTESIAN_POINT ( 'NONE',  ( -44.00000000000000000, 6.000000000000000000, -32.06723245182798365 ) ) ;
#2392 = ORIENTED_EDGE ( 'NONE', *, *, #1347, .F. ) ;
#2393 = DIRECTION ( 'NONE',  ( 0.000000000000000000, 0.000000000000000000, 1.000000000000000000 ) ) ;
#2394 = CARTESIAN_POINT ( 'NONE',  ( 95.00000000000051159, 4.000000000000000000, -73.66723245182733137 ) ) ;
#2395 = CARTESIAN_POINT ( 'NONE',  ( -1.337789466601234095E-15, 15.00000000000000000, -3.469446951953614189E-15 ) ) ;
#2396 = CIRCLE ( 'NONE', #1906, 10.00000000000000888 ) ;
#2397 = ORIENTED_EDGE ( 'NONE', *, *, #873, .T. ) ;
#2398 = DIRECTION ( 'NONE',  ( 0.000000000000000000, 0.000000000000000000, -1.000000000000000000 ) ) ;
#2399 = CARTESIAN_POINT ( 'NONE',  ( 0.000000000000000000, 82.29999999999999716, 0.000000000000000000 ) ) ;
#2400 = VERTEX_POINT ( 'NONE', #472 ) ;
#2401 = CARTESIAN_POINT ( 'NONE',  ( -106.0000000000000142, 0.000000000000000000, -32.06723245182798365 ) ) ;
#2402 = ORIENTED_EDGE ( 'NONE', *, *, #474, .T. ) ;
#2403 = EDGE_CURVE ( 'NONE', #2532, #2260, #1582, .T. ) ;
#2404 = LINE ( 'NONE', #3922, #4767 ) ;
#2405 = DIRECTION ( 'NONE',  ( 0.000000000000000000, -1.000000000000000000, 0.000000000000000000 ) ) ;
#2406 = EDGE_LOOP ( 'NONE', ( #3438, #228, #1481, #1209 ) ) ;
#2407 = DIRECTION ( 'NONE',  ( -0.000000000000000000, -1.000000000000000000, -0.000000000000000000 ) ) ;
#2408 = DIRECTION ( 'NONE',  ( 0.000000000000000000, -1.000000000000000000, 0.000000000000000000 ) ) ;
#2409 = VECTOR ( 'NONE', #1874, 1000.000000000000000 ) ;
#2410 = CARTESIAN_POINT ( 'NONE',  ( -40.85786437626900636, 6.000000000000000000, -68.20936807555891335 ) ) ;
#2411 = ORIENTED_EDGE ( 'NONE', *, *, #3193, .T. ) ;
#2412 = CARTESIAN_POINT ( 'NONE',  ( 100.0000000000000142, 0.000000000000000000, -19.06723245182795878 ) ) ;
#2413 = ADVANCED_FACE ( 'NONE', ( #1211 ), #841, .F. ) ;
#2414 = CYLINDRICAL_SURFACE ( 'NONE', #194, 45.00000000000000000 ) ;
#2415 = VECTOR ( 'NONE', #3221, 1000.000000000000000 ) ;
#2416 = ORIENTED_EDGE ( 'NONE', *, *, #801, .F. ) ;
#2417 = CYLINDRICAL_SURFACE ( 'NONE', #4320, 13.50000000000000533 ) ;
#2418 = FACE_BOUND ( 'NONE', #2345, .T. ) ;
#2419 = EDGE_CURVE ( 'NONE', #1408, #2658, #546, .T. ) ;
#2420 = ORIENTED_EDGE ( 'NONE', *, *, #2318, .T. ) ;
#2421 = CARTESIAN_POINT ( 'NONE',  ( -55.00000000000001421, 0.000000000000000000, -32.46723245182798934 ) ) ;
#2422 = CARTESIAN_POINT ( 'NONE',  ( 40.85786437626929057, 6.000000000000000000, -37.07509682809682516 ) ) ;
#2423 = ORIENTED_EDGE ( 'NONE', *, *, #3829, .F. ) ;
#2424 = CARTESIAN_POINT ( 'NONE',  ( 69.14213562373099364, 6.000000000000005329, -38.22509682809704401 ) ) ;
#2425 = ORIENTED_EDGE ( 'NONE', *, *, #2729, .T. ) ;
#2426 = AXIS2_PLACEMENT_3D ( 'NONE', #1213, #3533, #4722 ) ;
#2427 = CARTESIAN_POINT ( 'NONE',  ( 69.14213562373099364, 6.000000000000005329, -68.20936807555891335 ) ) ;
#2428 = CIRCLE ( 'NONE', #3219, 13.49999999999969980 ) ;
#2429 = ADVANCED_FACE ( 'NONE', ( #2742 ), #4696, .T. ) ;
#2430 = DIRECTION ( 'NONE',  ( -0.000000000000000000, -1.000000000000000000, -0.000000000000000000 ) ) ;
#2431 = VERTEX_POINT ( 'NONE', #150 ) ;
#2432 = DIRECTION ( 'NONE',  ( -0.000000000000000000, 1.000000000000000000, -0.000000000000000000 ) ) ;
#2433 = CARTESIAN_POINT ( 'NONE',  ( -69.14213562373099364, 15.00000000000000000, -39.92509682809703264 ) ) ;
#2434 = DIRECTION ( 'NONE',  ( 0.000000000000000000, 0.000000000000000000, -1.000000000000000000 ) ) ;
#2435 = EDGE_CURVE ( 'NONE', #4005, #3254, #3531, .T. ) ;
#2436 = ORIENTED_EDGE ( 'NONE', *, *, #4104, .F. ) ;
#2437 = CIRCLE ( 'NONE', #291, 5.999999999999998224 ) ;
#2438 = CARTESIAN_POINT ( 'NONE',  ( 110.0000000000000142, 15.00000000000000000, -29.06723245182796234 ) ) ;
#2439 = AXIS2_PLACEMENT_3D ( 'NONE', #3582, #173, #2162 ) ;
#2440 = CIRCLE ( 'NONE', #2914, 2.000000000000001776 ) ;
#2441 = CARTESIAN_POINT ( 'NONE',  ( -1.337789466601234095E-15, 15.00000000000000000, -3.469446951953614189E-15 ) ) ;
#2442 = VERTEX_POINT ( 'NONE', #1286 ) ;
#2443 = DIRECTION ( 'NONE',  ( 0.000000000000000000, 0.000000000000000000, 1.000000000000000000 ) ) ;
#2444 = VECTOR ( 'NONE', #975, 1000.000000000000000 ) ;
#2445 = CARTESIAN_POINT ( 'NONE',  ( 9.987638511313827294, 0.000000000000000000, -1.502357137075304383 ) ) ;
#2446 = VECTOR ( 'NONE', #1983, 1000.000000000000000 ) ;
#2447 = DIRECTION ( 'NONE',  ( -0.000000000000000000, -1.000000000000000000, -0.000000000000000000 ) ) ;
#2448 = DIRECTION ( 'NONE',  ( 0.000000000000000000, 1.000000000000000000, 0.000000000000000000 ) ) ;
#2449 = ORIENTED_EDGE ( 'NONE', *, *, #4707, .T. ) ;
#2450 = DIRECTION ( 'NONE',  ( 0.000000000000000000, 0.000000000000000000, -1.000000000000000000 ) ) ;
#2451 = MECHANICAL_DESIGN_GEOMETRIC_PRESENTATION_REPRESENTATION (  '', ( #4928 ), #935 ) ;
#2452 = ORIENTED_EDGE ( 'NONE', *, *, #2257, .F. ) ;
#2453 = EDGE_CURVE ( 'NONE', #485, #2985, #3386, .T. ) ;
#2454 = CYLINDRICAL_SURFACE ( 'NONE', #4367, 1.600000000000004086 ) ;
#2455 = FACE_BOUND ( 'NONE', #879, .T. ) ;
#2456 = VERTEX_POINT ( 'NONE', #3883 ) ;
#2457 = DIRECTION ( 'NONE',  ( -0.000000000000000000, -1.000000000000000000, -0.000000000000000000 ) ) ;
#2458 = ADVANCED_FACE ( 'NONE', ( #866 ), #3137, .F. ) ;
#2459 = FACE_BOUND ( 'NONE', #4017, .T. ) ;
#2460 = PLANE ( 'NONE',  #2684 ) ;
#2461 = EDGE_CURVE ( 'NONE', #3653, #4184, #683, .T. ) ;
#2462 = VERTEX_POINT ( 'NONE', #3962 ) ;
#2463 = CYLINDRICAL_SURFACE ( 'NONE', #534, 1.700000000000000178 ) ;
#2464 = FACE_OUTER_BOUND ( 'NONE', #3401, .T. ) ;
#2465 = ORIENTED_EDGE ( 'NONE', *, *, #307, .T. ) ;
#2466 = AXIS2_PLACEMENT_3D ( 'NONE', #4727, #2447, #1292 ) ;
#2467 = LINE ( 'NONE', #3989, #2998 ) ;
#2468 = EDGE_LOOP ( 'NONE', ( #1351, #2863, #1572, #2248 ) ) ;
#2469 = CARTESIAN_POINT ( 'NONE',  ( 69.14213562373099364, 6.000000000000005329, -68.20936807555891335 ) ) ;
#2470 = CYLINDRICAL_SURFACE ( 'NONE', #461, 2.000000000000000000 ) ;
#2471 = EDGE_LOOP ( 'NONE', ( #658, #1340 ) ) ;
#2472 = DIRECTION ( 'NONE',  ( -0.000000000000000000, -1.000000000000000000, -0.000000000000000000 ) ) ;
#2473 = VERTEX_POINT ( 'NONE', #892 ) ;
#2474 = VECTOR ( 'NONE', #2067, 1000.000000000000000 ) ;
#2475 = DIRECTION ( 'NONE',  ( 0.000000000000000000, -0.000000000000000000, -1.000000000000000000 ) ) ;
#2476 = EDGE_CURVE ( 'NONE', #4207, #2456, #2036, .T. ) ;
#2477 = CARTESIAN_POINT ( 'NONE',  ( -72.73777569617556082, 0.000000000000000000, -19.06723245182796589 ) ) ;
#2478 = ORIENTED_EDGE ( 'NONE', *, *, #540, .T. ) ;
#2479 = FACE_OUTER_BOUND ( 'NONE', #4729, .T. ) ;
#2480 = DIRECTION ( 'NONE',  ( -0.000000000000000000, -1.000000000000000000, -0.000000000000000000 ) ) ;
#2481 = ADVANCED_FACE ( 'NONE', ( #3507, #1664 ), #3164, .T. ) ;
#2482 = DIRECTION ( 'NONE',  ( 0.000000000000000000, -1.000000000000000000, 0.000000000000000000 ) ) ;
#2483 = ORIENTED_EDGE ( 'NONE', *, *, #2708, .F. ) ;
#2484 = CARTESIAN_POINT ( 'NONE',  ( -95.00000000000001421, 4.000000000000000000, -72.06723245182799076 ) ) ;
#2485 = FACE_OUTER_BOUND ( 'NONE', #548, .T. ) ;
#2486 = ADVANCED_FACE ( 'NONE', ( #1638 ), #3189, .F. ) ;
#2487 = VECTOR ( 'NONE', #4917, 1000.000000000000000 ) ;
#2488 = ORIENTED_EDGE ( 'NONE', *, *, #2153, .F. ) ;
#2489 = DIRECTION ( 'NONE',  ( 0.000000000000000000, -0.000000000000000000, 1.000000000000000000 ) ) ;
#2490 = ORIENTED_EDGE ( 'NONE', *, *, #1013, .F. ) ;
#2491 = DIRECTION ( 'NONE',  ( 0.000000000000000000, 0.000000000000000000, -1.000000000000000000 ) ) ;
#2492 = DIRECTION ( 'NONE',  ( 0.000000000000000000, 0.000000000000000000, 1.000000000000000000 ) ) ;
#2493 = VERTEX_POINT ( 'NONE', #444 ) ;
#2494 = DIRECTION ( 'NONE',  ( 0.000000000000000000, 0.000000000000000000, -1.000000000000000000 ) ) ;
#2495 = EDGE_LOOP ( 'NONE', ( #522, #2411, #1486, #3067 ) ) ;
#2496 = CIRCLE ( 'NONE', #2098, 2.000000000000001776 ) ;
#2497 = CARTESIAN_POINT ( 'NONE',  ( 0.000000000000000000, 0.000000000000000000, 0.000000000000000000 ) ) ;
#2498 = FACE_OUTER_BOUND ( 'NONE', #202, .T. ) ;
#2499 = ORIENTED_EDGE ( 'NONE', *, *, #2461, .T. ) ;
#2500 = FACE_OUTER_BOUND ( 'NONE', #3419, .T. ) ;
#2501 = CARTESIAN_POINT ( 'NONE',  ( -95.00000000000001421, 0.000000000000000000, -70.46723245182798223 ) ) ;
#2502 = VERTEX_POINT ( 'NONE', #2812 ) ;
#2503 = DIRECTION ( 'NONE',  ( -0.000000000000000000, -1.000000000000000000, -0.000000000000000000 ) ) ;
#2504 = VERTEX_POINT ( 'NONE', #2009 ) ;
#2505 = VERTEX_POINT ( 'NONE', #1958 ) ;
#2506 = EDGE_CURVE ( 'NONE', #4853, #1484, #2764, .T. ) ;
#2507 = ADVANCED_FACE ( 'NONE', ( #2715 ), #4241, .F. ) ;
#2508 = LINE ( 'NONE', #3171, #2184 ) ;
#2509 = LINE ( 'NONE', #3629, #2360 ) ;
#2510 = ORIENTED_EDGE ( 'NONE', *, *, #4693, .T. ) ;
#2511 = CIRCLE ( 'NONE', #2675, 3.000000000000000888 ) ;
#2512 = EDGE_CURVE ( 'NONE', #34, #3457, #1709, .T. ) ;
#2513 = FACE_BOUND ( 'NONE', #2608, .T. ) ;
#2514 = AXIS2_PLACEMENT_3D ( 'NONE', #322, #4216, #4948 ) ;
#2515 = AXIS2_PLACEMENT_3D ( 'NONE', #1205, #66, #467 ) ;
#2516 = CARTESIAN_POINT ( 'NONE',  ( -40.85786437626900636, 82.29999999999999716, -68.20936807555891335 ) ) ;
#2517 = DIRECTION ( 'NONE',  ( 0.000000000000000000, 0.000000000000000000, -1.000000000000000000 ) ) ;
#2518 = EDGE_LOOP ( 'NONE', ( #3337, #4617 ) ) ;
#2519 = CARTESIAN_POINT ( 'NONE',  ( 30.00000000000000000, 8.900000000000000355, 5.882767548171988103 ) ) ;
#2520 = VERTEX_POINT ( 'NONE', #2538 ) ;
#2521 = VECTOR ( 'NONE', #3854, 1000.000000000000000 ) ;
#2522 = AXIS2_PLACEMENT_3D ( 'NONE', #3892, #901, #3097 ) ;
#2523 = CARTESIAN_POINT ( 'NONE',  ( -95.00000000000001421, 4.000000000000000000, -70.46723245182798223 ) ) ;
#2524 = EDGE_CURVE ( 'NONE', #4401, #1121, #4793, .T. ) ;
#2525 = ADVANCED_FACE ( 'NONE', ( #661, #4392 ), #2862, .T. ) ;
#2526 = AXIS2_PLACEMENT_3D ( 'NONE', #1699, #112, #3498 ) ;
#2527 = DIRECTION ( 'NONE',  ( 0.000000000000000000, 0.000000000000000000, 1.000000000000000000 ) ) ;
#2528 = AXIS2_PLACEMENT_3D ( 'NONE', #2788, #2859, #2434 ) ;
#2529 = ORIENTED_EDGE ( 'NONE', *, *, #3621, .F. ) ;
#2530 = CARTESIAN_POINT ( 'NONE',  ( 0.000000000000000000, 0.000000000000000000, 0.000000000000000000 ) ) ;
#2531 = CYLINDRICAL_SURFACE ( 'NONE', #3295, 2.849999999999998312 ) ;
#2532 = VERTEX_POINT ( 'NONE', #961 ) ;
#2533 = DIRECTION ( 'NONE',  ( 0.000000000000000000, 0.000000000000000000, 1.000000000000000000 ) ) ;
#2534 = ORIENTED_EDGE ( 'NONE', *, *, #2453, .F. ) ;
#2535 = VERTEX_POINT ( 'NONE', #3279 ) ;
#2536 = CARTESIAN_POINT ( 'NONE',  ( 106.0000000000005116, 6.000000000000000000, -74.06723245182732285 ) ) ;
#2537 = FACE_OUTER_BOUND ( 'NONE', #1275, .T. ) ;
#2538 = CARTESIAN_POINT ( 'NONE',  ( 6.434671708797401024, 10.00000000000000000, 14.91995308303618550 ) ) ;
#2539 = EDGE_CURVE ( 'NONE', #3182, #3022, #295, .T. ) ;
#2540 = ORIENTED_EDGE ( 'NONE', *, *, #4332, .F. ) ;
#2541 = FACE_BOUND ( 'NONE', #4490, .T. ) ;
#2542 = DIRECTION ( 'NONE',  ( 0.5631668883056559771, 0.000000000000000000, -0.8263431828944465263 ) ) ;
#2543 = PLANE ( 'NONE',  #2273 ) ;
#2544 = VERTEX_POINT ( 'NONE', #590 ) ;
#2545 = DIRECTION ( 'NONE',  ( 0.000000000000000000, 0.000000000000000000, 1.000000000000000000 ) ) ;
#2546 = AXIS2_PLACEMENT_3D ( 'NONE', #1221, #3943, #527 ) ;
#2547 = ORIENTED_EDGE ( 'NONE', *, *, #3441, .F. ) ;
#2548 = FACE_OUTER_BOUND ( 'NONE', #3903, .T. ) ;
#2549 = CARTESIAN_POINT ( 'NONE',  ( 54.99999999999998579, 0.000000000000000000, -67.56723245182767812 ) ) ;
#2550 = ORIENTED_EDGE ( 'NONE', *, *, #3163, .T. ) ;
#2551 = DIRECTION ( 'NONE',  ( 0.000000000000000000, 0.000000000000000000, 1.000000000000000000 ) ) ;
#2552 = ADVANCED_FACE ( 'NONE', ( #2485 ), #4008, .F. ) ;
#2553 = CIRCLE ( 'NONE', #400, 1.599999999999997202 ) ;
#2554 = DIRECTION ( 'NONE',  ( -0.000000000000000000, -1.000000000000000000, -0.000000000000000000 ) ) ;
#2555 = AXIS2_PLACEMENT_3D ( 'NONE', #1795, #2950, #3321 ) ;
#2556 = ORIENTED_EDGE ( 'NONE', *, *, #1100, .F. ) ;
#2557 = VECTOR ( 'NONE', #4297, 1000.000000000000000 ) ;
#2558 = DIRECTION ( 'NONE',  ( 0.000000000000000000, -1.000000000000000000, 0.000000000000000000 ) ) ;
#2559 = ORIENTED_EDGE ( 'NONE', *, *, #2134, .T. ) ;
#2560 = ORIENTED_EDGE ( 'NONE', *, *, #2362, .F. ) ;
#2561 = DIRECTION ( 'NONE',  ( -0.000000000000000000, -1.000000000000000000, -0.000000000000000000 ) ) ;
#2562 = DIRECTION ( 'NONE',  ( 0.000000000000000000, 0.000000000000000000, -1.000000000000000000 ) ) ;
#2563 = DIRECTION ( 'NONE',  ( -0.000000000000000000, -1.000000000000000000, -0.000000000000000000 ) ) ;
#2564 = EDGE_LOOP ( 'NONE', ( #9, #3724, #2860, #4409 ) ) ;
#2565 = FACE_BOUND ( 'NONE', #4579, .T. ) ;
#2566 = LINE ( 'NONE', #668, #4145 ) ;
#2567 = ORIENTED_EDGE ( 'NONE', *, *, #2137, .F. ) ;
#2568 = DIRECTION ( 'NONE',  ( 0.000000000000000000, -1.000000000000000000, 0.000000000000000000 ) ) ;
#2569 = ORIENTED_EDGE ( 'NONE', *, *, #4934, .T. ) ;
#2570 = EDGE_CURVE ( 'NONE', #3838, #1536, #4816, .T. ) ;
#2571 = DIRECTION ( 'NONE',  ( 0.000000000000000000, -1.000000000000000000, 0.000000000000000000 ) ) ;
#2572 = AXIS2_PLACEMENT_3D ( 'NONE', #4406, #4102, #1770 ) ;
#2573 = DIRECTION ( 'NONE',  ( -0.000000000000000000, -1.000000000000000000, 0.000000000000000000 ) ) ;
#2574 = ORIENTED_EDGE ( 'NONE', *, *, #2697, .T. ) ;
#2575 = DIRECTION ( 'NONE',  ( 0.000000000000000000, 0.000000000000000000, -1.000000000000000000 ) ) ;
#2576 = CIRCLE ( 'NONE', #424, 1.700000000000000178 ) ;
#2577 = EDGE_CURVE ( 'NONE', #4135, #2135, #2509, .T. ) ;
#2578 = DIRECTION ( 'NONE',  ( 0.000000000000000000, 1.000000000000000000, 0.000000000000000000 ) ) ;
#2579 = ORIENTED_EDGE ( 'NONE', *, *, #3988, .T. ) ;
#2580 = VECTOR ( 'NONE', #772, 1000.000000000000000 ) ;
#2581 = CYLINDRICAL_SURFACE ( 'NONE', #4518, 13.50000000000000533 ) ;
#2582 = CIRCLE ( 'NONE', #4179, 1.700000000000000178 ) ;
#2583 = DIRECTION ( 'NONE',  ( 0.000000000000000000, 0.000000000000000000, -1.000000000000000000 ) ) ;
#2584 = DIRECTION ( 'NONE',  ( 0.000000000000000000, 0.000000000000000000, -1.000000000000000000 ) ) ;
#2585 = CARTESIAN_POINT ( 'NONE',  ( -64.47434386723108446, 0.000000000000000000, -14.69890133488453543 ) ) ;
#2586 = EDGE_CURVE ( 'NONE', #3331, #4820, #2910, .T. ) ;
#2587 = ORIENTED_EDGE ( 'NONE', *, *, #3163, .F. ) ;
#2588 = DIRECTION ( 'NONE',  ( 0.000000000000000000, -1.000000000000000000, 0.000000000000000000 ) ) ;
#2589 = ORIENTED_EDGE ( 'NONE', *, *, #2357, .T. ) ;
#2590 = LINE ( 'NONE', #1535, #1451 ) ;
#2591 = VERTEX_POINT ( 'NONE', #1686 ) ;
#2592 = CARTESIAN_POINT ( 'NONE',  ( -72.73777569617556082, 15.00000000000000000, -9.067232451827964113 ) ) ;
#2593 = VECTOR ( 'NONE', #3576, 1000.000000000000000 ) ;
#2594 = FACE_OUTER_BOUND ( 'NONE', #1711, .T. ) ;
#2595 = DIRECTION ( 'NONE',  ( 0.000000000000000000, 0.000000000000000000, -1.000000000000000000 ) ) ;
#2596 = ADVANCED_FACE ( 'NONE', ( #1783, #2938 ), #984, .T. ) ;
#2597 = EDGE_LOOP ( 'NONE', ( #2918, #844 ) ) ;
#2598 = DIRECTION ( 'NONE',  ( 0.000000000000000000, 0.000000000000000000, 1.000000000000000000 ) ) ;
#2599 = EDGE_CURVE ( 'NONE', #1418, #4428, #4059, .T. ) ;
#2600 = CIRCLE ( 'NONE', #370, 5.050000000000002487 ) ;
#2601 = FACE_OUTER_BOUND ( 'NONE', #4305, .T. ) ;
#2602 = AXIS2_PLACEMENT_3D ( 'NONE', #2649, #3416, #385 ) ;
#2603 = VECTOR ( 'NONE', #2847, 1000.000000000000000 ) ;
#2604 = ORIENTED_EDGE ( 'NONE', *, *, #682, .T. ) ;
#2605 = DIRECTION ( 'NONE',  ( -0.000000000000000000, 1.000000000000000000, 0.000000000000000000 ) ) ;
#2606 = EDGE_CURVE ( 'NONE', #4944, #395, #3208, .T. ) ;
#2607 = CIRCLE ( 'NONE', #3802, 5.050000000000002487 ) ;
#2608 = EDGE_LOOP ( 'NONE', ( #1758, #3396 ) ) ;
#2609 = CARTESIAN_POINT ( 'NONE',  ( 10.67731239591688386, 82.29999999999999716, -12.67731239591691939 ) ) ;
#2610 = CARTESIAN_POINT ( 'NONE',  ( 100.0000000000000142, 0.000000000000000000, -84.06723245182797655 ) ) ;
#2611 = EDGE_CURVE ( 'NONE', #2321, #4880, #1307, .T. ) ;
#2612 = ORIENTED_EDGE ( 'NONE', *, *, #663, .F. ) ;
#2613 = CARTESIAN_POINT ( 'NONE',  ( -106.0000000000000142, 6.000000000000000000, -76.06723245182799076 ) ) ;
#2614 = VERTEX_POINT ( 'NONE', #3655 ) ;
#2615 = DIRECTION ( 'NONE',  ( 0.000000000000000000, 0.000000000000000000, 1.000000000000000000 ) ) ;
#2616 = ORIENTED_EDGE ( 'NONE', *, *, #4541, .F. ) ;
#2617 = CARTESIAN_POINT ( 'NONE',  ( -30.00000000000000000, 8.900000000000000355, -71.01723245182800781 ) ) ;
#2618 = PLANE ( 'NONE',  #1185 ) ;
#2619 = CARTESIAN_POINT ( 'NONE',  ( -106.0000000000000142, 0.000000000000000000, -30.06723245182799076 ) ) ;
#2620 = ORIENTED_EDGE ( 'NONE', *, *, #4693, .F. ) ;
#2621 = FACE_OUTER_BOUND ( 'NONE', #3824, .T. ) ;
#2622 = AXIS2_PLACEMENT_3D ( 'NONE', #2751, #3567, #456 ) ;
#2623 = DIRECTION ( 'NONE',  ( -0.000000000000000000, 1.000000000000000000, -0.000000000000000000 ) ) ;
#2624 = ADVANCED_FACE ( 'NONE', ( #1756 ), #272, .F. ) ;
#2625 = DIRECTION ( 'NONE',  ( -0.000000000000000000, -1.000000000000000000, -0.000000000000000000 ) ) ;
#2626 = CARTESIAN_POINT ( 'NONE',  ( 54.99999999999998579, 15.00000000000000000, -40.56723245182827498 ) ) ;
#2627 = ORIENTED_EDGE ( 'NONE', *, *, #2909, .F. ) ;
#2628 = FACE_BOUND ( 'NONE', #1584, .T. ) ;
#2629 = DIRECTION ( 'NONE',  ( 0.7071067811865460184, 0.000000000000000000, -0.7071067811865490160 ) ) ;
#2630 = EDGE_CURVE ( 'NONE', #251, #834, #4194, .T. ) ;
#2631 = AXIS2_PLACEMENT_3D ( 'NONE', #2536, #1807, #297 ) ;
#2632 = EDGE_LOOP ( 'NONE', ( #1815, #4466, #2337, #2510 ) ) ;
#2633 = LINE ( 'NONE', #1315, #2603 ) ;
#2634 = EDGE_LOOP ( 'NONE', ( #2851, #3973, #2328, #2855 ) ) ;
#2635 = ADVANCED_FACE ( 'NONE', ( #939 ), #2463, .F. ) ;
#2636 = LINE ( 'NONE', #1609, #1871 ) ;
#2637 = EDGE_CURVE ( 'NONE', #114, #4777, #2119, .T. ) ;
#2638 = EDGE_LOOP ( 'NONE', ( #2728, #4736, #4437, #810 ) ) ;
#2639 = CARTESIAN_POINT ( 'NONE',  ( 44.00000000000049738, 6.000000000000000000, -76.06723245182776338 ) ) ;
#2640 = VERTEX_POINT ( 'NONE', #1059 ) ;
#2641 = PRESENTATION_STYLE_ASSIGNMENT (( #696 ) ) ;
#2642 =( GEOMETRIC_REPRESENTATION_CONTEXT ( 3 ) GLOBAL_UNCERTAINTY_ASSIGNED_CONTEXT ( ( #3878 ) ) GLOBAL_UNIT_ASSIGNED_CONTEXT ( ( #1426, #3057, #118 ) ) REPRESENTATION_CONTEXT ( 'NONE', 'WORKASPACE' ) );
#2643 = DIRECTION ( 'NONE',  ( 0.000000000000000000, 0.000000000000000000, 1.000000000000000000 ) ) ;
#2644 = CARTESIAN_POINT ( 'NONE',  ( -69.14213562373099364, 82.29999999999999716, -38.22509682809703691 ) ) ;
#2645 = EDGE_CURVE ( 'NONE', #4880, #387, #4112, .T. ) ;
#2646 = EDGE_LOOP ( 'NONE', ( #704, #2893 ) ) ;
#2647 = DIRECTION ( 'NONE',  ( -0.7071067811865412445, 0.000000000000000000, -0.7071067811865536790 ) ) ;
#2648 = EDGE_LOOP ( 'NONE', ( #2587, #3280 ) ) ;
#2649 = CARTESIAN_POINT ( 'NONE',  ( -106.0000000000000142, 6.000000000000000000, -32.06723245182798365 ) ) ;
#2650 = CARTESIAN_POINT ( 'NONE',  ( 0.000000000000000000, 82.29999999999999716, 0.000000000000000000 ) ) ;
#2651 = ORIENTED_EDGE ( 'NONE', *, *, #4758, .T. ) ;
#2652 = CARTESIAN_POINT ( 'NONE',  ( 72.73777569617556082, 0.000000000000000000, -9.067232451827964113 ) ) ;
#2653 = AXIS2_PLACEMENT_3D ( 'NONE', #3920, #3972, #2802 ) ;
#2654 = EDGE_LOOP ( 'NONE', ( #2547, #265, #2004, #1159 ) ) ;
#2655 = ADVANCED_BREP_SHAPE_REPRESENTATION ( 'Hopper_Base', ( #1969, #98 ), #2642 ) ;
#2656 = DIRECTION ( 'NONE',  ( 0.000000000000000000, 0.000000000000000000, 1.000000000000000000 ) ) ;
#2657 = AXIS2_PLACEMENT_3D ( 'NONE', #3038, #3090, #326 ) ;
#2658 = VERTEX_POINT ( 'NONE', #2963 ) ;
#2659 = LINE ( 'NONE', #2281, #2446 ) ;
#2660 = ADVANCED_FACE ( 'NONE', ( #3702 ), #2188, .F. ) ;
#2661 = VECTOR ( 'NONE', #152, 1000.000000000000000 ) ;
#2662 = AXIS2_PLACEMENT_3D ( 'NONE', #1000, #332, #1421 ) ;
#2663 = VECTOR ( 'NONE', #1131, 1000.000000000000000 ) ;
#2664 = FACE_OUTER_BOUND ( 'NONE', #1512, .T. ) ;
#2665 = EDGE_LOOP ( 'NONE', ( #703, #2379 ) ) ;
#2666 = LINE ( 'NONE', #396, #2334 ) ;
#2667 = EDGE_CURVE ( 'NONE', #336, #3202, #4117, .T. ) ;
#2668 = ORIENTED_EDGE ( 'NONE', *, *, #3224, .F. ) ;
#2669 = FACE_OUTER_BOUND ( 'NONE', #414, .T. ) ;
#2670 = CARTESIAN_POINT ( 'NONE',  ( -69.14213562373099364, 82.29999999999999716, -41.62509682809703548 ) ) ;
#2671 = FACE_OUTER_BOUND ( 'NONE', #2468, .T. ) ;
#2672 = ORIENTED_EDGE ( 'NONE', *, *, #4088, .T. ) ;
#2673 = CARTESIAN_POINT ( 'NONE',  ( -9.987638511313818412, 0.000000000000000000, -1.502357137075304383 ) ) ;
#2674 = VERTEX_POINT ( 'NONE', #3970 ) ;
#2675 = AXIS2_PLACEMENT_3D ( 'NONE', #4154, #835, #2681 ) ;
#2676 = CARTESIAN_POINT ( 'NONE',  ( 0.000000000000000000, 15.00000000000000000, -21.50000000000000000 ) ) ;
#2677 = VECTOR ( 'NONE', #1712, 1000.000000000000114 ) ;
#2678 = CARTESIAN_POINT ( 'NONE',  ( -44.00000000000000000, 0.000000000000000000, -34.06723245182799076 ) ) ;
#2679 = AXIS2_PLACEMENT_3D ( 'NONE', #2943, #1108, #2891 ) ;
#2680 = EDGE_LOOP ( 'NONE', ( #1738, #4324 ) ) ;
#2681 = DIRECTION ( 'NONE',  ( 0.000000000000000000, 0.000000000000000000, 1.000000000000000000 ) ) ;
#2682 = ORIENTED_EDGE ( 'NONE', *, *, #3088, .F. ) ;
#2683 = CIRCLE ( 'NONE', #2921, 2.000000000000001776 ) ;
#2684 = AXIS2_PLACEMENT_3D ( 'NONE', #2835, #147, #3159 ) ;
#2685 = DIRECTION ( 'NONE',  ( 0.000000000000000000, 0.000000000000000000, 1.000000000000000000 ) ) ;
#2686 = EDGE_LOOP ( 'NONE', ( #3178, #4833, #2124, #699 ) ) ;
#2687 = PLANE ( 'NONE',  #3237 ) ;
#2688 = VECTOR ( 'NONE', #3785, 1000.000000000000000 ) ;
#2689 = CIRCLE ( 'NONE', #4450, 2.000000000000001776 ) ;
#2690 = AXIS2_PLACEMENT_3D ( 'NONE', #4726, #156, #2344 ) ;
#2691 = LINE ( 'NONE', #3830, #3708 ) ;
#2692 = EDGE_CURVE ( 'NONE', #2221, #3838, #1475, .T. ) ;
#2693 = ORIENTED_EDGE ( 'NONE', *, *, #2789, .T. ) ;
#2694 = PLANE ( 'NONE',  #4740 ) ;
#2695 = ORIENTED_EDGE ( 'NONE', *, *, #1201, .T. ) ;
#2696 = DIRECTION ( 'NONE',  ( 0.000000000000000000, 0.000000000000000000, 1.000000000000000000 ) ) ;
#2697 = EDGE_CURVE ( 'NONE', #1289, #2848, #927, .T. ) ;
#2698 = EDGE_LOOP ( 'NONE', ( #4214, #1168, #1769, #3734 ) ) ;
#2699 = DIRECTION ( 'NONE',  ( -0.000000000000000000, -1.000000000000000000, 0.000000000000000000 ) ) ;
#2700 = CARTESIAN_POINT ( 'NONE',  ( 40.85786437626902057, 15.00000000000000000, -39.92509682809703975 ) ) ;
#2701 = EDGE_LOOP ( 'NONE', ( #4862, #2569, #3926, #1942 ) ) ;
#2702 = CYLINDRICAL_SURFACE ( 'NONE', #1611, 10.00000000000000888 ) ;
#2703 = VERTEX_POINT ( 'NONE', #3592 ) ;
#2704 = CARTESIAN_POINT ( 'NONE',  ( -10.67731239591681103, 82.29999999999999716, 10.67731239591692116 ) ) ;
#2705 = VERTEX_POINT ( 'NONE', #2375 ) ;
#2706 = ORIENTED_EDGE ( 'NONE', *, *, #4934, .F. ) ;
#2707 = CARTESIAN_POINT ( 'NONE',  ( 69.14213562373099364, 82.29999999999999716, -68.20936807555891335 ) ) ;
#2708 = EDGE_CURVE ( 'NONE', #1655, #4273, #4275, .T. ) ;
#2709 = VERTEX_POINT ( 'NONE', #1650 ) ;
#2710 = CIRCLE ( 'NONE', #558, 2.849999999999998312 ) ;
#2711 = DIRECTION ( 'NONE',  ( 0.000000000000000000, 1.000000000000000000, 0.000000000000000000 ) ) ;
#2712 = DIRECTION ( 'NONE',  ( 0.000000000000000000, 0.000000000000000000, -1.000000000000000000 ) ) ;
#2713 = CIRCLE ( 'NONE', #564, 2.849999999999998312 ) ;
#2714 = VECTOR ( 'NONE', #2561, 1000.000000000000000 ) ;
#2715 = FACE_OUTER_BOUND ( 'NONE', #4688, .T. ) ;
#2716 = AXIS2_PLACEMENT_3D ( 'NONE', #2123, #4782, #3246 ) ;
#2717 = ORIENTED_EDGE ( 'NONE', *, *, #3411, .T. ) ;
#2718 = CARTESIAN_POINT ( 'NONE',  ( -72.73777569617556082, 0.000000000000000000, -9.067232451827964113 ) ) ;
#2719 = ORIENTED_EDGE ( 'NONE', *, *, #3298, .F. ) ;
#2720 = EDGE_CURVE ( 'NONE', #2591, #2502, #4921, .T. ) ;
#2721 = DIRECTION ( 'NONE',  ( 0.000000000000000000, 1.000000000000000000, 0.000000000000000000 ) ) ;
#2722 = DIRECTION ( 'NONE',  ( -1.000000000000000000, 0.000000000000000000, 2.545241293071531681E-16 ) ) ;
#2723 = ORIENTED_EDGE ( 'NONE', *, *, #1061, .F. ) ;
#2724 = CARTESIAN_POINT ( 'NONE',  ( 69.14213562373099364, 15.00000000000000000, -66.50936807555892472 ) ) ;
#2725 = DIRECTION ( 'NONE',  ( 0.000000000000000000, 0.000000000000000000, 1.000000000000000000 ) ) ;
#2726 = VERTEX_POINT ( 'NONE', #158 ) ;
#2727 = CARTESIAN_POINT ( 'NONE',  ( 30.00000000000000000, 8.900000000000000355, 15.98276754817199219 ) ) ;
#2728 = ORIENTED_EDGE ( 'NONE', *, *, #4947, .T. ) ;
#2729 = EDGE_CURVE ( 'NONE', #1437, #3128, #2600, .T. ) ;
#2730 = FACE_OUTER_BOUND ( 'NONE', #2781, .T. ) ;
#2731 = LINE ( 'NONE', #724, #3418 ) ;
#2732 = ORIENTED_EDGE ( 'NONE', *, *, #565, .F. ) ;
#2733 = DIRECTION ( 'NONE',  ( -0.000000000000000000, -1.000000000000000000, -0.000000000000000000 ) ) ;
#2734 = EDGE_CURVE ( 'NONE', #4311, #4830, #922, .T. ) ;
#2735 = VERTEX_POINT ( 'NONE', #2422 ) ;
#2736 = CARTESIAN_POINT ( 'NONE',  ( 69.14213562373099364, 82.29999999999999716, -68.20936807555891335 ) ) ;
#2737 = DIRECTION ( 'NONE',  ( 0.000000000000000000, 0.000000000000000000, 1.000000000000000000 ) ) ;
#2738 = ORIENTED_EDGE ( 'NONE', *, *, #1271, .F. ) ;
#2739 = DIRECTION ( 'NONE',  ( -0.000000000000000000, -1.000000000000000000, -0.000000000000000000 ) ) ;
#2740 = CIRCLE ( 'NONE', #584, 5.049999999999998934 ) ;
#2741 = EDGE_CURVE ( 'NONE', #3376, #717, #1394, .T. ) ;
#2742 = FACE_OUTER_BOUND ( 'NONE', #503, .T. ) ;
#2743 = CIRCLE ( 'NONE', #2336, 2.000000000000000000 ) ;
#2744 = FACE_OUTER_BOUND ( 'NONE', #621, .T. ) ;
#2745 = CIRCLE ( 'NONE', #3139, 5.999999999999979572 ) ;
#2746 = ORIENTED_EDGE ( 'NONE', *, *, #3351, .F. ) ;
#2747 = DIRECTION ( 'NONE',  ( 0.000000000000000000, 0.000000000000000000, -1.000000000000000000 ) ) ;
#2748 = CARTESIAN_POINT ( 'NONE',  ( -6.434671708797504053, 10.00000000000000000, -14.91995308303618550 ) ) ;
#2749 = DIRECTION ( 'NONE',  ( -0.000000000000000000, -1.000000000000000000, -0.000000000000000000 ) ) ;
#2750 = VERTEX_POINT ( 'NONE', #4303 ) ;
#2751 = CARTESIAN_POINT ( 'NONE',  ( -40.85786437626902057, 0.000000000000000000, -39.92509682809703975 ) ) ;
#2752 = DIRECTION ( 'NONE',  ( 0.000000000000000000, -1.000000000000000000, 0.000000000000000000 ) ) ;
#2753 = ORIENTED_EDGE ( 'NONE', *, *, #1933, .T. ) ;
#2754 = DIRECTION ( 'NONE',  ( 0.000000000000000000, 0.000000000000000000, 1.000000000000000000 ) ) ;
#2755 = ORIENTED_EDGE ( 'NONE', *, *, #342, .T. ) ;
#2756 = DIRECTION ( 'NONE',  ( 0.000000000000000000, 0.000000000000000000, -1.000000000000000000 ) ) ;
#2757 = CARTESIAN_POINT ( 'NONE',  ( -55.00000000000001421, 4.000000000000000000, -72.06723245182799076 ) ) ;
#2758 = ORIENTED_EDGE ( 'NONE', *, *, #4007, .F. ) ;
#2759 = CARTESIAN_POINT ( 'NONE',  ( -30.00000000000000000, 15.00000000000000000, -71.01723245182800781 ) ) ;
#2760 = CARTESIAN_POINT ( 'NONE',  ( 95.00000000000024158, 4.000000000000000000, -32.46723245182731432 ) ) ;
#2761 = EDGE_CURVE ( 'NONE', #4894, #3602, #4283, .T. ) ;
#2762 = ORIENTED_EDGE ( 'NONE', *, *, #1757, .F. ) ;
#2763 = CARTESIAN_POINT ( 'NONE',  ( -69.14213562373099364, 15.00000000000000000, -68.20936807555891335 ) ) ;
#2764 = CIRCLE ( 'NONE', #1474, 2.000000000000000000 ) ;
#2765 = AXIS2_PLACEMENT_3D ( 'NONE', #1620, #3146, #4679 ) ;
#2766 = DIRECTION ( 'NONE',  ( -0.000000000000000000, -1.000000000000000000, -0.000000000000000000 ) ) ;
#2767 = AXIS2_PLACEMENT_3D ( 'NONE', #3672, #4078, #654 ) ;
#2768 = CIRCLE ( 'NONE', #2044, 2.000000000000001776 ) ;
#2769 = CYLINDRICAL_SURFACE ( 'NONE', #828, 1.700000000000000178 ) ;
#2770 = EDGE_CURVE ( 'NONE', #2614, #4853, #481, .T. ) ;
#2771 = VERTEX_POINT ( 'NONE', #3918 ) ;
#2772 = CIRCLE ( 'NONE', #4695, 2.849999999999991651 ) ;
#2773 = DIRECTION ( 'NONE',  ( -0.000000000000000000, -1.000000000000000000, -0.000000000000000000 ) ) ;
#2774 = DIRECTION ( 'NONE',  ( 0.000000000000000000, 0.000000000000000000, -1.000000000000000000 ) ) ;
#2775 = DIRECTION ( 'NONE',  ( 0.000000000000000000, 0.000000000000000000, -1.000000000000000000 ) ) ;
#2776 = VERTEX_POINT ( 'NONE', #4652 ) ;
#2777 = DIRECTION ( 'NONE',  ( -0.000000000000000000, -1.000000000000000000, -0.000000000000000000 ) ) ;
#2778 = DIRECTION ( 'NONE',  ( -0.000000000000000000, -1.000000000000000000, -0.000000000000000000 ) ) ;
#2779 = ORIENTED_EDGE ( 'NONE', *, *, #2909, .T. ) ;
#2780 = CYLINDRICAL_SURFACE ( 'NONE', #662, 2.000000000000001776 ) ;
#2781 = EDGE_LOOP ( 'NONE', ( #2288, #406 ) ) ;
#2782 = CARTESIAN_POINT ( 'NONE',  ( -10.67731239591681103, 9.999999999999994671, 10.67731239591692116 ) ) ;
#2783 = CARTESIAN_POINT ( 'NONE',  ( 1.491862189340054101E-13, 10.00000000000000000, -1.517883041479706208E-13 ) ) ;
#2784 = ORIENTED_EDGE ( 'NONE', *, *, #2326, .F. ) ;
#2785 = DIRECTION ( 'NONE',  ( 0.000000000000000000, 0.000000000000000000, 1.000000000000000000 ) ) ;
#2786 = ADVANCED_FACE ( 'NONE', ( #2823 ), #131, .F. ) ;
#2787 = DIRECTION ( 'NONE',  ( 0.000000000000000000, 0.000000000000000000, 1.000000000000000000 ) ) ;
#2788 = CARTESIAN_POINT ( 'NONE',  ( -10.67731239591681103, 82.29999999999999716, 10.67731239591692116 ) ) ;
#2789 = EDGE_CURVE ( 'NONE', #851, #822, #4353, .T. ) ;
#2790 = CIRCLE ( 'NONE', #632, 2.849999999999998312 ) ;
#2791 = DIRECTION ( 'NONE',  ( 0.000000000000000000, 0.000000000000000000, 1.000000000000000000 ) ) ;
#2792 = AXIS2_PLACEMENT_3D ( 'NONE', #3844, #2272, #434 ) ;
#2793 = DIRECTION ( 'NONE',  ( 0.000000000000000000, 0.000000000000000000, 1.000000000000000000 ) ) ;
#2794 = ORIENTED_EDGE ( 'NONE', *, *, #1637, .T. ) ;
#2795 = EDGE_CURVE ( 'NONE', #1355, #3893, #3077, .T. ) ;
#2796 = CARTESIAN_POINT ( 'NONE',  ( -55.00000000000000711, 82.29999999999999716, -54.06723245182796234 ) ) ;
#2797 = FACE_BOUND ( 'NONE', #1734, .T. ) ;
#2798 = CIRCLE ( 'NONE', #3826, 9.999999999999994671 ) ;
#2799 = CARTESIAN_POINT ( 'NONE',  ( 72.73777569617556082, 15.00000000000000000, -9.067232451827964113 ) ) ;
#2800 = LINE ( 'NONE', #2046, #685 ) ;
#2801 = ORIENTED_EDGE ( 'NONE', *, *, #1490, .F. ) ;
#2802 = DIRECTION ( 'NONE',  ( 0.000000000000000000, 0.000000000000000000, 1.000000000000000000 ) ) ;
#2803 = ORIENTED_EDGE ( 'NONE', *, *, #4598, .T. ) ;
#2804 = CYLINDRICAL_SURFACE ( 'NONE', #3876, 1.599999999999997202 ) ;
#2805 = ADVANCED_FACE ( 'NONE', ( #3121 ), #1248, .F. ) ;
#2806 = DIRECTION ( 'NONE',  ( -0.000000000000000000, -1.000000000000000000, -0.000000000000000000 ) ) ;
#2807 = ORIENTED_EDGE ( 'NONE', *, *, #241, .F. ) ;
#2808 = DIRECTION ( 'NONE',  ( 0.000000000000000000, -1.000000000000000000, 0.000000000000000000 ) ) ;
#2809 = DIRECTION ( 'NONE',  ( 0.000000000000000000, -1.000000000000000000, 0.000000000000000000 ) ) ;
#2810 = CARTESIAN_POINT ( 'NONE',  ( 6.434671708797401024, 0.000000000000000000, 14.91995308303618550 ) ) ;
#2811 = ORIENTED_EDGE ( 'NONE', *, *, #1714, .T. ) ;
#2812 = CARTESIAN_POINT ( 'NONE',  ( 55.00000000000049738, 0.000000000000000000, -70.46723245182754169 ) ) ;
#2813 = AXIS2_PLACEMENT_3D ( 'NONE', #4580, #747, #2294 ) ;
#2814 = EDGE_CURVE ( 'NONE', #3352, #3500, #454, .T. ) ;
#2815 = CARTESIAN_POINT ( 'NONE',  ( -30.00000000000000000, 8.900000000000000355, 10.93276754817198970 ) ) ;
#2816 = AXIS2_PLACEMENT_3D ( 'NONE', #2259, #3782, #372 ) ;
#2817 = ORIENTED_EDGE ( 'NONE', *, *, #2606, .T. ) ;
#2818 = DIRECTION ( 'NONE',  ( 0.000000000000000000, -1.000000000000000000, 0.000000000000000000 ) ) ;
#2819 = DIRECTION ( 'NONE',  ( 0.000000000000000000, 0.000000000000000000, -1.000000000000000000 ) ) ;
#2820 = AXIS2_PLACEMENT_3D ( 'NONE', #4800, #1739, #4479 ) ;
#2821 = EDGE_CURVE ( 'NONE', #2985, #1273, #2070, .T. ) ;
#2822 = CYLINDRICAL_SURFACE ( 'NONE', #2466, 2.000000000000001776 ) ;
#2823 = FACE_OUTER_BOUND ( 'NONE', #4412, .T. ) ;
#2824 = ORIENTED_EDGE ( 'NONE', *, *, #702, .F. ) ;
#2825 = DIRECTION ( 'NONE',  ( 0.000000000000000000, 1.000000000000000000, 0.000000000000000000 ) ) ;
#2826 = EDGE_LOOP ( 'NONE', ( #1621, #4095, #4421, #3450 ) ) ;
#2827 = CIRCLE ( 'NONE', #1062, 2.000000000000001776 ) ;
#2828 = CIRCLE ( 'NONE', #2662, 5.999999999999979572 ) ;
#2829 = DIRECTION ( 'NONE',  ( 0.000000000000000000, -1.000000000000000000, 0.000000000000000000 ) ) ;
#2830 = CARTESIAN_POINT ( 'NONE',  ( 106.0000000000005116, 6.000000000000000000, -72.06723245182732285 ) ) ;
#2831 = ORIENTED_EDGE ( 'NONE', *, *, #3388, .F. ) ;
#2832 = DIRECTION ( 'NONE',  ( 0.000000000000000000, -1.000000000000000000, 0.000000000000000000 ) ) ;
#2833 = EDGE_CURVE ( 'NONE', #916, #4025, #2800, .T. ) ;
#2834 = DIRECTION ( 'NONE',  ( 0.000000000000000000, 1.000000000000000000, 0.000000000000000000 ) ) ;
#2835 = CARTESIAN_POINT ( 'NONE',  ( -106.0000000000000142, 6.000000000000000000, -74.06723245182799076 ) ) ;
#2836 = ADVANCED_FACE ( 'NONE', ( #2253 ), #279, .F. ) ;
#2837 = CIRCLE ( 'NONE', #3705, 3.000000000000002665 ) ;
#2838 = CARTESIAN_POINT ( 'NONE',  ( 95.00000000000024158, 0.000000000000000000, -34.06723245182732285 ) ) ;
#2839 = AXIS2_PLACEMENT_3D ( 'NONE', #914, #520, #2791 ) ;
#2840 = AXIS2_PLACEMENT_3D ( 'NONE', #4249, #2752, #2725 ) ;
#2841 = DIRECTION ( 'NONE',  ( 0.000000000000000000, 0.000000000000000000, 1.000000000000000000 ) ) ;
#2842 = ORIENTED_EDGE ( 'NONE', *, *, #3694, .T. ) ;
#2843 = ADVANCED_FACE ( 'NONE', ( #2093, #1412 ), #4776, .T. ) ;
#2844 = FACE_BOUND ( 'NONE', #4228, .T. ) ;
#2845 = ORIENTED_EDGE ( 'NONE', *, *, #1634, .T. ) ;
#2846 = DIRECTION ( 'NONE',  ( -0.7071067811865439090, -0.000000000000000000, 0.7071067811865512365 ) ) ;
#2847 = DIRECTION ( 'NONE',  ( -0.000000000000000000, -1.000000000000000000, -0.000000000000000000 ) ) ;
#2848 = VERTEX_POINT ( 'NONE', #966 ) ;
#2849 = CARTESIAN_POINT ( 'NONE',  ( -40.85786437626902057, 6.000000000000000000, -39.92509682809703975 ) ) ;
#2850 = AXIS2_PLACEMENT_3D ( 'NONE', #3491, #4246, #919 ) ;
#2851 = ORIENTED_EDGE ( 'NONE', *, *, #2238, .F. ) ;
#2852 = EDGE_CURVE ( 'NONE', #797, #4307, #3786, .T. ) ;
#2853 = DIRECTION ( 'NONE',  ( -0.000000000000000000, -1.000000000000000000, -0.000000000000000000 ) ) ;
#2854 = FACE_OUTER_BOUND ( 'NONE', #1935, .T. ) ;
#2855 = ORIENTED_EDGE ( 'NONE', *, *, #4220, .T. ) ;
#2856 = CARTESIAN_POINT ( 'NONE',  ( 9.987638511313818412, 9.999999999999994671, -1.502357137075302829 ) ) ;
#2857 = CARTESIAN_POINT ( 'NONE',  ( 69.14213562373146260, 6.000000000000000000, -68.20936807555847281 ) ) ;
#2858 = EDGE_CURVE ( 'NONE', #822, #2903, #3471, .T. ) ;
#2859 = DIRECTION ( 'NONE',  ( -0.000000000000000000, -1.000000000000000000, -0.000000000000000000 ) ) ;
#2860 = ORIENTED_EDGE ( 'NONE', *, *, #1603, .T. ) ;
#2861 = FACE_OUTER_BOUND ( 'NONE', #1925, .T. ) ;
#2862 = PLANE ( 'NONE',  #2439 ) ;
#2863 = ORIENTED_EDGE ( 'NONE', *, *, #4502, .F. ) ;
#2864 = CIRCLE ( 'NONE', #4789, 5.049999999999998934 ) ;
#2865 = CARTESIAN_POINT ( 'NONE',  ( 54.99999999999998579, 15.00000000000000000, -84.06723245182799076 ) ) ;
#2866 = DIRECTION ( 'NONE',  ( 0.000000000000000000, 0.000000000000000000, 1.000000000000000000 ) ) ;
#2867 = CARTESIAN_POINT ( 'NONE',  ( 44.00000000000049738, 0.000000000000000000, -76.06723245182776338 ) ) ;
#2868 = EDGE_CURVE ( 'NONE', #2138, #669, #1693, .T. ) ;
#2869 = ORIENTED_EDGE ( 'NONE', *, *, #45, .T. ) ;
#2870 = CARTESIAN_POINT ( 'NONE',  ( 106.0000000000005116, 0.000000000000000000, -74.06723245182732285 ) ) ;
#2871 = VERTEX_POINT ( 'NONE', #2867 ) ;
#2872 = CARTESIAN_POINT ( 'NONE',  ( 44.00000000000022027, 6.000000000000000000, -32.06723245182776338 ) ) ;
#2873 = LINE ( 'NONE', #4430, #4555 ) ;
#2874 = EDGE_LOOP ( 'NONE', ( #94, #3098, #314, #3247 ) ) ;
#2875 = DIRECTION ( 'NONE',  ( -0.7071067811865462405, 0.000000000000000000, 0.7071067811865489050 ) ) ;
#2876 = EDGE_CURVE ( 'NONE', #4547, #70, #181, .T. ) ;
#2877 = CARTESIAN_POINT ( 'NONE',  ( 40.85786437626929057, 6.000000000000000000, -39.92509682809681948 ) ) ;
#2878 = ORIENTED_EDGE ( 'NONE', *, *, #3245, .T. ) ;
#2879 = FACE_OUTER_BOUND ( 'NONE', #373, .T. ) ;
#2880 = EDGE_CURVE ( 'NONE', #1827, #1187, #4016, .T. ) ;
#2881 = ORIENTED_EDGE ( 'NONE', *, *, #2821, .F. ) ;
#2882 = EDGE_LOOP ( 'NONE', ( #4613, #706 ) ) ;
#2883 = DIRECTION ( 'NONE',  ( -0.000000000000000000, -1.000000000000000000, -0.000000000000000000 ) ) ;
#2884 = CARTESIAN_POINT ( 'NONE',  ( -40.85786437626900636, 6.000000000000000000, -71.05936807555890766 ) ) ;
#2885 = ADVANCED_FACE ( 'NONE', ( #4452 ), #2543, .F. ) ;
#2886 = ORIENTED_EDGE ( 'NONE', *, *, #148, .F. ) ;
#2887 = EDGE_CURVE ( 'NONE', #4521, #4273, #2140, .T. ) ;
#2888 = DIRECTION ( 'NONE',  ( 0.000000000000000000, -1.000000000000000000, 0.000000000000000000 ) ) ;
#2889 = ORIENTED_EDGE ( 'NONE', *, *, #4476, .T. ) ;
#2890 = CARTESIAN_POINT ( 'NONE',  ( -95.00000000000001421, 4.000000000000000000, -34.06723245182799076 ) ) ;
#2891 = DIRECTION ( 'NONE',  ( 0.000000000000000000, 0.000000000000000000, 1.000000000000000000 ) ) ;
#2892 = AXIS2_PLACEMENT_3D ( 'NONE', #1492, #58, #4553 ) ;
#2893 = ORIENTED_EDGE ( 'NONE', *, *, #2057, .F. ) ;
#2894 = CYLINDRICAL_SURFACE ( 'NONE', #4582, 5.049999999999998934 ) ;
#2895 = ORIENTED_EDGE ( 'NONE', *, *, #1800, .F. ) ;
#2896 = AXIS2_PLACEMENT_3D ( 'NONE', #3356, #4900, #1458 ) ;
#2897 = DIRECTION ( 'NONE',  ( -0.000000000000000000, -1.000000000000000000, -0.000000000000000000 ) ) ;
#2898 = DIRECTION ( 'NONE',  ( 0.000000000000000000, 0.000000000000000000, -1.000000000000000000 ) ) ;
#2899 = EDGE_LOOP ( 'NONE', ( #2529, #3743, #1103, #7 ) ) ;
#2900 = CARTESIAN_POINT ( 'NONE',  ( -55.00000000000000711, 15.00000000000000000, -84.06723245182799076 ) ) ;
#2901 = AXIS2_PLACEMENT_3D ( 'NONE', #3813, #3759, #3044 ) ;
#2902 = CARTESIAN_POINT ( 'NONE',  ( -10.67731239591680925, 0.000000000000000000, -16.67731239591691761 ) ) ;
#2903 = VERTEX_POINT ( 'NONE', #1762 ) ;
#2904 = CARTESIAN_POINT ( 'NONE',  ( 30.00000000000000000, 82.29999999999999716, 13.93276754817199148 ) ) ;
#2905 = VERTEX_POINT ( 'NONE', #4824 ) ;
#2906 = ORIENTED_EDGE ( 'NONE', *, *, #3193, .F. ) ;
#2907 = DIRECTION ( 'NONE',  ( 0.000000000000000000, -1.000000000000000000, 0.000000000000000000 ) ) ;
#2908 = CARTESIAN_POINT ( 'NONE',  ( -110.0000000000000142, 15.00000000000000000, -74.06723245182797655 ) ) ;
#2909 = EDGE_CURVE ( 'NONE', #3457, #1517, #2440, .T. ) ;
#2910 = LINE ( 'NONE', #4031, #212 ) ;
#2911 = ORIENTED_EDGE ( 'NONE', *, *, #2333, .T. ) ;
#2912 = FACE_BOUND ( 'NONE', #76, .T. ) ;
#2913 = CIRCLE ( 'NONE', #4116, 2.000000000000001776 ) ;
#2914 = AXIS2_PLACEMENT_3D ( 'NONE', #945, #1382, #4068 ) ;
#2915 = CARTESIAN_POINT ( 'NONE',  ( 14.91995308303607182, 0.000000000000000000, 6.434671708797656819 ) ) ;
#2916 = EDGE_CURVE ( 'NONE', #4612, #4856, #1716, .T. ) ;
#2917 = DIRECTION ( 'NONE',  ( -0.000000000000000000, 1.000000000000000000, -0.000000000000000000 ) ) ;
#2918 = ORIENTED_EDGE ( 'NONE', *, *, #257, .F. ) ;
#2919 = DIRECTION ( 'NONE',  ( 0.000000000000000000, -1.000000000000000000, 0.000000000000000000 ) ) ;
#2920 = ORIENTED_EDGE ( 'NONE', *, *, #3055, .T. ) ;
#2921 = AXIS2_PLACEMENT_3D ( 'NONE', #3074, #3101, #62 ) ;
#2922 = CIRCLE ( 'NONE', #1647, 2.000000000000000000 ) ;
#2923 = DIRECTION ( 'NONE',  ( 0.000000000000000000, 0.000000000000000000, -1.000000000000000000 ) ) ;
#2924 = AXIS2_PLACEMENT_3D ( 'NONE', #1118, #4193, #2239 ) ;
#2925 = DIRECTION ( 'NONE',  ( 0.7071067811865439090, 0.000000000000000000, 0.7071067811865512365 ) ) ;
#2926 = VECTOR ( 'NONE', #4054, 1000.000000000000000 ) ;
#2927 = ORIENTED_EDGE ( 'NONE', *, *, #2296, .F. ) ;
#2928 = CARTESIAN_POINT ( 'NONE',  ( -44.00000000000000000, 0.000000000000000000, -32.06723245182798365 ) ) ;
#2929 = AXIS2_PLACEMENT_3D ( 'NONE', #4326, #4648, #1646 ) ;
#2930 = LINE ( 'NONE', #4487, #2444 ) ;
#2931 = ORIENTED_EDGE ( 'NONE', *, *, #2577, .F. ) ;
#2932 = CARTESIAN_POINT ( 'NONE',  ( -40.85786437626900636, 82.29999999999999716, -66.50936807555891050 ) ) ;
#2933 = ADVANCED_FACE ( 'NONE', ( #4753 ), #3262, .F. ) ;
#2934 = ORIENTED_EDGE ( 'NONE', *, *, #271, .T. ) ;
#2935 = EDGE_LOOP ( 'NONE', ( #1846, #1029 ) ) ;
#2936 = DIRECTION ( 'NONE',  ( 0.000000000000000000, -1.000000000000000000, 0.000000000000000000 ) ) ;
#2937 = CARTESIAN_POINT ( 'NONE',  ( -69.14213562373099364, 6.000000000000000000, -68.20936807555891335 ) ) ;
#2938 = FACE_BOUND ( 'NONE', #3168, .T. ) ;
#2939 = EDGE_CURVE ( 'NONE', #2286, #2493, #1721, .T. ) ;
#2940 = EDGE_LOOP ( 'NONE', ( #2348, #1078, #4053, #877 ) ) ;
#2941 = FACE_BOUND ( 'NONE', #1155, .T. ) ;
#2942 = DIRECTION ( 'NONE',  ( -0.000000000000000000, -1.000000000000000000, -0.000000000000000000 ) ) ;
#2943 = CARTESIAN_POINT ( 'NONE',  ( 95.00000000000051159, 4.000000000000000000, -72.06723245182732285 ) ) ;
#2944 = ORIENTED_EDGE ( 'NONE', *, *, #4745, .F. ) ;
#2945 = CARTESIAN_POINT ( 'NONE',  ( -95.00000000000001421, 4.000000000000000000, -72.06723245182799076 ) ) ;
#2946 = EDGE_CURVE ( 'NONE', #1355, #251, #3684, .T. ) ;
#2947 = VECTOR ( 'NONE', #1043, 1000.000000000000114 ) ;
#2948 = ORIENTED_EDGE ( 'NONE', *, *, #873, .F. ) ;
#2949 = DIRECTION ( 'NONE',  ( 0.000000000000000000, 0.000000000000000000, -1.000000000000000000 ) ) ;
#2950 = DIRECTION ( 'NONE',  ( 0.000000000000000000, -1.000000000000000000, 0.000000000000000000 ) ) ;
#2951 = ORIENTED_EDGE ( 'NONE', *, *, #3010, .F. ) ;
#2952 = PLANE ( 'NONE',  #4362 ) ;
#2953 = AXIS2_PLACEMENT_3D ( 'NONE', #4735, #3522, #139 ) ;
#2954 = EDGE_CURVE ( 'NONE', #1875, #4791, #2999, .T. ) ;
#2955 = DIRECTION ( 'NONE',  ( 0.000000000000000000, -1.000000000000000000, 0.000000000000000000 ) ) ;
#2956 = CIRCLE ( 'NONE', #3906, 1.700000000000000178 ) ;
#2957 = ORIENTED_EDGE ( 'NONE', *, *, #3453, .T. ) ;
#2958 = AXIS2_PLACEMENT_3D ( 'NONE', #3334, #1587, #523 ) ;
#2959 = FACE_OUTER_BOUND ( 'NONE', #4464, .T. ) ;
#2960 = VERTEX_POINT ( 'NONE', #989 ) ;
#2961 = CARTESIAN_POINT ( 'NONE',  ( 55.00000000000023448, 4.000000000000000000, -35.66723245182753743 ) ) ;
#2962 = CARTESIAN_POINT ( 'NONE',  ( -30.00000000000000000, 8.900000000000005684, 10.93276754817198970 ) ) ;
#2963 = CARTESIAN_POINT ( 'NONE',  ( -110.0000000000000000, 15.00000000000000000, -29.06723245182796234 ) ) ;
#2964 = ORIENTED_EDGE ( 'NONE', *, *, #3421, .F. ) ;
#2965 = LINE ( 'NONE', #4519, #452 ) ;
#2966 = EDGE_CURVE ( 'NONE', #2207, #3831, #2633, .T. ) ;
#2967 = CYLINDRICAL_SURFACE ( 'NONE', #2958, 2.850000000000005418 ) ;
#2968 = AXIS2_PLACEMENT_3D ( 'NONE', #2962, #1829, #2250 ) ;
#2969 = ORIENTED_EDGE ( 'NONE', *, *, #726, .T. ) ;
#2970 = CARTESIAN_POINT ( 'NONE',  ( -10.67731239591681103, 82.29999999999999716, -10.67731239591692294 ) ) ;
#2971 = EDGE_LOOP ( 'NONE', ( #1642, #4360, #3822, #3916 ) ) ;
#2972 = DIRECTION ( 'NONE',  ( 0.000000000000000000, 0.000000000000000000, -1.000000000000000000 ) ) ;
#2973 = ADVANCED_FACE ( 'NONE', ( #4377 ), #2470, .F. ) ;
#2974 = DIRECTION ( 'NONE',  ( 0.7071067811865439090, 0.000000000000000000, -0.7071067811865512365 ) ) ;
#2975 = CARTESIAN_POINT ( 'NONE',  ( -30.00000000000000000, 8.900000000000005684, -73.06723245182800497 ) ) ;
#2976 = ORIENTED_EDGE ( 'NONE', *, *, #2586, .T. ) ;
#2977 = DIRECTION ( 'NONE',  ( 0.000000000000000000, -1.000000000000000000, 0.000000000000000000 ) ) ;
#2978 = CIRCLE ( 'NONE', #4819, 2.000000000000001776 ) ;
#2979 = CARTESIAN_POINT ( 'NONE',  ( 69.14213562373099364, 15.00000000000000000, -39.92509682809703975 ) ) ;
#2980 = EDGE_LOOP ( 'NONE', ( #3519, #2163, #3007, #24 ) ) ;
#2981 = AXIS2_PLACEMENT_3D ( 'NONE', #402, #1941, #1120 ) ;
#2982 = PLANE ( 'NONE',  #1560 ) ;
#2983 = EDGE_CURVE ( 'NONE', #2658, #839, #3805, .T. ) ;
#2984 = AXIS2_PLACEMENT_3D ( 'NONE', #837, #1579, #391 ) ;
#2985 = VERTEX_POINT ( 'NONE', #4642 ) ;
#2986 = DIRECTION ( 'NONE',  ( 0.000000000000000000, 0.000000000000000000, -1.000000000000000000 ) ) ;
#2987 = FACE_OUTER_BOUND ( 'NONE', #4022, .T. ) ;
#2988 = VERTEX_POINT ( 'NONE', #1184 ) ;
#2989 = FACE_OUTER_BOUND ( 'NONE', #2701, .T. ) ;
#2990 = ORIENTED_EDGE ( 'NONE', *, *, #1460, .T. ) ;
#2991 = CARTESIAN_POINT ( 'NONE',  ( -55.00000000000001421, 4.000000000000000000, -73.66723245182798507 ) ) ;
#2992 = ORIENTED_EDGE ( 'NONE', *, *, #3981, .F. ) ;
#2993 = CIRCLE ( 'NONE', #4279, 2.000000000000003553 ) ;
#2994 = DIRECTION ( 'NONE',  ( 0.000000000000000000, 0.000000000000000000, 1.000000000000000000 ) ) ;
#2995 = DIRECTION ( 'NONE',  ( -0.000000000000000000, 1.000000000000000000, -0.000000000000000000 ) ) ;
#2996 = VERTEX_POINT ( 'NONE', #811 ) ;
#2997 = FACE_OUTER_BOUND ( 'NONE', #4937, .T. ) ;
#2998 = VECTOR ( 'NONE', #1356, 1000.000000000000000 ) ;
#2999 = CIRCLE ( 'NONE', #2679, 1.600000000000004086 ) ;
#3000 = EDGE_CURVE ( 'NONE', #980, #1413, #3636, .T. ) ;
#3001 = FACE_OUTER_BOUND ( 'NONE', #61, .T. ) ;
#3002 = CIRCLE ( 'NONE', #853, 2.000000000000001776 ) ;
#3003 = AXIS2_PLACEMENT_3D ( 'NONE', #44, #2739, #4265 ) ;
#3004 = LINE ( 'NONE', #356, #1506 ) ;
#3005 = CARTESIAN_POINT ( 'NONE',  ( -69.14213562373099364, 0.000000000000000000, -68.20936807555891335 ) ) ;
#3006 = CIRCLE ( 'NONE', #857, 1.600000000000004086 ) ;
#3007 = ORIENTED_EDGE ( 'NONE', *, *, #3298, .T. ) ;
#3008 = CARTESIAN_POINT ( 'NONE',  ( 10.67731239591673464, 82.29999999999999716, 8.677312395916917609 ) ) ;
#3009 = CARTESIAN_POINT ( 'NONE',  ( -55.00000000000001421, 0.000000000000000000, -34.06723245182799076 ) ) ;
#3010 = EDGE_CURVE ( 'NONE', #1517, #3457, #2768, .T. ) ;
#3011 = ORIENTED_EDGE ( 'NONE', *, *, #4879, .F. ) ;
#3012 = CARTESIAN_POINT ( 'NONE',  ( 110.0000000000000142, 15.00000000000000000, -74.06723245182797655 ) ) ;
#3013 = ORIENTED_EDGE ( 'NONE', *, *, #1521, .T. ) ;
#3014 = LINE ( 'NONE', #738, #29 ) ;
#3015 = ORIENTED_EDGE ( 'NONE', *, *, #1271, .T. ) ;
#3016 = CARTESIAN_POINT ( 'NONE',  ( -100.0000000000000142, 15.00000000000000000, -19.06723245182795878 ) ) ;
#3017 = DIRECTION ( 'NONE',  ( 0.000000000000000000, 0.000000000000000000, 1.000000000000000000 ) ) ;
#3018 = DIRECTION ( 'NONE',  ( 0.000000000000000000, 1.000000000000000000, 0.000000000000000000 ) ) ;
#3019 = CIRCLE ( 'NONE', #1500, 10.09999999999999076 ) ;
#3020 = ORIENTED_EDGE ( 'NONE', *, *, #3039, .F. ) ;
#3021 = DIRECTION ( 'NONE',  ( -0.000000000000000000, -1.000000000000000000, -0.000000000000000000 ) ) ;
#3022 = VERTEX_POINT ( 'NONE', #3777 ) ;
#3023 = DIRECTION ( 'NONE',  ( 0.000000000000000000, 0.000000000000000000, -1.000000000000000000 ) ) ;
#3024 = ADVANCED_FACE ( 'NONE', ( #1210 ), #1902, .F. ) ;
#3025 = DIRECTION ( 'NONE',  ( -3.083952846180989787E-16, 0.000000000000000000, 1.000000000000000000 ) ) ;
#3026 = ORIENTED_EDGE ( 'NONE', *, *, #300, .F. ) ;
#3027 = CARTESIAN_POINT ( 'NONE',  ( 54.99999999999998579, 15.00000000000000000, -54.06723245182797655 ) ) ;
#3028 = EDGE_LOOP ( 'NONE', ( #1629, #2992 ) ) ;
#3029 = LINE ( 'NONE', #4181, #3850 ) ;
#3030 = CIRCLE ( 'NONE', #3424, 2.850000000000005418 ) ;
#3031 = VECTOR ( 'NONE', #3141, 1000.000000000000000 ) ;
#3032 = EDGE_CURVE ( 'NONE', #3586, #665, #4525, .T. ) ;
#3033 = ORIENTED_EDGE ( 'NONE', *, *, #2939, .T. ) ;
#3034 = FACE_OUTER_BOUND ( 'NONE', #647, .T. ) ;
#3035 = ORIENTED_EDGE ( 'NONE', *, *, #4680, .T. ) ;
#3036 = DIRECTION ( 'NONE',  ( -0.000000000000000000, -1.000000000000000000, -0.000000000000000000 ) ) ;
#3037 = ORIENTED_EDGE ( 'NONE', *, *, #4211, .F. ) ;
#3038 = CARTESIAN_POINT ( 'NONE',  ( 95.00000000000051159, 4.000000000000000000, -72.06723245182732285 ) ) ;
#3039 = EDGE_CURVE ( 'NONE', #618, #1505, #1164, .T. ) ;
#3040 = EDGE_LOOP ( 'NONE', ( #3173, #2051 ) ) ;
#3041 = FACE_BOUND ( 'NONE', #3095, .T. ) ;
#3042 = AXIS2_PLACEMENT_3D ( 'NONE', #3678, #1851, #2562 ) ;
#3043 = CYLINDRICAL_SURFACE ( 'NONE', #2071, 6.000000000000021316 ) ;
#3044 = DIRECTION ( 'NONE',  ( 0.000000000000000000, 0.000000000000000000, 1.000000000000000000 ) ) ;
#3045 = ORIENTED_EDGE ( 'NONE', *, *, #500, .T. ) ;
#3046 = PLANE ( 'NONE',  #2813 ) ;
#3047 = EDGE_LOOP ( 'NONE', ( #2149, #2483, #4639, #4859 ) ) ;
#3048 = EDGE_CURVE ( 'NONE', #4045, #825, #3059, .T. ) ;
#3049 = FACE_OUTER_BOUND ( 'NONE', #4499, .T. ) ;
#3050 = CARTESIAN_POINT ( 'NONE',  ( 69.14213562373126365, 6.000000000000000000, -42.77509682809658642 ) ) ;
#3051 = ORIENTED_EDGE ( 'NONE', *, *, #3155, .T. ) ;
#3052 = CARTESIAN_POINT ( 'NONE',  ( 0.000000000000000000, -10.71118318204307407, 0.000000000000000000 ) ) ;
#3053 = AXIS2_PLACEMENT_3D ( 'NONE', #530, #1225, #1974 ) ;
#3054 = EDGE_LOOP ( 'NONE', ( #2934, #1982, #1841, #2567 ) ) ;
#3055 = EDGE_CURVE ( 'NONE', #4944, #4480, #1960, .T. ) ;
#3056 = CARTESIAN_POINT ( 'NONE',  ( -1.502357137075205129, 10.00000000000000000, 9.987638511313830847 ) ) ;
#3057 =( NAMED_UNIT ( * ) PLANE_ANGLE_UNIT ( ) SI_UNIT ( $, .RADIAN. ) );
#3058 = CIRCLE ( 'NONE', #1927, 3.000000000000000888 ) ;
#3059 = LINE ( 'NONE', #4593, #4038 ) ;
#3060 = VECTOR ( 'NONE', #1911, 1000.000000000000000 ) ;
#3061 = ADVANCED_FACE ( 'NONE', ( #3034 ), #2687, .F. ) ;
#3062 = CYLINDRICAL_SURFACE ( 'NONE', #3631, 3.000000000000000888 ) ;
#3063 = ORIENTED_EDGE ( 'NONE', *, *, #1430, .F. ) ;
#3064 = CARTESIAN_POINT ( 'NONE',  ( -55.00000000000001421, 4.000000000000000000, -32.46723245182798934 ) ) ;
#3065 = VERTEX_POINT ( 'NONE', #3852 ) ;
#3066 = EDGE_CURVE ( 'NONE', #4756, #2614, #854, .T. ) ;
#3067 = ORIENTED_EDGE ( 'NONE', *, *, #2876, .F. ) ;
#3068 = DIRECTION ( 'NONE',  ( 0.000000000000000000, -1.000000000000000000, 0.000000000000000000 ) ) ;
#3069 = CARTESIAN_POINT ( 'NONE',  ( 2.449293598294706119E-15, 82.29999999999999716, -20.00000000000000000 ) ) ;
#3070 = EDGE_LOOP ( 'NONE', ( #3091, #1751, #1919, #3213 ) ) ;
#3071 = DIRECTION ( 'NONE',  ( -0.000000000000000000, -1.000000000000000000, -0.000000000000000000 ) ) ;
#3072 = ORIENTED_EDGE ( 'NONE', *, *, #4887, .F. ) ;
#3073 = VECTOR ( 'NONE', #806, 1000.000000000000000 ) ;
#3074 = CARTESIAN_POINT ( 'NONE',  ( 44.00000000000049738, 6.000000000000000000, -74.06723245182776338 ) ) ;
#3075 = CIRCLE ( 'NONE', #369, 13.49999999999969980 ) ;
#3076 = DIRECTION ( 'NONE',  ( 0.000000000000000000, -1.000000000000000000, 0.000000000000000000 ) ) ;
#3077 = CIRCLE ( 'NONE', #2765, 1.600000000000004086 ) ;
#3078 = ORIENTED_EDGE ( 'NONE', *, *, #3957, .T. ) ;
#3079 = DIRECTION ( 'NONE',  ( 0.000000000000000000, -1.000000000000000000, 0.000000000000000000 ) ) ;
#3080 = ORIENTED_EDGE ( 'NONE', *, *, #617, .T. ) ;
#3081 = AXIS2_PLACEMENT_3D ( 'NONE', #11, #4557, #1520 ) ;
#3082 = DIRECTION ( 'NONE',  ( -0.7071067811865439090, 0.000000000000000000, -0.7071067811865512365 ) ) ;
#3083 = EDGE_CURVE ( 'NONE', #2905, #3105, #2279, .T. ) ;
#3084 = EDGE_LOOP ( 'NONE', ( #466, #2402 ) ) ;
#3085 = CARTESIAN_POINT ( 'NONE',  ( -30.00000000000000000, 15.00000000000000000, -76.06723245182800497 ) ) ;
#3086 = AXIS2_PLACEMENT_3D ( 'NONE', #127, #3143, #2819 ) ;
#3087 = CARTESIAN_POINT ( 'NONE',  ( -69.14213562373099364, 82.29999999999999716, -39.92509682809703264 ) ) ;
#3088 = EDGE_CURVE ( 'NONE', #1179, #3114, #2659, .T. ) ;
#3089 = EDGE_LOOP ( 'NONE', ( #4712, #2182, #107, #3109 ) ) ;
#3090 = DIRECTION ( 'NONE',  ( -0.000000000000000000, -1.000000000000000000, -0.000000000000000000 ) ) ;
#3091 = ORIENTED_EDGE ( 'NONE', *, *, #3278, .F. ) ;
#3092 = FACE_OUTER_BOUND ( 'NONE', #1907, .T. ) ;
#3093 = CARTESIAN_POINT ( 'NONE',  ( 95.00000000000051159, 4.000000000000000000, -73.66723245182733137 ) ) ;
#3094 = EDGE_CURVE ( 'NONE', #2367, #2442, #1235, .T. ) ;
#3095 = EDGE_LOOP ( 'NONE', ( #1097, #3623 ) ) ;
#3096 = DIRECTION ( 'NONE',  ( 0.000000000000000000, -1.000000000000000000, 0.000000000000000000 ) ) ;
#3097 = DIRECTION ( 'NONE',  ( 0.000000000000000000, 0.000000000000000000, -1.000000000000000000 ) ) ;
#3098 = ORIENTED_EDGE ( 'NONE', *, *, #1005, .F. ) ;
#3099 = DIRECTION ( 'NONE',  ( 0.000000000000000000, 1.000000000000000000, 0.000000000000000000 ) ) ;
#3100 = VERTEX_POINT ( 'NONE', #1580 ) ;
#3101 = DIRECTION ( 'NONE',  ( 0.000000000000000000, -1.000000000000000000, 0.000000000000000000 ) ) ;
#3102 = CARTESIAN_POINT ( 'NONE',  ( 106.0000000000002274, 0.000000000000000000, -32.06723245182732285 ) ) ;
#3103 = ORIENTED_EDGE ( 'NONE', *, *, #540, .F. ) ;
#3104 = CARTESIAN_POINT ( 'NONE',  ( 40.85786437626900636, 82.29999999999999716, -68.20936807555891335 ) ) ;
#3105 = VERTEX_POINT ( 'NONE', #3110 ) ;
#3106 = ADVANCED_FACE ( 'NONE', ( #416 ), #3451, .F. ) ;
#3107 = CIRCLE ( 'NONE', #2387, 1.700000000000000178 ) ;
#3108 = FACE_OUTER_BOUND ( 'NONE', #3047, .T. ) ;
#3109 = ORIENTED_EDGE ( 'NONE', *, *, #1994, .F. ) ;
#3110 = CARTESIAN_POINT ( 'NONE',  ( -10.67731239591681103, 82.29999999999999716, 12.67731239591692116 ) ) ;
#3111 = VECTOR ( 'NONE', #89, 1000.000000000000000 ) ;
#3112 = DIRECTION ( 'NONE',  ( 0.000000000000000000, 0.000000000000000000, -1.000000000000000000 ) ) ;
#3113 = DIRECTION ( 'NONE',  ( 0.000000000000000000, -1.000000000000000000, 0.000000000000000000 ) ) ;
#3114 = VERTEX_POINT ( 'NONE', #2359 ) ;
#3115 = CARTESIAN_POINT ( 'NONE',  ( -72.73777569617556082, 15.00000000000000000, -19.06723245182796589 ) ) ;
#3116 = DIRECTION ( 'NONE',  ( -0.000000000000000000, -1.000000000000000000, -0.000000000000000000 ) ) ;
#3117 = ADVANCED_FACE ( 'NONE', ( #840 ), #95, .F. ) ;
#3118 = FACE_OUTER_BOUND ( 'NONE', #49, .T. ) ;
#3119 = ORIENTED_EDGE ( 'NONE', *, *, #2814, .T. ) ;
#3120 = CARTESIAN_POINT ( 'NONE',  ( 1.491862189340054101E-13, 10.00000000000000000, -1.517883041479706208E-13 ) ) ;
#3121 = FACE_OUTER_BOUND ( 'NONE', #2406, .T. ) ;
#3122 = VERTEX_POINT ( 'NONE', #1684 ) ;
#3123 = CARTESIAN_POINT ( 'NONE',  ( 95.00000000000051159, 0.000000000000000000, -70.46723245182731432 ) ) ;
#3124 = ORIENTED_EDGE ( 'NONE', *, *, #1904, .T. ) ;
#3125 = ADVANCED_FACE ( 'NONE', ( #4766 ), #2460, .T. ) ;
#3126 = CARTESIAN_POINT ( 'NONE',  ( -1.502357137075205129, 0.000000000000000000, 9.987638511313830847 ) ) ;
#3127 = LINE ( 'NONE', #2054, #3589 ) ;
#3128 = VERTEX_POINT ( 'NONE', #4410 ) ;
#3129 = DIRECTION ( 'NONE',  ( 0.000000000000000000, 0.000000000000000000, 1.000000000000000000 ) ) ;
#3130 = EDGE_CURVE ( 'NONE', #962, #1187, #585, .T. ) ;
#3131 = FACE_BOUND ( 'NONE', #4101, .T. ) ;
#3132 = SHAPE_DEFINITION_REPRESENTATION ( #1393, #2655 ) ;
#3133 = EDGE_CURVE ( 'NONE', #1187, #1912, #1480, .T. ) ;
#3134 = AXIS2_PLACEMENT_3D ( 'NONE', #331, #4172, #1098 ) ;
#3135 = DIRECTION ( 'NONE',  ( -0.000000000000000000, -1.000000000000000000, -0.000000000000000000 ) ) ;
#3136 = CIRCLE ( 'NONE', #2896, 3.000000000000000888 ) ;
#3137 = CYLINDRICAL_SURFACE ( 'NONE', #761, 1.700000000000000178 ) ;
#3138 = CARTESIAN_POINT ( 'NONE',  ( -55.00000000000000711, 82.29999999999999716, -40.56723245182796234 ) ) ;
#3139 = AXIS2_PLACEMENT_3D ( 'NONE', #4616, #4237, #2787 ) ;
#3140 = ORIENTED_EDGE ( 'NONE', *, *, #2637, .T. ) ;
#3141 = DIRECTION ( 'NONE',  ( -0.000000000000000000, -1.000000000000000000, -0.000000000000000000 ) ) ;
#3142 = FACE_OUTER_BOUND ( 'NONE', #3054, .T. ) ;
#3143 = DIRECTION ( 'NONE',  ( 0.000000000000000000, -1.000000000000000000, 0.000000000000000000 ) ) ;
#3144 = EDGE_LOOP ( 'NONE', ( #1820, #3037, #1331, #4748 ) ) ;
#3145 = LINE ( 'NONE', #3862, #482 ) ;
#3146 = DIRECTION ( 'NONE',  ( 0.000000000000000000, -1.000000000000000000, 0.000000000000000000 ) ) ;
#3147 = ADVANCED_FACE ( 'NONE', ( #1663 ), #3553, .F. ) ;
#3148 = ORIENTED_EDGE ( 'NONE', *, *, #271, .F. ) ;
#3149 = CYLINDRICAL_SURFACE ( 'NONE', #736, 5.050000000000002487 ) ;
#3150 = ORIENTED_EDGE ( 'NONE', *, *, #2761, .T. ) ;
#3151 = LINE ( 'NONE', #3200, #2201 ) ;
#3152 = DIRECTION ( 'NONE',  ( 0.000000000000000000, 0.000000000000000000, -1.000000000000000000 ) ) ;
#3153 = ORIENTED_EDGE ( 'NONE', *, *, #3130, .T. ) ;
#3154 = DIRECTION ( 'NONE',  ( 0.000000000000000000, 0.000000000000000000, -1.000000000000000000 ) ) ;
#3155 = EDGE_CURVE ( 'NONE', #3197, #1702, #4287, .T. ) ;
#3156 = AXIS2_PLACEMENT_3D ( 'NONE', #3203, #2005, #3624 ) ;
#3157 = DIRECTION ( 'NONE',  ( -0.000000000000000000, -1.000000000000000000, -0.000000000000000000 ) ) ;
#3158 = AXIS2_PLACEMENT_3D ( 'NONE', #4141, #785, #1855 ) ;
#3159 = DIRECTION ( 'NONE',  ( 0.000000000000000000, -0.000000000000000000, -1.000000000000000000 ) ) ;
#3160 = EDGE_CURVE ( 'NONE', #4571, #4071, #3557, .T. ) ;
#3161 = AXIS2_PLACEMENT_3D ( 'NONE', #4511, #288, #3345 ) ;
#3162 = AXIS2_PLACEMENT_3D ( 'NONE', #1789, #201, #731 ) ;
#3163 = EDGE_CURVE ( 'NONE', #3222, #859, #2922, .T. ) ;
#3164 = PLANE ( 'NONE',  #3469 ) ;
#3165 = CIRCLE ( 'NONE', #1396, 2.000000000000000000 ) ;
#3166 = VECTOR ( 'NONE', #4436, 1000.000000000000000 ) ;
#3167 = CARTESIAN_POINT ( 'NONE',  ( 40.85786437626946821, 6.000000000000000000, -68.20936807555868597 ) ) ;
#3168 = EDGE_LOOP ( 'NONE', ( #4380, #1198 ) ) ;
#3169 = ADVANCED_FACE ( 'NONE', ( #2879 ), #3931, .F. ) ;
#3170 = CARTESIAN_POINT ( 'NONE',  ( -37.18544323025007969, 15.00000000000000000, 25.34250997375453451 ) ) ;
#3171 = CARTESIAN_POINT ( 'NONE',  ( -30.00000000000000000, 8.900000000000000355, 15.98276754817199219 ) ) ;
#3172 = DIRECTION ( 'NONE',  ( 0.000000000000000000, 0.000000000000000000, 1.000000000000000000 ) ) ;
#3173 = ORIENTED_EDGE ( 'NONE', *, *, #397, .F. ) ;
#3174 = FACE_OUTER_BOUND ( 'NONE', #4113, .T. ) ;
#3175 = CARTESIAN_POINT ( 'NONE',  ( 55.00000000000023448, 4.000000000000000000, -34.06723245182754312 ) ) ;
#3176 = EDGE_LOOP ( 'NONE', ( #1679, #85, #2779, #2452 ) ) ;
#3177 = CARTESIAN_POINT ( 'NONE',  ( 14.91995308303615886, 10.00000000000000000, -6.434671708797656819 ) ) ;
#3178 = ORIENTED_EDGE ( 'NONE', *, *, #2476, .F. ) ;
#3179 = CARTESIAN_POINT ( 'NONE',  ( 30.00000000000000000, 8.900000000000000355, 5.882767548171988103 ) ) ;
#3180 = EDGE_CURVE ( 'NONE', #2658, #3346, #612, .T. ) ;
#3181 = DIRECTION ( 'NONE',  ( 0.000000000000000000, 1.000000000000000000, 0.000000000000000000 ) ) ;
#3182 = VERTEX_POINT ( 'NONE', #1730 ) ;
#3183 = CARTESIAN_POINT ( 'NONE',  ( 40.85786437626902057, 15.00000000000000000, -41.62509682809704259 ) ) ;
#3184 = CARTESIAN_POINT ( 'NONE',  ( -69.14213562373099364, 0.000000000000000000, -68.20936807555891335 ) ) ;
#3185 = EDGE_CURVE ( 'NONE', #3893, #834, #1707, .T. ) ;
#3186 = DIRECTION ( 'NONE',  ( -0.7071067811865414665, 0.000000000000000000, -0.7071067811865536790 ) ) ;
#3187 = ADVANCED_FACE ( 'NONE', ( #938 ), #1350, .F. ) ;
#3188 = CIRCLE ( 'NONE', #3339, 3.000000000000002665 ) ;
#3189 = CYLINDRICAL_SURFACE ( 'NONE', #4600, 1.999999999999994893 ) ;
#3190 = DIRECTION ( 'NONE',  ( 0.000000000000000000, 0.000000000000000000, 1.000000000000000000 ) ) ;
#3191 = VERTEX_POINT ( 'NONE', #1329 ) ;
#3192 = CARTESIAN_POINT ( 'NONE',  ( 0.000000000000000000, 82.29999999999999716, 0.000000000000000000 ) ) ;
#3193 = EDGE_CURVE ( 'NONE', #2735, #346, #3230, .T. ) ;
#3194 = CARTESIAN_POINT ( 'NONE',  ( 0.000000000000000000, 15.00000000000000000, 0.000000000000000000 ) ) ;
#3195 = DIRECTION ( 'NONE',  ( 0.000000000000000000, -1.000000000000000000, 0.000000000000000000 ) ) ;
#3196 = CARTESIAN_POINT ( 'NONE',  ( 55.00000000000049738, 0.000000000000000000, -72.06723245182753601 ) ) ;
#3197 = VERTEX_POINT ( 'NONE', #2033 ) ;
#3198 = DIRECTION ( 'NONE',  ( 0.000000000000000000, 0.000000000000000000, 1.000000000000000000 ) ) ;
#3199 = ORIENTED_EDGE ( 'NONE', *, *, #2795, .T. ) ;
#3200 = CARTESIAN_POINT ( 'NONE',  ( 54.99999999999998579, 82.29999999999999716, -67.56723245182767812 ) ) ;
#3201 = CARTESIAN_POINT ( 'NONE',  ( 6.434671708797401024, 10.00000000000000000, 14.91995308303618550 ) ) ;
#3202 = VERTEX_POINT ( 'NONE', #4316 ) ;
#3203 = CARTESIAN_POINT ( 'NONE',  ( -106.0000000000000142, 6.000000000000000000, -32.06723245182798365 ) ) ;
#3204 = ADVANCED_FACE ( 'NONE', ( #3206 ), #891, .F. ) ;
#3205 = DIRECTION ( 'NONE',  ( 0.000000000000000000, -0.000000000000000000, 1.000000000000000000 ) ) ;
#3206 = FACE_OUTER_BOUND ( 'NONE', #198, .T. ) ;
#3207 = ADVANCED_FACE ( 'NONE', ( #4694 ), #517, .F. ) ;
#3208 = LINE ( 'NONE', #2884, #4364 ) ;
#3209 = CIRCLE ( 'NONE', #3358, 1.599999999999997202 ) ;
#3210 = DIRECTION ( 'NONE',  ( -0.000000000000000000, -1.000000000000000000, -0.000000000000000000 ) ) ;
#3211 = EDGE_CURVE ( 'NONE', #2131, #1469, #3579, .T. ) ;
#3212 = AXIS2_PLACEMENT_3D ( 'NONE', #2945, #4094, #1718 ) ;
#3213 = ORIENTED_EDGE ( 'NONE', *, *, #4386, .T. ) ;
#3214 = DIRECTION ( 'NONE',  ( 0.000000000000000000, -1.000000000000000000, 0.000000000000000000 ) ) ;
#3215 = CARTESIAN_POINT ( 'NONE',  ( 69.14213562373146260, 0.000000000000000000, -68.20936807555847281 ) ) ;
#3216 = CIRCLE ( 'NONE', #1452, 3.000000000000002665 ) ;
#3217 = CARTESIAN_POINT ( 'NONE',  ( -69.14213562373099364, 6.000000000000000000, -39.92509682809703264 ) ) ;
#3218 = CARTESIAN_POINT ( 'NONE',  ( -14.91995308303611800, 0.000000000000000000, 6.434671708797656819 ) ) ;
#3219 = AXIS2_PLACEMENT_3D ( 'NONE', #3877, #4156, #1900 ) ;
#3220 = ORIENTED_EDGE ( 'NONE', *, *, #750, .F. ) ;
#3221 = DIRECTION ( 'NONE',  ( -0.000000000000000000, 1.000000000000000000, -0.000000000000000000 ) ) ;
#3222 = VERTEX_POINT ( 'NONE', #3980 ) ;
#3223 = VECTOR ( 'NONE', #126, 1000.000000000000000 ) ;
#3224 = EDGE_CURVE ( 'NONE', #1688, #462, #335, .T. ) ;
#3225 = DIRECTION ( 'NONE',  ( 0.000000000000000000, -1.000000000000000000, 0.000000000000000000 ) ) ;
#3226 = CARTESIAN_POINT ( 'NONE',  ( -44.00000000000000000, 6.000000000000000000, -30.06723245182798365 ) ) ;
#3227 = ORIENTED_EDGE ( 'NONE', *, *, #3332, .T. ) ;
#3228 = CARTESIAN_POINT ( 'NONE',  ( 30.00000000000000000, 82.29999999999999716, -76.06723245182800497 ) ) ;
#3229 = FACE_OUTER_BOUND ( 'NONE', #3361, .T. ) ;
#3230 = LINE ( 'NONE', #120, #140 ) ;
#3231 = CARTESIAN_POINT ( 'NONE',  ( 30.00000000000000000, 0.000000000000000000, -76.06723245182800497 ) ) ;
#3232 = VECTOR ( 'NONE', #2285, 1000.000000000000000 ) ;
#3233 = AXIS2_PLACEMENT_3D ( 'NONE', #3312, #4852, #4797 ) ;
#3234 = EDGE_LOOP ( 'NONE', ( #3412, #3571, #3504, #4542 ) ) ;
#3235 = CIRCLE ( 'NONE', #1959, 2.000000000000000000 ) ;
#3236 = CARTESIAN_POINT ( 'NONE',  ( -69.14213562373099364, 6.000000000000000000, -71.05936807555892187 ) ) ;
#3237 = AXIS2_PLACEMENT_3D ( 'NONE', #4945, #4618, #2332 ) ;
#3238 = ADVANCED_FACE ( 'NONE', ( #1423 ), #2982, .F. ) ;
#3239 = CARTESIAN_POINT ( 'NONE',  ( 30.00000000000000000, 15.00000000000000000, 15.98276754817199219 ) ) ;
#3240 = DIRECTION ( 'NONE',  ( 0.000000000000000000, -0.000000000000000000, -1.000000000000000000 ) ) ;
#3241 = ORIENTED_EDGE ( 'NONE', *, *, #2453, .T. ) ;
#3242 = DIRECTION ( 'NONE',  ( 0.000000000000000000, -1.000000000000000000, 0.000000000000000000 ) ) ;
#3243 = ORIENTED_EDGE ( 'NONE', *, *, #1904, .F. ) ;
#3244 = CARTESIAN_POINT ( 'NONE',  ( 10.67731239591673464, 82.29999999999999716, 10.67731239591692116 ) ) ;
#3245 = EDGE_CURVE ( 'NONE', #1148, #1760, #4107, .T. ) ;
#3246 = DIRECTION ( 'NONE',  ( 0.000000000000000000, 0.000000000000000000, -1.000000000000000000 ) ) ;
#3247 = ORIENTED_EDGE ( 'NONE', *, *, #42, .T. ) ;
#3248 = DIRECTION ( 'NONE',  ( 0.000000000000000000, -1.000000000000000000, 0.000000000000000000 ) ) ;
#3249 = FACE_OUTER_BOUND ( 'NONE', #1729, .T. ) ;
#3250 = EDGE_CURVE ( 'NONE', #4082, #1536, #1009, .T. ) ;
#3251 = ORIENTED_EDGE ( 'NONE', *, *, #1490, .T. ) ;
#3252 = DIRECTION ( 'NONE',  ( 0.000000000000000000, 0.000000000000000000, -1.000000000000000000 ) ) ;
#3253 = EDGE_CURVE ( 'NONE', #2502, #2591, #3797, .T. ) ;
#3254 = VERTEX_POINT ( 'NONE', #1371 ) ;
#3255 = DIRECTION ( 'NONE',  ( -0.000000000000000000, -1.000000000000000000, -0.000000000000000000 ) ) ;
#3256 = CARTESIAN_POINT ( 'NONE',  ( -95.00000000000001421, 4.000000000000000000, -35.66723245182799218 ) ) ;
#3257 = ORIENTED_EDGE ( 'NONE', *, *, #1527, .F. ) ;
#3258 = AXIS2_PLACEMENT_3D ( 'NONE', #2092, #2942, #619 ) ;
#3259 = ADVANCED_FACE ( 'NONE', ( #4081 ), #656, .F. ) ;
#3260 = FACE_BOUND ( 'NONE', #1717, .T. ) ;
#3261 = DIRECTION ( 'NONE',  ( -0.7071067811865437980, -0.000000000000000000, -0.7071067811865513475 ) ) ;
#3262 = CYLINDRICAL_SURFACE ( 'NONE', #4839, 5.050000000000002487 ) ;
#3263 = ORIENTED_EDGE ( 'NONE', *, *, #4211, .T. ) ;
#3264 = CARTESIAN_POINT ( 'NONE',  ( 14.91995308303607182, 10.00000000000000000, 6.434671708797656819 ) ) ;
#3265 = ORIENTED_EDGE ( 'NONE', *, *, #4798, .T. ) ;
#3266 = CIRCLE ( 'NONE', #3344, 2.000000000000001776 ) ;
#3267 = LINE ( 'NONE', #2099, #4204 ) ;
#3268 = CARTESIAN_POINT ( 'NONE',  ( -6.434671708797504053, 10.00000000000000000, 14.91995308303618550 ) ) ;
#3269 = VERTEX_POINT ( 'NONE', #1847 ) ;
#3270 = CARTESIAN_POINT ( 'NONE',  ( -40.85786437626900636, 0.000000000000000000, -68.20936807555891335 ) ) ;
#3271 = ADVANCED_FACE ( 'NONE', ( #4890 ), #3674, .F. ) ;
#3272 = LINE ( 'NONE', #678, #515 ) ;
#3273 = ORIENTED_EDGE ( 'NONE', *, *, #641, .T. ) ;
#3274 = DIRECTION ( 'NONE',  ( -0.000000000000000000, 1.000000000000000000, -0.000000000000000000 ) ) ;
#3275 = ORIENTED_EDGE ( 'NONE', *, *, #532, .F. ) ;
#3276 = ORIENTED_EDGE ( 'NONE', *, *, #3775, .F. ) ;
#3277 = CARTESIAN_POINT ( 'NONE',  ( -55.00000000000000711, 0.000000000000000000, -84.06723245182799076 ) ) ;
#3278 = EDGE_CURVE ( 'NONE', #4751, #4014, #2129, .T. ) ;
#3279 = CARTESIAN_POINT ( 'NONE',  ( 10.67731239591673464, 82.29999999999999716, 12.67731239591692471 ) ) ;
#3280 = ORIENTED_EDGE ( 'NONE', *, *, #1777, .F. ) ;
#3281 = DIRECTION ( 'NONE',  ( 0.000000000000000000, -1.000000000000000000, 0.000000000000000000 ) ) ;
#3282 = CARTESIAN_POINT ( 'NONE',  ( 9.987638511313827294, 10.00000000000000000, -1.502357137075304383 ) ) ;
#3283 = DIRECTION ( 'NONE',  ( 0.7071067811865437980, 0.000000000000000000, -0.7071067811865513475 ) ) ;
#3284 = AXIS2_PLACEMENT_3D ( 'NONE', #2401, #1999, #4355 ) ;
#3285 = ORIENTED_EDGE ( 'NONE', *, *, #4798, .F. ) ;
#3286 = CARTESIAN_POINT ( 'NONE',  ( -10.67731239591680925, 10.00000000000000000, 10.67731239591691939 ) ) ;
#3287 = ORIENTED_EDGE ( 'NONE', *, *, #2107, .F. ) ;
#3288 = CIRCLE ( 'NONE', #3530, 3.000000000000000888 ) ;
#3289 = FACE_OUTER_BOUND ( 'NONE', #1313, .T. ) ;
#3290 = EDGE_CURVE ( 'NONE', #2138, #81, #2689, .T. ) ;
#3291 = FACE_BOUND ( 'NONE', #2299, .T. ) ;
#3292 = ORIENTED_EDGE ( 'NONE', *, *, #947, .T. ) ;
#3293 = CARTESIAN_POINT ( 'NONE',  ( -44.00000000000000000, 6.000000000000000000, -32.06723245182798365 ) ) ;
#3294 = CIRCLE ( 'NONE', #2023, 3.000000000000002665 ) ;
#3295 = AXIS2_PLACEMENT_3D ( 'NONE', #2877, #4407, #1076 ) ;
#3296 = CIRCLE ( 'NONE', #1581, 1.599999999999997202 ) ;
#3297 = CARTESIAN_POINT ( 'NONE',  ( -30.00000000000000000, 0.000000000000000000, 7.932767548171988814 ) ) ;
#3298 = EDGE_CURVE ( 'NONE', #2141, #4027, #145, .T. ) ;
#3299 = ORIENTED_EDGE ( 'NONE', *, *, #1826, .T. ) ;
#3300 = LINE ( 'NONE', #2932, #2926 ) ;
#3301 = ORIENTED_EDGE ( 'NONE', *, *, #906, .T. ) ;
#3302 = EDGE_LOOP ( 'NONE', ( #2889, #4783, #39, #1837 ) ) ;
#3303 = DIRECTION ( 'NONE',  ( 0.000000000000000000, 0.000000000000000000, 1.000000000000000000 ) ) ;
#3304 = CYLINDRICAL_SURFACE ( 'NONE', #3923, 2.000000000000001776 ) ;
#3305 = DIRECTION ( 'NONE',  ( -0.000000000000000000, -1.000000000000000000, -0.000000000000000000 ) ) ;
#3306 = VERTEX_POINT ( 'NONE', #4513 ) ;
#3307 = VECTOR ( 'NONE', #2407, 1000.000000000000000 ) ;
#3308 = FACE_BOUND ( 'NONE', #2665, .T. ) ;
#3309 = CIRCLE ( 'NONE', #4281, 5.050000000000002487 ) ;
#3310 = AXIS2_PLACEMENT_3D ( 'NONE', #195, #4843, #1037 ) ;
#3311 = CARTESIAN_POINT ( 'NONE',  ( 0.000000000000000000, -10.71118318204307407, 0.000000000000000000 ) ) ;
#3312 = CARTESIAN_POINT ( 'NONE',  ( -1.337789466601234095E-15, 15.00000000000000000, -3.469446951953614189E-15 ) ) ;
#3313 = ORIENTED_EDGE ( 'NONE', *, *, #3671, .T. ) ;
#3314 = DIRECTION ( 'NONE',  ( 0.000000000000000000, 0.000000000000000000, -1.000000000000000000 ) ) ;
#3315 = ADVANCED_FACE ( 'NONE', ( #2181 ), #2228, .F. ) ;
#3316 = ORIENTED_EDGE ( 'NONE', *, *, #4818, .F. ) ;
#3317 = VECTOR ( 'NONE', #486, 1000.000000000000000 ) ;
#3318 = AXIS2_PLACEMENT_3D ( 'NONE', #2410, #3528, #169 ) ;
#3319 = CARTESIAN_POINT ( 'NONE',  ( -55.00000000000001421, 4.000000000000000000, -72.06723245182799076 ) ) ;
#3320 = AXIS2_PLACEMENT_3D ( 'NONE', #1291, #524, #2775 ) ;
#3321 = DIRECTION ( 'NONE',  ( 0.000000000000000000, 0.000000000000000000, -1.000000000000000000 ) ) ;
#3322 = ORIENTED_EDGE ( 'NONE', *, *, #1013, .T. ) ;
#3323 = FACE_OUTER_BOUND ( 'NONE', #4202, .T. ) ;
#3324 = CARTESIAN_POINT ( 'NONE',  ( 6.434671708797606193, 10.00000000000000000, -14.91995308303618550 ) ) ;
#3325 = ORIENTED_EDGE ( 'NONE', *, *, #3180, .T. ) ;
#3326 = DIRECTION ( 'NONE',  ( 0.000000000000000000, 0.000000000000000000, -1.000000000000000000 ) ) ;
#3327 = ORIENTED_EDGE ( 'NONE', *, *, #3619, .T. ) ;
#3328 = EDGE_CURVE ( 'NONE', #1553, #483, #3300, .T. ) ;
#3329 = DIRECTION ( 'NONE',  ( 0.000000000000000000, 0.000000000000000000, 1.000000000000000000 ) ) ;
#3330 = DIRECTION ( 'NONE',  ( 0.000000000000000000, 0.000000000000000000, 1.000000000000000000 ) ) ;
#3331 = VERTEX_POINT ( 'NONE', #631 ) ;
#3332 = EDGE_CURVE ( 'NONE', #3966, #109, #1776, .T. ) ;
#3333 = DIRECTION ( 'NONE',  ( 0.000000000000000000, -1.000000000000000000, 0.000000000000000000 ) ) ;
#3334 = CARTESIAN_POINT ( 'NONE',  ( 69.14213562373146260, 6.000000000000000000, -68.20936807555847281 ) ) ;
#3335 = ORIENTED_EDGE ( 'NONE', *, *, #2083, .T. ) ;
#3336 = DIRECTION ( 'NONE',  ( -0.000000000000000000, 1.000000000000000000, -0.000000000000000000 ) ) ;
#3337 = ORIENTED_EDGE ( 'NONE', *, *, #2692, .T. ) ;
#3338 = DIRECTION ( 'NONE',  ( -0.000000000000000000, -1.000000000000000000, -0.000000000000000000 ) ) ;
#3339 = AXIS2_PLACEMENT_3D ( 'NONE', #207, #1724, #2527 ) ;
#3340 = CARTESIAN_POINT ( 'NONE',  ( 2.632990618166809235E-15, 50.10000000000000142, 21.50000000000000000 ) ) ;
#3341 = ORIENTED_EDGE ( 'NONE', *, *, #2002, .T. ) ;
#3342 = DIRECTION ( 'NONE',  ( -0.000000000000000000, -1.000000000000000000, -0.000000000000000000 ) ) ;
#3343 = CIRCLE ( 'NONE', #1110, 1.999999999999994893 ) ;
#3344 = AXIS2_PLACEMENT_3D ( 'NONE', #4538, #4892, #2583 ) ;
#3345 = DIRECTION ( 'NONE',  ( 0.000000000000000000, 0.000000000000000000, -1.000000000000000000 ) ) ;
#3346 = VERTEX_POINT ( 'NONE', #315 ) ;
#3347 = DIRECTION ( 'NONE',  ( 0.000000000000000000, 0.000000000000000000, 1.000000000000000000 ) ) ;
#3348 = ORIENTED_EDGE ( 'NONE', *, *, #2741, .T. ) ;
#3349 = CARTESIAN_POINT ( 'NONE',  ( 55.00000000000023448, 4.000000000000000000, -34.06723245182754312 ) ) ;
#3350 = LINE ( 'NONE', #1502, #1443 ) ;
#3351 = EDGE_CURVE ( 'NONE', #1655, #1148, #4205, .T. ) ;
#3352 = VERTEX_POINT ( 'NONE', #705 ) ;
#3353 = LINE ( 'NONE', #4896, #1798 ) ;
#3354 = ADVANCED_FACE ( 'NONE', ( #2959 ), #2581, .F. ) ;
#3355 = ORIENTED_EDGE ( 'NONE', *, *, #1048, .F. ) ;
#3356 = CARTESIAN_POINT ( 'NONE',  ( -30.00000000000000000, 0.000000000000000000, 10.93276754817198970 ) ) ;
#3357 = ORIENTED_EDGE ( 'NONE', *, *, #403, .F. ) ;
#3358 = AXIS2_PLACEMENT_3D ( 'NONE', #1571, #1199, #826 ) ;
#3359 = CARTESIAN_POINT ( 'NONE',  ( -69.14213562373099364, 0.000000000000000000, -39.92509682809703264 ) ) ;
#3360 = DIRECTION ( 'NONE',  ( 0.000000000000000000, -1.000000000000000000, 0.000000000000000000 ) ) ;
#3361 = EDGE_LOOP ( 'NONE', ( #2425, #4488 ) ) ;
#3362 = DIRECTION ( 'NONE',  ( 0.000000000000000000, -1.000000000000000000, 0.000000000000000000 ) ) ;
#3363 = EDGE_CURVE ( 'NONE', #1898, #4631, #4849, .T. ) ;
#3364 = AXIS2_PLACEMENT_3D ( 'NONE', #4545, #48, #2615 ) ;
#3365 = FACE_OUTER_BOUND ( 'NONE', #1140, .T. ) ;
#3366 = DIRECTION ( 'NONE',  ( 0.000000000000000000, 0.000000000000000000, -1.000000000000000000 ) ) ;
#3367 = ORIENTED_EDGE ( 'NONE', *, *, #869, .F. ) ;
#3368 = VECTOR ( 'NONE', #3116, 1000.000000000000000 ) ;
#3369 = DIRECTION ( 'NONE',  ( 0.000000000000000000, 0.000000000000000000, -1.000000000000000000 ) ) ;
#3370 = AXIS2_PLACEMENT_3D ( 'NONE', #3979, #2408, #1728 ) ;
#3371 = VERTEX_POINT ( 'NONE', #754 ) ;
#3372 = DIRECTION ( 'NONE',  ( 0.000000000000000000, 0.000000000000000000, 1.000000000000000000 ) ) ;
#3373 = DIRECTION ( 'NONE',  ( 0.7071067811865490160, -0.000000000000000000, 0.7071067811865460184 ) ) ;
#3374 = EDGE_LOOP ( 'NONE', ( #4645, #104 ) ) ;
#3375 = CYLINDRICAL_SURFACE ( 'NONE', #1081, 2.849999999999991651 ) ;
#3376 = VERTEX_POINT ( 'NONE', #4561 ) ;
#3377 = CARTESIAN_POINT ( 'NONE',  ( -95.00000000000001421, 0.000000000000000000, -72.06723245182799076 ) ) ;
#3378 = ORIENTED_EDGE ( 'NONE', *, *, #3988, .F. ) ;
#3379 = EDGE_CURVE ( 'NONE', #2705, #4705, #1388, .T. ) ;
#3380 = FILL_AREA_STYLE_COLOUR ( '', #4371 ) ;
#3381 = CIRCLE ( 'NONE', #4919, 1.600000000000004086 ) ;
#3382 = DIRECTION ( 'NONE',  ( 0.000000000000000000, 0.000000000000000000, -1.000000000000000000 ) ) ;
#3383 = DIRECTION ( 'NONE',  ( 0.000000000000000000, 0.000000000000000000, -1.000000000000000000 ) ) ;
#3384 = ORIENTED_EDGE ( 'NONE', *, *, #154, .T. ) ;
#3385 = CARTESIAN_POINT ( 'NONE',  ( 30.00000000000000000, 8.900000000000000355, -76.06723245182800497 ) ) ;
#3386 = CIRCLE ( 'NONE', #2839, 20.00000000000000000 ) ;
#3387 = EDGE_LOOP ( 'NONE', ( #2192, #2312 ) ) ;
#3388 = EDGE_CURVE ( 'NONE', #2614, #4756, #2196, .T. ) ;
#3389 = CYLINDRICAL_SURFACE ( 'NONE', #3634, 1.700000000000000178 ) ;
#3390 = CIRCLE ( 'NONE', #3792, 1.700000000000000178 ) ;
#3391 = AXIS2_PLACEMENT_3D ( 'NONE', #2106, #3626, #1260 ) ;
#3392 = CARTESIAN_POINT ( 'NONE',  ( 40.85786437626929057, 6.000000000000000000, -39.92509682809681948 ) ) ;
#3393 = VERTEX_POINT ( 'NONE', #3800 ) ;
#3394 = CARTESIAN_POINT ( 'NONE',  ( 30.00000000000000000, 82.29999999999999716, -76.06723245182800497 ) ) ;
#3395 = PRESENTATION_LAYER_ASSIGNMENT (  '', '', ( #4928 ) ) ;
#3396 = ORIENTED_EDGE ( 'NONE', *, *, #4002, .F. ) ;
#3397 = CARTESIAN_POINT ( 'NONE',  ( 1.502357137075116089, 0.000000000000000000, 9.987638511313706502 ) ) ;
#3398 = LINE ( 'NONE', #1084, #3751 ) ;
#3399 = ADVANCED_FACE ( 'NONE', ( #388 ), #1127, .F. ) ;
#3400 = EDGE_CURVE ( 'NONE', #4856, #1623, #2837, .T. ) ;
#3401 = EDGE_LOOP ( 'NONE', ( #1567, #2762, #3078, #428 ) ) ;
#3402 = DIRECTION ( 'NONE',  ( -0.000000000000000000, -1.000000000000000000, -0.000000000000000000 ) ) ;
#3403 = VERTEX_POINT ( 'NONE', #1102 ) ;
#3404 = DIRECTION ( 'NONE',  ( 0.000000000000000000, 0.000000000000000000, -1.000000000000000000 ) ) ;
#3405 = ORIENTED_EDGE ( 'NONE', *, *, #3048, .T. ) ;
#3406 = DIRECTION ( 'NONE',  ( 3.083952846180989787E-16, 0.000000000000000000, -1.000000000000000000 ) ) ;
#3407 = ORIENTED_EDGE ( 'NONE', *, *, #2268, .F. ) ;
#3408 = FACE_BOUND ( 'NONE', #1980, .T. ) ;
#3409 = FACE_OUTER_BOUND ( 'NONE', #2874, .T. ) ;
#3410 = CYLINDRICAL_SURFACE ( 'NONE', #2981, 2.849999999999991651 ) ;
#3411 = EDGE_CURVE ( 'NONE', #4681, #4565, #4234, .T. ) ;
#3412 = ORIENTED_EDGE ( 'NONE', *, *, #4138, .F. ) ;
#3413 = CYLINDRICAL_SURFACE ( 'NONE', #1294, 1.600000000000004086 ) ;
#3414 = ORIENTED_EDGE ( 'NONE', *, *, #4821, .T. ) ;
#3415 = CIRCLE ( 'NONE', #4872, 1.600000000000004086 ) ;
#3416 = DIRECTION ( 'NONE',  ( -0.000000000000000000, -1.000000000000000000, -0.000000000000000000 ) ) ;
#3417 = FACE_OUTER_BOUND ( 'NONE', #3234, .T. ) ;
#3418 = VECTOR ( 'NONE', #3742, 999.9999999999998863 ) ;
#3419 = EDGE_LOOP ( 'NONE', ( #4552, #230, #339, #2976 ) ) ;
#3420 = DIRECTION ( 'NONE',  ( 0.000000000000000000, 0.000000000000000000, 1.000000000000000000 ) ) ;
#3421 = EDGE_CURVE ( 'NONE', #2260, #3393, #2269, .T. ) ;
#3422 = ORIENTED_EDGE ( 'NONE', *, *, #2821, .T. ) ;
#3423 = DIRECTION ( 'NONE',  ( -0.000000000000000000, -1.000000000000000000, -0.000000000000000000 ) ) ;
#3424 = AXIS2_PLACEMENT_3D ( 'NONE', #971, #4075, #4100 ) ;
#3425 = VECTOR ( 'NONE', #3261, 1000.000000000000000 ) ;
#3426 = DIRECTION ( 'NONE',  ( 0.000000000000000000, 1.000000000000000000, 0.000000000000000000 ) ) ;
#3427 = ADVANCED_FACE ( 'NONE', ( #1920 ), #2275, .T. ) ;
#3428 = EDGE_CURVE ( 'NONE', #4641, #1273, #525, .T. ) ;
#3429 = LINE ( 'NONE', #418, #533 ) ;
#3430 = VERTEX_POINT ( 'NONE', #2626 ) ;
#3431 = DIRECTION ( 'NONE',  ( 0.000000000000000000, 0.000000000000000000, -1.000000000000000000 ) ) ;
#3432 = ORIENTED_EDGE ( 'NONE', *, *, #1409, .T. ) ;
#3433 = PRODUCT_DEFINITION_FORMATION_WITH_SPECIFIED_SOURCE ( 'ANY', '', #684, .NOT_KNOWN. ) ;
#3434 = CARTESIAN_POINT ( 'NONE',  ( 10.67731239591673287, 10.00000000000000000, 10.67731239591691939 ) ) ;
#3435 = FACE_OUTER_BOUND ( 'NONE', #2048, .T. ) ;
#3436 = ORIENTED_EDGE ( 'NONE', *, *, #45, .F. ) ;
#3437 = FACE_OUTER_BOUND ( 'NONE', #896, .T. ) ;
#3438 = ORIENTED_EDGE ( 'NONE', *, *, #3928, .F. ) ;
#3439 = AXIS2_PLACEMENT_3D ( 'NONE', #1913, #3071, #4632 ) ;
#3440 = DIRECTION ( 'NONE',  ( 0.000000000000000000, 0.000000000000000000, 1.000000000000000000 ) ) ;
#3441 = EDGE_CURVE ( 'NONE', #4794, #2400, #3381, .T. ) ;
#3442 = CARTESIAN_POINT ( 'NONE',  ( 40.85786437626929057, 0.000000000000000000, -42.77509682809682090 ) ) ;
#3443 = ORIENTED_EDGE ( 'NONE', *, *, #1207, .F. ) ;
#3444 = DIRECTION ( 'NONE',  ( -0.000000000000000000, 1.000000000000000000, -0.000000000000000000 ) ) ;
#3445 = AXIS2_PLACEMENT_3D ( 'NONE', #577, #4778, #203 ) ;
#3446 = ORIENTED_EDGE ( 'NONE', *, *, #262, .F. ) ;
#3447 = CARTESIAN_POINT ( 'NONE',  ( 10.67731239591688208, 10.00000000000000000, -16.67731239591689629 ) ) ;
#3448 = ADVANCED_FACE ( 'NONE', ( #412 ), #1524, .F. ) ;
#3449 = AXIS2_PLACEMENT_3D ( 'NONE', #3167, #3583, #175 ) ;
#3450 = ORIENTED_EDGE ( 'NONE', *, *, #2770, .F. ) ;
#3451 = CYLINDRICAL_SURFACE ( 'NONE', #3003, 1.700000000000000178 ) ;
#3452 = CIRCLE ( 'NONE', #347, 10.00000000000001066 ) ;
#3453 = EDGE_CURVE ( 'NONE', #4401, #1688, #2511, .T. ) ;
#3454 = PLANE ( 'NONE',  #2514 ) ;
#3455 = ORIENTED_EDGE ( 'NONE', *, *, #1591, .T. ) ;
#3456 = DIRECTION ( 'NONE',  ( 0.7071067811865412445, -0.000000000000000000, 0.7071067811865536790 ) ) ;
#3457 = VERTEX_POINT ( 'NONE', #779 ) ;
#3458 = DIRECTION ( 'NONE',  ( -0.000000000000000000, 1.000000000000000000, -0.000000000000000000 ) ) ;
#3459 = CARTESIAN_POINT ( 'NONE',  ( 106.0000000000005116, 0.000000000000000000, -72.06723245182732285 ) ) ;
#3460 = ORIENTED_EDGE ( 'NONE', *, *, #3829, .T. ) ;
#3461 = LINE ( 'NONE', #55, #4230 ) ;
#3462 = FACE_OUTER_BOUND ( 'NONE', #640, .T. ) ;
#3463 = ADVANCED_FACE ( 'NONE', ( #40 ), #1949, .F. ) ;
#3464 = EDGE_LOOP ( 'NONE', ( #2604, #4628, #4801, #972 ) ) ;
#3465 = DIRECTION ( 'NONE',  ( 0.000000000000000000, 0.000000000000000000, -1.000000000000000000 ) ) ;
#3466 = ORIENTED_EDGE ( 'NONE', *, *, #4773, .T. ) ;
#3467 = AXIS2_PLACEMENT_3D ( 'NONE', #91, #2300, #1549 ) ;
#3468 = DIRECTION ( 'NONE',  ( 0.000000000000000000, 0.000000000000000000, -1.000000000000000000 ) ) ;
#3469 = AXIS2_PLACEMENT_3D ( 'NONE', #96, #2390, #3908 ) ;
#3470 = CYLINDRICAL_SURFACE ( 'NONE', #3821, 2.849999999999998312 ) ;
#3471 = CIRCLE ( 'NONE', #1640, 1.999999999999996669 ) ;
#3472 = ORIENTED_EDGE ( 'NONE', *, *, #4510, .F. ) ;
#3473 = CYLINDRICAL_SURFACE ( 'NONE', #2515, 3.000000000000000888 ) ;
#3474 = ORIENTED_EDGE ( 'NONE', *, *, #1986, .T. ) ;
#3475 = AXIS2_PLACEMENT_3D ( 'NONE', #951, #3545, #905 ) ;
#3476 = AXIS2_PLACEMENT_3D ( 'NONE', #1471, #4026, #608 ) ;
#3477 = CARTESIAN_POINT ( 'NONE',  ( -55.00000000000000711, 15.00000000000000000, -54.06723245182796234 ) ) ;
#3478 = PRODUCT_CONTEXT ( 'NONE', #1557, 'mechanical' ) ;
#3479 = ORIENTED_EDGE ( 'NONE', *, *, #4, .F. ) ;
#3480 = CARTESIAN_POINT ( 'NONE',  ( -10.67731239591681103, 82.29999999999999716, 10.67731239591692116 ) ) ;
#3481 = AXIS2_PLACEMENT_3D ( 'NONE', #3194, #1691, #453 ) ;
#3482 = ADVANCED_FACE ( 'NONE', ( #1180 ), #3473, .F. ) ;
#3483 = EDGE_CURVE ( 'NONE', #282, #4521, #1979, .T. ) ;
#3484 = CARTESIAN_POINT ( 'NONE',  ( -55.00000000000001421, 4.000000000000000000, -72.06723245182799076 ) ) ;
#3485 = EDGE_LOOP ( 'NONE', ( #1563, #3593 ) ) ;
#3486 = DIRECTION ( 'NONE',  ( 0.000000000000000000, 0.000000000000000000, 1.000000000000000000 ) ) ;
#3487 = ADVANCED_FACE ( 'NONE', ( #358 ), #1869, .F. ) ;
#3488 = ORIENTED_EDGE ( 'NONE', *, *, #1442, .T. ) ;
#3489 = CARTESIAN_POINT ( 'NONE',  ( -10.67731239591681103, 82.29999999999999716, 10.67731239591692116 ) ) ;
#3490 = DIRECTION ( 'NONE',  ( 0.000000000000000000, 1.000000000000000000, 0.000000000000000000 ) ) ;
#3491 = CARTESIAN_POINT ( 'NONE',  ( 30.00000000000000000, 0.000000000000000000, 10.93276754817198970 ) ) ;
#3492 = DIRECTION ( 'NONE',  ( -0.000000000000000000, 1.000000000000000000, -0.000000000000000000 ) ) ;
#3493 = CARTESIAN_POINT ( 'NONE',  ( 69.14213562373099364, 82.29999999999999716, -69.90936807555890198 ) ) ;
#3494 = ORIENTED_EDGE ( 'NONE', *, *, #232, .F. ) ;
#3495 = CARTESIAN_POINT ( 'NONE',  ( 30.00000000000000000, 8.900000000000000355, -81.11723245182800213 ) ) ;
#3496 = EDGE_CURVE ( 'NONE', #3430, #2350, #1953, .T. ) ;
#3497 = ORIENTED_EDGE ( 'NONE', *, *, #2083, .F. ) ;
#3498 = DIRECTION ( 'NONE',  ( 0.000000000000000000, 0.000000000000000000, -1.000000000000000000 ) ) ;
#3499 = CARTESIAN_POINT ( 'NONE',  ( -40.85786437626900636, 6.000000000000000000, -68.20936807555891335 ) ) ;
#3500 = VERTEX_POINT ( 'NONE', #142 ) ;
#3501 = CARTESIAN_POINT ( 'NONE',  ( 30.00000000000000000, 8.900000000000000355, -76.06723245182800497 ) ) ;
#3502 = PRODUCT_RELATED_PRODUCT_CATEGORY ( 'part', '', ( #684 ) ) ;
#3503 = FACE_OUTER_BOUND ( 'NONE', #208, .T. ) ;
#3504 = ORIENTED_EDGE ( 'NONE', *, *, #3706, .T. ) ;
#3505 = DIRECTION ( 'NONE',  ( 0.000000000000000000, 0.000000000000000000, -1.000000000000000000 ) ) ;
#3506 = AXIS2_PLACEMENT_3D ( 'NONE', #4491, #2160, #3372 ) ;
#3507 = FACE_OUTER_BOUND ( 'NONE', #436, .T. ) ;
#3508 = LINE ( 'NONE', #2010, #3767 ) ;
#3509 = VERTEX_POINT ( 'NONE', #3524 ) ;
#3510 = CYLINDRICAL_SURFACE ( 'NONE', #4315, 1.600000000000004086 ) ;
#3511 = DIRECTION ( 'NONE',  ( 0.000000000000000000, 0.000000000000000000, 1.000000000000000000 ) ) ;
#3512 = FACE_BOUND ( 'NONE', #1032, .T. ) ;
#3513 = EDGE_CURVE ( 'NONE', #4139, #1408, #3867, .T. ) ;
#3514 = ORIENTED_EDGE ( 'NONE', *, *, #42, .F. ) ;
#3515 = DIRECTION ( 'NONE',  ( 0.000000000000000000, 0.000000000000000000, 1.000000000000000000 ) ) ;
#3516 = CARTESIAN_POINT ( 'NONE',  ( 44.00000000000022027, 6.000000000000000000, -32.06723245182776338 ) ) ;
#3517 = EDGE_LOOP ( 'NONE', ( #2155, #3013 ) ) ;
#3518 = CARTESIAN_POINT ( 'NONE',  ( 30.00000000000000000, 8.900000000000000355, 15.98276754817199219 ) ) ;
#3519 = ORIENTED_EDGE ( 'NONE', *, *, #3875, .F. ) ;
#3520 = FACE_OUTER_BOUND ( 'NONE', #2654, .T. ) ;
#3521 = AXIS2_PLACEMENT_3D ( 'NONE', #498, #1755, #2014 ) ;
#3522 = DIRECTION ( 'NONE',  ( -0.000000000000000000, 1.000000000000000000, 0.000000000000000000 ) ) ;
#3523 = EDGE_LOOP ( 'NONE', ( #3543, #1849, #4912, #2214 ) ) ;
#3524 = CARTESIAN_POINT ( 'NONE',  ( 9.987638511313807754, 0.000000000000000000, 1.502357137075304383 ) ) ;
#3525 = EDGE_CURVE ( 'NONE', #2400, #2591, #1325, .T. ) ;
#3526 = CARTESIAN_POINT ( 'NONE',  ( -30.00000000000000000, 8.900000000000005684, -76.06723245182800497 ) ) ;
#3527 = AXIS2_PLACEMENT_3D ( 'NONE', #4277, #852, #2754 ) ;
#3528 = DIRECTION ( 'NONE',  ( -0.000000000000000000, -1.000000000000000000, -0.000000000000000000 ) ) ;
#3529 = EDGE_CURVE ( 'NONE', #4705, #2705, #2993, .T. ) ;
#3530 = AXIS2_PLACEMENT_3D ( 'NONE', #4730, #133, #3198 ) ;
#3531 = LINE ( 'NONE', #2438, #4440 ) ;
#3532 = AXIS2_PLACEMENT_3D ( 'NONE', #1096, #4149, #2595 ) ;
#3533 = DIRECTION ( 'NONE',  ( 0.000000000000000000, -1.000000000000000000, 0.000000000000000000 ) ) ;
#3534 = ORIENTED_EDGE ( 'NONE', *, *, #2599, .F. ) ;
#3535 = DIRECTION ( 'NONE',  ( -0.000000000000000000, -1.000000000000000000, 0.000000000000000000 ) ) ;
#3536 = DIRECTION ( 'NONE',  ( -0.000000000000000000, -1.000000000000000000, -0.000000000000000000 ) ) ;
#3537 = FACE_BOUND ( 'NONE', #3387, .T. ) ;
#3538 = ORIENTED_EDGE ( 'NONE', *, *, #289, .F. ) ;
#3539 = PLANE ( 'NONE',  #4309 ) ;
#3540 = CARTESIAN_POINT ( 'NONE',  ( -44.00000000000000000, 0.000000000000000000, -74.06723245182799076 ) ) ;
#3541 = ORIENTED_EDGE ( 'NONE', *, *, #2524, .T. ) ;
#3542 = LINE ( 'NONE', #3177, #1694 ) ;
#3543 = ORIENTED_EDGE ( 'NONE', *, *, #1259, .F. ) ;
#3544 = ADVANCED_FACE ( 'NONE', ( #489 ), #165, .F. ) ;
#3545 = DIRECTION ( 'NONE',  ( -0.000000000000000000, 1.000000000000000000, -0.000000000000000000 ) ) ;
#3546 = DIRECTION ( 'NONE',  ( -0.000000000000000000, 1.000000000000000000, -0.000000000000000000 ) ) ;
#3547 = VERTEX_POINT ( 'NONE', #3952 ) ;
#3548 = CARTESIAN_POINT ( 'NONE',  ( 55.00000000000049738, 4.000000000000000000, -73.66723245182754454 ) ) ;
#3549 = EDGE_CURVE ( 'NONE', #4681, #4891, #2035, .T. ) ;
#3550 = FACE_OUTER_BOUND ( 'NONE', #1810, .T. ) ;
#3551 = AXIS2_PLACEMENT_3D ( 'NONE', #1237, #4670, #1985 ) ;
#3552 = AXIS2_PLACEMENT_3D ( 'NONE', #3516, #83, #1270 ) ;
#3553 = CYLINDRICAL_SURFACE ( 'NONE', #4926, 2.000000000000001776 ) ;
#3554 = ADVANCED_FACE ( 'NONE', ( #2383 ), #4761, .F. ) ;
#3555 = CIRCLE ( 'NONE', #3714, 5.049999999999998934 ) ;
#3556 = ORIENTED_EDGE ( 'NONE', *, *, #2880, .F. ) ;
#3557 = CIRCLE ( 'NONE', #4201, 1.600000000000004086 ) ;
#3558 = EDGE_CURVE ( 'NONE', #4076, #132, #3900, .T. ) ;
#3559 = CARTESIAN_POINT ( 'NONE',  ( -44.00000000000000000, 6.000000000000000000, -32.06723245182798365 ) ) ;
#3560 = AXIS2_PLACEMENT_3D ( 'NONE', #3244, #2897, #2949 ) ;
#3561 = AXIS2_PLACEMENT_3D ( 'NONE', #1803, #3274, #3347 ) ;
#3562 = LINE ( 'NONE', #547, #2661 ) ;
#3563 = EDGE_LOOP ( 'NONE', ( #121, #2392, #3335, #1891 ) ) ;
#3564 = CARTESIAN_POINT ( 'NONE',  ( 69.14213562373099364, 15.00000000000000000, -38.22509682809704401 ) ) ;
#3565 = CARTESIAN_POINT ( 'NONE',  ( 14.91995308303607182, 0.000000000000000000, 6.434671708797656819 ) ) ;
#3566 = ORIENTED_EDGE ( 'NONE', *, *, #2057, .T. ) ;
#3567 = DIRECTION ( 'NONE',  ( 0.000000000000000000, -1.000000000000000000, 0.000000000000000000 ) ) ;
#3568 = DIRECTION ( 'NONE',  ( 0.000000000000000000, 1.000000000000000000, 0.000000000000000000 ) ) ;
#3569 = ORIENTED_EDGE ( 'NONE', *, *, #193, .T. ) ;
#3570 = LINE ( 'NONE', #3495, #2415 ) ;
#3571 = ORIENTED_EDGE ( 'NONE', *, *, #1689, .T. ) ;
#3572 = DIRECTION ( 'NONE',  ( 0.000000000000000000, 0.000000000000000000, 1.000000000000000000 ) ) ;
#3573 = EDGE_CURVE ( 'NONE', #1593, #14, #2437, .T. ) ;
#3574 = DIRECTION ( 'NONE',  ( -0.000000000000000000, -1.000000000000000000, 0.000000000000000000 ) ) ;
#3575 = VERTEX_POINT ( 'NONE', #1257 ) ;
#3576 = DIRECTION ( 'NONE',  ( -0.000000000000000000, -1.000000000000000000, -0.000000000000000000 ) ) ;
#3577 = DIRECTION ( 'NONE',  ( -0.000000000000000000, -1.000000000000000000, -0.000000000000000000 ) ) ;
#3578 = EDGE_CURVE ( 'NONE', #3100, #597, #680, .T. ) ;
#3579 = LINE ( 'NONE', #4741, #375 ) ;
#3580 = VERTEX_POINT ( 'NONE', #2856 ) ;
#3581 = AXIS2_PLACEMENT_3D ( 'NONE', #2263, #2699, #4223 ) ;
#3582 = CARTESIAN_POINT ( 'NONE',  ( 30.00000000000000000, 8.900000000000000355, -76.06723245182800497 ) ) ;
#3583 = DIRECTION ( 'NONE',  ( 0.000000000000000000, -1.000000000000000000, 0.000000000000000000 ) ) ;
#3584 = EDGE_CURVE ( 'NONE', #2226, #2871, #4029, .T. ) ;
#3585 = AXIS2_PLACEMENT_3D ( 'NONE', #1034, #686, #1404 ) ;
#3586 = VERTEX_POINT ( 'NONE', #2759 ) ;
#3587 = CARTESIAN_POINT ( 'NONE',  ( -10.67731239591680925, 10.00000000000000000, -10.67731239591691939 ) ) ;
#3588 = CARTESIAN_POINT ( 'NONE',  ( 110.0000000000000142, 0.000000000000000000, -74.06723245182797655 ) ) ;
#3589 = VECTOR ( 'NONE', #2806, 1000.000000000000000 ) ;
#3590 = ORIENTED_EDGE ( 'NONE', *, *, #1944, .F. ) ;
#3591 = DIRECTION ( 'NONE',  ( 0.000000000000000000, -0.000000000000000000, 1.000000000000000000 ) ) ;
#3592 = CARTESIAN_POINT ( 'NONE',  ( -6.434671708797504053, 0.000000000000000000, 14.91995308303618550 ) ) ;
#3593 = ORIENTED_EDGE ( 'NONE', *, *, #3379, .T. ) ;
#3594 = CARTESIAN_POINT ( 'NONE',  ( 100.0000000000000142, 15.00000000000000000, -19.06723245182795878 ) ) ;
#3595 = ORIENTED_EDGE ( 'NONE', *, *, #2065, .T. ) ;
#3596 = CARTESIAN_POINT ( 'NONE',  ( 55.00000000000049738, 4.000000000000000000, -72.06723245182753601 ) ) ;
#3597 = DIRECTION ( 'NONE',  ( 0.000000000000000000, -1.000000000000000000, 0.000000000000000000 ) ) ;
#3598 = ORIENTED_EDGE ( 'NONE', *, *, #186, .T. ) ;
#3599 = DIRECTION ( 'NONE',  ( 0.000000000000000000, 1.000000000000000000, 0.000000000000000000 ) ) ;
#3600 = FACE_OUTER_BOUND ( 'NONE', #2144, .T. ) ;
#3601 = CARTESIAN_POINT ( 'NONE',  ( 0.000000000000000000, 0.000000000000000000, 0.000000000000000000 ) ) ;
#3602 = VERTEX_POINT ( 'NONE', #3183 ) ;
#3603 = ADVANCED_FACE ( 'NONE', ( #860 ), #934, .F. ) ;
#3604 = CARTESIAN_POINT ( 'NONE',  ( 69.14213562373126365, 6.000000000000000000, -39.92509682809659211 ) ) ;
#3605 = AXIS2_PLACEMENT_3D ( 'NONE', #4508, #3342, #1441 ) ;
#3606 = DIRECTION ( 'NONE',  ( -0.000000000000000000, -1.000000000000000000, -0.000000000000000000 ) ) ;
#3607 = AXIS2_PLACEMENT_3D ( 'NONE', #2970, #2472, #2494 ) ;
#3608 = ORIENTED_EDGE ( 'NONE', *, *, #4459, .T. ) ;
#3609 = ADVANCED_FACE ( 'NONE', ( #2479, #539 ), #1630, .F. ) ;
#3610 = LINE ( 'NONE', #199, #2677 ) ;
#3611 = AXIS2_PLACEMENT_3D ( 'NONE', #1665, #75, #4644 ) ;
#3612 = ORIENTED_EDGE ( 'NONE', *, *, #4317, .T. ) ;
#3613 = CYLINDRICAL_SURFACE ( 'NONE', #1668, 20.00000000000000000 ) ;
#3614 = DIRECTION ( 'NONE',  ( -0.000000000000000000, -1.000000000000000000, -0.000000000000000000 ) ) ;
#3615 = AXIS2_PLACEMENT_3D ( 'NONE', #3477, #2249, #2656 ) ;
#3616 = EDGE_LOOP ( 'NONE', ( #4940, #2831, #3911, #4142 ) ) ;
#3617 = DIRECTION ( 'NONE',  ( 0.000000000000000000, 0.000000000000000000, 1.000000000000000000 ) ) ;
#3618 = ORIENTED_EDGE ( 'NONE', *, *, #4656, .F. ) ;
#3619 = EDGE_CURVE ( 'NONE', #2905, #3222, #3977, .T. ) ;
#3620 = DIRECTION ( 'NONE',  ( 0.000000000000000000, 0.000000000000000000, -1.000000000000000000 ) ) ;
#3621 = EDGE_CURVE ( 'NONE', #1921, #1379, #887, .T. ) ;
#3622 = DIRECTION ( 'NONE',  ( -0.000000000000000000, -1.000000000000000000, -0.000000000000000000 ) ) ;
#3623 = ORIENTED_EDGE ( 'NONE', *, *, #4345, .F. ) ;
#3624 = DIRECTION ( 'NONE',  ( 0.000000000000000000, 0.000000000000000000, -1.000000000000000000 ) ) ;
#3625 = DIRECTION ( 'NONE',  ( -0.000000000000000000, -1.000000000000000000, -0.000000000000000000 ) ) ;
#3626 = DIRECTION ( 'NONE',  ( 0.000000000000000000, 1.000000000000000000, 0.000000000000000000 ) ) ;
#3627 = AXIS2_PLACEMENT_3D ( 'NONE', #1602, #4208, #4535 ) ;
#3628 = CARTESIAN_POINT ( 'NONE',  ( -10.67731239591681103, 82.29999999999999716, -8.677312395916921162 ) ) ;
#3629 = CARTESIAN_POINT ( 'NONE',  ( 14.91995308303607182, 10.00000000000000000, 6.434671708797656819 ) ) ;
#3630 = EDGE_CURVE ( 'NONE', #1824, #2960, #1713, .T. ) ;
#3631 = AXIS2_PLACEMENT_3D ( 'NONE', #4595, #1163, #1833 ) ;
#3632 = VECTOR ( 'NONE', #4868, 1000.000000000000114 ) ;
#3633 = EDGE_LOOP ( 'NONE', ( #134, #3316, #2158, #3866 ) ) ;
#3634 = AXIS2_PLACEMENT_3D ( 'NONE', #803, #3795, #3468 ) ;
#3635 = FACE_BOUND ( 'NONE', #1440, .T. ) ;
#3636 = CIRCLE ( 'NONE', #4369, 1.699999999999993072 ) ;
#3637 = EDGE_CURVE ( 'NONE', #2198, #1612, #909, .T. ) ;
#3638 = ORIENTED_EDGE ( 'NONE', *, *, #593, .T. ) ;
#3639 = LINE ( 'NONE', #1736, #3425 ) ;
#3640 = DIRECTION ( 'NONE',  ( -0.000000000000000000, 1.000000000000000000, -0.000000000000000000 ) ) ;
#3641 = ORIENTED_EDGE ( 'NONE', *, *, #3180, .F. ) ;
#3642 = DIRECTION ( 'NONE',  ( 0.000000000000000000, -0.000000000000000000, -1.000000000000000000 ) ) ;
#3643 = AXIS2_PLACEMENT_3D ( 'NONE', #649, #3690, #2972 ) ;
#3644 = ORIENTED_EDGE ( 'NONE', *, *, #1191, .F. ) ;
#3645 = DIRECTION ( 'NONE',  ( 0.000000000000000000, 0.000000000000000000, 1.000000000000000000 ) ) ;
#3646 = CARTESIAN_POINT ( 'NONE',  ( -55.00000000000001421, 4.000000000000000000, -70.46723245182798223 ) ) ;
#3647 = ORIENTED_EDGE ( 'NONE', *, *, #758, .F. ) ;
#3648 = DIRECTION ( 'NONE',  ( -0.5631668883056559771, 0.000000000000000000, 0.8263431828944465263 ) ) ;
#3649 = LINE ( 'NONE', #4888, #216 ) ;
#3650 = VERTEX_POINT ( 'NONE', #312 ) ;
#3651 = DIRECTION ( 'NONE',  ( 0.000000000000000000, 0.000000000000000000, 1.000000000000000000 ) ) ;
#3652 = ORIENTED_EDGE ( 'NONE', *, *, #688, .T. ) ;
#3653 = VERTEX_POINT ( 'NONE', #4462 ) ;
#3654 = DIRECTION ( 'NONE',  ( 0.000000000000000000, 0.000000000000000000, -1.000000000000000000 ) ) ;
#3655 = CARTESIAN_POINT ( 'NONE',  ( -10.67731239591681103, 82.29999999999999716, -12.67731239591692294 ) ) ;
#3656 = ORIENTED_EDGE ( 'NONE', *, *, #1634, .F. ) ;
#3657 = EDGE_CURVE ( 'NONE', #3065, #2493, #1391, .T. ) ;
#3658 = FACE_BOUND ( 'NONE', #2597, .T. ) ;
#3659 = ORIENTED_EDGE ( 'NONE', *, *, #1784, .T. ) ;
#3660 = FACE_OUTER_BOUND ( 'NONE', #2340, .T. ) ;
#3661 = DIRECTION ( 'NONE',  ( 0.000000000000000000, -1.000000000000000000, 0.000000000000000000 ) ) ;
#3662 = EDGE_LOOP ( 'NONE', ( #3153, #3556, #862, #3781 ) ) ;
#3663 = CARTESIAN_POINT ( 'NONE',  ( 40.85786437626900636, 6.000000000000005329, -69.90936807555891619 ) ) ;
#3664 = ORIENTED_EDGE ( 'NONE', *, *, #18, .T. ) ;
#3665 = ADVANCED_FACE ( 'NONE', ( #1797 ), #4432, .F. ) ;
#3666 = VECTOR ( 'NONE', #897, 1000.000000000000000 ) ;
#3667 = DIRECTION ( 'NONE',  ( 0.000000000000000000, 0.000000000000000000, -1.000000000000000000 ) ) ;
#3668 = DIRECTION ( 'NONE',  ( 0.000000000000000000, 1.000000000000000000, 0.000000000000000000 ) ) ;
#3669 = ORIENTED_EDGE ( 'NONE', *, *, #4131, .F. ) ;
#3670 = CARTESIAN_POINT ( 'NONE',  ( 6.434671708797606193, 10.00000000000000000, -14.91995308303618550 ) ) ;
#3671 = EDGE_CURVE ( 'NONE', #1612, #2988, #994, .T. ) ;
#3672 = CARTESIAN_POINT ( 'NONE',  ( 100.0000000000000142, 15.00000000000000000, -29.06723245182796234 ) ) ;
#3673 = ORIENTED_EDGE ( 'NONE', *, *, #2539, .F. ) ;
#3674 = CYLINDRICAL_SURFACE ( 'NONE', #2283, 1.699999999999993072 ) ;
#3675 = ORIENTED_EDGE ( 'NONE', *, *, #3185, .F. ) ;
#3676 = ORIENTED_EDGE ( 'NONE', *, *, #321, .F. ) ;
#3677 = DIRECTION ( 'NONE',  ( 0.000000000000000000, 0.000000000000000000, -1.000000000000000000 ) ) ;
#3678 = CARTESIAN_POINT ( 'NONE',  ( 54.99999999999998579, 82.29999999999999716, -54.06723245182797655 ) ) ;
#3679 = CARTESIAN_POINT ( 'NONE',  ( -64.47434386723108446, 15.00000000000000000, -14.69890133488452655 ) ) ;
#3680 = ADVANCED_FACE ( 'NONE', ( #3693 ), #2952, .F. ) ;
#3681 = ORIENTED_EDGE ( 'NONE', *, *, #3578, .F. ) ;
#3682 = FACE_BOUND ( 'NONE', #1383, .T. ) ;
#3683 = DIRECTION ( 'NONE',  ( 0.000000000000000000, 0.000000000000000000, -1.000000000000000000 ) ) ;
#3684 = LINE ( 'NONE', #2166, #2038 ) ;
#3685 = AXIS2_PLACEMENT_3D ( 'NONE', #2900, #997, #2150 ) ;
#3686 = ORIENTED_EDGE ( 'NONE', *, *, #1531, .T. ) ;
#3687 = CYLINDRICAL_SURFACE ( 'NONE', #1617, 2.849999999999998312 ) ;
#3688 = ORIENTED_EDGE ( 'NONE', *, *, #4111, .T. ) ;
#3689 = VECTOR ( 'NONE', #4597, 1000.000000000000000 ) ;
#3690 = DIRECTION ( 'NONE',  ( -0.000000000000000000, -1.000000000000000000, -0.000000000000000000 ) ) ;
#3691 = CARTESIAN_POINT ( 'NONE',  ( -40.85786437626902057, 6.000000000000000000, -37.07509682809704543 ) ) ;
#3692 = ORIENTED_EDGE ( 'NONE', *, *, #3810, .F. ) ;
#3693 = FACE_OUTER_BOUND ( 'NONE', #556, .T. ) ;
#3694 = EDGE_CURVE ( 'NONE', #2505, #141, #1214, .T. ) ;
#3695 = CARTESIAN_POINT ( 'NONE',  ( -106.0000000000000142, 0.000000000000000000, -76.06723245182799076 ) ) ;
#3696 = EDGE_LOOP ( 'NONE', ( #1496, #3357 ) ) ;
#3697 = CARTESIAN_POINT ( 'NONE',  ( -69.14213562373099364, 82.29999999999999716, -68.20936807555891335 ) ) ;
#3698 = EDGE_CURVE ( 'NONE', #630, #395, #4657, .T. ) ;
#3699 = VERTEX_POINT ( 'NONE', #1346 ) ;
#3700 = FACE_OUTER_BOUND ( 'NONE', #4378, .T. ) ;
#3701 = DIRECTION ( 'NONE',  ( 0.000000000000000000, 1.000000000000000000, 0.000000000000000000 ) ) ;
#3702 = FACE_OUTER_BOUND ( 'NONE', #1302, .T. ) ;
#3703 = EDGE_CURVE ( 'NONE', #184, #3182, #973, .T. ) ;
#3704 = ORIENTED_EDGE ( 'NONE', *, *, #3400, .T. ) ;
#3705 = AXIS2_PLACEMENT_3D ( 'NONE', #4178, #3079, #2354 ) ;
#3706 = EDGE_CURVE ( 'NONE', #2960, #1824, #2173, .T. ) ;
#3707 = FACE_OUTER_BOUND ( 'NONE', #2680, .T. ) ;
#3708 = VECTOR ( 'NONE', #1432, 1000.000000000000000 ) ;
#3709 = VECTOR ( 'NONE', #637, 1000.000000000000000 ) ;
#3710 = LINE ( 'NONE', #4752, #1107 ) ;
#3711 = ORIENTED_EDGE ( 'NONE', *, *, #2630, .T. ) ;
#3712 = CARTESIAN_POINT ( 'NONE',  ( 44.00000000000049738, 6.000000000000000000, -76.06723245182776338 ) ) ;
#3713 = ORIENTED_EDGE ( 'NONE', *, *, #2403, .F. ) ;
#3714 = AXIS2_PLACEMENT_3D ( 'NONE', #2351, #36, #4152 ) ;
#3715 = CARTESIAN_POINT ( 'NONE',  ( -10.67731239591681103, 82.29999999999999716, -8.677312395916921162 ) ) ;
#3716 = VECTOR ( 'NONE', #4504, 1000.000000000000000 ) ;
#3717 = DIRECTION ( 'NONE',  ( -0.7071067811865513475, 0.000000000000000000, 0.7071067811865437980 ) ) ;
#3718 = EDGE_LOOP ( 'NONE', ( #3778, #4180 ) ) ;
#3719 = PLANE ( 'NONE',  #4338 ) ;
#3720 = CARTESIAN_POINT ( 'NONE',  ( -30.00000000000000000, 8.900000000000000355, 15.98276754817199219 ) ) ;
#3721 = EDGE_CURVE ( 'NONE', #1204, #2431, #2094, .T. ) ;
#3722 = ORIENTED_EDGE ( 'NONE', *, *, #2954, .F. ) ;
#3723 = CARTESIAN_POINT ( 'NONE',  ( -64.47434386723108446, 15.00000000000000000, -14.69890133488453543 ) ) ;
#3724 = ORIENTED_EDGE ( 'NONE', *, *, #2868, .T. ) ;
#3725 = DIRECTION ( 'NONE',  ( -0.000000000000000000, -1.000000000000000000, -0.000000000000000000 ) ) ;
#3726 = DIRECTION ( 'NONE',  ( 0.000000000000000000, 0.000000000000000000, -1.000000000000000000 ) ) ;
#3727 = EDGE_CURVE ( 'NONE', #3393, #4877, #4860, .T. ) ;
#3728 = VERTEX_POINT ( 'NONE', #2176 ) ;
#3729 = DIRECTION ( 'NONE',  ( 0.000000000000000000, 0.000000000000000000, 1.000000000000000000 ) ) ;
#3730 = ADVANCED_FACE ( 'NONE', ( #3323 ), #4886, .F. ) ;
#3731 = ORIENTED_EDGE ( 'NONE', *, *, #4578, .T. ) ;
#3732 = DIRECTION ( 'NONE',  ( 0.000000000000000000, 0.000000000000000000, 1.000000000000000000 ) ) ;
#3733 = VECTOR ( 'NONE', #3917, 1000.000000000000000 ) ;
#3734 = ORIENTED_EDGE ( 'NONE', *, *, #3039, .T. ) ;
#3735 = SURFACE_SIDE_STYLE ('',( #1142 ) ) ;
#3736 = CYLINDRICAL_SURFACE ( 'NONE', #4473, 1.999999999999994893 ) ;
#3737 = CARTESIAN_POINT ( 'NONE',  ( -106.0000000000000142, 6.000000000000000000, -30.06723245182799076 ) ) ;
#3738 = EDGE_LOOP ( 'NONE', ( #4633, #4581, #2990, #1766 ) ) ;
#3739 = DIRECTION ( 'NONE',  ( 0.000000000000000000, 0.000000000000000000, -1.000000000000000000 ) ) ;
#3740 = CIRCLE ( 'NONE', #2631, 2.000000000000001776 ) ;
#3741 = CARTESIAN_POINT ( 'NONE',  ( -10.67731239591681103, 9.999999999999994671, -8.677312395916921162 ) ) ;
#3742 = DIRECTION ( 'NONE',  ( 0.7071067811865439090, 0.000000000000000000, 0.7071067811865512365 ) ) ;
#3743 = ORIENTED_EDGE ( 'NONE', *, *, #4734, .F. ) ;
#3744 = CARTESIAN_POINT ( 'NONE',  ( -30.00000000000000000, 82.29999999999999716, 13.93276754817199148 ) ) ;
#3745 = EDGE_LOOP ( 'NONE', ( #4560, #4754 ) ) ;
#3746 = CARTESIAN_POINT ( 'NONE',  ( 40.85786437626929057, 0.000000000000000000, -39.92509682809681948 ) ) ;
#3747 = CARTESIAN_POINT ( 'NONE',  ( -30.00000000000000000, 8.900000000000005684, 10.93276754817198970 ) ) ;
#3748 = ADVANCED_FACE ( 'NONE', ( #2222 ), #1726, .F. ) ;
#3749 = ORIENTED_EDGE ( 'NONE', *, *, #3363, .F. ) ;
#3750 = DIRECTION ( 'NONE',  ( 0.000000000000000000, 0.000000000000000000, -1.000000000000000000 ) ) ;
#3751 = VECTOR ( 'NONE', #687, 1000.000000000000000 ) ;
#3752 = ORIENTED_EDGE ( 'NONE', *, *, #80, .F. ) ;
#3753 = FACE_OUTER_BOUND ( 'NONE', #3523, .T. ) ;
#3754 = ADVANCED_FACE ( 'NONE', ( #4485 ), #3719, .F. ) ;
#3755 = ORIENTED_EDGE ( 'NONE', *, *, #3094, .T. ) ;
#3756 = CARTESIAN_POINT ( 'NONE',  ( -40.85786437626902057, 82.29999999999999716, -38.22509682809704401 ) ) ;
#3757 = CIRCLE ( 'NONE', #4415, 2.000000000000001776 ) ;
#3758 = CARTESIAN_POINT ( 'NONE',  ( 2.449293598294706119E-15, 50.10000000000000142, -20.00000000000000000 ) ) ;
#3759 = DIRECTION ( 'NONE',  ( 0.000000000000000000, 1.000000000000000000, 0.000000000000000000 ) ) ;
#3760 = EDGE_LOOP ( 'NONE', ( #2436, #4702 ) ) ;
#3761 = DIRECTION ( 'NONE',  ( 0.000000000000000000, 0.000000000000000000, -1.000000000000000000 ) ) ;
#3762 = EDGE_CURVE ( 'NONE', #2207, #1577, #1924, .T. ) ;
#3763 = AXIS2_PLACEMENT_3D ( 'NONE', #1597, #2825, #924 ) ;
#3764 = ADVANCED_FACE ( 'NONE', ( #2500 ), #4023, .F. ) ;
#3765 = CARTESIAN_POINT ( 'NONE',  ( -6.434671708797504053, 10.00000000000000000, 14.91995308303618550 ) ) ;
#3766 = DIRECTION ( 'NONE',  ( 0.000000000000000000, 1.000000000000000000, 0.000000000000000000 ) ) ;
#3767 = VECTOR ( 'NONE', #196, 1000.000000000000000 ) ;
#3768 = CIRCLE ( 'NONE', #1539, 5.050000000000002487 ) ;
#3769 = ORIENTED_EDGE ( 'NONE', *, *, #4104, .T. ) ;
#3770 = DIRECTION ( 'NONE',  ( -0.000000000000000000, -1.000000000000000000, -0.000000000000000000 ) ) ;
#3771 = VECTOR ( 'NONE', #1283, 1000.000000000000000 ) ;
#3772 = EDGE_LOOP ( 'NONE', ( #1503, #430, #4660, #1123 ) ) ;
#3773 = DIRECTION ( 'NONE',  ( 0.000000000000000000, 0.000000000000000000, -1.000000000000000000 ) ) ;
#3774 = FACE_OUTER_BOUND ( 'NONE', #311, .T. ) ;
#3775 = EDGE_CURVE ( 'NONE', #808, #2473, #4895, .T. ) ;
#3776 = EDGE_LOOP ( 'NONE', ( #3263, #2377 ) ) ;
#3777 = CARTESIAN_POINT ( 'NONE',  ( 30.00000000000000000, 0.000000000000000000, -79.06723245182800497 ) ) ;
#3778 = ORIENTED_EDGE ( 'NONE', *, *, #1005, .T. ) ;
#3779 = CYLINDRICAL_SURFACE ( 'NONE', #998, 1.600000000000004086 ) ;
#3780 = AXIS2_PLACEMENT_3D ( 'NONE', #1419, #1025, #1746 ) ;
#3781 = ORIENTED_EDGE ( 'NONE', *, *, #241, .T. ) ;
#3782 = DIRECTION ( 'NONE',  ( 0.000000000000000000, 1.000000000000000000, 0.000000000000000000 ) ) ;
#3783 = ORIENTED_EDGE ( 'NONE', *, *, #2577, .T. ) ;
#3784 = AXIS2_PLACEMENT_3D ( 'NONE', #4344, #3935, #1558 ) ;
#3785 = DIRECTION ( 'NONE',  ( -0.000000000000000000, -1.000000000000000000, -0.000000000000000000 ) ) ;
#3786 = CIRCLE ( 'NONE', #1956, 1.700000000000000178 ) ;
#3787 = EDGE_CURVE ( 'NONE', #395, #630, #4340, .T. ) ;
#3788 = DIRECTION ( 'NONE',  ( -0.000000000000000000, -1.000000000000000000, -0.000000000000000000 ) ) ;
#3789 = FACE_OUTER_BOUND ( 'NONE', #3084, .T. ) ;
#3790 = ORIENTED_EDGE ( 'NONE', *, *, #1714, .F. ) ;
#3791 = CARTESIAN_POINT ( 'NONE',  ( 14.91995308303607182, 10.00000000000000000, 6.434671708797656819 ) ) ;
#3792 = AXIS2_PLACEMENT_3D ( 'NONE', #4910, #1124, #1976 ) ;
#3793 = AXIS2_PLACEMENT_3D ( 'NONE', #192, #215, #3252 ) ;
#3794 = ORIENTED_EDGE ( 'NONE', *, *, #1957, .F. ) ;
#3795 = DIRECTION ( 'NONE',  ( -0.000000000000000000, -1.000000000000000000, -0.000000000000000000 ) ) ;
#3796 = AXIS2_PLACEMENT_3D ( 'NONE', #4402, #2121, #283 ) ;
#3797 = CIRCLE ( 'NONE', #2202, 1.600000000000004086 ) ;
#3798 = FACE_OUTER_BOUND ( 'NONE', #3718, .T. ) ;
#3799 = ORIENTED_EDGE ( 'NONE', *, *, #2296, .T. ) ;
#3800 = CARTESIAN_POINT ( 'NONE',  ( 64.47434386723108446, 0.000000000000000000, -14.69890133488453543 ) ) ;
#3801 = ADVANCED_FACE ( 'NONE', ( #3437 ), #3413, .F. ) ;
#3802 = AXIS2_PLACEMENT_3D ( 'NONE', #4883, #1047, #3645 ) ;
#3803 = VERTEX_POINT ( 'NONE', #2673 ) ;
#3804 = CARTESIAN_POINT ( 'NONE',  ( 0.000000000000000000, 82.29999999999999716, 0.000000000000000000 ) ) ;
#3805 = LINE ( 'NONE', #4240, #1801 ) ;
#3806 = DIRECTION ( 'NONE',  ( 1.000000000000000000, 0.000000000000000000, 3.083952846180988308E-16 ) ) ;
#3807 = ORIENTED_EDGE ( 'NONE', *, *, #2257, .T. ) ;
#3808 = DIRECTION ( 'NONE',  ( 1.000000000000000000, -0.000000000000000000, 3.083952846180989787E-16 ) ) ;
#3809 = ORIENTED_EDGE ( 'NONE', *, *, #1378, .T. ) ;
#3810 = EDGE_CURVE ( 'NONE', #4918, #1575, #26, .T. ) ;
#3811 = DIRECTION ( 'NONE',  ( -0.000000000000000000, -1.000000000000000000, -0.000000000000000000 ) ) ;
#3812 = DIRECTION ( 'NONE',  ( 0.000000000000000000, 0.000000000000000000, 1.000000000000000000 ) ) ;
#3813 = CARTESIAN_POINT ( 'NONE',  ( 30.00000000000000000, 15.00000000000000000, -76.06723245182800497 ) ) ;
#3814 = CIRCLE ( 'NONE', #1343, 1.999999999999996669 ) ;
#3815 = EDGE_LOOP ( 'NONE', ( #4799, #1181, #1659, #969, #2274 ) ) ;
#3816 = DIRECTION ( 'NONE',  ( 0.000000000000000000, -1.000000000000000000, 0.000000000000000000 ) ) ;
#3817 = ORIENTED_EDGE ( 'NONE', *, *, #1298, .T. ) ;
#3818 = ADVANCED_FACE ( 'NONE', ( #1122, #1518 ), #3046, .T. ) ;
#3819 = FACE_BOUND ( 'NONE', #4375, .T. ) ;
#3820 = ORIENTED_EDGE ( 'NONE', *, *, #4065, .T. ) ;
#3821 = AXIS2_PLACEMENT_3D ( 'NONE', #64, #13, #1522 ) ;
#3822 = ORIENTED_EDGE ( 'NONE', *, *, #677, .T. ) ;
#3823 = DIRECTION ( 'NONE',  ( 0.000000000000000000, 1.000000000000000000, 0.000000000000000000 ) ) ;
#3824 = EDGE_LOOP ( 'NONE', ( #4373, #2931, #249, #3299 ) ) ;
#3825 = DIRECTION ( 'NONE',  ( 0.7071067811865512365, 0.000000000000000000, -0.7071067811865439090 ) ) ;
#3826 = AXIS2_PLACEMENT_3D ( 'NONE', #4335, #3574, #163 ) ;
#3827 = AXIS2_PLACEMENT_3D ( 'NONE', #1190, #3458, #2041 ) ;
#3828 = DIRECTION ( 'NONE',  ( 0.000000000000000000, 0.000000000000000000, -1.000000000000000000 ) ) ;
#3829 = EDGE_CURVE ( 'NONE', #3331, #2315, #817, .T. ) ;
#3830 = CARTESIAN_POINT ( 'NONE',  ( -100.0000000000000142, 15.00000000000000000, -19.06723245182796944 ) ) ;
#3831 = VERTEX_POINT ( 'NONE', #1175 ) ;
#3832 = CARTESIAN_POINT ( 'NONE',  ( -10.67731239591680925, 10.00000000000000000, -10.67731239591691939 ) ) ;
#3833 = EDGE_LOOP ( 'NONE', ( #1464, #2807, #65, #3783 ) ) ;
#3834 = LINE ( 'NONE', #3016, #4044 ) ;
#3835 = ORIENTED_EDGE ( 'NONE', *, *, #1116, .F. ) ;
#3836 = DIRECTION ( 'NONE',  ( 0.000000000000000000, 0.000000000000000000, -1.000000000000000000 ) ) ;
#3837 = LINE ( 'NONE', #380, #1929 ) ;
#3838 = VERTEX_POINT ( 'NONE', #1943 ) ;
#3839 = FACE_OUTER_BOUND ( 'NONE', #765, .T. ) ;
#3840 = ORIENTED_EDGE ( 'NONE', *, *, #3525, .T. ) ;
#3841 = AXIS2_PLACEMENT_3D ( 'NONE', #3385, #3099, #8 ) ;
#3842 = CARTESIAN_POINT ( 'NONE',  ( 10.67731239591688386, 82.29999999999999716, -10.67731239591692294 ) ) ;
#3843 = ADVANCED_FACE ( 'NONE', ( #2621 ), #4532, .F. ) ;
#3844 = CARTESIAN_POINT ( 'NONE',  ( 69.14213562373099364, 15.00000000000000000, -68.20936807555891335 ) ) ;
#3845 = ORIENTED_EDGE ( 'NONE', *, *, #4183, .T. ) ;
#3846 = CARTESIAN_POINT ( 'NONE',  ( 0.000000000000000000, 82.29999999999999716, 0.000000000000000000 ) ) ;
#3847 = VERTEX_POINT ( 'NONE', #2727 ) ;
#3848 = FACE_BOUND ( 'NONE', #2074, .T. ) ;
#3849 = ADVANCED_FACE ( 'NONE', ( #2997 ), #1544, .F. ) ;
#3850 = VECTOR ( 'NONE', #2356, 1000.000000000000000 ) ;
#3851 = ORIENTED_EDGE ( 'NONE', *, *, #3496, .F. ) ;
#3852 = CARTESIAN_POINT ( 'NONE',  ( 64.47434386723108446, 15.00000000000000000, -14.69890133488453543 ) ) ;
#3853 = AXIS2_PLACEMENT_3D ( 'NONE', #871, #3490, #3511 ) ;
#3854 = DIRECTION ( 'NONE',  ( -1.000000000000000000, 0.000000000000000000, -2.545241293071531681E-16 ) ) ;
#3855 = ORIENTED_EDGE ( 'NONE', *, *, #4358, .T. ) ;
#3856 = CARTESIAN_POINT ( 'NONE',  ( -10.67731239591681103, 9.999999999999994671, -10.67731239591692294 ) ) ;
#3857 = ORIENTED_EDGE ( 'NONE', *, *, #4536, .T. ) ;
#3858 = LINE ( 'NONE', #1266, #2080 ) ;
#3859 = DIRECTION ( 'NONE',  ( 0.000000000000000000, -0.000000000000000000, -1.000000000000000000 ) ) ;
#3860 = LINE ( 'NONE', #1967, #149 ) ;
#3861 = EDGE_LOOP ( 'NONE', ( #2560, #1879, #4699, #2101 ) ) ;
#3862 = CARTESIAN_POINT ( 'NONE',  ( 0.000000000000000000, 82.29999999999999716, -21.50000000000000000 ) ) ;
#3863 = DIRECTION ( 'NONE',  ( 0.000000000000000000, 0.000000000000000000, 1.000000000000000000 ) ) ;
#3864 = ORIENTED_EDGE ( 'NONE', *, *, #257, .T. ) ;
#3865 = DIRECTION ( 'NONE',  ( 0.000000000000000000, 0.000000000000000000, 1.000000000000000000 ) ) ;
#3866 = ORIENTED_EDGE ( 'NONE', *, *, #709, .T. ) ;
#3867 = CIRCLE ( 'NONE', #1157, 10.00000000000000888 ) ;
#3868 = DIRECTION ( 'NONE',  ( 0.000000000000000000, -1.000000000000000000, 0.000000000000000000 ) ) ;
#3869 = AXIS2_PLACEMENT_3D ( 'NONE', #3231, #4743, #1354 ) ;
#3870 = CARTESIAN_POINT ( 'NONE',  ( -6.434671708797504053, 0.000000000000000000, -14.91995308303618550 ) ) ;
#3871 = VECTOR ( 'NONE', #620, 1000.000000000000000 ) ;
#3872 = ORIENTED_EDGE ( 'NONE', *, *, #3083, .F. ) ;
#3873 = DIRECTION ( 'NONE',  ( 0.000000000000000000, 0.000000000000000000, 1.000000000000000000 ) ) ;
#3874 = ORIENTED_EDGE ( 'NONE', *, *, #4002, .T. ) ;
#3875 = EDGE_CURVE ( 'NONE', #626, #2776, #273, .T. ) ;
#3876 = AXIS2_PLACEMENT_3D ( 'NONE', #3896, #4280, #3949 ) ;
#3877 = CARTESIAN_POINT ( 'NONE',  ( 54.99999999999998579, 15.00000000000000000, -54.06723245182797655 ) ) ;
#3878 = UNCERTAINTY_MEASURE_WITH_UNIT (LENGTH_MEASURE( 1.000000000000000082E-05 ), #1426, 'distance_accuracy_value', 'NONE');
#3879 = ORIENTED_EDGE ( 'NONE', *, *, #928, .F. ) ;
#3880 = DIRECTION ( 'NONE',  ( -0.000000000000000000, -1.000000000000000000, -0.000000000000000000 ) ) ;
#3881 = AXIS2_PLACEMENT_3D ( 'NONE', #2497, #993, #4020 ) ;
#3882 = ADVANCED_FACE ( 'NONE', ( #3839 ), #4199, .F. ) ;
#3883 = CARTESIAN_POINT ( 'NONE',  ( 55.00000000000023448, 0.000000000000000000, -32.46723245182754880 ) ) ;
#3884 = DIRECTION ( 'NONE',  ( 0.000000000000000000, 0.000000000000000000, 1.000000000000000000 ) ) ;
#3885 = ORIENTED_EDGE ( 'NONE', *, *, #2570, .T. ) ;
#3886 = DIRECTION ( 'NONE',  ( 0.000000000000000000, 0.000000000000000000, 1.000000000000000000 ) ) ;
#3887 = CARTESIAN_POINT ( 'NONE',  ( 55.00000000000049738, 4.000000000000000000, -70.46723245182754169 ) ) ;
#3888 = FACE_OUTER_BOUND ( 'NONE', #3772, .T. ) ;
#3889 = EDGE_CURVE ( 'NONE', #626, #2141, #798, .T. ) ;
#3890 = ORIENTED_EDGE ( 'NONE', *, *, #1860, .F. ) ;
#3891 = CYLINDRICAL_SURFACE ( 'NONE', #952, 2.000000000000003553 ) ;
#3892 = CARTESIAN_POINT ( 'NONE',  ( -69.14213562373099364, 6.000000000000000000, -68.20936807555891335 ) ) ;
#3893 = VERTEX_POINT ( 'NONE', #4151 ) ;
#3894 = FACE_OUTER_BOUND ( 'NONE', #645, .T. ) ;
#3895 = ORIENTED_EDGE ( 'NONE', *, *, #3130, .F. ) ;
#3896 = CARTESIAN_POINT ( 'NONE',  ( 55.00000000000023448, 4.000000000000000000, -34.06723245182754312 ) ) ;
#3897 = AXIS2_PLACEMENT_3D ( 'NONE', #4861, #2955, #264 ) ;
#3898 = FACE_OUTER_BOUND ( 'NONE', #3633, .T. ) ;
#3899 = ORIENTED_EDGE ( 'NONE', *, *, #2708, .T. ) ;
#3900 = LINE ( 'NONE', #189, #2358 ) ;
#3901 = CARTESIAN_POINT ( 'NONE',  ( -14.91995308303611800, 10.00000000000000000, 6.434671708797656819 ) ) ;
#3902 = AXIS2_PLACEMENT_3D ( 'NONE', #4635, #3766, #1845 ) ;
#3903 = EDGE_LOOP ( 'NONE', ( #526, #4278, #3711, #3675 ) ) ;
#3904 = CARTESIAN_POINT ( 'NONE',  ( -10.67731239591681103, 9.999999999999994671, 10.67731239591692116 ) ) ;
#3905 = ORIENTED_EDGE ( 'NONE', *, *, #3915, .T. ) ;
#3906 = AXIS2_PLACEMENT_3D ( 'NONE', #1322, #465, #1977 ) ;
#3907 = CIRCLE ( 'NONE', #2151, 1.999999999999994893 ) ;
#3908 = DIRECTION ( 'NONE',  ( 0.000000000000000000, -0.000000000000000000, 1.000000000000000000 ) ) ;
#3909 = ADVANCED_FACE ( 'NONE', ( #774 ), #2702, .T. ) ;
#3910 = CARTESIAN_POINT ( 'NONE',  ( -40.85786437626902057, 6.000000000000000000, -39.92509682809703975 ) ) ;
#3911 = ORIENTED_EDGE ( 'NONE', *, *, #2770, .T. ) ;
#3912 = CARTESIAN_POINT ( 'NONE',  ( 1.502357137075270854, 10.00000000000000000, -9.987638511313830847 ) ) ;
#3913 = CARTESIAN_POINT ( 'NONE',  ( 69.14213562373099364, 6.000000000000005329, -66.50936807555892472 ) ) ;
#3914 = DIRECTION ( 'NONE',  ( -3.083952846180989787E-16, 0.000000000000000000, 1.000000000000000000 ) ) ;
#3915 = EDGE_CURVE ( 'NONE', #4171, #2028, #2247, .T. ) ;
#3916 = ORIENTED_EDGE ( 'NONE', *, *, #2082, .T. ) ;
#3917 = DIRECTION ( 'NONE',  ( -0.000000000000000000, -1.000000000000000000, -0.000000000000000000 ) ) ;
#3918 = CARTESIAN_POINT ( 'NONE',  ( -95.00000000000001421, 0.000000000000000000, -73.66723245182798507 ) ) ;
#3919 = ORIENTED_EDGE ( 'NONE', *, *, #262, .T. ) ;
#3920 = CARTESIAN_POINT ( 'NONE',  ( 69.14213562373146260, 0.000000000000000000, -68.20936807555847281 ) ) ;
#3921 = ORIENTED_EDGE ( 'NONE', *, *, #2734, .F. ) ;
#3922 = CARTESIAN_POINT ( 'NONE',  ( 14.91995308303615886, 10.00000000000000000, -6.434671708797656819 ) ) ;
#3923 = AXIS2_PLACEMENT_3D ( 'NONE', #4841, #1477, #4137 ) ;
#3924 = ADVANCED_FACE ( 'NONE', ( #353 ), #1864, .F. ) ;
#3925 = CARTESIAN_POINT ( 'NONE',  ( -69.14213562373099364, 6.000000000000000000, -42.77509682809703406 ) ) ;
#3926 = ORIENTED_EDGE ( 'NONE', *, *, #3698, .T. ) ;
#3927 = CARTESIAN_POINT ( 'NONE',  ( 69.14213562373126365, 0.000000000000000000, -39.92509682809659211 ) ) ;
#3928 = EDGE_CURVE ( 'NONE', #4207, #2504, #3209, .T. ) ;
#3929 = LINE ( 'NONE', #4288, #3771 ) ;
#3930 = AXIS2_PLACEMENT_3D ( 'NONE', #2073, #4379, #2450 ) ;
#3931 = CYLINDRICAL_SURFACE ( 'NONE', #4845, 1.600000000000004086 ) ;
#3932 = EDGE_LOOP ( 'NONE', ( #244, #3432, #1077, #1220 ) ) ;
#3933 = CIRCLE ( 'NONE', #2820, 10.09999999999999964 ) ;
#3934 = EDGE_CURVE ( 'NONE', #4080, #3699, #3757, .T. ) ;
#3935 = DIRECTION ( 'NONE',  ( -0.7071067811865536790, 0.000000000000000000, 0.7071067811865414665 ) ) ;
#3936 = CIRCLE ( 'NONE', #2103, 1.700000000000000178 ) ;
#3937 = DIRECTION ( 'NONE',  ( -0.000000000000000000, -1.000000000000000000, -0.000000000000000000 ) ) ;
#3938 = AXIS2_PLACEMENT_3D ( 'NONE', #43, #93, #3773 ) ;
#3939 = ORIENTED_EDGE ( 'NONE', *, *, #663, .T. ) ;
#3940 = EDGE_CURVE ( 'NONE', #721, #3650, #3542, .T. ) ;
#3941 = CYLINDRICAL_SURFACE ( 'NONE', #3827, 5.049999999999998934 ) ;
#3942 = FACE_OUTER_BOUND ( 'NONE', #4290, .T. ) ;
#3943 = DIRECTION ( 'NONE',  ( -0.000000000000000000, 1.000000000000000000, -0.000000000000000000 ) ) ;
#3944 = DIRECTION ( 'NONE',  ( -0.000000000000000000, 1.000000000000000000, -0.000000000000000000 ) ) ;
#3945 = ORIENTED_EDGE ( 'NONE', *, *, #440, .T. ) ;
#3946 = DIRECTION ( 'NONE',  ( 0.000000000000000000, 0.000000000000000000, 1.000000000000000000 ) ) ;
#3947 = ORIENTED_EDGE ( 'NONE', *, *, #471, .T. ) ;
#3948 = EDGE_CURVE ( 'NONE', #4264, #3547, #734, .T. ) ;
#3949 = DIRECTION ( 'NONE',  ( 0.000000000000000000, 0.000000000000000000, -1.000000000000000000 ) ) ;
#3950 = LINE ( 'NONE', #187, #3111 ) ;
#3951 = EDGE_LOOP ( 'NONE', ( #1975, #4219, #1963, #3879 ) ) ;
#3952 = CARTESIAN_POINT ( 'NONE',  ( -55.00000000000000711, 15.00000000000000000, -40.56723245182795523 ) ) ;
#3953 = AXIS2_PLACEMENT_3D ( 'NONE', #4661, #1231, #3129 ) ;
#3954 = DIRECTION ( 'NONE',  ( 0.000000000000000000, -0.000000000000000000, -1.000000000000000000 ) ) ;
#3955 = VECTOR ( 'NONE', #2766, 1000.000000000000000 ) ;
#3956 = AXIS2_PLACEMENT_3D ( 'NONE', #4728, #3568, #2347 ) ;
#3957 = EDGE_CURVE ( 'NONE', #3847, #778, #4330, .T. ) ;
#3958 = CARTESIAN_POINT ( 'NONE',  ( -30.00000000000000000, 82.29999999999999716, 10.93276754817198970 ) ) ;
#3959 = VECTOR ( 'NONE', #1202, 1000.000000000000000 ) ;
#3960 = EDGE_LOOP ( 'NONE', ( #2040, #2416, #1909, #2420 ) ) ;
#3961 = AXIS2_PLACEMENT_3D ( 'NONE', #470, #20, #3828 ) ;
#3962 = CARTESIAN_POINT ( 'NONE',  ( -40.85786437626900636, 15.00000000000000000, -69.90936807555891619 ) ) ;
#3963 = CIRCLE ( 'NONE', #3086, 2.849999999999998312 ) ;
#3964 = EDGE_LOOP ( 'NONE', ( #864, #902 ) ) ;
#3965 = DIRECTION ( 'NONE',  ( -0.000000000000000000, -1.000000000000000000, 0.000000000000000000 ) ) ;
#3966 = VERTEX_POINT ( 'NONE', #2049 ) ;
#3967 = CARTESIAN_POINT ( 'NONE',  ( -110.0000000000000000, 0.000000000000000000, -29.06723245182796234 ) ) ;
#3968 = CARTESIAN_POINT ( 'NONE',  ( -40.85786437626902057, 82.29999999999999716, -41.62509682809704259 ) ) ;
#3969 = CARTESIAN_POINT ( 'NONE',  ( 30.00000000000000000, 82.29999999999999716, -79.06723245182800497 ) ) ;
#3970 = CARTESIAN_POINT ( 'NONE',  ( 54.99999999999998579, 0.000000000000000000, -40.56723245182827498 ) ) ;
#3971 = ORIENTED_EDGE ( 'NONE', *, *, #1826, .F. ) ;
#3972 = DIRECTION ( 'NONE',  ( 0.000000000000000000, -1.000000000000000000, 0.000000000000000000 ) ) ;
#3973 = ORIENTED_EDGE ( 'NONE', *, *, #4403, .F. ) ;
#3974 = DIRECTION ( 'NONE',  ( 0.000000000000000000, 0.000000000000000000, 1.000000000000000000 ) ) ;
#3975 = DIRECTION ( 'NONE',  ( 0.000000000000000000, -1.000000000000000000, 0.000000000000000000 ) ) ;
#3976 = ORIENTED_EDGE ( 'NONE', *, *, #4266, .F. ) ;
#3977 = LINE ( 'NONE', #4312, #2593 ) ;
#3978 = EDGE_CURVE ( 'NONE', #3966, #1790, #4168, .T. ) ;
#3979 = CARTESIAN_POINT ( 'NONE',  ( 40.85786437626929057, 0.000000000000000000, -39.92509682809681948 ) ) ;
#3980 = CARTESIAN_POINT ( 'NONE',  ( -10.67731239591681103, 9.999999999999994671, 8.677312395916921162 ) ) ;
#3981 = EDGE_CURVE ( 'NONE', #4565, #3728, #2011, .T. ) ;
#3982 = VECTOR ( 'NONE', #3492, 1000.000000000000000 ) ;
#3983 = CARTESIAN_POINT ( 'NONE',  ( 69.14213562373099364, 82.29999999999999716, -39.92509682809703975 ) ) ;
#3984 = AXIS2_PLACEMENT_3D ( 'NONE', #4759, #1600, #4659 ) ;
#3985 = CYLINDRICAL_SURFACE ( 'NONE', #4097, 5.050000000000002487 ) ;
#3986 = CIRCLE ( 'NONE', #881, 1.700000000000007061 ) ;
#3987 = EDGE_LOOP ( 'NONE', ( #41, #3794, #3840, #2034 ) ) ;
#3988 = EDGE_CURVE ( 'NONE', #4653, #2996, #4817, .T. ) ;
#3989 = CARTESIAN_POINT ( 'NONE',  ( 106.0000000000005116, 6.000000000000000000, -76.06723245182732285 ) ) ;
#3990 = ORIENTED_EDGE ( 'NONE', *, *, #2362, .T. ) ;
#3991 = FACE_OUTER_BOUND ( 'NONE', #4093, .T. ) ;
#3992 = DIRECTION ( 'NONE',  ( -0.000000000000000000, -1.000000000000000000, -0.000000000000000000 ) ) ;
#3993 = ORIENTED_EDGE ( 'NONE', *, *, #3621, .T. ) ;
#3994 = CARTESIAN_POINT ( 'NONE',  ( 55.00000000000023448, 4.000000000000000000, -32.46723245182754880 ) ) ;
#3995 = ORIENTED_EDGE ( 'NONE', *, *, #3185, .T. ) ;
#3996 = CARTESIAN_POINT ( 'NONE',  ( -106.0000000000000142, 6.000000000000000000, -32.06723245182798365 ) ) ;
#3997 = DIRECTION ( 'NONE',  ( 0.000000000000000000, 0.000000000000000000, 1.000000000000000000 ) ) ;
#3998 = ORIENTED_EDGE ( 'NONE', *, *, #677, .F. ) ;
#3999 = ORIENTED_EDGE ( 'NONE', *, *, #1542, .F. ) ;
#4000 = DIRECTION ( 'NONE',  ( 0.000000000000000000, 0.000000000000000000, 1.000000000000000000 ) ) ;
#4001 = DIRECTION ( 'NONE',  ( 0.000000000000000000, 0.000000000000000000, -1.000000000000000000 ) ) ;
#4002 = EDGE_CURVE ( 'NONE', #3500, #3352, #2330, .T. ) ;
#4003 = AXIS2_PLACEMENT_3D ( 'NONE', #2937, #318, #4469 ) ;
#4004 = DIRECTION ( 'NONE',  ( 0.000000000000000000, 0.000000000000000000, -1.000000000000000000 ) ) ;
#4005 = VERTEX_POINT ( 'NONE', #903 ) ;
#4006 = DIRECTION ( 'NONE',  ( 0.000000000000000000, -1.000000000000000000, 0.000000000000000000 ) ) ;
#4007 = EDGE_CURVE ( 'NONE', #81, #2138, #1772, .T. ) ;
#4008 = CYLINDRICAL_SURFACE ( 'NONE', #1243, 1.700000000000000178 ) ;
#4009 = AXIS2_PLACEMENT_3D ( 'NONE', #4077, #4129, #652 ) ;
#4010 = CIRCLE ( 'NONE', #3763, 1.700000000000007061 ) ;
#4011 = ORIENTED_EDGE ( 'NONE', *, *, #2966, .T. ) ;
#4012 = FACE_BOUND ( 'NONE', #2646, .T. ) ;
#4013 = AXIS2_PLACEMENT_3D ( 'NONE', #4127, #698, #796 ) ;
#4014 = VERTEX_POINT ( 'NONE', #1296 ) ;
#4015 = CARTESIAN_POINT ( 'NONE',  ( 10.67731239591688386, 9.999999999999994671, -8.677312395916924714 ) ) ;
#4016 = LINE ( 'NONE', #596, #4441 ) ;
#4017 = EDGE_LOOP ( 'NONE', ( #4615, #3414 ) ) ;
#4018 = FACE_OUTER_BOUND ( 'NONE', #2826, .T. ) ;
#4019 = ORIENTED_EDGE ( 'NONE', *, *, #1916, .F. ) ;
#4020 = DIRECTION ( 'NONE',  ( 0.000000000000000000, 0.000000000000000000, -1.000000000000000000 ) ) ;
#4021 = CARTESIAN_POINT ( 'NONE',  ( -40.85786437626902057, 0.000000000000000000, -39.92509682809703975 ) ) ;
#4022 = EDGE_LOOP ( 'NONE', ( #2886, #3276, #1138, #1834 ) ) ;
#4023 = PLANE ( 'NONE',  #3685 ) ;
#4024 = CYLINDRICAL_SURFACE ( 'NONE', #4524, 2.000000000000001776 ) ;
#4025 = VERTEX_POINT ( 'NONE', #2424 ) ;
#4026 = DIRECTION ( 'NONE',  ( -0.000000000000000000, -1.000000000000000000, -0.000000000000000000 ) ) ;
#4027 = VERTEX_POINT ( 'NONE', #460 ) ;
#4028 = ORIENTED_EDGE ( 'NONE', *, *, #4471, .T. ) ;
#4029 = CIRCLE ( 'NONE', #3953, 2.000000000000001776 ) ;
#4030 = CARTESIAN_POINT ( 'NONE',  ( 69.14213562373126365, 6.000000000000000000, -37.07509682809659068 ) ) ;
#4031 = CARTESIAN_POINT ( 'NONE',  ( 100.0000000000000142, 15.00000000000000000, -84.06723245182797655 ) ) ;
#4032 = VECTOR ( 'NONE', #2563, 1000.000000000000000 ) ;
#4033 = VECTOR ( 'NONE', #3944, 1000.000000000000000 ) ;
#4034 = ADVANCED_FACE ( 'NONE', ( #3894 ), #108, .F. ) ;
#4035 = ORIENTED_EDGE ( 'NONE', *, *, #3032, .F. ) ;
#4036 = AXIS2_PLACEMENT_3D ( 'NONE', #3996, #2829, #2475 ) ;
#4037 = CARTESIAN_POINT ( 'NONE',  ( -95.00000000000001421, 4.000000000000000000, -32.46723245182798223 ) ) ;
#4038 = VECTOR ( 'NONE', #1160, 1000.000000000000000 ) ;
#4039 = DIRECTION ( 'NONE',  ( -0.000000000000000000, -1.000000000000000000, -0.000000000000000000 ) ) ;
#4040 = CARTESIAN_POINT ( 'NONE',  ( 10.67731239591688386, 9.999999999999994671, -10.67731239591692294 ) ) ;
#4041 = ORIENTED_EDGE ( 'NONE', *, *, #2524, .F. ) ;
#4042 = DIRECTION ( 'NONE',  ( 0.000000000000000000, -1.000000000000000000, 0.000000000000000000 ) ) ;
#4043 = EDGE_CURVE ( 'NONE', #4918, #1708, #3570, .T. ) ;
#4044 = VECTOR ( 'NONE', #4526, 1000.000000000000000 ) ;
#4045 = VERTEX_POINT ( 'NONE', #1696 ) ;
#4046 = ADVANCED_FACE ( 'NONE', ( #1622 ), #3149, .F. ) ;
#4047 = CARTESIAN_POINT ( 'NONE',  ( 1.502357137075136961, 9.999999999999994671, 9.987638511313843281 ) ) ;
#4048 = CARTESIAN_POINT ( 'NONE',  ( -40.85786437626902057, 0.000000000000000000, -37.07509682809704543 ) ) ;
#4049 = ORIENTED_EDGE ( 'NONE', *, *, #2146, .T. ) ;
#4050 = DIRECTION ( 'NONE',  ( -0.000000000000000000, -1.000000000000000000, -0.000000000000000000 ) ) ;
#4051 = ADVANCED_FACE ( 'NONE', ( #4682 ), #160, .F. ) ;
#4052 = LINE ( 'NONE', #605, #4844 ) ;
#4053 = ORIENTED_EDGE ( 'NONE', *, *, #4842, .F. ) ;
#4054 = DIRECTION ( 'NONE',  ( -0.000000000000000000, -1.000000000000000000, -0.000000000000000000 ) ) ;
#4055 = EDGE_LOOP ( 'NONE', ( #2801, #1459, #759, #3864 ) ) ;
#4056 = EDGE_LOOP ( 'NONE', ( #4908, #1973 ) ) ;
#4057 = CYLINDRICAL_SURFACE ( 'NONE', #2339, 1.999999999999996669 ) ;
#4058 = DIRECTION ( 'NONE',  ( 0.5631668883056560881, 0.000000000000000000, 0.8263431828944465263 ) ) ;
#4059 = LINE ( 'NONE', #3256, #3709 ) ;
#4060 = EDGE_CURVE ( 'NONE', #1688, #4401, #3288, .T. ) ;
#4061 = VECTOR ( 'NONE', #157, 1000.000000000000000 ) ;
#4062 = ORIENTED_EDGE ( 'NONE', *, *, #2419, .T. ) ;
#4063 = AXIS2_PLACEMENT_3D ( 'NONE', #1540, #1861, #3812 ) ;
#4064 = FACE_BOUND ( 'NONE', #1252, .T. ) ;
#4065 = EDGE_CURVE ( 'NONE', #2726, #1386, #4010, .T. ) ;
#4066 = CIRCLE ( 'NONE', #2, 1.700000000000000178 ) ;
#4067 = DIRECTION ( 'NONE',  ( 0.000000000000000000, 0.000000000000000000, 1.000000000000000000 ) ) ;
#4068 = DIRECTION ( 'NONE',  ( 0.000000000000000000, 0.000000000000000000, -1.000000000000000000 ) ) ;
#4069 = ORIENTED_EDGE ( 'NONE', *, *, #4734, .T. ) ;
#4070 = CARTESIAN_POINT ( 'NONE',  ( -69.14213562373099364, 6.000000000000000000, -39.92509682809703264 ) ) ;
#4071 = VERTEX_POINT ( 'NONE', #3123 ) ;
#4072 = AXIS2_PLACEMENT_3D ( 'NONE', #3268, #1389, #2974 ) ;
#4073 = AXIS2_PLACEMENT_3D ( 'NONE', #3192, #2721, #4646 ) ;
#4074 = CYLINDRICAL_SURFACE ( 'NONE', #3643, 1.600000000000004086 ) ;
#4075 = DIRECTION ( 'NONE',  ( 0.000000000000000000, -1.000000000000000000, 0.000000000000000000 ) ) ;
#4076 = VERTEX_POINT ( 'NONE', #3594 ) ;
#4077 = CARTESIAN_POINT ( 'NONE',  ( -69.14213562373099364, 6.000000000000005329, -39.92509682809703264 ) ) ;
#4078 = DIRECTION ( 'NONE',  ( -0.000000000000000000, -1.000000000000000000, -0.000000000000000000 ) ) ;
#4079 = ADVANCED_FACE ( 'NONE', ( #2378 ), #2780, .F. ) ;
#4080 = VERTEX_POINT ( 'NONE', #3712 ) ;
#4081 = FACE_OUTER_BOUND ( 'NONE', #2634, .T. ) ;
#4082 = VERTEX_POINT ( 'NONE', #4426 ) ;
#4083 = ORIENTED_EDGE ( 'NONE', *, *, #2539, .T. ) ;
#4084 = CARTESIAN_POINT ( 'NONE',  ( 55.00000000000023448, 0.000000000000000000, -34.06723245182754312 ) ) ;
#4085 = CARTESIAN_POINT ( 'NONE',  ( -40.85786437626900636, 6.000000000000000000, -71.05936807555890766 ) ) ;
#4086 = DIRECTION ( 'NONE',  ( 0.000000000000000000, -1.000000000000000000, 0.000000000000000000 ) ) ;
#4087 = ORIENTED_EDGE ( 'NONE', *, *, #4904, .F. ) ;
#4088 = EDGE_CURVE ( 'NONE', #1796, #275, #4454, .T. ) ;
#4089 = VECTOR ( 'NONE', #1890, 1000.000000000000000 ) ;
#4090 = CARTESIAN_POINT ( 'NONE',  ( -1.337789466601234095E-15, 0.000000000000000000, -3.469446951953614189E-15 ) ) ;
#4091 = CARTESIAN_POINT ( 'NONE',  ( 9.987638511313807754, 10.00000000000000000, 1.502357137075304383 ) ) ;
#4092 = AXIS2_PLACEMENT_3D ( 'NONE', #3832, #1857, #4143 ) ;
#4093 = EDGE_LOOP ( 'NONE', ( #243, #3890, #4501, #363 ) ) ;
#4094 = DIRECTION ( 'NONE',  ( 0.000000000000000000, -1.000000000000000000, 0.000000000000000000 ) ) ;
#4095 = ORIENTED_EDGE ( 'NONE', *, *, #1808, .T. ) ;
#4096 = ADVANCED_FACE ( 'NONE', ( #2169 ), #3687, .F. ) ;
#4097 = AXIS2_PLACEMENT_3D ( 'NONE', #570, #2995, #1147 ) ;
#4098 = CARTESIAN_POINT ( 'NONE',  ( 95.00000000000051159, 4.000000000000000000, -70.46723245182731432 ) ) ;
#4099 = VECTOR ( 'NONE', #3423, 1000.000000000000000 ) ;
#4100 = DIRECTION ( 'NONE',  ( 0.000000000000000000, 0.000000000000000000, 1.000000000000000000 ) ) ;
#4101 = EDGE_LOOP ( 'NONE', ( #1495, #3686 ) ) ;
#4102 = DIRECTION ( 'NONE',  ( 0.000000000000000000, -1.000000000000000000, 0.000000000000000000 ) ) ;
#4103 = AXIS2_PLACEMENT_3D ( 'NONE', #2484, #4006, #3654 ) ;
#4104 = EDGE_CURVE ( 'NONE', #1386, #2726, #1060, .T. ) ;
#4105 = CARTESIAN_POINT ( 'NONE',  ( -69.14213562373099364, 15.00000000000000000, -66.50936807555892472 ) ) ;
#4106 = ORIENTED_EDGE ( 'NONE', *, *, #1341, .T. ) ;
#4107 = LINE ( 'NONE', #4465, #3166 ) ;
#4108 = ORIENTED_EDGE ( 'NONE', *, *, #4299, .F. ) ;
#4109 = LINE ( 'NONE', #3008, #3 ) ;
#4110 = DIRECTION ( 'NONE',  ( 0.000000000000000000, -1.000000000000000000, 0.000000000000000000 ) ) ;
#4111 = EDGE_CURVE ( 'NONE', #717, #3376, #3933, .T. ) ;
#4112 = LINE ( 'NONE', #2585, #3632 ) ;
#4113 = EDGE_LOOP ( 'NONE', ( #4573, #2388, #2842, #2895 ) ) ;
#4114 = AXIS2_PLACEMENT_3D ( 'NONE', #4689, #1281, #2785 ) ;
#4115 = DIRECTION ( 'NONE',  ( 0.000000000000000000, 0.000000000000000000, 1.000000000000000000 ) ) ;
#4116 = AXIS2_PLACEMENT_3D ( 'NONE', #1064, #2588, #4115 ) ;
#4117 = CIRCLE ( 'NONE', #1162, 21.50000000000000000 ) ;
#4118 = ORIENTED_EDGE ( 'NONE', *, *, #316, .T. ) ;
#4119 = FACE_OUTER_BOUND ( 'NONE', #320, .T. ) ;
#4120 = ORIENTED_EDGE ( 'NONE', *, *, #617, .F. ) ;
#4121 = AXIS2_PLACEMENT_3D ( 'NONE', #2297, #409, #3440 ) ;
#4122 = VECTOR ( 'NONE', #1752, 1000.000000000000000 ) ;
#4123 = LINE ( 'NONE', #258, #3716 ) ;
#4124 = ADVANCED_FACE ( 'NONE', ( #4854 ), #598, .T. ) ;
#4125 = CIRCLE ( 'NONE', #1657, 1.699999999999993072 ) ;
#4126 = DIRECTION ( 'NONE',  ( 0.000000000000000000, 0.000000000000000000, 1.000000000000000000 ) ) ;
#4127 = CARTESIAN_POINT ( 'NONE',  ( -30.00000000000000000, 15.00000000000000000, 10.93276754817198970 ) ) ;
#4128 = EDGE_LOOP ( 'NONE', ( #4253, #4672, #2803, #3652 ) ) ;
#4129 = DIRECTION ( 'NONE',  ( -0.000000000000000000, 1.000000000000000000, -0.000000000000000000 ) ) ;
#4130 = FACE_OUTER_BOUND ( 'NONE', #1014, .T. ) ;
#4131 = EDGE_CURVE ( 'NONE', #2431, #1204, #1370, .T. ) ;
#4132 = ORIENTED_EDGE ( 'NONE', *, *, #2946, .F. ) ;
#4133 = ORIENTED_EDGE ( 'NONE', *, *, #2238, .T. ) ;
#4134 = DIRECTION ( 'NONE',  ( -0.000000000000000000, -1.000000000000000000, -0.000000000000000000 ) ) ;
#4135 = VERTEX_POINT ( 'NONE', #3264 ) ;
#4136 = FACE_OUTER_BOUND ( 'NONE', #3815, .T. ) ;
#4137 = DIRECTION ( 'NONE',  ( 0.000000000000000000, 0.000000000000000000, -1.000000000000000000 ) ) ;
#4138 = EDGE_CURVE ( 'NONE', #4777, #114, #4898, .T. ) ;
#4139 = VERTEX_POINT ( 'NONE', #1360 ) ;
#4140 = AXIS2_PLACEMENT_3D ( 'NONE', #4387, #2480, #4001 ) ;
#4141 = CARTESIAN_POINT ( 'NONE',  ( -44.00000000000000000, 6.000000000000000000, -74.06723245182799076 ) ) ;
#4142 = ORIENTED_EDGE ( 'NONE', *, *, #4408, .F. ) ;
#4143 = DIRECTION ( 'NONE',  ( 0.000000000000000000, 0.000000000000000000, -1.000000000000000000 ) ) ;
#4144 = ADVANCED_FACE ( 'NONE', ( #2096 ), #2894, .F. ) ;
#4145 = VECTOR ( 'NONE', #965, 1000.000000000000000 ) ;
#4146 = ORIENTED_EDGE ( 'NONE', *, *, #3278, .T. ) ;
#4147 = CYLINDRICAL_SURFACE ( 'NONE', #2206, 2.849999999999991651 ) ;
#4148 = CARTESIAN_POINT ( 'NONE',  ( 40.85786437626946821, 6.000000000000000000, -68.20936807555868597 ) ) ;
#4149 = DIRECTION ( 'NONE',  ( 0.000000000000000000, -1.000000000000000000, 0.000000000000000000 ) ) ;
#4150 = EDGE_LOOP ( 'NONE', ( #3688, #3348 ) ) ;
#4151 = CARTESIAN_POINT ( 'NONE',  ( 95.00000000000024158, 4.000000000000000000, -35.66723245182732427 ) ) ;
#4152 = DIRECTION ( 'NONE',  ( 0.000000000000000000, 0.000000000000000000, 1.000000000000000000 ) ) ;
#4153 = DIRECTION ( 'NONE',  ( 0.000000000000000000, 0.000000000000000000, -1.000000000000000000 ) ) ;
#4154 = CARTESIAN_POINT ( 'NONE',  ( 30.00000000000000000, 8.900000000000005684, 10.93276754817198970 ) ) ;
#4155 = ORIENTED_EDGE ( 'NONE', *, *, #1636, .F. ) ;
#4156 = DIRECTION ( 'NONE',  ( 0.000000000000000000, 1.000000000000000000, 0.000000000000000000 ) ) ;
#4157 = CARTESIAN_POINT ( 'NONE',  ( -9.987638511313818412, 10.00000000000000000, -1.502357137075304383 ) ) ;
#4158 = ORIENTED_EDGE ( 'NONE', *, *, #3133, .T. ) ;
#4159 = CARTESIAN_POINT ( 'NONE',  ( -40.85786437626902057, 6.000000000000000000, -39.92509682809703975 ) ) ;
#4160 = EDGE_LOOP ( 'NONE', ( #290, #1667 ) ) ;
#4161 = EDGE_CURVE ( 'NONE', #34, #3371, #2496, .T. ) ;
#4162 = DIRECTION ( 'NONE',  ( 0.000000000000000000, -1.000000000000000000, 0.000000000000000000 ) ) ;
#4163 = ORIENTED_EDGE ( 'NONE', *, *, #702, .T. ) ;
#4164 = DIRECTION ( 'NONE',  ( -0.000000000000000000, -1.000000000000000000, -0.000000000000000000 ) ) ;
#4165 = ORIENTED_EDGE ( 'NONE', *, *, #2734, .T. ) ;
#4166 = DIRECTION ( 'NONE',  ( -0.000000000000000000, 1.000000000000000000, -0.000000000000000000 ) ) ;
#4167 = ADVANCED_FACE ( 'NONE', ( #670, #255 ), #4826, .T. ) ;
#4168 = CIRCLE ( 'NONE', #506, 2.849999999999998312 ) ;
#4169 = FACE_OUTER_BOUND ( 'NONE', #1817, .T. ) ;
#4170 = DIRECTION ( 'NONE',  ( 0.000000000000000000, 0.000000000000000000, 1.000000000000000000 ) ) ;
#4171 = VERTEX_POINT ( 'NONE', #646 ) ;
#4172 = DIRECTION ( 'NONE',  ( 1.000000000000000000, 0.000000000000000000, -3.083952846180989787E-16 ) ) ;
#4173 = EDGE_LOOP ( 'NONE', ( #2824, #2948, #1525, #16 ) ) ;
#4174 = LINE ( 'NONE', #723, #3959 ) ;
#4175 = DIRECTION ( 'NONE',  ( 0.000000000000000000, -1.000000000000000000, 0.000000000000000000 ) ) ;
#4176 = CIRCLE ( 'NONE', #2254, 2.849999999999998312 ) ;
#4177 = ORIENTED_EDGE ( 'NONE', *, *, #3981, .T. ) ;
#4178 = CARTESIAN_POINT ( 'NONE',  ( -30.00000000000000000, 0.000000000000000000, -76.06723245182800497 ) ) ;
#4179 = AXIS2_PLACEMENT_3D ( 'NONE', #2433, #2834, #117 ) ;
#4180 = ORIENTED_EDGE ( 'NONE', *, *, #3762, .T. ) ;
#4181 = CARTESIAN_POINT ( 'NONE',  ( 40.85786437626946821, 6.000000000000000000, -71.05936807555868029 ) ) ;
#4182 = APPLICATION_PROTOCOL_DEFINITION ( 'draft international standard', 'automotive_design', 1998, #1812 ) ;
#4183 = EDGE_CURVE ( 'NONE', #1754, #2640, #2740, .T. ) ;
#4184 = VERTEX_POINT ( 'NONE', #3663 ) ;
#4185 = DIRECTION ( 'NONE',  ( 0.000000000000000000, -1.000000000000000000, 0.000000000000000000 ) ) ;
#4186 = LINE ( 'NONE', #712, #3232 ) ;
#4187 = EDGE_CURVE ( 'NONE', #1093, #282, #512, .T. ) ;
#4188 = AXIS2_PLACEMENT_3D ( 'NONE', #3228, #1680, #209 ) ;
#4189 = ORIENTED_EDGE ( 'NONE', *, *, #1917, .F. ) ;
#4190 = CARTESIAN_POINT ( 'NONE',  ( 110.0000000000000142, 15.00000000000000000, -74.06723245182797655 ) ) ;
#4191 = ORIENTED_EDGE ( 'NONE', *, *, #682, .F. ) ;
#4192 = CIRCLE ( 'NONE', #1319, 2.000000000000001776 ) ;
#4193 = DIRECTION ( 'NONE',  ( 0.000000000000000000, -1.000000000000000000, 0.000000000000000000 ) ) ;
#4194 = CIRCLE ( 'NONE', #4520, 1.600000000000004086 ) ;
#4195 = ADVANCED_FACE ( 'NONE', ( #4018 ), #1436, .F. ) ;
#4196 = DIRECTION ( 'NONE',  ( 0.000000000000000000, 0.000000000000000000, -1.000000000000000000 ) ) ;
#4197 = LINE ( 'NONE', #1862, #3060 ) ;
#4198 = ORIENTED_EDGE ( 'NONE', *, *, #947, .F. ) ;
#4199 = CYLINDRICAL_SURFACE ( 'NONE', #3439, 1.700000000000007061 ) ;
#4200 = AXIS2_PLACEMENT_3D ( 'NONE', #882, #3225, #1320 ) ;
#4201 = AXIS2_PLACEMENT_3D ( 'NONE', #4389, #2084, #912 ) ;
#4202 = EDGE_LOOP ( 'NONE', ( #1675, #4260, #1056, #805 ) ) ;
#4203 = CYLINDRICAL_SURFACE ( 'NONE', #1251, 2.849999999999998312 ) ;
#4204 = VECTOR ( 'NONE', #624, 1000.000000000000000 ) ;
#4205 = CIRCLE ( 'NONE', #3561, 10.10000000000017195 ) ;
#4206 = PLANE ( 'NONE',  #1590 ) ;
#4207 = VERTEX_POINT ( 'NONE', #3994 ) ;
#4208 = DIRECTION ( 'NONE',  ( 0.000000000000000000, -1.000000000000000000, 0.000000000000000000 ) ) ;
#4209 = CIRCLE ( 'NONE', #2690, 1.700000000000000178 ) ;
#4210 = ORIENTED_EDGE ( 'NONE', *, *, #4541, .T. ) ;
#4211 = EDGE_CURVE ( 'NONE', #1575, #4918, #4498, .T. ) ;
#4212 = FACE_OUTER_BOUND ( 'NONE', #3563, .T. ) ;
#4213 = APPLICATION_PROTOCOL_DEFINITION ( 'draft international standard', 'automotive_design', 1998, #1557 ) ;
#4214 = ORIENTED_EDGE ( 'NONE', *, *, #4864, .F. ) ;
#4215 = DIRECTION ( 'NONE',  ( 0.000000000000000000, 0.000000000000000000, -1.000000000000000000 ) ) ;
#4216 = DIRECTION ( 'NONE',  ( -2.545241293071531681E-16, 0.000000000000000000, 1.000000000000000000 ) ) ;
#4217 = ORIENTED_EDGE ( 'NONE', *, *, #3657, .T. ) ;
#4218 = DIRECTION ( 'NONE',  ( 3.083952846180989787E-16, 0.000000000000000000, 1.000000000000000000 ) ) ;
#4219 = ORIENTED_EDGE ( 'NONE', *, *, #883, .T. ) ;
#4220 = EDGE_CURVE ( 'NONE', #3575, #2012, #2978, .T. ) ;
#4221 = CARTESIAN_POINT ( 'NONE',  ( 54.99999999999998579, 0.000000000000000000, -54.06723245182797655 ) ) ;
#4222 = ORIENTED_EDGE ( 'NONE', *, *, #2086, .F. ) ;
#4223 = DIRECTION ( 'NONE',  ( 0.000000000000000000, 0.000000000000000000, -1.000000000000000000 ) ) ;
#4224 = CARTESIAN_POINT ( 'NONE',  ( 100.0000000000000142, 15.00000000000000000, -19.06723245182795878 ) ) ;
#4225 = AXIS2_PLACEMENT_3D ( 'NONE', #2469, #4451, #4067 ) ;
#4226 = ORIENTED_EDGE ( 'NONE', *, *, #2954, .T. ) ;
#4227 = DIRECTION ( 'NONE',  ( 0.000000000000000000, -1.000000000000000000, 0.000000000000000000 ) ) ;
#4228 = EDGE_LOOP ( 'NONE', ( #1066, #4472 ) ) ;
#4229 = ADVANCED_FACE ( 'NONE', ( #968 ), #766, .F. ) ;
#4230 = VECTOR ( 'NONE', #5, 1000.000000000000000 ) ;
#4231 = CARTESIAN_POINT ( 'NONE',  ( 106.0000000000002274, 6.000000000000000000, -34.06723245182731574 ) ) ;
#4232 = DIRECTION ( 'NONE',  ( 0.000000000000000000, 0.000000000000000000, 1.000000000000000000 ) ) ;
#4233 = EDGE_LOOP ( 'NONE', ( #4108, #4683, #3301, #1545 ) ) ;
#4234 = LINE ( 'NONE', #437, #3073 ) ;
#4235 = AXIS2_PLACEMENT_3D ( 'NONE', #3587, #2936, #707 ) ;
#4236 = VERTEX_POINT ( 'NONE', #1092 ) ;
#4237 = DIRECTION ( 'NONE',  ( 0.000000000000000000, -1.000000000000000000, 0.000000000000000000 ) ) ;
#4238 = VECTOR ( 'NONE', #2076, 1000.000000000000000 ) ;
#4239 = ORIENTED_EDGE ( 'NONE', *, *, #2403, .T. ) ;
#4240 = CARTESIAN_POINT ( 'NONE',  ( -110.0000000000000000, 15.00000000000000000, -29.06723245182796234 ) ) ;
#4241 = CYLINDRICAL_SURFACE ( 'NONE', #1955, 1.600000000000004086 ) ;
#4242 = ORIENTED_EDGE ( 'NONE', *, *, #2213, .F. ) ;
#4243 = CARTESIAN_POINT ( 'NONE',  ( -40.85786437626900636, 6.000000000000000000, -65.35936807555891903 ) ) ;
#4244 = VERTEX_POINT ( 'NONE', #1167 ) ;
#4245 = CARTESIAN_POINT ( 'NONE',  ( 40.85786437626900636, 6.000000000000005329, -68.20936807555891335 ) ) ;
#4246 = DIRECTION ( 'NONE',  ( 0.000000000000000000, -1.000000000000000000, 0.000000000000000000 ) ) ;
#4247 = ORIENTED_EDGE ( 'NONE', *, *, #2586, .F. ) ;
#4248 = DIRECTION ( 'NONE',  ( 0.000000000000000000, 0.000000000000000000, 1.000000000000000000 ) ) ;
#4249 = CARTESIAN_POINT ( 'NONE',  ( 40.85786437626902057, 6.000000000000005329, -39.92509682809703975 ) ) ;
#4250 = ADVANCED_FACE ( 'NONE', ( #3753 ), #716, .F. ) ;
#4251 = EDGE_LOOP ( 'NONE', ( #3681, #3011 ) ) ;
#4252 = CARTESIAN_POINT ( 'NONE',  ( 100.0000000000000142, 15.00000000000000000, -74.06723245182797655 ) ) ;
#4253 = ORIENTED_EDGE ( 'NONE', *, *, #2789, .F. ) ;
#4254 = AXIS2_PLACEMENT_3D ( 'NONE', #700, #4050, #3739 ) ;
#4255 = DIRECTION ( 'NONE',  ( 0.000000000000000000, 0.000000000000000000, -1.000000000000000000 ) ) ;
#4256 = DIRECTION ( 'NONE',  ( -0.000000000000000000, 1.000000000000000000, 0.000000000000000000 ) ) ;
#4257 = EDGE_LOOP ( 'NONE', ( #57, #4276, #2579, #2927 ) ) ;
#4258 = DIRECTION ( 'NONE',  ( 0.000000000000000000, 0.000000000000000000, 1.000000000000000000 ) ) ;
#4259 = EDGE_CURVE ( 'NONE', #786, #4135, #3014, .T. ) ;
#4260 = ORIENTED_EDGE ( 'NONE', *, *, #4864, .T. ) ;
#4261 = CYLINDRICAL_SURFACE ( 'NONE', #1145, 3.000000000000002665 ) ;
#4262 = AXIS2_PLACEMENT_3D ( 'NONE', #4605, #2220, #1173 ) ;
#4263 = CIRCLE ( 'NONE', #2104, 2.000000000000003553 ) ;
#4264 = VERTEX_POINT ( 'NONE', #1835 ) ;
#4265 = DIRECTION ( 'NONE',  ( 0.000000000000000000, 0.000000000000000000, -1.000000000000000000 ) ) ;
#4266 = EDGE_CURVE ( 'NONE', #834, #251, #274, .T. ) ;
#4267 = DIRECTION ( 'NONE',  ( -0.000000000000000000, -1.000000000000000000, -0.000000000000000000 ) ) ;
#4268 = DIRECTION ( 'NONE',  ( 0.000000000000000000, -1.000000000000000000, 0.000000000000000000 ) ) ;
#4269 = ORIENTED_EDGE ( 'NONE', *, *, #494, .T. ) ;
#4270 = CARTESIAN_POINT ( 'NONE',  ( 6.434671708797401024, 0.000000000000000000, 14.91995308303618550 ) ) ;
#4271 = DIRECTION ( 'NONE',  ( -0.000000000000000000, -1.000000000000000000, -0.000000000000000000 ) ) ;
#4272 = CARTESIAN_POINT ( 'NONE',  ( 55.00000000000023448, 0.000000000000000000, -34.06723245182754312 ) ) ;
#4273 = VERTEX_POINT ( 'NONE', #1883 ) ;
#4274 = CARTESIAN_POINT ( 'NONE',  ( 30.00000000000000000, 8.900000000000005684, -79.06723245182800497 ) ) ;
#4275 = LINE ( 'NONE', #4630, #606 ) ;
#4276 = ORIENTED_EDGE ( 'NONE', *, *, #1542, .T. ) ;
#4277 = CARTESIAN_POINT ( 'NONE',  ( -55.00000000000000711, 15.00000000000000000, -54.06723245182796234 ) ) ;
#4278 = ORIENTED_EDGE ( 'NONE', *, *, #2946, .T. ) ;
#4279 = AXIS2_PLACEMENT_3D ( 'NONE', #582, #2432, #3154 ) ;
#4280 = DIRECTION ( 'NONE',  ( -0.000000000000000000, -1.000000000000000000, -0.000000000000000000 ) ) ;
#4281 = AXIS2_PLACEMENT_3D ( 'NONE', #2212, #341, #3729 ) ;
#4282 = CARTESIAN_POINT ( 'NONE',  ( 30.00000000000000000, 15.00000000000000000, 5.882767548171988103 ) ) ;
#4283 = CIRCLE ( 'NONE', #3956, 1.700000000000000178 ) ;
#4284 = ORIENTED_EDGE ( 'NONE', *, *, #4220, .F. ) ;
#4285 = DIRECTION ( 'NONE',  ( 0.000000000000000000, 0.000000000000000000, -1.000000000000000000 ) ) ;
#4286 = AXIS2_PLACEMENT_3D ( 'NONE', #2979, #1367, #1844 ) ;
#4287 = CIRCLE ( 'NONE', #3793, 13.50000000000000533 ) ;
#4288 = CARTESIAN_POINT ( 'NONE',  ( -55.00000000000001421, 4.000000000000000000, -73.66723245182798507 ) ) ;
#4289 = EDGE_CURVE ( 'NONE', #633, #1593, #1137, .T. ) ;
#4290 = EDGE_LOOP ( 'NONE', ( #4889, #3033, #1753, #2204, #441, #1856, #488, #2423, #366, #4494, #4062, #3325, #3474, #2301 ) ) ;
#4291 = DIRECTION ( 'NONE',  ( 0.000000000000000000, -1.000000000000000000, 0.000000000000000000 ) ) ;
#4292 = AXIS2_PLACEMENT_3D ( 'NONE', #4221, #1094, #1461 ) ;
#4293 = EDGE_CURVE ( 'NONE', #2771, #1379, #1698, .T. ) ;
#4294 = DIRECTION ( 'NONE',  ( 0.000000000000000000, -1.000000000000000000, 0.000000000000000000 ) ) ;
#4295 = CARTESIAN_POINT ( 'NONE',  ( 69.14213562373126365, 6.000000000000000000, -39.92509682809659211 ) ) ;
#4296 = ORIENTED_EDGE ( 'NONE', *, *, #3411, .F. ) ;
#4297 = DIRECTION ( 'NONE',  ( -0.000000000000000000, -1.000000000000000000, -0.000000000000000000 ) ) ;
#4298 = DIRECTION ( 'NONE',  ( -0.000000000000000000, 1.000000000000000000, -0.000000000000000000 ) ) ;
#4299 = EDGE_CURVE ( 'NONE', #1523, #597, #1139, .T. ) ;
#4300 = PLANE ( 'NONE',  #378 ) ;
#4301 = EDGE_LOOP ( 'NONE', ( #1961, #330, #4425, #3998 ) ) ;
#4302 = LINE ( 'NONE', #875, #710 ) ;
#4303 = CARTESIAN_POINT ( 'NONE',  ( 6.434671708797606193, 10.00000000000000000, -14.91995308303618550 ) ) ;
#4304 = EDGE_CURVE ( 'NONE', #1121, #462, #3058, .T. ) ;
#4305 = EDGE_LOOP ( 'NONE', ( #4517, #3990, #2753, #4523 ) ) ;
#4306 = CARTESIAN_POINT ( 'NONE',  ( 44.00000000000049738, 6.000000000000000000, -74.06723245182776338 ) ) ;
#4307 = VERTEX_POINT ( 'NONE', #2287 ) ;
#4308 = DIRECTION ( 'NONE',  ( 0.000000000000000000, 0.000000000000000000, 1.000000000000000000 ) ) ;
#4309 = AXIS2_PLACEMENT_3D ( 'NONE', #823, #2069, #3591 ) ;
#4310 = DIRECTION ( 'NONE',  ( 0.000000000000000000, 0.000000000000000000, -1.000000000000000000 ) ) ;
#4311 = VERTEX_POINT ( 'NONE', #1485 ) ;
#4312 = CARTESIAN_POINT ( 'NONE',  ( -10.67731239591681103, 82.29999999999999716, 8.677312395916921162 ) ) ;
#4313 = AXIS2_PLACEMENT_3D ( 'NONE', #1462, #1172, #4126 ) ;
#4314 = DIRECTION ( 'NONE',  ( 0.000000000000000000, 0.000000000000000000, -1.000000000000000000 ) ) ;
#4315 = AXIS2_PLACEMENT_3D ( 'NONE', #1614, #4625, #819 ) ;
#4316 = CARTESIAN_POINT ( 'NONE',  ( 0.000000000000000000, 50.10000000000000142, -21.50000000000000000 ) ) ;
#4317 = EDGE_CURVE ( 'NONE', #717, #2988, #1115, .T. ) ;
#4318 = ORIENTED_EDGE ( 'NONE', *, *, #390, .T. ) ;
#4319 = AXIS2_PLACEMENT_3D ( 'NONE', #4021, #285, #310 ) ;
#4320 = AXIS2_PLACEMENT_3D ( 'NONE', #2796, #1989, #1565 ) ;
#4321 = DIRECTION ( 'NONE',  ( 0.000000000000000000, 0.000000000000000000, -1.000000000000000000 ) ) ;
#4322 = FACE_OUTER_BOUND ( 'NONE', #67, .T. ) ;
#4323 = EDGE_CURVE ( 'NONE', #4080, #2871, #787, .T. ) ;
#4324 = ORIENTED_EDGE ( 'NONE', *, *, #1741, .T. ) ;
#4325 = LINE ( 'NONE', #1643, #2557 ) ;
#4326 = CARTESIAN_POINT ( 'NONE',  ( -106.0000000000000142, 6.000000000000000000, -74.06723245182799076 ) ) ;
#4327 = CARTESIAN_POINT ( 'NONE',  ( 40.85786437626946821, 6.000000000000000000, -65.35936807555870587 ) ) ;
#4328 = CARTESIAN_POINT ( 'NONE',  ( -30.00000000000000000, 8.900000000000000355, 10.93276754817198970 ) ) ;
#4329 = ORIENTED_EDGE ( 'NONE', *, *, #232, .T. ) ;
#4330 = LINE ( 'NONE', #3518, #4495 ) ;
#4331 = EDGE_LOOP ( 'NONE', ( #2920, #3384 ) ) ;
#4332 = EDGE_CURVE ( 'NONE', #1093, #2703, #2590, .T. ) ;
#4333 = LINE ( 'NONE', #2380, #2042 ) ;
#4334 = AXIS2_PLACEMENT_3D ( 'NONE', #2161, #1405, #3726 ) ;
#4335 = CARTESIAN_POINT ( 'NONE',  ( 100.0000000000000142, 0.000000000000000000, -29.06723245182796234 ) ) ;
#4336 = ORIENTED_EDGE ( 'NONE', *, *, #4510, .T. ) ;
#4337 = DIRECTION ( 'NONE',  ( 0.000000000000000000, 0.000000000000000000, 1.000000000000000000 ) ) ;
#4338 = AXIS2_PLACEMENT_3D ( 'NONE', #3670, #1051, #2875 ) ;
#4339 = DIRECTION ( 'NONE',  ( 0.000000000000000000, 0.000000000000000000, -1.000000000000000000 ) ) ;
#4340 = CIRCLE ( 'NONE', #1447, 2.849999999999991651 ) ;
#4341 = CARTESIAN_POINT ( 'NONE',  ( 95.00000000000024158, 4.000000000000000000, -35.66723245182732427 ) ) ;
#4342 = EDGE_LOOP ( 'NONE', ( #3835, #4133, #1740, #1457 ) ) ;
#4343 = AXIS2_PLACEMENT_3D ( 'NONE', #1019, #3242, #2545 ) ;
#4344 = CARTESIAN_POINT ( 'NONE',  ( 6.434671708797401024, 10.00000000000000000, 14.91995308303618550 ) ) ;
#4345 = EDGE_CURVE ( 'NONE', #1708, #1249, #1852, .T. ) ;
#4346 = CIRCLE ( 'NONE', #4013, 5.050000000000002487 ) ;
#4347 = DIRECTION ( 'NONE',  ( -0.000000000000000000, 1.000000000000000000, -0.000000000000000000 ) ) ;
#4348 = ORIENTED_EDGE ( 'NONE', *, *, #4750, .F. ) ;
#4349 = DIRECTION ( 'NONE',  ( 0.000000000000000000, 0.000000000000000000, 1.000000000000000000 ) ) ;
#4350 = CARTESIAN_POINT ( 'NONE',  ( -95.00000000000001421, 0.000000000000000000, -32.46723245182798223 ) ) ;
#4351 = ADVANCED_FACE ( 'NONE', ( #4119 ), #2694, .T. ) ;
#4352 = LINE ( 'NONE', #1649, #3982 ) ;
#4353 = LINE ( 'NONE', #502, #136 ) ;
#4354 = ORIENTED_EDGE ( 'NONE', *, *, #4943, .F. ) ;
#4355 = DIRECTION ( 'NONE',  ( 0.000000000000000000, 0.000000000000000000, -1.000000000000000000 ) ) ;
#4356 = EDGE_LOOP ( 'NONE', ( #2556, #3820, #990, #2091 ) ) ;
#4357 = CARTESIAN_POINT ( 'NONE',  ( 30.00000000000000000, 8.900000000000000355, 10.93276754817198970 ) ) ;
#4358 = EDGE_CURVE ( 'NONE', #4025, #3191, #2576, .T. ) ;
#4359 = DIRECTION ( 'NONE',  ( 0.000000000000000000, 0.000000000000000000, 1.000000000000000000 ) ) ;
#4360 = ORIENTED_EDGE ( 'NONE', *, *, #2667, .T. ) ;
#4361 = DIRECTION ( 'NONE',  ( 0.000000000000000000, 0.000000000000000000, -1.000000000000000000 ) ) ;
#4362 = AXIS2_PLACEMENT_3D ( 'NONE', #627, #2199, #2598 ) ;
#4363 = PLANE ( 'NONE',  #2026 ) ;
#4364 = VECTOR ( 'NONE', #3305, 1000.000000000000000 ) ;
#4365 = DIRECTION ( 'NONE',  ( -0.000000000000000000, -1.000000000000000000, -0.000000000000000000 ) ) ;
#4366 = EDGE_CURVE ( 'NONE', #755, #839, #2666, .T. ) ;
#4367 = AXIS2_PLACEMENT_3D ( 'NONE', #3596, #557, #2756 ) ;
#4368 = ORIENTED_EDGE ( 'NONE', *, *, #2761, .F. ) ;
#4369 = AXIS2_PLACEMENT_3D ( 'NONE', #2763, #1926, #863 ) ;
#4370 = DIRECTION ( 'NONE',  ( 0.000000000000000000, 0.000000000000000000, 1.000000000000000000 ) ) ;
#4371 = COLOUR_RGB ( '',0.7921568627450980005, 0.8196078431372548767, 0.9333333333333333481 ) ;
#4372 = CARTESIAN_POINT ( 'NONE',  ( -69.14213562373099364, 6.000000000000000000, -42.77509682809703406 ) ) ;
#4373 = ORIENTED_EDGE ( 'NONE', *, *, #749, .T. ) ;
#4374 = DIRECTION ( 'NONE',  ( 0.000000000000000000, -0.000000000000000000, -1.000000000000000000 ) ) ;
#4375 = EDGE_LOOP ( 'NONE', ( #179, #3220 ) ) ;
#4376 = CARTESIAN_POINT ( 'NONE',  ( -44.00000000000000000, 6.000000000000000000, -34.06723245182799076 ) ) ;
#4377 = FACE_OUTER_BOUND ( 'NONE', #3616, .T. ) ;
#4378 = EDGE_LOOP ( 'NONE', ( #3292, #3199 ) ) ;
#4379 = DIRECTION ( 'NONE',  ( 0.000000000000000000, -1.000000000000000000, 0.000000000000000000 ) ) ;
#4380 = ORIENTED_EDGE ( 'NONE', *, *, #3363, .T. ) ;
#4381 = EDGE_CURVE ( 'NONE', #2217, #2055, #1908, .T. ) ;
#4382 = CARTESIAN_POINT ( 'NONE',  ( -30.00000000000000000, 8.900000000000000355, -71.01723245182800781 ) ) ;
#4383 = DIRECTION ( 'NONE',  ( -0.7071067811865414665, 0.000000000000000000, -0.7071067811865536790 ) ) ;
#4384 = ORIENTED_EDGE ( 'NONE', *, *, #3000, .T. ) ;
#4385 = CARTESIAN_POINT ( 'NONE',  ( -95.00000000000001421, 4.000000000000000000, -70.46723245182798223 ) ) ;
#4386 = EDGE_CURVE ( 'NONE', #1469, #4014, #3136, .T. ) ;
#4387 = CARTESIAN_POINT ( 'NONE',  ( -100.0000000000000142, 15.00000000000000000, -29.06723245182796234 ) ) ;
#4388 = VECTOR ( 'NONE', #3577, 1000.000000000000000 ) ;
#4389 = CARTESIAN_POINT ( 'NONE',  ( 95.00000000000051159, 0.000000000000000000, -72.06723245182732285 ) ) ;
#4390 = CIRCLE ( 'NONE', #1027, 10.09999999999999964 ) ;
#4391 = CARTESIAN_POINT ( 'NONE',  ( -40.85786437626902057, 6.000000000000000000, -39.92509682809703975 ) ) ;
#4392 = FACE_BOUND ( 'NONE', #2353, .T. ) ;
#4393 = CIRCLE ( 'NONE', #4876, 2.849999999999998312 ) ;
#4394 = VERTEX_POINT ( 'NONE', #2991 ) ;
#4395 = EDGE_CURVE ( 'NONE', #2012, #3575, #977, .T. ) ;
#4396 = PLANE ( 'NONE',  #4838 ) ;
#4397 = DIRECTION ( 'NONE',  ( 0.000000000000000000, -1.000000000000000000, 0.000000000000000000 ) ) ;
#4398 = CARTESIAN_POINT ( 'NONE',  ( 40.85786437626929057, 6.000000000000000000, -42.77509682809682090 ) ) ;
#4399 = VERTEX_POINT ( 'NONE', #4697 ) ;
#4400 = DIRECTION ( 'NONE',  ( 0.000000000000000000, 0.000000000000000000, 1.000000000000000000 ) ) ;
#4401 = VERTEX_POINT ( 'NONE', #1687 ) ;
#4402 = CARTESIAN_POINT ( 'NONE',  ( -10.67731239591680925, 10.00000000000000000, -10.67731239591691939 ) ) ;
#4403 = EDGE_CURVE ( 'NONE', #3306, #256, #514, .T. ) ;
#4404 = CARTESIAN_POINT ( 'NONE',  ( -14.91995308303611800, 10.00000000000000000, -6.434671708797656819 ) ) ;
#4405 = ORIENTED_EDGE ( 'NONE', *, *, #3351, .T. ) ;
#4406 = CARTESIAN_POINT ( 'NONE',  ( 106.0000000000002274, 6.000000000000000000, -32.06723245182732285 ) ) ;
#4407 = DIRECTION ( 'NONE',  ( -0.000000000000000000, -1.000000000000000000, -0.000000000000000000 ) ) ;
#4408 = EDGE_CURVE ( 'NONE', #1484, #4853, #2743, .T. ) ;
#4409 = ORIENTED_EDGE ( 'NONE', *, *, #4758, .F. ) ;
#4410 = CARTESIAN_POINT ( 'NONE',  ( -30.00000000000000000, 8.900000000000000355, 5.882767548171988103 ) ) ;
#4411 = ORIENTED_EDGE ( 'NONE', *, *, #917, .F. ) ;
#4412 = EDGE_LOOP ( 'NONE', ( #47, #1415 ) ) ;
#4413 = CARTESIAN_POINT ( 'NONE',  ( 44.00000000000022027, 6.000000000000000000, -34.06723245182776338 ) ) ;
#4414 = DIRECTION ( 'NONE',  ( -0.000000000000000000, -1.000000000000000000, -0.000000000000000000 ) ) ;
#4415 = AXIS2_PLACEMENT_3D ( 'NONE', #4755, #484, #3946 ) ;
#4416 = ADVANCED_FACE ( 'NONE', ( #843 ), #2769, .F. ) ;
#4417 = AXIS2_PLACEMENT_3D ( 'NONE', #3377, #694, #3431 ) ;
#4418 = EDGE_LOOP ( 'NONE', ( #4871, #2559, #3945, #4610 ) ) ;
#4419 = FACE_BOUND ( 'NONE', #1050, .T. ) ;
#4420 = CIRCLE ( 'NONE', #3611, 6.000000000000021316 ) ;
#4421 = ORIENTED_EDGE ( 'NONE', *, *, #2506, .F. ) ;
#4422 = CARTESIAN_POINT ( 'NONE',  ( 0.000000000000000000, 0.000000000000000000, 0.000000000000000000 ) ) ;
#4423 = DIRECTION ( 'NONE',  ( -0.000000000000000000, 1.000000000000000000, 0.000000000000000000 ) ) ;
#4424 = VECTOR ( 'NONE', #2031, 1000.000000000000000 ) ;
#4425 = ORIENTED_EDGE ( 'NONE', *, *, #4807, .T. ) ;
#4426 = CARTESIAN_POINT ( 'NONE',  ( -69.14213562373099364, 0.000000000000000000, -71.05936807555892187 ) ) ;
#4427 = ADVANCED_FACE ( 'NONE', ( #4322 ), #1287, .F. ) ;
#4428 = VERTEX_POINT ( 'NONE', #915 ) ;
#4429 = CARTESIAN_POINT ( 'NONE',  ( -95.00000000000001421, 4.000000000000000000, -34.06723245182799076 ) ) ;
#4430 = CARTESIAN_POINT ( 'NONE',  ( -6.434671708797504053, 0.000000000000000000, -14.91995308303618550 ) ) ;
#4431 = ORIENTED_EDGE ( 'NONE', *, *, #4821, .F. ) ;
#4432 = CYLINDRICAL_SURFACE ( 'NONE', #3780, 2.000000000000001776 ) ;
#4433 = FACE_OUTER_BOUND ( 'NONE', #1369, .T. ) ;
#4434 = ORIENTED_EDGE ( 'NONE', *, *, #3928, .T. ) ;
#4435 = AXIS2_PLACEMENT_3D ( 'NONE', #2056, #562, #2102 ) ;
#4436 = DIRECTION ( 'NONE',  ( -0.000000000000000000, -1.000000000000000000, -0.000000000000000000 ) ) ;
#4437 = ORIENTED_EDGE ( 'NONE', *, *, #1591, .F. ) ;
#4438 = EDGE_LOOP ( 'NONE', ( #459, #2095 ) ) ;
#4439 = EDGE_CURVE ( 'NONE', #3547, #1702, #894, .T. ) ;
#4440 = VECTOR ( 'NONE', #4643, 1000.000000000000000 ) ;
#4441 = VECTOR ( 'NONE', #3614, 1000.000000000000000 ) ;
#4442 = CARTESIAN_POINT ( 'NONE',  ( -10.67731239591680925, 10.00000000000000000, 10.67731239591691939 ) ) ;
#4443 = CARTESIAN_POINT ( 'NONE',  ( -64.47434386723108446, 0.000000000000000000, -14.69890133488452655 ) ) ;
#4444 = DIRECTION ( 'NONE',  ( -0.000000000000000000, -1.000000000000000000, -0.000000000000000000 ) ) ;
#4445 = AXIS2_PLACEMENT_3D ( 'NONE', #929, #579, #3974 ) ;
#4446 = ORIENTED_EDGE ( 'NONE', *, *, #2107, .T. ) ;
#4447 = ADVANCED_FACE ( 'NONE', ( #4671 ), #867, .F. ) ;
#4448 = CIRCLE ( 'NONE', #464, 10.09999999999999964 ) ;
#4449 = PLANE ( 'NONE',  #926 ) ;
#4450 = AXIS2_PLACEMENT_3D ( 'NONE', #4835, #240, #1398 ) ;
#4451 = DIRECTION ( 'NONE',  ( 0.000000000000000000, -1.000000000000000000, 0.000000000000000000 ) ) ;
#4452 = FACE_OUTER_BOUND ( 'NONE', #1318, .T. ) ;
#4453 = EDGE_LOOP ( 'NONE', ( #886, #4336 ) ) ;
#4454 = LINE ( 'NONE', #2519, #4662 ) ;
#4455 = CIRCLE ( 'NONE', #1407, 1.599999999999997202 ) ;
#4456 = ORIENTED_EDGE ( 'NONE', *, *, #3940, .T. ) ;
#4457 = ADVANCED_FACE ( 'NONE', ( #123 ), #2414, .T. ) ;
#4458 = FACE_OUTER_BOUND ( 'NONE', #2698, .T. ) ;
#4459 = EDGE_CURVE ( 'NONE', #2473, #808, #2827, .T. ) ;
#4460 = DIRECTION ( 'NONE',  ( 0.7071067811865437980, 0.000000000000000000, 0.7071067811865513475 ) ) ;
#4461 = ORIENTED_EDGE ( 'NONE', *, *, #883, .F. ) ;
#4462 = CARTESIAN_POINT ( 'NONE',  ( 40.85786437626900636, 6.000000000000005329, -66.50936807555891050 ) ) ;
#4463 = CYLINDRICAL_SURFACE ( 'NONE', #3161, 13.49999999999969980 ) ;
#4464 = EDGE_LOOP ( 'NONE', ( #505, #425, #1673, #3051 ) ) ;
#4465 = CARTESIAN_POINT ( 'NONE',  ( -1.502357137075205129, 10.00000000000000000, 9.987638511313830847 ) ) ;
#4466 = ORIENTED_EDGE ( 'NONE', *, *, #2729, .F. ) ;
#4467 = ORIENTED_EDGE ( 'NONE', *, *, #3224, .T. ) ;
#4468 = LINE ( 'NONE', #1690, #2714 ) ;
#4469 = DIRECTION ( 'NONE',  ( 0.000000000000000000, 0.000000000000000000, -1.000000000000000000 ) ) ;
#4470 = DIRECTION ( 'NONE',  ( 0.000000000000000000, -0.000000000000000000, -1.000000000000000000 ) ) ;
#4471 = EDGE_CURVE ( 'NONE', #286, #4880, #3452, .T. ) ;
#4472 = ORIENTED_EDGE ( 'NONE', *, *, #1261, .F. ) ;
#4473 = AXIS2_PLACEMENT_3D ( 'NONE', #1839, #719, #3382 ) ;
#4474 = CARTESIAN_POINT ( 'NONE',  ( -69.14213562373099364, 6.000000000000000000, -39.92509682809703264 ) ) ;
#4475 = CIRCLE ( 'NONE', #1193, 2.849999999999991651 ) ;
#4476 = EDGE_CURVE ( 'NONE', #3803, #618, #3562, .T. ) ;
#4477 = DIRECTION ( 'NONE',  ( 0.000000000000000000, -1.000000000000000000, 0.000000000000000000 ) ) ;
#4478 = ORIENTED_EDGE ( 'NONE', *, *, #3428, .T. ) ;
#4479 = DIRECTION ( 'NONE',  ( 0.000000000000000000, 0.000000000000000000, -1.000000000000000000 ) ) ;
#4480 = VERTEX_POINT ( 'NONE', #4243 ) ;
#4481 = VECTOR ( 'NONE', #259, 1000.000000000000000 ) ;
#4482 = DIRECTION ( 'NONE',  ( 0.000000000000000000, 0.000000000000000000, -1.000000000000000000 ) ) ;
#4483 = LINE ( 'NONE', #3646, #4481 ) ;
#4484 = ORIENTED_EDGE ( 'NONE', *, *, #390, .F. ) ;
#4485 = FACE_OUTER_BOUND ( 'NONE', #2310, .T. ) ;
#4486 = EDGE_CURVE ( 'NONE', #2135, #962, #4420, .T. ) ;
#4487 = CARTESIAN_POINT ( 'NONE',  ( 37.18544323025009390, 15.00000000000000000, 25.34250997375450964 ) ) ;
#4488 = ORIENTED_EDGE ( 'NONE', *, *, #1916, .T. ) ;
#4489 = DIRECTION ( 'NONE',  ( 0.8263431828944465263, 0.000000000000000000, -0.5631668883056560881 ) ) ;
#4490 = EDGE_LOOP ( 'NONE', ( #352, #74 ) ) ;
#4491 = CARTESIAN_POINT ( 'NONE',  ( 40.85786437626929057, 6.000000000000000000, -39.92509682809681948 ) ) ;
#4492 = LINE ( 'NONE', #2231, #2487 ) ;
#4493 = DIRECTION ( 'NONE',  ( -0.000000000000000000, -1.000000000000000000, -0.000000000000000000 ) ) ;
#4494 = ORIENTED_EDGE ( 'NONE', *, *, #3513, .T. ) ;
#4495 = VECTOR ( 'NONE', #4654, 1000.000000000000000 ) ;
#4496 = EDGE_CURVE ( 'NONE', #874, #1006, #1780, .T. ) ;
#4497 = DIRECTION ( 'NONE',  ( -0.000000000000000000, -1.000000000000000000, -0.000000000000000000 ) ) ;
#4498 = CIRCLE ( 'NONE', #3445, 5.049999999999998934 ) ;
#4499 = EDGE_LOOP ( 'NONE', ( #3590, #3341, #789, #1914 ) ) ;
#4500 = DIRECTION ( 'NONE',  ( -0.000000000000000000, 1.000000000000000000, -0.000000000000000000 ) ) ;
#4501 = ORIENTED_EDGE ( 'NONE', *, *, #2599, .T. ) ;
#4502 = EDGE_CURVE ( 'NONE', #2776, #626, #667, .T. ) ;
#4503 = AXIS2_PLACEMENT_3D ( 'NONE', #1516, #4577, #3383 ) ;
#4504 = DIRECTION ( 'NONE',  ( -0.000000000000000000, -1.000000000000000000, -0.000000000000000000 ) ) ;
#4505 = DIRECTION ( 'NONE',  ( 0.000000000000000000, 1.000000000000000000, 0.000000000000000000 ) ) ;
#4506 = CARTESIAN_POINT ( 'NONE',  ( -69.14213562373099364, 6.000000000000005329, -66.50936807555892472 ) ) ;
#4507 = ORIENTED_EDGE ( 'NONE', *, *, #92, .T. ) ;
#4508 = CARTESIAN_POINT ( 'NONE',  ( 10.67731239591688208, 10.00000000000000000, -10.67731239591691939 ) ) ;
#4509 = CIRCLE ( 'NONE', #2343, 1.999999999999994893 ) ;
#4510 = EDGE_CURVE ( 'NONE', #1790, #3966, #4176, .T. ) ;
#4511 = CARTESIAN_POINT ( 'NONE',  ( 54.99999999999998579, 82.29999999999999716, -54.06723245182797655 ) ) ;
#4512 = EDGE_LOOP ( 'NONE', ( #2267, #2159, #153, #2944, #446, #2723, #4813, #2755, #280, #733, #4239, #2232, #4901, #4191 ) ) ;
#4513 = CARTESIAN_POINT ( 'NONE',  ( 106.0000000000005116, 6.000000000000000000, -76.06723245182732285 ) ) ;
#4514 = DIRECTION ( 'NONE',  ( -0.000000000000000000, -1.000000000000000000, -0.000000000000000000 ) ) ;
#4515 = CYLINDRICAL_SURFACE ( 'NONE', #3042, 13.49999999999969980 ) ;
#4516 = ADVANCED_FACE ( 'NONE', ( #2744 ), #495, .F. ) ;
#4517 = ORIENTED_EDGE ( 'NONE', *, *, #1158, .T. ) ;
#4518 = AXIS2_PLACEMENT_3D ( 'NONE', #4810, #1825, #3326 ) ;
#4519 = CARTESIAN_POINT ( 'NONE',  ( -55.00000000000000711, 82.29999999999999716, -67.56723245182796234 ) ) ;
#4520 = AXIS2_PLACEMENT_3D ( 'NONE', #2838, #4086, #4370 ) ;
#4521 = VERTEX_POINT ( 'NONE', #1987 ) ;
#4522 = CARTESIAN_POINT ( 'NONE',  ( 106.0000000000005116, 0.000000000000000000, -74.06723245182732285 ) ) ;
#4523 = ORIENTED_EDGE ( 'NONE', *, *, #1750, .F. ) ;
#4524 = AXIS2_PLACEMENT_3D ( 'NONE', #701, #2554, #2225 ) ;
#4525 = CIRCLE ( 'NONE', #4768, 5.049999999999998934 ) ;
#4526 = DIRECTION ( 'NONE',  ( 1.000000000000000000, 0.000000000000000000, -2.545241293071531681E-16 ) ) ;
#4527 = CIRCLE ( 'NONE', #1964, 1.999999999999994893 ) ;
#4528 = FACE_OUTER_BOUND ( 'NONE', #3374, .T. ) ;
#4529 = DIRECTION ( 'NONE',  ( -0.000000000000000000, -1.000000000000000000, -0.000000000000000000 ) ) ;
#4530 = EDGE_CURVE ( 'NONE', #633, #618, #3508, .T. ) ;
#4531 = ORIENTED_EDGE ( 'NONE', *, *, #2002, .F. ) ;
#4532 = PLANE ( 'NONE',  #111 ) ;
#4533 = CARTESIAN_POINT ( 'NONE',  ( -1.502357137075223559, 0.000000000000000000, -9.987638511313956968 ) ) ;
#4534 = EDGE_LOOP ( 'NONE', ( #3514, #4348 ) ) ;
#4535 = DIRECTION ( 'NONE',  ( 0.000000000000000000, 0.000000000000000000, 1.000000000000000000 ) ) ;
#4536 = EDGE_CURVE ( 'NONE', #4891, #3728, #2088, .T. ) ;
#4537 = ORIENTED_EDGE ( 'NONE', *, *, #508, .T. ) ;
#4538 = CARTESIAN_POINT ( 'NONE',  ( -44.00000000000000000, 6.000000000000000000, -74.06723245182799076 ) ) ;
#4539 = DIRECTION ( 'NONE',  ( 0.000000000000000000, 0.000000000000000000, 1.000000000000000000 ) ) ;
#4540 = CARTESIAN_POINT ( 'NONE',  ( 44.00000000000022027, 6.000000000000000000, -30.06723245182776338 ) ) ;
#4541 = EDGE_CURVE ( 'NONE', #184, #615, #3216, .T. ) ;
#4542 = ORIENTED_EDGE ( 'NONE', *, *, #1460, .F. ) ;
#4543 = DIRECTION ( 'NONE',  ( -0.000000000000000000, -1.000000000000000000, -0.000000000000000000 ) ) ;
#4544 = VERTEX_POINT ( 'NONE', #4372 ) ;
#4545 = CARTESIAN_POINT ( 'NONE',  ( 95.00000000000024158, 0.000000000000000000, -34.06723245182732285 ) ) ;
#4546 = AXIS2_PLACEMENT_3D ( 'NONE', #1887, #1146, #3836 ) ;
#4547 = VERTEX_POINT ( 'NONE', #940 ) ;
#4548 = LINE ( 'NONE', #2617, #1400 ) ;
#4549 = AXIS2_PLACEMENT_3D ( 'NONE', #1125, #1178, #3366 ) ;
#4550 = CARTESIAN_POINT ( 'NONE',  ( -30.00000000000000000, 15.00000000000000000, -76.06723245182800497 ) ) ;
#4551 = DIRECTION ( 'NONE',  ( -0.000000000000000000, -1.000000000000000000, -0.000000000000000000 ) ) ;
#4552 = ORIENTED_EDGE ( 'NONE', *, *, #4811, .T. ) ;
#4553 = DIRECTION ( 'NONE',  ( 0.000000000000000000, 0.000000000000000000, -1.000000000000000000 ) ) ;
#4554 = ORIENTED_EDGE ( 'NONE', *, *, #1330, .F. ) ;
#4555 = VECTOR ( 'NONE', #2925, 999.9999999999998863 ) ;
#4556 = AXIS2_PLACEMENT_3D ( 'NONE', #2516, #4875, #1813 ) ;
#4557 = DIRECTION ( 'NONE',  ( 0.000000000000000000, -1.000000000000000000, 0.000000000000000000 ) ) ;
#4558 = ADVANCED_FACE ( 'NONE', ( #2464 ), #3985, .F. ) ;
#4559 = CYLINDRICAL_SURFACE ( 'NONE', #1276, 1.700000000000000178 ) ;
#4560 = ORIENTED_EDGE ( 'NONE', *, *, #443, .T. ) ;
#4561 = CARTESIAN_POINT ( 'NONE',  ( 1.236893267138826614E-15, 82.29999999999999716, 10.09999999999999964 ) ) ;
#4562 = EDGE_LOOP ( 'NONE', ( #781, #4247, #3460, #2695 ) ) ;
#4563 = DIRECTION ( 'NONE',  ( -0.000000000000000000, -1.000000000000000000, -0.000000000000000000 ) ) ;
#4564 = EDGE_CURVE ( 'NONE', #1796, #3847, #4585, .T. ) ;
#4565 = VERTEX_POINT ( 'NONE', #2619 ) ;
#4566 = DIRECTION ( 'NONE',  ( 0.000000000000000000, -1.000000000000000000, 0.000000000000000000 ) ) ;
#4567 = ORIENTED_EDGE ( 'NONE', *, *, #1836, .F. ) ;
#4568 = VECTOR ( 'NONE', #4674, 1000.000000000000000 ) ;
#4569 = ADVANCED_FACE ( 'NONE', ( #2671 ), #3410, .F. ) ;
#4570 = DIRECTION ( 'NONE',  ( -0.000000000000000000, -1.000000000000000000, -0.000000000000000000 ) ) ;
#4571 = VERTEX_POINT ( 'NONE', #351 ) ;
#4572 = DIRECTION ( 'NONE',  ( 0.000000000000000000, -1.000000000000000000, 0.000000000000000000 ) ) ;
#4573 = ORIENTED_EDGE ( 'NONE', *, *, #4459, .F. ) ;
#4574 = FACE_BOUND ( 'NONE', #568, .T. ) ;
#4575 = AXIS2_PLACEMENT_3D ( 'NONE', #949, #2021, #3865 ) ;
#4576 = DIRECTION ( 'NONE',  ( 0.000000000000000000, -1.000000000000000000, 0.000000000000000000 ) ) ;
#4577 = DIRECTION ( 'NONE',  ( -0.000000000000000000, -1.000000000000000000, -0.000000000000000000 ) ) ;
#4578 = EDGE_CURVE ( 'NONE', #2535, #2705, #3837, .T. ) ;
#4579 = EDGE_LOOP ( 'NONE', ( #4284, #1171 ) ) ;
#4580 = CARTESIAN_POINT ( 'NONE',  ( -40.85786437626900636, 6.000000000000000000, -68.20936807555891335 ) ) ;
#4581 = ORIENTED_EDGE ( 'NONE', *, *, #2637, .F. ) ;
#4582 = AXIS2_PLACEMENT_3D ( 'NONE', #1045, #3336, #1765 ) ;
#4583 = CARTESIAN_POINT ( 'NONE',  ( -9.987638511313818412, 9.999999999999994671, 1.502357137075304383 ) ) ;
#4584 = CARTESIAN_POINT ( 'NONE',  ( 72.73777569617556082, 15.00000000000000000, -19.06723245182797299 ) ) ;
#4585 = CIRCLE ( 'NONE', #277, 5.050000000000002487 ) ;
#4586 = ORIENTED_EDGE ( 'NONE', *, *, #3211, .F. ) ;
#4587 = DIRECTION ( 'NONE',  ( -0.000000000000000000, -1.000000000000000000, -0.000000000000000000 ) ) ;
#4588 = ORIENTED_EDGE ( 'NONE', *, *, #726, .F. ) ;
#4589 = FACE_BOUND ( 'NONE', #4150, .T. ) ;
#4590 = DIRECTION ( 'NONE',  ( 1.000000000000000000, 0.000000000000000000, 0.000000000000000000 ) ) ;
#4591 = UNCERTAINTY_MEASURE_WITH_UNIT (LENGTH_MEASURE( 1.000000000000000082E-05 ), #2314, 'distance_accuracy_value', 'NONE');
#4592 = ORIENTED_EDGE ( 'NONE', *, *, #4620, .T. ) ;
#4593 = CARTESIAN_POINT ( 'NONE',  ( -69.14213562373099364, 6.000000000000000000, -37.07509682809703833 ) ) ;
#4594 = EDGE_CURVE ( 'NONE', #1249, #1708, #4742, .T. ) ;
#4595 = CARTESIAN_POINT ( 'NONE',  ( -30.00000000000000000, 82.29999999999999716, 10.93276754817198970 ) ) ;
#4596 = ORIENTED_EDGE ( 'NONE', *, *, #749, .F. ) ;
#4597 = DIRECTION ( 'NONE',  ( -0.000000000000000000, -1.000000000000000000, -0.000000000000000000 ) ) ;
#4598 = EDGE_CURVE ( 'NONE', #1044, #2903, #4197, .T. ) ;
#4599 = EDGE_LOOP ( 'NONE', ( #371, #1309 ) ) ;
#4600 = AXIS2_PLACEMENT_3D ( 'NONE', #814, #493, #4721 ) ;
#4601 = CARTESIAN_POINT ( 'NONE',  ( 55.00000000000049738, 4.000000000000000000, -72.06723245182753601 ) ) ;
#4602 = AXIS2_PLACEMENT_3D ( 'NONE', #3540, #528, #552 ) ;
#4603 = EDGE_LOOP ( 'NONE', ( #2488, #651 ) ) ;
#4604 = CARTESIAN_POINT ( 'NONE',  ( -55.00000000000001421, 4.000000000000000000, -70.46723245182798223 ) ) ;
#4605 = CARTESIAN_POINT ( 'NONE',  ( 1.491862189340054101E-13, 10.00000000000000000, -1.517883041479706208E-13 ) ) ;
#4606 = EDGE_LOOP ( 'NONE', ( #925, #1280, #4217, #603 ) ) ;
#4607 = CARTESIAN_POINT ( 'NONE',  ( 40.85786437626946821, 6.000000000000000000, -65.35936807555870587 ) ) ;
#4608 = EDGE_CURVE ( 'NONE', #485, #4641, #56, .T. ) ;
#4609 = AXIS2_PLACEMENT_3D ( 'NONE', #1954, #4185, #760 ) ;
#4610 = ORIENTED_EDGE ( 'NONE', *, *, #3721, .F. ) ;
#4611 = DIRECTION ( 'NONE',  ( 0.000000000000000000, 0.000000000000000000, 1.000000000000000000 ) ) ;
#4612 = VERTEX_POINT ( 'NONE', #2975 ) ;
#4613 = ORIENTED_EDGE ( 'NONE', *, *, #1282, .F. ) ;
#4614 = DIRECTION ( 'NONE',  ( -0.000000000000000000, 1.000000000000000000, -0.000000000000000000 ) ) ;
#4615 = ORIENTED_EDGE ( 'NONE', *, *, #4897, .T. ) ;
#4616 = CARTESIAN_POINT ( 'NONE',  ( 10.67731239591688208, 10.00000000000000000, -10.67731239591691939 ) ) ;
#4617 = ORIENTED_EDGE ( 'NONE', *, *, #4943, .T. ) ;
#4618 = DIRECTION ( 'NONE',  ( -0.000000000000000000, 1.000000000000000000, 0.000000000000000000 ) ) ;
#4619 = DIRECTION ( 'NONE',  ( -0.000000000000000000, 1.000000000000000000, -0.000000000000000000 ) ) ;
#4620 = EDGE_CURVE ( 'NONE', #4236, #1204, #427, .T. ) ;
#4621 = ORIENTED_EDGE ( 'NONE', *, *, #1994, .T. ) ;
#4622 = DIRECTION ( 'NONE',  ( 0.000000000000000000, -1.000000000000000000, 0.000000000000000000 ) ) ;
#4623 = CIRCLE ( 'NONE', #946, 3.000000000000002665 ) ;
#4624 = EDGE_LOOP ( 'NONE', ( #1870, #2180 ) ) ;
#4625 = DIRECTION ( 'NONE',  ( -0.000000000000000000, -1.000000000000000000, -0.000000000000000000 ) ) ;
#4626 = FACE_BOUND ( 'NONE', #90, .T. ) ;
#4627 = ADVANCED_FACE ( 'NONE', ( #3462 ), #329, .F. ) ;
#4628 = ORIENTED_EDGE ( 'NONE', *, *, #1455, .F. ) ;
#4629 = CARTESIAN_POINT ( 'NONE',  ( -14.91995308303611800, 10.00000000000000000, -6.434671708797656819 ) ) ;
#4630 = CARTESIAN_POINT ( 'NONE',  ( -9.987638511313818412, 10.00000000000000000, 1.502357137075304383 ) ) ;
#4631 = VERTEX_POINT ( 'NONE', #4506 ) ;
#4632 = DIRECTION ( 'NONE',  ( 0.000000000000000000, 0.000000000000000000, -1.000000000000000000 ) ) ;
#4633 = ORIENTED_EDGE ( 'NONE', *, *, #1689, .F. ) ;
#4634 = DIRECTION ( 'NONE',  ( 0.000000000000000000, -1.000000000000000000, 0.000000000000000000 ) ) ;
#4635 = CARTESIAN_POINT ( 'NONE',  ( -40.85786437626900636, 15.00000000000000000, -68.20936807555891335 ) ) ;
#4636 = ORIENTED_EDGE ( 'NONE', *, *, #316, .F. ) ;
#4637 = DIRECTION ( 'NONE',  ( 0.000000000000000000, 0.000000000000000000, -1.000000000000000000 ) ) ;
#4638 = EDGE_CURVE ( 'NONE', #1505, #164, #741, .T. ) ;
#4639 = ORIENTED_EDGE ( 'NONE', *, *, #1298, .F. ) ;
#4640 = DIRECTION ( 'NONE',  ( -0.000000000000000000, -1.000000000000000000, -0.000000000000000000 ) ) ;
#4641 = VERTEX_POINT ( 'NONE', #3069 ) ;
#4642 = CARTESIAN_POINT ( 'NONE',  ( 0.000000000000000000, 50.10000000000000142, 20.00000000000000000 ) ) ;
#4643 = DIRECTION ( 'NONE',  ( -0.000000000000000000, -1.000000000000000000, -0.000000000000000000 ) ) ;
#4644 = DIRECTION ( 'NONE',  ( 0.000000000000000000, 0.000000000000000000, -1.000000000000000000 ) ) ;
#4645 = ORIENTED_EDGE ( 'NONE', *, *, #4502, .T. ) ;
#4646 = DIRECTION ( 'NONE',  ( 0.000000000000000000, 0.000000000000000000, 1.000000000000000000 ) ) ;
#4647 = CYLINDRICAL_SURFACE ( 'NONE', #1065, 1.700000000000000178 ) ;
#4648 = DIRECTION ( 'NONE',  ( -0.000000000000000000, -1.000000000000000000, -0.000000000000000000 ) ) ;
#4649 = VECTOR ( 'NONE', #4815, 1000.000000000000000 ) ;
#4650 = ORIENTED_EDGE ( 'NONE', *, *, #4536, .F. ) ;
#4651 = CARTESIAN_POINT ( 'NONE',  ( 44.00000000000022027, 0.000000000000000000, -30.06723245182776338 ) ) ;
#4652 = CARTESIAN_POINT ( 'NONE',  ( 40.85786437626946821, 6.000000000000000000, -71.05936807555868029 ) ) ;
#4653 = VERTEX_POINT ( 'NONE', #720 ) ;
#4654 = DIRECTION ( 'NONE',  ( -0.000000000000000000, 1.000000000000000000, -0.000000000000000000 ) ) ;
#4655 = ORIENTED_EDGE ( 'NONE', *, *, #899, .T. ) ;
#4656 = EDGE_CURVE ( 'NONE', #615, #184, #3294, .T. ) ;
#4657 = CIRCLE ( 'NONE', #4738, 2.849999999999991651 ) ;
#4658 = DIRECTION ( 'NONE',  ( 0.000000000000000000, -1.000000000000000000, 0.000000000000000000 ) ) ;
#4659 = DIRECTION ( 'NONE',  ( 0.000000000000000000, 0.000000000000000000, -1.000000000000000000 ) ) ;
#4660 = ORIENTED_EDGE ( 'NONE', *, *, #893, .T. ) ;
#4661 = CARTESIAN_POINT ( 'NONE',  ( 44.00000000000049738, 0.000000000000000000, -74.06723245182776338 ) ) ;
#4662 = VECTOR ( 'NONE', #4500, 1000.000000000000000 ) ;
#4663 = ADVANCED_FACE ( 'NONE', ( #3435 ), #2264, .F. ) ;
#4664 = FACE_BOUND ( 'NONE', #1349, .T. ) ;
#4665 = CIRCLE ( 'NONE', #4262, 10.09999999999983800 ) ;
#4666 = AXIS2_PLACEMENT_3D ( 'NONE', #3804, #2711, #1873 ) ;
#4667 = DIRECTION ( 'NONE',  ( 0.000000000000000000, 0.000000000000000000, -1.000000000000000000 ) ) ;
#4668 = EDGE_CURVE ( 'NONE', #3580, #4399, #4665, .T. ) ;
#4669 = EDGE_CURVE ( 'NONE', #3602, #4894, #3936, .T. ) ;
#4670 = DIRECTION ( 'NONE',  ( 0.000000000000000000, -1.000000000000000000, 0.000000000000000000 ) ) ;
#4671 = FACE_OUTER_BOUND ( 'NONE', #3738, .T. ) ;
#4672 = ORIENTED_EDGE ( 'NONE', *, *, #458, .F. ) ;
#4673 = CARTESIAN_POINT ( 'NONE',  ( -72.73777569617556082, 15.00000000000000000, -9.067232451827964113 ) ) ;
#4674 = DIRECTION ( 'NONE',  ( -0.000000000000000000, -1.000000000000000000, -0.000000000000000000 ) ) ;
#4675 = LINE ( 'NONE', #1244, #1326 ) ;
#4676 = VECTOR ( 'NONE', #235, 1000.000000000000000 ) ;
#4677 = ORIENTED_EDGE ( 'NONE', *, *, #4680, .F. ) ;
#4678 = LINE ( 'NONE', #1247, #393 ) ;
#4679 = DIRECTION ( 'NONE',  ( 0.000000000000000000, 0.000000000000000000, 1.000000000000000000 ) ) ;
#4680 = EDGE_CURVE ( 'NONE', #4076, #2532, #4930, .T. ) ;
#4681 = VERTEX_POINT ( 'NONE', #3737 ) ;
#4682 = FACE_OUTER_BOUND ( 'NONE', #1606, .T. ) ;
#4683 = ORIENTED_EDGE ( 'NONE', *, *, #593, .F. ) ;
#4684 = PLANE ( 'NONE',  #930 ) ;
#4685 = AXIS2_PLACEMENT_3D ( 'NONE', #4474, #4795, #616 ) ;
#4686 = DIRECTION ( 'NONE',  ( -0.000000000000000000, -1.000000000000000000, -0.000000000000000000 ) ) ;
#4687 = AXIS2_PLACEMENT_3D ( 'NONE', #3196, #457, #3863 ) ;
#4688 = EDGE_LOOP ( 'NONE', ( #1080, #4118, #1930, #1472 ) ) ;
#4689 = CARTESIAN_POINT ( 'NONE',  ( 40.85786437626929057, 6.000000000000000000, -39.92509682809681948 ) ) ;
#4690 = CIRCLE ( 'NONE', #2526, 13.50000000000000533 ) ;
#4691 = AXIS2_PLACEMENT_3D ( 'NONE', #1607, #3135, #4667 ) ;
#4692 = LINE ( 'NONE', #2007, #1377 ) ;
#4693 = EDGE_CURVE ( 'NONE', #4718, #1297, #4346, .T. ) ;
#4694 = FACE_OUTER_BOUND ( 'NONE', #3070, .T. ) ;
#4695 = AXIS2_PLACEMENT_3D ( 'NONE', #4828, #2571, #600 ) ;
#4696 = PLANE ( 'NONE',  #1161 ) ;
#4697 = CARTESIAN_POINT ( 'NONE',  ( 1.502357137075270854, 10.00000000000000000, -9.987638511313830847 ) ) ;
#4698 = ADVANCED_FACE ( 'NONE', ( #3789 ), #2317, .T. ) ;
#4699 = ORIENTED_EDGE ( 'NONE', *, *, #1750, .T. ) ;
#4700 = DIRECTION ( 'NONE',  ( 0.000000000000000000, -1.000000000000000000, 0.000000000000000000 ) ) ;
#4701 = CARTESIAN_POINT ( 'NONE',  ( -95.00000000000001421, 0.000000000000000000, -34.06723245182799076 ) ) ;
#4702 = ORIENTED_EDGE ( 'NONE', *, *, #4065, .F. ) ;
#4703 = CARTESIAN_POINT ( 'NONE',  ( 10.67731239591673464, 82.29999999999999716, 10.67731239591692116 ) ) ;
#4704 = CARTESIAN_POINT ( 'NONE',  ( 0.000000000000000000, -10.71118318204307407, 20.00000000000000000 ) ) ;
#4705 = VERTEX_POINT ( 'NONE', #477 ) ;
#4706 = DIRECTION ( 'NONE',  ( 0.000000000000000000, 0.000000000000000000, -1.000000000000000000 ) ) ;
#4707 = EDGE_CURVE ( 'NONE', #2750, #2442, #982, .T. ) ;
#4708 = VERTEX_POINT ( 'NONE', #2108 ) ;
#4709 = FACE_OUTER_BOUND ( 'NONE', #4160, .T. ) ;
#4710 = AXIS2_PLACEMENT_3D ( 'NONE', #1996, #180, #3515 ) ;
#4711 = LINE ( 'NONE', #3925, #2307 ) ;
#4712 = ORIENTED_EDGE ( 'NONE', *, *, #1613, .F. ) ;
#4713 = DIRECTION ( 'NONE',  ( 0.000000000000000000, 0.000000000000000000, -1.000000000000000000 ) ) ;
#4714 = EDGE_CURVE ( 'NONE', #1437, #4718, #2508, .T. ) ;
#4715 = FACE_BOUND ( 'NONE', #3485, .T. ) ;
#4716 = AXIS2_PLACEMENT_3D ( 'NONE', #1947, #4256, #386 ) ;
#4717 = DIRECTION ( 'NONE',  ( 0.000000000000000000, -1.000000000000000000, 0.000000000000000000 ) ) ;
#4718 = VERTEX_POINT ( 'NONE', #1588 ) ;
#4719 = CIRCLE ( 'NONE', #1510, 5.999999999999979572 ) ;
#4720 = EDGE_CURVE ( 'NONE', #336, #775, #1332, .T. ) ;
#4721 = DIRECTION ( 'NONE',  ( 0.000000000000000000, 0.000000000000000000, -1.000000000000000000 ) ) ;
#4722 = DIRECTION ( 'NONE',  ( 0.000000000000000000, 0.000000000000000000, 1.000000000000000000 ) ) ;
#4723 = ORIENTED_EDGE ( 'NONE', *, *, #1026, .T. ) ;
#4724 = ADVANCED_FACE ( 'NONE', ( #2861 ), #1375, .F. ) ;
#4725 = CARTESIAN_POINT ( 'NONE',  ( -10.67731239591681103, 9.999999999999994671, 12.67731239591692116 ) ) ;
#4726 = CARTESIAN_POINT ( 'NONE',  ( -69.14213562373099364, 15.00000000000000000, -39.92509682809703264 ) ) ;
#4727 = CARTESIAN_POINT ( 'NONE',  ( -44.00000000000000000, 6.000000000000000000, -32.06723245182798365 ) ) ;
#4728 = CARTESIAN_POINT ( 'NONE',  ( 40.85786437626902057, 15.00000000000000000, -39.92509682809703975 ) ) ;
#4729 = EDGE_LOOP ( 'NONE', ( #1435, #4723 ) ) ;
#4730 = CARTESIAN_POINT ( 'NONE',  ( 30.00000000000000000, 8.900000000000005684, 10.93276754817198970 ) ) ;
#4731 = ORIENTED_EDGE ( 'NONE', *, *, #1433, .F. ) ;
#4732 = CARTESIAN_POINT ( 'NONE',  ( -10.67731239591680925, 0.000000000000000000, 10.67731239591691939 ) ) ;
#4733 = VECTOR ( 'NONE', #338, 1000.000000000000000 ) ;
#4734 = EDGE_CURVE ( 'NONE', #344, #1921, #1853, .T. ) ;
#4735 = CARTESIAN_POINT ( 'NONE',  ( 10.67731239591688208, 10.00000000000000000, -10.67731239591691939 ) ) ;
#4736 = ORIENTED_EDGE ( 'NONE', *, *, #3328, .T. ) ;
#4737 = DIRECTION ( 'NONE',  ( 0.000000000000000000, 0.000000000000000000, 1.000000000000000000 ) ) ;
#4738 = AXIS2_PLACEMENT_3D ( 'NONE', #3270, #604, #287 ) ;
#4739 = DIRECTION ( 'NONE',  ( 0.000000000000000000, 0.000000000000000000, -1.000000000000000000 ) ) ;
#4740 = AXIS2_PLACEMENT_3D ( 'NONE', #4190, #3808, #3406 ) ;
#4741 = CARTESIAN_POINT ( 'NONE',  ( -30.00000000000000000, 82.29999999999999716, 7.932767548171988814 ) ) ;
#4742 = CIRCLE ( 'NONE', #2901, 5.049999999999998934 ) ;
#4743 = DIRECTION ( 'NONE',  ( 0.000000000000000000, -1.000000000000000000, 0.000000000000000000 ) ) ;
#4744 = CIRCLE ( 'NONE', #1934, 2.850000000000005418 ) ;
#4745 = EDGE_CURVE ( 'NONE', #839, #4244, #1706, .T. ) ;
#4746 = AXIS2_PLACEMENT_3D ( 'NONE', #2370, #1615, #820 ) ;
#4747 = CARTESIAN_POINT ( 'NONE',  ( 30.00000000000000000, 8.900000000000005684, -76.06723245182800497 ) ) ;
#4748 = ORIENTED_EDGE ( 'NONE', *, *, #4594, .T. ) ;
#4749 = CARTESIAN_POINT ( 'NONE',  ( 40.85786437626946821, 0.000000000000000000, -65.35936807555870587 ) ) ;
#4750 = EDGE_CURVE ( 'NONE', #3831, #4708, #4509, .T. ) ;
#4751 = VERTEX_POINT ( 'NONE', #589 ) ;
#4752 = CARTESIAN_POINT ( 'NONE',  ( -6.434671708797504053, 0.000000000000000000, 14.91995308303618550 ) ) ;
#4753 = FACE_OUTER_BOUND ( 'NONE', #2632, .T. ) ;
#4754 = ORIENTED_EDGE ( 'NONE', *, *, #1223, .T. ) ;
#4755 = CARTESIAN_POINT ( 'NONE',  ( 44.00000000000049738, 6.000000000000000000, -74.06723245182776338 ) ) ;
#4756 = VERTEX_POINT ( 'NONE', #3628 ) ;
#4757 = CARTESIAN_POINT ( 'NONE',  ( 69.14213562373126365, 6.000000000000000000, -37.07509682809659068 ) ) ;
#4758 = EDGE_CURVE ( 'NONE', #81, #3122, #1966, .T. ) ;
#4759 = CARTESIAN_POINT ( 'NONE',  ( -55.00000000000001421, 4.000000000000000000, -34.06723245182799076 ) ) ;
#4760 = ORIENTED_EDGE ( 'NONE', *, *, #963, .T. ) ;
#4761 = CYLINDRICAL_SURFACE ( 'NONE', #4435, 1.700000000000007061 ) ;
#4762 = VECTOR ( 'NONE', #3770, 1000.000000000000000 ) ;
#4763 = CARTESIAN_POINT ( 'NONE',  ( -44.00000000000000000, 6.000000000000000000, -76.06723245182799076 ) ) ;
#4764 = VECTOR ( 'NONE', #1333, 1000.000000000000000 ) ;
#4765 = VECTOR ( 'NONE', #3283, 1000.000000000000000 ) ;
#4766 = FACE_OUTER_BOUND ( 'NONE', #1024, .T. ) ;
#4767 = VECTOR ( 'NONE', #507, 1000.000000000000114 ) ;
#4768 = AXIS2_PLACEMENT_3D ( 'NONE', #3085, #3426, #1529 ) ;
#4769 = CARTESIAN_POINT ( 'NONE',  ( -40.85786437626902057, 82.29999999999999716, -39.92509682809703975 ) ) ;
#4770 = CARTESIAN_POINT ( 'NONE',  ( -106.0000000000000142, 6.000000000000000000, -72.06723245182799076 ) ) ;
#4771 = CIRCLE ( 'NONE', #3881, 10.09999999999999964 ) ;
#4772 = VERTEX_POINT ( 'NONE', #3913 ) ;
#4773 = EDGE_CURVE ( 'NONE', #132, #3065, #1937, .T. ) ;
#4774 = CARTESIAN_POINT ( 'NONE',  ( 44.00000000000049738, 0.000000000000000000, -72.06723245182776338 ) ) ;
#4775 = CYLINDRICAL_SURFACE ( 'NONE', #3258, 10.09999999999999964 ) ;
#4776 = PLANE ( 'NONE',  #367 ) ;
#4777 = VERTEX_POINT ( 'NONE', #4030 ) ;
#4778 = DIRECTION ( 'NONE',  ( 0.000000000000000000, 1.000000000000000000, 0.000000000000000000 ) ) ;
#4779 = ORIENTED_EDGE ( 'NONE', *, *, #807, .F. ) ;
#4780 = ADVANCED_FACE ( 'NONE', ( #3142 ), #4647, .F. ) ;
#4781 = CYLINDRICAL_SURFACE ( 'NONE', #1805, 2.000000000000001776 ) ;
#4782 = DIRECTION ( 'NONE',  ( -0.000000000000000000, -1.000000000000000000, -0.000000000000000000 ) ) ;
#4783 = ORIENTED_EDGE ( 'NONE', *, *, #4530, .F. ) ;
#4784 = CARTESIAN_POINT ( 'NONE',  ( 30.00000000000000000, 82.29999999999999716, -73.06723245182800497 ) ) ;
#4785 = CYLINDRICAL_SURFACE ( 'NONE', #4140, 9.999999999999994671 ) ;
#4786 = EDGE_CURVE ( 'NONE', #14, #164, #219, .T. ) ;
#4787 = ORIENTED_EDGE ( 'NONE', *, *, #3048, .F. ) ;
#4788 = DIRECTION ( 'NONE',  ( -0.000000000000000000, -1.000000000000000000, -0.000000000000000000 ) ) ;
#4789 = AXIS2_PLACEMENT_3D ( 'NONE', #4550, #1119, #2643 ) ;
#4790 = ORIENTED_EDGE ( 'NONE', *, *, #2833, .F. ) ;
#4791 = VERTEX_POINT ( 'NONE', #2394 ) ;
#4792 = CARTESIAN_POINT ( 'NONE',  ( -44.00000000000000000, 6.000000000000000000, -72.06723245182799076 ) ) ;
#4793 = LINE ( 'NONE', #1012, #1392 ) ;
#4794 = VERTEX_POINT ( 'NONE', #3887 ) ;
#4795 = DIRECTION ( 'NONE',  ( 0.000000000000000000, -1.000000000000000000, 0.000000000000000000 ) ) ;
#4796 = FACE_OUTER_BOUND ( 'NONE', #2638, .T. ) ;
#4797 = DIRECTION ( 'NONE',  ( 0.000000000000000000, 0.000000000000000000, 1.000000000000000000 ) ) ;
#4798 = EDGE_CURVE ( 'NONE', #2544, #3500, #1732, .T. ) ;
#4799 = ORIENTED_EDGE ( 'NONE', *, *, #4289, .T. ) ;
#4800 = CARTESIAN_POINT ( 'NONE',  ( 0.000000000000000000, 82.29999999999999716, 0.000000000000000000 ) ) ;
#4801 = ORIENTED_EDGE ( 'NONE', *, *, #2939, .F. ) ;
#4802 = FACE_OUTER_BOUND ( 'NONE', #923, .T. ) ;
#4803 = DIRECTION ( 'NONE',  ( 0.000000000000000000, 0.000000000000000000, 1.000000000000000000 ) ) ;
#4804 = ADVANCED_FACE ( 'NONE', ( #1242 ), #1352, .F. ) ;
#4805 = ORIENTED_EDGE ( 'NONE', *, *, #1409, .F. ) ;
#4806 = CARTESIAN_POINT ( 'NONE',  ( 69.14213562373126365, 0.000000000000000000, -39.92509682809659211 ) ) ;
#4807 = EDGE_CURVE ( 'NONE', #775, #1550, #1763, .T. ) ;
#4808 = DIRECTION ( 'NONE',  ( 0.000000000000000000, 0.000000000000000000, 1.000000000000000000 ) ) ;
#4809 = EDGE_LOOP ( 'NONE', ( #32, #655, #3124, #746, #2746, #3899, #1088, #799, #1230, #2331, #3313, #1373 ) ) ;
#4810 = CARTESIAN_POINT ( 'NONE',  ( -55.00000000000000711, 82.29999999999999716, -54.06723245182796234 ) ) ;
#4811 = EDGE_CURVE ( 'NONE', #4820, #1364, #2342, .T. ) ;
#4812 = EDGE_LOOP ( 'NONE', ( #2682, #1534, #2449, #3809 ) ) ;
#4813 = ORIENTED_EDGE ( 'NONE', *, *, #4811, .F. ) ;
#4814 = DIRECTION ( 'NONE',  ( 0.000000000000000000, -1.000000000000000000, 0.000000000000000000 ) ) ;
#4815 = DIRECTION ( 'NONE',  ( -1.000000000000000000, 0.000000000000000000, 3.083952846180989787E-16 ) ) ;
#4816 = LINE ( 'NONE', #2109, #4032 ) ;
#4817 = CIRCLE ( 'NONE', #2653, 2.850000000000005418 ) ;
#4818 = EDGE_CURVE ( 'NONE', #1408, #755, #1644, .T. ) ;
#4819 = AXIS2_PLACEMENT_3D ( 'NONE', #2870, #2919, #4400 ) ;
#4820 = VERTEX_POINT ( 'NONE', #2610 ) ;
#4821 = EDGE_CURVE ( 'NONE', #4751, #2131, #263, .T. ) ;
#4822 = FACE_BOUND ( 'NONE', #1618, .T. ) ;
#4823 = CARTESIAN_POINT ( 'NONE',  ( -30.00000000000000000, 0.000000000000000000, 10.93276754817198970 ) ) ;
#4824 = CARTESIAN_POINT ( 'NONE',  ( -10.67731239591681103, 82.29999999999999716, 8.677312395916921162 ) ) ;
#4825 = ORIENTED_EDGE ( 'NONE', *, *, #2833, .T. ) ;
#4826 = PLANE ( 'NONE',  #1219 ) ;
#4827 = ORIENTED_EDGE ( 'NONE', *, *, #1786, .T. ) ;
#4828 = CARTESIAN_POINT ( 'NONE',  ( 40.85786437626946821, 0.000000000000000000, -68.20936807555868597 ) ) ;
#4829 = PLANE ( 'NONE',  #4313 ) ;
#4830 = VERTEX_POINT ( 'NONE', #2186 ) ;
#4831 = CARTESIAN_POINT ( 'NONE',  ( -1.502357137075223559, 10.00000000000000000, -9.987638511313956968 ) ) ;
#4832 = CARTESIAN_POINT ( 'NONE',  ( 30.00000000000000000, 15.00000000000000000, 10.93276754817198970 ) ) ;
#4833 = ORIENTED_EDGE ( 'NONE', *, *, #983, .F. ) ;
#4834 = AXIS2_PLACEMENT_3D ( 'NONE', #955, #2832, #4361 ) ;
#4835 = CARTESIAN_POINT ( 'NONE',  ( 44.00000000000022027, 6.000000000000000000, -32.06723245182776338 ) ) ;
#4836 = ORIENTED_EDGE ( 'NONE', *, *, #928, .T. ) ;
#4837 = ORIENTED_EDGE ( 'NONE', *, *, #4345, .T. ) ;
#4838 = AXIS2_PLACEMENT_3D ( 'NONE', #4090, #250, #2489 ) ;
#4839 = AXIS2_PLACEMENT_3D ( 'NONE', #575, #2917, #1017 ) ;
#4840 = FACE_OUTER_BOUND ( 'NONE', #2078, .T. ) ;
#4841 = CARTESIAN_POINT ( 'NONE',  ( -44.00000000000000000, 6.000000000000000000, -32.06723245182798365 ) ) ;
#4842 = EDGE_CURVE ( 'NONE', #2321, #2286, #3350, .T. ) ;
#4843 = DIRECTION ( 'NONE',  ( -0.000000000000000000, -1.000000000000000000, -0.000000000000000000 ) ) ;
#4844 = VECTOR ( 'NONE', #237, 1000.000000000000000 ) ;
#4845 = AXIS2_PLACEMENT_3D ( 'NONE', #1284, #491, #2008 ) ;
#4846 = ORIENTED_EDGE ( 'NONE', *, *, #899, .F. ) ;
#4847 = AXIS2_PLACEMENT_3D ( 'NONE', #742, #423, #2261 ) ;
#4848 = FACE_OUTER_BOUND ( 'NONE', #4512, .T. ) ;
#4849 = CIRCLE ( 'NONE', #842, 1.699999999999993072 ) ;
#4850 = FACE_OUTER_BOUND ( 'NONE', #4809, .T. ) ;
#4851 = ADVANCED_FACE ( 'NONE', ( #636 ), #4515, .F. ) ;
#4852 = DIRECTION ( 'NONE',  ( 0.000000000000000000, 1.000000000000000000, 0.000000000000000000 ) ) ;
#4853 = VERTEX_POINT ( 'NONE', #4867 ) ;
#4854 = FACE_OUTER_BOUND ( 'NONE', #609, .T. ) ;
#4855 = AXIS2_PLACEMENT_3D ( 'NONE', #4701, #898, #2043 ) ;
#4856 = VERTEX_POINT ( 'NONE', #1782 ) ;
#4857 = DIRECTION ( 'NONE',  ( -0.000000000000000000, -1.000000000000000000, -0.000000000000000000 ) ) ;
#4858 = CARTESIAN_POINT ( 'NONE',  ( -30.00000000000000000, 8.900000000000005684, -79.06723245182800497 ) ) ;
#4859 = ORIENTED_EDGE ( 'NONE', *, *, #3483, .T. ) ;
#4860 = LINE ( 'NONE', #261, #340 ) ;
#4861 = CARTESIAN_POINT ( 'NONE',  ( 95.00000000000051159, 0.000000000000000000, -72.06723245182732285 ) ) ;
#4862 = ORIENTED_EDGE ( 'NONE', *, *, #154, .F. ) ;
#4863 = DIRECTION ( 'NONE',  ( -0.000000000000000000, 1.000000000000000000, -0.000000000000000000 ) ) ;
#4864 = EDGE_CURVE ( 'NONE', #1593, #1505, #4492, .T. ) ;
#4865 = ORIENTED_EDGE ( 'NONE', *, *, #4745, .T. ) ;
#4866 = DIRECTION ( 'NONE',  ( -0.000000000000000000, -1.000000000000000000, -0.000000000000000000 ) ) ;
#4867 = CARTESIAN_POINT ( 'NONE',  ( -10.67731239591681103, 9.999999999999994671, -12.67731239591692294 ) ) ;
#4868 = DIRECTION ( 'NONE',  ( 0.5631668883056560881, 0.000000000000000000, 0.8263431828944465263 ) ) ;
#4869 = AXIS2_PLACEMENT_3D ( 'NONE', #1715, #574, #2542 ) ;
#4870 = ADVANCED_FACE ( 'NONE', ( #2987 ), #3304, .F. ) ;
#4871 = ORIENTED_EDGE ( 'NONE', *, *, #4620, .F. ) ;
#4872 = AXIS2_PLACEMENT_3D ( 'NONE', #2291, #2240, #401 ) ;
#4873 = FACE_BOUND ( 'NONE', #3028, .T. ) ;
#4874 = VECTOR ( 'NONE', #3025, 1000.000000000000000 ) ;
#4875 = DIRECTION ( 'NONE',  ( -0.000000000000000000, -1.000000000000000000, -0.000000000000000000 ) ) ;
#4876 = AXIS2_PLACEMENT_3D ( 'NONE', #3746, #4814, #1374 ) ;
#4877 = VERTEX_POINT ( 'NONE', #1450 ) ;
#4878 = DIRECTION ( 'NONE',  ( 0.000000000000000000, 0.000000000000000000, 1.000000000000000000 ) ) ;
#4879 = EDGE_CURVE ( 'NONE', #597, #3100, #1052, .T. ) ;
#4880 = VERTEX_POINT ( 'NONE', #4443 ) ;
#4881 = AXIS2_PLACEMENT_3D ( 'NONE', #931, #3597, #1229 ) ;
#4882 = AXIS2_PLACEMENT_3D ( 'NONE', #2890, #1336, #2491 ) ;
#4883 = CARTESIAN_POINT ( 'NONE',  ( -30.00000000000000000, 8.900000000000000355, 10.93276754817198970 ) ) ;
#4884 = CARTESIAN_POINT ( 'NONE',  ( -95.00000000000001421, 4.000000000000000000, -73.66723245182798507 ) ) ;
#4885 = ORIENTED_EDGE ( 'NONE', *, *, #1261, .T. ) ;
#4886 = CYLINDRICAL_SURFACE ( 'NONE', #4254, 5.999999999999998224 ) ;
#4887 = EDGE_CURVE ( 'NONE', #2255, #3191, #3398, .T. ) ;
#4888 = CARTESIAN_POINT ( 'NONE',  ( -30.00000000000000000, 8.900000000000000355, 5.882767548171988103 ) ) ;
#4889 = ORIENTED_EDGE ( 'NONE', *, *, #4842, .T. ) ;
#4890 = FACE_OUTER_BOUND ( 'NONE', #592, .T. ) ;
#4891 = VERTEX_POINT ( 'NONE', #1035 ) ;
#4892 = DIRECTION ( 'NONE',  ( 0.000000000000000000, -1.000000000000000000, 0.000000000000000000 ) ) ;
#4893 = LINE ( 'NONE', #4942, #4733 ) ;
#4894 = VERTEX_POINT ( 'NONE', #1011 ) ;
#4895 = CIRCLE ( 'NONE', #1848, 2.000000000000001776 ) ;
#4896 = CARTESIAN_POINT ( 'NONE',  ( 54.99999999999998579, 82.29999999999999716, -40.56723245182827498 ) ) ;
#4897 = EDGE_CURVE ( 'NONE', #2131, #4751, #174, .T. ) ;
#4898 = CIRCLE ( 'NONE', #4343, 2.849999999999998312 ) ;
#4899 = ORIENTED_EDGE ( 'NONE', *, *, #2876, .T. ) ;
#4900 = DIRECTION ( 'NONE',  ( 0.000000000000000000, -1.000000000000000000, 0.000000000000000000 ) ) ;
#4901 = ORIENTED_EDGE ( 'NONE', *, *, #3727, .T. ) ;
#4902 = AXIS2_PLACEMENT_3D ( 'NONE', #1840, #3360, #3859 ) ;
#4903 = CARTESIAN_POINT ( 'NONE',  ( 10.67731239591673464, 82.29999999999999716, 8.677312395916917609 ) ) ;
#4904 = EDGE_CURVE ( 'NONE', #1575, #1249, #4893, .T. ) ;
#4905 = AXIS2_PLACEMENT_3D ( 'NONE', #782, #3825, #3082 ) ;
#4906 = DIRECTION ( 'NONE',  ( 0.000000000000000000, 0.000000000000000000, -1.000000000000000000 ) ) ;
#4907 = CARTESIAN_POINT ( 'NONE',  ( 30.00000000000000000, 8.900000000000000355, 10.93276754817198970 ) ) ;
#4908 = ORIENTED_EDGE ( 'NONE', *, *, #3630, .F. ) ;
#4909 = CARTESIAN_POINT ( 'NONE',  ( -95.00000000000001421, 4.000000000000000000, -34.06723245182799076 ) ) ;
#4910 = CARTESIAN_POINT ( 'NONE',  ( -40.85786437626902057, 6.000000000000005329, -39.92509682809703975 ) ) ;
#4911 = DIRECTION ( 'NONE',  ( 0.000000000000000000, 0.000000000000000000, 1.000000000000000000 ) ) ;
#4912 = ORIENTED_EDGE ( 'NONE', *, *, #1498, .T. ) ;
#4913 = DIRECTION ( 'NONE',  ( 0.000000000000000000, -1.000000000000000000, 0.000000000000000000 ) ) ;
#4914 = ADVANCED_FACE ( 'NONE', ( #3774 ), #270, .F. ) ;
#4915 = VERTEX_POINT ( 'NONE', #4157 ) ;
#4916 = DIRECTION ( 'NONE',  ( -0.000000000000000000, 1.000000000000000000, 0.000000000000000000 ) ) ;
#4917 = DIRECTION ( 'NONE',  ( -0.000000000000000000, -1.000000000000000000, -0.000000000000000000 ) ) ;
#4918 = VERTEX_POINT ( 'NONE', #361 ) ;
#4919 = AXIS2_PLACEMENT_3D ( 'NONE', #15, #1576, #3420 ) ;
#4920 = CARTESIAN_POINT ( 'NONE',  ( -40.85786437626900636, 6.000000000000000000, -68.20936807555891335 ) ) ;
#4921 = CIRCLE ( 'NONE', #4687, 1.600000000000004086 ) ;
#4922 = ORIENTED_EDGE ( 'NONE', *, *, #4304, .T. ) ;
#4923 = DIRECTION ( 'NONE',  ( -0.000000000000000000, -1.000000000000000000, -0.000000000000000000 ) ) ;
#4924 = ORIENTED_EDGE ( 'NONE', *, *, #3698, .F. ) ;
#4925 = CIRCLE ( 'NONE', #4286, 1.700000000000000178 ) ;
#4926 = AXIS2_PLACEMENT_3D ( 'NONE', #567, #2386, #958 ) ;
#4927 = DIRECTION ( 'NONE',  ( -0.000000000000000000, -1.000000000000000000, -0.000000000000000000 ) ) ;
#4928 = STYLED_ITEM ( 'NONE', ( #2641 ), #1969 ) ;
#4929 = LINE ( 'NONE', #2670, #1031 ) ;
#4930 = LINE ( 'NONE', #4224, #1537 ) ;
#4931 = ORIENTED_EDGE ( 'NONE', *, *, #417, .T. ) ;
#4932 = DIRECTION ( 'NONE',  ( 0.000000000000000000, -1.000000000000000000, 0.000000000000000000 ) ) ;
#4933 = EDGE_LOOP ( 'NONE', ( #1126, #783, #3479, #715 ) ) ;
#4934 = EDGE_CURVE ( 'NONE', #4480, #630, #729, .T. ) ;
#4935 = LINE ( 'NONE', #1494, #2364 ) ;
#4936 = CYLINDRICAL_SURFACE ( 'NONE', #880, 21.50000000000000000 ) ;
#4937 = EDGE_LOOP ( 'NONE', ( #325, #1774, #260, #748 ) ) ;
#4938 = DIRECTION ( 'NONE',  ( -0.000000000000000000, -1.000000000000000000, -0.000000000000000000 ) ) ;
#4939 = ADVANCED_FACE ( 'NONE', ( #2537 ), #2209, .F. ) ;
#4940 = ORIENTED_EDGE ( 'NONE', *, *, #1808, .F. ) ;
#4941 = DIRECTION ( 'NONE',  ( 0.000000000000000000, 0.000000000000000000, -1.000000000000000000 ) ) ;
#4942 = CARTESIAN_POINT ( 'NONE',  ( 30.00000000000000000, 8.900000000000000355, -71.01723245182800781 ) ) ;
#4943 = EDGE_CURVE ( 'NONE', #3838, #2221, #2167, .T. ) ;
#4944 = VERTEX_POINT ( 'NONE', #4085 ) ;
#4945 = CARTESIAN_POINT ( 'NONE',  ( 44.00000000000049738, 6.000000000000000000, -74.06723245182776338 ) ) ;
#4946 = EDGE_LOOP ( 'NONE', ( #1424, #3731, #1215, #2490 ) ) ;
#4947 = EDGE_CURVE ( 'NONE', #2462, #1553, #21, .T. ) ;
#4948 = DIRECTION ( 'NONE',  ( 1.000000000000000000, 0.000000000000000000, 2.545241293071531681E-16 ) ) ;
#4949 = EDGE_LOOP ( 'NONE', ( #2276, #4242 ) ) ;
#4950 = CARTESIAN_POINT ( 'NONE',  ( 30.00000000000000000, 0.000000000000000000, 10.93276754817198970 ) ) ;
#4951 = ORIENTED_EDGE ( 'NONE', *, *, #1442, .F. ) ;
ENDSEC;
END-ISO-10303-21;
